{"format_version":"1.12.0","minecraft:geometry":[{"description":{"identifier":"geometry.alarm_entity","texture_width":64,"texture_height":64,"visible_bounds_width":3,"visible_bounds_height":3,"visible_bounds_offset":[0,0.5,0]},"bones":[{"name":"body","pivot":[0,9.25,3],"rotation":[-15,0,0]},{"name":"bone10","parent":"body","pivot":[0,9.25,5],"rotation":[0,0,90],"cubes":[{"origin":[-3,8.75,2.5],"size":[6,1,1],"uv":{"north":{"uv":[17,0],"uv_size":[1,2]},"east":{"uv":[17,0],"uv_size":[1,2]},"south":{"uv":[17,0],"uv_size":[1,2]},"west":{"uv":[17,0],"uv_size":[1,2]},"up":{"uv":[18,2],"uv_size":[-1,-2]},"down":{"uv":[18,2],"uv_size":[-1,-2]}}},{"origin":[-0.5,8.75,6.75],"size":[1,1,2],"uv":{"north":{"uv":[17,0],"uv_size":[1,2]},"east":{"uv":[17,0],"uv_size":[1,2]},"south":{"uv":[17,0],"uv_size":[1,2]},"west":{"uv":[17,0],"uv_size":[1,2]},"up":{"uv":[18,2],"uv_size":[-1,-2]},"down":{"uv":[18,2],"uv_size":[-1,-2]}}},{"origin":[2.25,8.5,2.25],"size":[0.5,1.5,5.25],"uv":{"north":{"uv":[3,0],"uv_size":[1,5]},"east":{"uv":[3,0],"uv_size":[1,5]},"south":{"uv":[3,0],"uv_size":[1,5]},"west":{"uv":[3,0],"uv_size":[1,5]},"up":{"uv":[4,5],"uv_size":[-1,-5]},"down":{"uv":[4,5],"uv_size":[-1,-5]}}},{"origin":[-2.25,8.5,7],"size":[4.5,1.5,0.5],"uv":{"north":{"uv":[3,0],"uv_size":[1,5]},"east":{"uv":[3,0],"uv_size":[1,5]},"south":{"uv":[3,0],"uv_size":[1,5]},"west":{"uv":[3,0],"uv_size":[1,5]},"up":{"uv":[4,5],"uv_size":[-1,-5]},"down":{"uv":[4,5],"uv_size":[-1,-5]}}},{"origin":[-2.75,8.5,2.25],"size":[0.5,1.5,5.25],"uv":{"north":{"uv":[3,0],"uv_size":[1,5]},"east":{"uv":[3,0],"uv_size":[1,5]},"south":{"uv":[3,0],"uv_size":[1,5]},"west":{"uv":[3,0],"uv_size":[1,5]},"up":{"uv":[4,5],"uv_size":[-1,-5]},"down":{"uv":[4,5],"uv_size":[-1,-5]}}}]},{"name":"bone","parent":"body","pivot":[0,9.25,3],"rotation":[0,0,0],"cubes":[{"origin":[-2,7.25,1],"size":[4,4,4],"uv":{"north":{"uv":[58,0],"uv_size":[5,1]},"east":{"uv":[32,0],"uv_size":[8,7]},"south":{"uv":[32,0],"uv_size":[8,7]},"west":{"uv":[32,0],"uv_size":[8,7]},"up":{"uv":[40,7],"uv_size":[-8,-7]},"down":{"uv":[40,7],"uv_size":[-8,-7]}}},{"origin":[1.25,9.25,3],"size":[1,1,1],"uv":{"north":{"uv":[44,5],"uv_size":[4,4]},"east":{"uv":[44,5],"uv_size":[4,4]},"south":{"uv":[44,5],"uv_size":[4,4]},"west":{"uv":[44,5],"uv_size":[4,4]},"up":{"uv":[48,9],"uv_size":[-4,-4]},"down":{"uv":[48,9],"uv_size":[-4,-4]}}}]},{"name":"rupor","parent":"bone","pivot":[0,9.25,1],"cubes":[{"origin":[-0.75,8.5,-4],"size":[1.5,1.5,5],"uv":{"north":{"uv":[31,0],"uv_size":[1,2]},"east":{"uv":[31,0],"uv_size":[1,2]},"south":{"uv":[31,0],"uv_size":[1,2]},"west":{"uv":[31,0],"uv_size":[1,2]},"up":{"uv":[32,2],"uv_size":[-1,-2]},"down":{"uv":[32,2],"uv_size":[-1,-2]}}},{"origin":[-0.5,8.75,-7],"size":[1,1,3],"uv":{"north":{"uv":[32,0],"uv_size":[1,1]},"east":{"uv":[31,0],"uv_size":[1,2]},"south":{"uv":[31,0],"uv_size":[1,2]},"west":{"uv":[30,0],"uv_size":[1,2]},"up":{"uv":[32,2],"uv_size":[-1,-2]},"down":{"uv":[32,2],"uv_size":[-1,-2]}}}]},{"name":"bone2","parent":"rupor","pivot":[0,9.25,1],"cubes":[{"origin":[-2,10.25,-5.21484],"size":[4,1,6.21484],"pivot":[0,11.25,1],"rotation":[-20,0,0],"uv":{"north":{"uv":[30,0],"uv_size":[1,2]},"east":{"uv":[30,0],"uv_size":[1,2]},"south":{"uv":[30,0],"uv_size":[1,2]},"west":{"uv":[30,0],"uv_size":[1,2]},"up":{"uv":[31,2],"uv_size":[-1,-2]},"down":{"uv":[62,19],"uv_size":[-4,-19]}}},{"origin":[-2,12.30212,-7.63816],"size":[4,1,3.22266],"pivot":[0,13.30212,-4.63816],"rotation":[-45,0,0],"uv":{"north":{"uv":[30,0],"uv_size":[1,2]},"east":{"uv":[30,0],"uv_size":[1,2]},"south":{"uv":[30,0],"uv_size":[1,2]},"west":{"uv":[30,0],"uv_size":[1,2]},"up":{"uv":[31,2],"uv_size":[-1,-2]},"down":{"uv":[62,32],"uv_size":[-4,-13]}}},{"origin":[-2.60938,14.30212,-7.63816],"size":[5.21875,1.25,1.25],"uv":{"north":{"uv":[32,0],"uv_size":[1,1]},"east":{"uv":[32,0],"uv_size":[1,1]},"south":{"uv":[32,0],"uv_size":[1,1]},"west":{"uv":[32,0],"uv_size":[1,1]},"up":{"uv":[43,1],"uv_size":[-1,-1]},"down":{"uv":[33,1],"uv_size":[-1,-1]}}}]},{"name":"bone3","parent":"rupor","pivot":[0,9.25,1],"rotation":[0,0,-180],"cubes":[{"origin":[-2,10.25,-5.21484],"size":[4,1,6.21484],"pivot":[0,11.25,1],"rotation":[-20,0,0],"uv":{"north":{"uv":[30,0],"uv_size":[1,2]},"east":{"uv":[30,0],"uv_size":[1,2]},"south":{"uv":[30,0],"uv_size":[1,2]},"west":{"uv":[30,0],"uv_size":[1,2]},"up":{"uv":[31,2],"uv_size":[-1,-2]},"down":{"uv":[62,19],"uv_size":[-4,-19]}}},{"origin":[-2,12.30212,-7.63816],"size":[4,1,3.22266],"pivot":[0,13.30212,-4.63816],"rotation":[-45,0,0],"uv":{"north":{"uv":[30,0],"uv_size":[1,2]},"east":{"uv":[30,0],"uv_size":[1,2]},"south":{"uv":[30,0],"uv_size":[1,2]},"west":{"uv":[30,0],"uv_size":[1,2]},"up":{"uv":[31,2],"uv_size":[-1,-2]},"down":{"uv":[62,32],"uv_size":[-4,-13]}}},{"origin":[-2.60938,14.30212,-7.63816],"size":[5.21875,1.25,1.25],"uv":{"north":{"uv":[32,0],"uv_size":[1,1]},"east":{"uv":[32,0],"uv_size":[1,1]},"south":{"uv":[32,0],"uv_size":[1,1]},"west":{"uv":[32,0],"uv_size":[1,1]},"up":{"uv":[43,1],"uv_size":[-1,-1]},"down":{"uv":[33,1],"uv_size":[-1,-1]}}}]},{"name":"bone4","parent":"rupor","pivot":[0,9.25,1],"rotation":[0,0,90],"cubes":[{"origin":[-2,10.25,-5.21484],"size":[4,1,6.21484],"pivot":[0,11.25,1],"rotation":[-20,0,0],"uv":{"north":{"uv":[30,0],"uv_size":[1,2]},"east":{"uv":[30,0],"uv_size":[1,2]},"south":{"uv":[30,0],"uv_size":[1,2]},"west":{"uv":[30,0],"uv_size":[1,2]},"up":{"uv":[31,2],"uv_size":[-1,-2]},"down":{"uv":[62,19],"uv_size":[-4,-19]}}},{"origin":[-2,12.30212,-7.63816],"size":[4,1,3.22266],"pivot":[0,13.30212,-4.63816],"rotation":[-45,0,0],"uv":{"north":{"uv":[30,0],"uv_size":[1,2]},"east":{"uv":[30,0],"uv_size":[1,2]},"south":{"uv":[30,0],"uv_size":[1,2]},"west":{"uv":[30,0],"uv_size":[1,2]},"up":{"uv":[31,2],"uv_size":[-1,-2]},"down":{"uv":[62,32],"uv_size":[-4,-13]}}},{"origin":[-2.60938,14.30212,-7.63816],"size":[5.21875,1.25,1.25],"uv":{"north":{"uv":[32,0],"uv_size":[1,1]},"east":{"uv":[32,0],"uv_size":[1,1]},"south":{"uv":[32,0],"uv_size":[1,1]},"west":{"uv":[32,0],"uv_size":[1,1]},"up":{"uv":[43,1],"uv_size":[-1,-1]},"down":{"uv":[33,1],"uv_size":[-1,-1]}}}]},{"name":"bone5","parent":"rupor","pivot":[0,9.25,1],"rotation":[0,0,-90],"cubes":[{"origin":[-2,10.25,-5.21484],"size":[4,1,6.21484],"pivot":[0,11.25,1],"rotation":[-20,0,0],"uv":{"north":{"uv":[30,0],"uv_size":[1,2]},"east":{"uv":[30,0],"uv_size":[1,2]},"south":{"uv":[30,0],"uv_size":[1,2]},"west":{"uv":[30,0],"uv_size":[1,2]},"up":{"uv":[31,2],"uv_size":[-1,-2]},"down":{"uv":[62,19],"uv_size":[-4,-19]}}},{"origin":[-2,12.30212,-7.63816],"size":[4,1,3.22266],"pivot":[0,13.30212,-4.63816],"rotation":[-45,0,0],"uv":{"north":{"uv":[30,0],"uv_size":[1,2]},"east":{"uv":[30,0],"uv_size":[1,2]},"south":{"uv":[30,0],"uv_size":[1,2]},"west":{"uv":[30,0],"uv_size":[1,2]},"up":{"uv":[31,2],"uv_size":[-1,-2]},"down":{"uv":[62,32],"uv_size":[-4,-13]}}},{"origin":[-2.60938,14.30212,-7.63816],"size":[5.21875,1.25,1.25],"uv":{"north":{"uv":[32,0],"uv_size":[1,1]},"east":{"uv":[32,0],"uv_size":[1,1]},"south":{"uv":[32,0],"uv_size":[1,1]},"west":{"uv":[32,0],"uv_size":[1,1]},"up":{"uv":[43,1],"uv_size":[-1,-1]},"down":{"uv":[33,1],"uv_size":[-1,-1]}}}]},{"name":"bone6","parent":"rupor","pivot":[0,9.25,1],"rotation":[0,0,45],"cubes":[{"origin":[-1.25,10.25,-5.21484],"size":[2.75,1,1],"pivot":[0,11.25,1],"rotation":[-20,0,0],"uv":{"north":{"uv":[30,0],"uv_size":[1,2]},"east":{"uv":[30,0],"uv_size":[1,2]},"south":{"uv":[30,0],"uv_size":[1,2]},"west":{"uv":[30,0],"uv_size":[1,2]},"up":{"uv":[31,2],"uv_size":[-1,-2]},"down":{"uv":[62,19],"uv_size":[-4,-3]}}},{"origin":[-1.17578,10.25,-4.21484],"size":[2.375,1,2.5],"pivot":[0,11.25,1],"rotation":[-20,0,0],"uv":{"north":{"uv":[30,0],"uv_size":[1,2]},"east":{"uv":[30,0],"uv_size":[1,2]},"south":{"uv":[30,0],"uv_size":[1,2]},"west":{"uv":[30,0],"uv_size":[1,2]},"up":{"uv":[31,2],"uv_size":[-1,-2]},"down":{"uv":[62,16],"uv_size":[-4,-8]}}},{"origin":[-0.82422,10.25,-1.71484],"size":[1.64844,1,3],"pivot":[0,11.25,1],"rotation":[-20,0,0],"uv":{"north":{"uv":[30,0],"uv_size":[1,2]},"east":{"uv":[30,0],"uv_size":[1,2]},"south":{"uv":[30,0],"uv_size":[1,2]},"west":{"uv":[30,0],"uv_size":[1,2]},"up":{"uv":[31,2],"uv_size":[-1,-2]},"down":{"uv":[62,8],"uv_size":[-4,-8]}}},{"origin":[-2,12.30212,-7.63816],"size":[4,1,3.22266],"pivot":[0,13.30212,-4.63816],"rotation":[-45,0,0],"uv":{"north":{"uv":[30,0],"uv_size":[1,2]},"east":{"uv":[30,0],"uv_size":[1,2]},"south":{"uv":[30,0],"uv_size":[1,2]},"west":{"uv":[30,0],"uv_size":[1,2]},"up":{"uv":[31,2],"uv_size":[-1,-2]},"down":{"uv":[62,32],"uv_size":[-4,-13]}}},{"origin":[-2.60938,14.30212,-7.63816],"size":[5.21484,1.25,1.25],"uv":{"north":{"uv":[32,0],"uv_size":[1,1]},"east":{"uv":[32,0],"uv_size":[1,1]},"south":{"uv":[32,0],"uv_size":[1,1]},"west":{"uv":[32,0],"uv_size":[1,1]},"up":{"uv":[43,1],"uv_size":[-1,-1]},"down":{"uv":[33,1],"uv_size":[-1,-1]}}}]},{"name":"bone8","parent":"rupor","pivot":[0,9.25,1],"rotation":[0,0,135],"cubes":[{"origin":[-1.25,10.25,-5.21484],"size":[2.75,1,1],"pivot":[0,11.25,1],"rotation":[-20,0,0],"uv":{"north":{"uv":[30,0],"uv_size":[1,2]},"east":{"uv":[30,0],"uv_size":[1,2]},"south":{"uv":[30,0],"uv_size":[1,2]},"west":{"uv":[30,0],"uv_size":[1,2]},"up":{"uv":[31,2],"uv_size":[-1,-2]},"down":{"uv":[62,19],"uv_size":[-4,-3]}}},{"origin":[-1.17578,10.25,-4.21484],"size":[2.375,1,2.5],"pivot":[0,11.25,1],"rotation":[-20,0,0],"uv":{"north":{"uv":[30,0],"uv_size":[1,2]},"east":{"uv":[30,0],"uv_size":[1,2]},"south":{"uv":[30,0],"uv_size":[1,2]},"west":{"uv":[30,0],"uv_size":[1,2]},"up":{"uv":[31,2],"uv_size":[-1,-2]},"down":{"uv":[62,16],"uv_size":[-4,-8]}}},{"origin":[-0.82422,10.25,-1.71484],"size":[1.64844,1,3],"pivot":[0,11.25,1],"rotation":[-20,0,0],"uv":{"north":{"uv":[30,0],"uv_size":[1,2]},"east":{"uv":[30,0],"uv_size":[1,2]},"south":{"uv":[30,0],"uv_size":[1,2]},"west":{"uv":[30,0],"uv_size":[1,2]},"up":{"uv":[31,2],"uv_size":[-1,-2]},"down":{"uv":[62,8],"uv_size":[-4,-8]}}},{"origin":[-2,12.30212,-7.63816],"size":[4,1,3.22266],"pivot":[0,13.30212,-4.63816],"rotation":[-45,0,0],"uv":{"north":{"uv":[30,0],"uv_size":[1,2]},"east":{"uv":[30,0],"uv_size":[1,2]},"south":{"uv":[30,0],"uv_size":[1,2]},"west":{"uv":[30,0],"uv_size":[1,2]},"up":{"uv":[31,2],"uv_size":[-1,-2]},"down":{"uv":[62,32],"uv_size":[-4,-13]}}},{"origin":[-2.60938,14.30212,-7.63816],"size":[5.21484,1.25,1.25],"uv":{"north":{"uv":[32,0],"uv_size":[1,1]},"east":{"uv":[32,0],"uv_size":[1,1]},"south":{"uv":[32,0],"uv_size":[1,1]},"west":{"uv":[32,0],"uv_size":[1,1]},"up":{"uv":[43,1],"uv_size":[-1,-1]},"down":{"uv":[33,1],"uv_size":[-1,-1]}}}]},{"name":"bone9","parent":"rupor","pivot":[0,9.25,1],"rotation":[0,0,-135],"cubes":[{"origin":[-1.25,10.25,-5.21484],"size":[2.75,1,1],"pivot":[0,11.25,1],"rotation":[-20,0,0],"uv":{"north":{"uv":[30,0],"uv_size":[1,2]},"east":{"uv":[30,0],"uv_size":[1,2]},"south":{"uv":[30,0],"uv_size":[1,2]},"west":{"uv":[30,0],"uv_size":[1,2]},"up":{"uv":[31,2],"uv_size":[-1,-2]},"down":{"uv":[62,19],"uv_size":[-4,-3]}}},{"origin":[-1.17578,10.25,-4.21484],"size":[2.375,1,2.5],"pivot":[0,11.25,1],"rotation":[-20,0,0],"uv":{"north":{"uv":[30,0],"uv_size":[1,2]},"east":{"uv":[30,0],"uv_size":[1,2]},"south":{"uv":[30,0],"uv_size":[1,2]},"west":{"uv":[30,0],"uv_size":[1,2]},"up":{"uv":[31,2],"uv_size":[-1,-2]},"down":{"uv":[62,16],"uv_size":[-4,-8]}}},{"origin":[-0.82422,10.25,-1.71484],"size":[1.64844,1,3],"pivot":[0,11.25,1],"rotation":[-20,0,0],"uv":{"north":{"uv":[30,0],"uv_size":[1,2]},"east":{"uv":[30,0],"uv_size":[1,2]},"south":{"uv":[30,0],"uv_size":[1,2]},"west":{"uv":[30,0],"uv_size":[1,2]},"up":{"uv":[31,2],"uv_size":[-1,-2]},"down":{"uv":[62,8],"uv_size":[-4,-8]}}},{"origin":[-2,12.30212,-7.63816],"size":[4,1,3.22266],"pivot":[0,13.30212,-4.63816],"rotation":[-45,0,0],"uv":{"north":{"uv":[30,0],"uv_size":[1,2]},"east":{"uv":[30,0],"uv_size":[1,2]},"south":{"uv":[30,0],"uv_size":[1,2]},"west":{"uv":[30,0],"uv_size":[1,2]},"up":{"uv":[31,2],"uv_size":[-1,-2]},"down":{"uv":[62,32],"uv_size":[-4,-13]}}},{"origin":[-2.60938,14.30212,-7.63816],"size":[5.21484,1.25,1.25],"uv":{"north":{"uv":[32,0],"uv_size":[1,1]},"east":{"uv":[32,0],"uv_size":[1,1]},"south":{"uv":[32,0],"uv_size":[1,1]},"west":{"uv":[32,0],"uv_size":[1,1]},"up":{"uv":[43,1],"uv_size":[-1,-1]},"down":{"uv":[33,1],"uv_size":[-1,-1]}}}]},{"name":"bone7","parent":"rupor","pivot":[0,9.25,1],"rotation":[0,0,-45],"cubes":[{"origin":[-1.25,10.25,-5.21484],"size":[2.75,1,1],"pivot":[0,11.25,1],"rotation":[-20,0,0],"uv":{"north":{"uv":[30,0],"uv_size":[1,2]},"east":{"uv":[30,0],"uv_size":[1,2]},"south":{"uv":[30,0],"uv_size":[1,2]},"west":{"uv":[30,0],"uv_size":[1,2]},"up":{"uv":[31,2],"uv_size":[-1,-2]},"down":{"uv":[62,19],"uv_size":[-4,-3]}}},{"origin":[-1.17578,10.25,-4.21484],"size":[2.375,1,2.5],"pivot":[0,11.25,1],"rotation":[-20,0,0],"uv":{"north":{"uv":[30,0],"uv_size":[1,2]},"east":{"uv":[30,0],"uv_size":[1,2]},"south":{"uv":[30,0],"uv_size":[1,2]},"west":{"uv":[30,0],"uv_size":[1,2]},"up":{"uv":[31,2],"uv_size":[-1,-2]},"down":{"uv":[62,16],"uv_size":[-4,-8]}}},{"origin":[-0.82422,10.25,-1.71484],"size":[1.64844,1,3],"pivot":[0,11.25,1],"rotation":[-20,0,0],"uv":{"north":{"uv":[30,0],"uv_size":[1,2]},"east":{"uv":[30,0],"uv_size":[1,2]},"south":{"uv":[30,0],"uv_size":[1,2]},"west":{"uv":[30,0],"uv_size":[1,2]},"up":{"uv":[31,2],"uv_size":[-1,-2]},"down":{"uv":[62,8],"uv_size":[-4,-8]}}},{"origin":[-2,12.30212,-7.63816],"size":[4,1,3.22266],"pivot":[0,13.30212,-4.63816],"rotation":[-45,0,0],"uv":{"north":{"uv":[30,0],"uv_size":[1,2]},"east":{"uv":[30,0],"uv_size":[1,2]},"south":{"uv":[30,0],"uv_size":[1,2]},"west":{"uv":[30,0],"uv_size":[1,2]},"up":{"uv":[31,2],"uv_size":[-1,-2]},"down":{"uv":[62,32],"uv_size":[-4,-13]}}},{"origin":[-2.60938,14.30212,-7.63816],"size":[5.21484,1.25,1.25],"uv":{"north":{"uv":[32,0],"uv_size":[1,1]},"east":{"uv":[32,0],"uv_size":[1,1]},"south":{"uv":[32,0],"uv_size":[1,1]},"west":{"uv":[32,0],"uv_size":[1,1]},"up":{"uv":[43,1],"uv_size":[-1,-1]},"down":{"uv":[33,1],"uv_size":[-1,-1]}}}]}]}]}