{"format_version":"1.12.0","minecraft:geometry":[{"description":{"identifier":"geometry.become_creeper_dlc","texture_width":128,"texture_height":128,"visible_bounds_width":3,"visible_bounds_height":4,"visible_bounds_offset":[0,1,0]},"bones":[{"name":"1","pivot":[0,17,0]},{"name":"head","parent":"1","pivot":[0,24,0],"cubes":[{"origin":[-4,24,-4],"size":[8,8,8],"uv":{"north":{"uv":[16,104],"uv_size":[-8,8]},"east":{"uv":[24,104],"uv_size":[-8,8]},"south":{"uv":[32,104],"uv_size":[-8,8]},"west":{"uv":[8,104],"uv_size":[-8,8]},"up":{"uv":[16,96],"uv_size":[-8,8]},"down":{"uv":[24,104],"uv_size":[-8,-8]}}}]},{"name":"body","parent":"1","pivot":[0,24,0],"cubes":[{"origin":[-4,12,-2],"size":[8,12,4],"uv":{"north":{"uv":[28,116],"uv_size":[-8,12]},"east":{"uv":[32,116],"uv_size":[-4,12]},"south":{"uv":[40,116],"uv_size":[-8,12]},"west":{"uv":[20,116],"uv_size":[-4,12]},"up":{"uv":[28,112],"uv_size":[-8,4]},"down":{"uv":[36,116],"uv_size":[-8,-4]}}}]},{"name":"leftArm","parent":"1","pivot":[-5,22,0],"cubes":[{"origin":[-8,12,-2],"size":[4,12,4],"uv":{"north":{"uv":[44,116],"uv_size":[4,12]},"east":{"uv":[40,116],"uv_size":[4,12]},"south":{"uv":[52,116],"uv_size":[4,12]},"west":{"uv":[48,116],"uv_size":[4,12]},"up":{"uv":[44,112],"uv_size":[4,4]},"down":{"uv":[48,116],"uv_size":[4,-4]}}}]},{"name":"rightArm","parent":"1","pivot":[5,22,0],"cubes":[{"origin":[4,12,-2],"size":[4,12,4],"uv":{"north":{"uv":[48,116],"uv_size":[-4,12]},"east":{"uv":[52,116],"uv_size":[-4,12]},"south":{"uv":[56,116],"uv_size":[-4,12]},"west":{"uv":[44,116],"uv_size":[-4,12]},"up":{"uv":[48,112],"uv_size":[-4,4]},"down":{"uv":[52,116],"uv_size":[-4,-4]}}}]},{"name":"leftLeg","parent":"1","pivot":[-1.9,12,0],"cubes":[{"origin":[-3.9,0,-2],"size":[4,12,4],"uv":{"north":{"uv":[4,116],"uv_size":[4,12]},"east":{"uv":[0,116],"uv_size":[4,12]},"south":{"uv":[12,116],"uv_size":[4,12]},"west":{"uv":[8,116],"uv_size":[4,12]},"up":{"uv":[4,112],"uv_size":[4,4]},"down":{"uv":[8,116],"uv_size":[4,-4]}}}]},{"name":"rightLeg","parent":"1","pivot":[1.9,12,0],"cubes":[{"origin":[-0.1,0,-2],"size":[4,12,4],"uv":{"north":{"uv":[8,116],"uv_size":[-4,12]},"east":{"uv":[12,116],"uv_size":[-4,12]},"south":{"uv":[16,116],"uv_size":[-4,12]},"west":{"uv":[4,116],"uv_size":[-4,12]},"up":{"uv":[8,112],"uv_size":[-4,4]},"down":{"uv":[12,116],"uv_size":[-4,-4]}}}]},{"name":"2","pivot":[0,0,0]},{"name":"body2","parent":"2","pivot":[0,13,3],"rotation":[90,0,0],"cubes":[{"origin":[-5,7,-4],"size":[10,16,8],"uv":{"north":{"uv":[36,48],"uv_size":[10,16]},"east":{"uv":[28,48],"uv_size":[8,16]},"south":{"uv":[54,48],"uv_size":[10,16]},"west":{"uv":[46,48],"uv_size":[8,16]},"up":{"uv":[36,40],"uv_size":[10,8]},"down":{"uv":[46,48],"uv_size":[10,-8]}}}]},{"name":"head2","parent":"2","pivot":[0,12,-6],"cubes":[{"origin":[-4,8,-14],"size":[8,8,8],"uv":{"north":{"uv":[8,40],"uv_size":[8,8]},"east":{"uv":[0,40],"uv_size":[8,8]},"south":{"uv":[24,40],"uv_size":[8,8]},"west":{"uv":[16,40],"uv_size":[8,8]},"up":{"uv":[8,32],"uv_size":[8,8]},"down":{"uv":[16,40],"uv_size":[8,-8]}}},{"origin":[-2,9,-15],"size":[4,3,1],"uv":{"north":{"uv":[17,49],"uv_size":[4,3]},"east":{"uv":[16,49],"uv_size":[1,3]},"south":{"uv":[22,49],"uv_size":[4,3]},"west":{"uv":[21,49],"uv_size":[1,3]},"up":{"uv":[17,48],"uv_size":[4,1]},"down":{"uv":[21,49],"uv_size":[4,-1]}}}],"locators":{"lead":[0,14,-6]}},{"name":"leg4","parent":"2","pivot":[-3,6,7],"cubes":[{"origin":[-5,0,5],"size":[4,6,4],"uv":{"north":{"uv":[4,52],"uv_size":[4,6]},"east":{"uv":[0,52],"uv_size":[4,6]},"south":{"uv":[12,52],"uv_size":[4,6]},"west":{"uv":[8,52],"uv_size":[4,6]},"up":{"uv":[4,48],"uv_size":[4,4]},"down":{"uv":[8,52],"uv_size":[4,-4]}}}]},{"name":"leg5","parent":"2","pivot":[3,6,7],"cubes":[{"origin":[1,0,5],"size":[4,6,4],"uv":{"north":{"uv":[8,52],"uv_size":[-4,6]},"east":{"uv":[12,52],"uv_size":[-4,6]},"south":{"uv":[16,52],"uv_size":[-4,6]},"west":{"uv":[4,52],"uv_size":[-4,6]},"up":{"uv":[8,48],"uv_size":[-4,4]},"down":{"uv":[12,52],"uv_size":[-4,-4]}}}]},{"name":"leg6","parent":"2","pivot":[-3,6,-5],"cubes":[{"origin":[-5,0,-7],"size":[4,6,4],"uv":{"north":{"uv":[4,52],"uv_size":[4,6]},"east":{"uv":[0,52],"uv_size":[4,6]},"south":{"uv":[12,52],"uv_size":[4,6]},"west":{"uv":[8,52],"uv_size":[4,6]},"up":{"uv":[4,48],"uv_size":[4,4]},"down":{"uv":[8,52],"uv_size":[4,-4]}}}]},{"name":"leg7","parent":"2","pivot":[3,6,-5],"cubes":[{"origin":[1,0,-7],"size":[4,6,4],"uv":{"north":{"uv":[8,52],"uv_size":[-4,6]},"east":{"uv":[12,52],"uv_size":[-4,6]},"south":{"uv":[16,52],"uv_size":[-4,6]},"west":{"uv":[4,52],"uv_size":[-4,6]},"up":{"uv":[8,48],"uv_size":[-4,4]},"down":{"uv":[12,52],"uv_size":[-4,-4]}}}]},{"name":"3","pivot":[0,0,0]},{"name":"body3","parent":"3","pivot":[0,12,3],"cubes":[{"origin":[-4,6,-2],"size":[8,12,4],"uv":{"north":{"uv":[36,48],"uv_size":[10,16]},"east":{"uv":[28,48],"uv_size":[8,16]},"south":{"uv":[54,48],"uv_size":[10,16]},"west":{"uv":[46,48],"uv_size":[8,16]},"up":{"uv":[36,40],"uv_size":[10,8]},"down":{"uv":[46,48],"uv_size":[10,-8]}}}]},{"name":"head3","parent":"3","pivot":[0,18,0],"cubes":[{"origin":[-4,18,-4],"size":[8,8,8],"uv":{"north":{"uv":[8,40],"uv_size":[8,8]},"east":{"uv":[0,40],"uv_size":[8,8]},"south":{"uv":[24,40],"uv_size":[8,8]},"west":{"uv":[16,40],"uv_size":[8,8]},"up":{"uv":[8,32],"uv_size":[8,8]},"down":{"uv":[16,40],"uv_size":[8,-8]}}},{"origin":[-2,19,-5],"size":[4,3,1],"uv":{"north":{"uv":[17,49],"uv_size":[4,3]},"east":{"uv":[16,49],"uv_size":[1,3]},"south":{"uv":[22,49],"uv_size":[4,3]},"west":{"uv":[21,49],"uv_size":[1,3]},"up":{"uv":[17,48],"uv_size":[4,1]},"down":{"uv":[21,49],"uv_size":[4,-1]}}}],"locators":{"lead2":[0,24,4]}},{"name":"leg8","parent":"3","pivot":[-3,6,4],"cubes":[{"origin":[-5,0,2],"size":[4,6,4],"uv":{"north":{"uv":[4,52],"uv_size":[4,6]},"east":{"uv":[0,52],"uv_size":[4,6]},"south":{"uv":[12,52],"uv_size":[4,6]},"west":{"uv":[8,52],"uv_size":[4,6]},"up":{"uv":[4,48],"uv_size":[4,4]},"down":{"uv":[8,52],"uv_size":[4,-4]}}}]},{"name":"leg9","parent":"3","pivot":[3,6,4],"cubes":[{"origin":[1,0,2],"size":[4,6,4],"uv":{"north":{"uv":[8,52],"uv_size":[-4,6]},"east":{"uv":[12,52],"uv_size":[-4,6]},"south":{"uv":[16,52],"uv_size":[-4,6]},"west":{"uv":[4,52],"uv_size":[-4,6]},"up":{"uv":[8,48],"uv_size":[-4,4]},"down":{"uv":[12,52],"uv_size":[-4,-4]}}}]},{"name":"leg10","parent":"3","pivot":[-3,6,-4],"cubes":[{"origin":[-5,0,-6],"size":[4,6,4],"uv":{"north":{"uv":[4,52],"uv_size":[4,6]},"east":{"uv":[0,52],"uv_size":[4,6]},"south":{"uv":[12,52],"uv_size":[4,6]},"west":{"uv":[8,52],"uv_size":[4,6]},"up":{"uv":[4,48],"uv_size":[4,4]},"down":{"uv":[8,52],"uv_size":[4,-4]}}}]},{"name":"leg11","parent":"3","pivot":[3,6,-4],"cubes":[{"origin":[1,0,-6],"size":[4,6,4],"uv":{"north":{"uv":[8,52],"uv_size":[-4,6]},"east":{"uv":[12,52],"uv_size":[-4,6]},"south":{"uv":[16,52],"uv_size":[-4,6]},"west":{"uv":[4,52],"uv_size":[-4,6]},"up":{"uv":[8,48],"uv_size":[-4,4]},"down":{"uv":[12,52],"uv_size":[-4,-4]}}}]},{"name":"4","pivot":[0,0,0],"cubes":[{"origin":[-4,6,-2],"size":[8,12,4],"uv":{"north":{"uv":[20,20],"uv_size":[8,12]},"east":{"uv":[16,20],"uv_size":[4,12]},"south":{"uv":[32,20],"uv_size":[8,12]},"west":{"uv":[28,20],"uv_size":[4,12]},"up":{"uv":[20,16],"uv_size":[8,4]},"down":{"uv":[28,20],"uv_size":[8,-4]}}}]},{"name":"head4","parent":"4","pivot":[0,18,0],"cubes":[{"origin":[-4,18,-4],"size":[8,8,8],"uv":{"north":{"uv":[8,8],"uv_size":[8,8]},"east":{"uv":[0,8],"uv_size":[8,8]},"south":{"uv":[24,8],"uv_size":[8,8]},"west":{"uv":[16,8],"uv_size":[8,8]},"up":{"uv":[8,0],"uv_size":[8,8]},"down":{"uv":[16,8],"uv_size":[8,-8]}}}]},{"name":"leg0","parent":"4","pivot":[-2,6,4],"cubes":[{"origin":[-4,0,2],"size":[4,6,4],"uv":{"north":{"uv":[4,20],"uv_size":[4,6]},"east":{"uv":[0,20],"uv_size":[4,6]},"south":{"uv":[12,20],"uv_size":[4,6]},"west":{"uv":[8,20],"uv_size":[4,6]},"up":{"uv":[4,16],"uv_size":[4,4]},"down":{"uv":[8,20],"uv_size":[4,-4]}}}]},{"name":"leg1","parent":"4","pivot":[2,6,4],"cubes":[{"origin":[0,0,2],"size":[4,6,4],"uv":{"north":{"uv":[4,20],"uv_size":[4,6]},"east":{"uv":[0,20],"uv_size":[4,6]},"south":{"uv":[12,20],"uv_size":[4,6]},"west":{"uv":[8,20],"uv_size":[4,6]},"up":{"uv":[4,16],"uv_size":[4,4]},"down":{"uv":[8,20],"uv_size":[4,-4]}}}]},{"name":"leg2","parent":"4","pivot":[-2,6,-4],"cubes":[{"origin":[-4,0,-6],"size":[4,6,4],"uv":{"north":{"uv":[4,20],"uv_size":[4,6]},"east":{"uv":[0,20],"uv_size":[4,6]},"south":{"uv":[12,20],"uv_size":[4,6]},"west":{"uv":[8,20],"uv_size":[4,6]},"up":{"uv":[4,16],"uv_size":[4,4]},"down":{"uv":[8,20],"uv_size":[4,-4]}}}]},{"name":"leg3","parent":"4","pivot":[2,6,-4],"cubes":[{"origin":[0,0,-6],"size":[4,6,4],"uv":{"north":{"uv":[4,20],"uv_size":[4,6]},"east":{"uv":[0,20],"uv_size":[4,6]},"south":{"uv":[12,20],"uv_size":[4,6]},"west":{"uv":[8,20],"uv_size":[4,6]},"up":{"uv":[4,16],"uv_size":[4,4]},"down":{"uv":[8,20],"uv_size":[4,-4]}}}]},{"name":"5","pivot":[-0.5,-1.5,0.5],"cubes":[{"origin":[-1,-2,0],"size":[1,1,1],"uv":{"north":{"uv":[102,19],"uv_size":[4,4]},"east":{"uv":[102,19],"uv_size":[4,4]},"south":{"uv":[102,19],"uv_size":[4,4]},"west":{"uv":[102,19],"uv_size":[4,4]},"up":{"uv":[106,23],"uv_size":[-4,-4]},"down":{"uv":[106,23],"uv_size":[-4,-4]}}}]},{"name":"6","pivot":[-0.5,-1.5,0.5],"cubes":[{"origin":[-1,-2,0],"size":[1,1,1],"uv":{"north":{"uv":[102,19],"uv_size":[4,4]},"east":{"uv":[102,19],"uv_size":[4,4]},"south":{"uv":[102,19],"uv_size":[4,4]},"west":{"uv":[102,19],"uv_size":[4,4]},"up":{"uv":[106,23],"uv_size":[-4,-4]},"down":{"uv":[106,23],"uv_size":[-4,-4]}}}]},{"name":"7","pivot":[-0.5,-1.5,0.5],"cubes":[{"origin":[-1,-2,0],"size":[1,1,1],"uv":{"north":{"uv":[102,19],"uv_size":[4,4]},"east":{"uv":[102,19],"uv_size":[4,4]},"south":{"uv":[102,19],"uv_size":[4,4]},"west":{"uv":[102,19],"uv_size":[4,4]},"up":{"uv":[106,23],"uv_size":[-4,-4]},"down":{"uv":[106,23],"uv_size":[-4,-4]}}}]},{"name":"8","pivot":[-0.5,-1.5,0.5],"cubes":[{"origin":[-1,-2,0],"size":[1,1,1],"uv":{"north":{"uv":[102,19],"uv_size":[4,4]},"east":{"uv":[102,19],"uv_size":[4,4]},"south":{"uv":[102,19],"uv_size":[4,4]},"west":{"uv":[102,19],"uv_size":[4,4]},"up":{"uv":[106,23],"uv_size":[-4,-4]},"down":{"uv":[106,23],"uv_size":[-4,-4]}}}]},{"name":"9","pivot":[-0.5,-1.5,0.5],"cubes":[{"origin":[-1,-2,0],"size":[1,1,1],"uv":{"north":{"uv":[102,19],"uv_size":[4,4]},"east":{"uv":[102,19],"uv_size":[4,4]},"south":{"uv":[102,19],"uv_size":[4,4]},"west":{"uv":[102,19],"uv_size":[4,4]},"up":{"uv":[106,23],"uv_size":[-4,-4]},"down":{"uv":[106,23],"uv_size":[-4,-4]}}}]},{"name":"10","pivot":[-0.5,-1.5,0.5],"cubes":[{"origin":[-1,-2,0],"size":[1,1,1],"uv":{"north":{"uv":[102,19],"uv_size":[4,4]},"east":{"uv":[102,19],"uv_size":[4,4]},"south":{"uv":[102,19],"uv_size":[4,4]},"west":{"uv":[102,19],"uv_size":[4,4]},"up":{"uv":[106,23],"uv_size":[-4,-4]},"down":{"uv":[106,23],"uv_size":[-4,-4]}}}]},{"name":"11","pivot":[-0.5,-1.5,0.5],"cubes":[{"origin":[-1,-2,0],"size":[1,1,1],"uv":{"north":{"uv":[102,19],"uv_size":[4,4]},"east":{"uv":[102,19],"uv_size":[4,4]},"south":{"uv":[102,19],"uv_size":[4,4]},"west":{"uv":[102,19],"uv_size":[4,4]},"up":{"uv":[106,23],"uv_size":[-4,-4]},"down":{"uv":[106,23],"uv_size":[-4,-4]}}}]}]}]}