{"format_version":"1.12.0","minecraft:geometry":[{"description":{"identifier":"geometry.become_creeper","texture_width":128,"texture_height":128,"visible_bounds_width":3,"visible_bounds_height":4,"visible_bounds_offset":[0,1,0]},"bones":[{"name":"bone","pivot":[0,0,0],"rotation":[0,180,0]},{"name":"1","parent":"bone","pivot":[0,17,0]},{"name":"head","parent":"1","pivot":[0,24,0],"cubes":[{"origin":[-4,24,-4],"size":[8,8,8],"uv":{"north":{"uv":[16,72],"uv_size":[-8,8]},"east":{"uv":[24,72],"uv_size":[-8,8]},"south":{"uv":[16,72],"uv_size":[-8,8]},"west":{"uv":[8,72],"uv_size":[-8,8]},"up":{"uv":[8,72],"uv_size":[8,-8]},"down":{"uv":[16,72],"uv_size":[8,-8]}}},{"origin":[-4,24,-4],"size":[8,8,8],"inflate":0.25,"uv":{"north":{"uv":[56,72],"uv_size":[8,8]},"east":{"uv":[48,72],"uv_size":[8,8]},"south":{"uv":[40,72],"uv_size":[8,8]},"west":{"uv":[32,72],"uv_size":[8,8]},"up":{"uv":[48,72],"uv_size":[-8,-8]},"down":{"uv":[56,64],"uv_size":[-8,8]}}}]},{"name":"body","parent":"1","pivot":[0,24,0],"cubes":[{"origin":[-4,12,-2],"size":[8,12,4],"uv":{"north":{"uv":[40,84],"uv_size":[-8,12]},"east":{"uv":[32,84],"uv_size":[-4,12]},"south":{"uv":[28,84],"uv_size":[-8,12]},"west":{"uv":[20,84],"uv_size":[-4,12]},"up":{"uv":[28,112],"uv_size":[-8,4]},"down":{"uv":[36,116],"uv_size":[-8,-4]}}}]},{"name":"leftArm","parent":"1","pivot":[-5,22,0],"cubes":[{"origin":[-8,12,-2],"size":[4,12,4],"uv":{"north":{"uv":[44,116],"uv_size":[4,12]},"east":{"uv":[40,116],"uv_size":[4,12]},"south":{"uv":[36,116],"uv_size":[4,12]},"west":{"uv":[32,116],"uv_size":[4,12]},"up":{"uv":[44,80],"uv_size":[4,4]},"down":{"uv":[40,116],"uv_size":[4,-4]}}},{"origin":[-8,12,-2],"size":[4,12,4],"inflate":0.25,"uv":{"north":{"uv":[44,100],"uv_size":[4,12]},"east":{"uv":[40,100],"uv_size":[4,12]},"south":{"uv":[52,100],"uv_size":[4,12]},"west":{"uv":[48,100],"uv_size":[4,12]},"up":{"uv":[52,80],"uv_size":[4,4]},"down":{"uv":[52,80],"uv_size":[4,4]}}}]},{"name":"rightArm","parent":"1","pivot":[5,22,0],"cubes":[{"origin":[4,12,-2],"size":[4,12,4],"uv":{"north":{"uv":[48,84],"uv_size":[-4,12]},"east":{"uv":[52,84],"uv_size":[-4,12]},"south":{"uv":[56,84],"uv_size":[-4,12]},"west":{"uv":[44,84],"uv_size":[-4,12]},"up":{"uv":[48,80],"uv_size":[-4,4]},"down":{"uv":[52,80],"uv_size":[-4,4]}}},{"origin":[4,12,-2],"size":[4,12,4],"inflate":0.25,"uv":{"north":{"uv":[52,100],"uv_size":[4,12]},"east":{"uv":[52,100],"uv_size":[-4,12]},"south":{"uv":[44,100],"uv_size":[4,12]},"west":{"uv":[40,100],"uv_size":[4,12]},"up":{"uv":[52,80],"uv_size":[4,4]},"down":{"uv":[52,80],"uv_size":[4,4]}}}]},{"name":"leftLeg","parent":"1","pivot":[-1.9,12,0],"cubes":[{"origin":[-3.9,0,-2],"size":[4,12,4],"uv":{"north":{"uv":[28,116],"uv_size":[4,12]},"east":{"uv":[24,116],"uv_size":[4,12]},"south":{"uv":[20,116],"uv_size":[4,12]},"west":{"uv":[16,116],"uv_size":[4,12]},"up":{"uv":[24,116],"uv_size":[-4,-4]},"down":{"uv":[28,116],"uv_size":[-4,-4]}}},{"origin":[-3.9,0,-2],"size":[4,12,4],"inflate":0.25,"uv":{"north":{"uv":[12,116],"uv_size":[4,12]},"east":{"uv":[0,116],"uv_size":[4,12]},"south":{"uv":[4,116],"uv_size":[4,12]},"west":{"uv":[8,116],"uv_size":[4,12]},"up":{"uv":[8,128],"uv_size":[-4,-12]},"down":{"uv":[12,116],"uv_size":[-4,-4]}}}]},{"name":"rightLeg","parent":"1","pivot":[1.9,12,0],"cubes":[{"origin":[-0.1,0,-2],"size":[4,12,4],"uv":{"north":{"uv":[12,84],"uv_size":[4,12]},"east":{"uv":[12,84],"uv_size":[-4,12]},"south":{"uv":[4,84],"uv_size":[4,12]},"west":{"uv":[4,84],"uv_size":[-4,12]},"up":{"uv":[8,80],"uv_size":[-4,4]},"down":{"uv":[12,80],"uv_size":[-4,4]}}},{"origin":[-0.1,0,-2],"size":[4,12,4],"inflate":0.25,"uv":{"north":{"uv":[12,100],"uv_size":[4,12]},"east":{"uv":[12,100],"uv_size":[-4,12]},"south":{"uv":[4,100],"uv_size":[4,12]},"west":{"uv":[4,100],"uv_size":[-4,12]},"up":{"uv":[8,80],"uv_size":[-4,4]},"down":{"uv":[12,96],"uv_size":[-4,4]}}}]},{"name":"4","parent":"bone","pivot":[0,0,0],"cubes":[{"origin":[-4,6,-2],"size":[8,12,4],"uv":{"north":{"uv":[20,20],"uv_size":[8,12]},"east":{"uv":[16,20],"uv_size":[4,12]},"south":{"uv":[32,20],"uv_size":[8,12]},"west":{"uv":[28,20],"uv_size":[4,12]},"up":{"uv":[20,16],"uv_size":[8,4]},"down":{"uv":[28,20],"uv_size":[8,-4]}}}]},{"name":"head4","parent":"4","pivot":[0,18,0],"cubes":[{"origin":[-4,18,-4],"size":[8,8,8],"uv":{"north":{"uv":[8,8],"uv_size":[8,8]},"east":{"uv":[0,8],"uv_size":[8,8]},"south":{"uv":[24,8],"uv_size":[8,8]},"west":{"uv":[16,8],"uv_size":[8,8]},"up":{"uv":[8,0],"uv_size":[8,8]},"down":{"uv":[16,8],"uv_size":[8,-8]}}}]},{"name":"leg0","parent":"4","pivot":[-2,6,4],"cubes":[{"origin":[-4,0,2],"size":[4,6,4],"uv":{"north":{"uv":[4,20],"uv_size":[4,6]},"east":{"uv":[0,20],"uv_size":[4,6]},"south":{"uv":[12,20],"uv_size":[4,6]},"west":{"uv":[8,20],"uv_size":[4,6]},"up":{"uv":[4,16],"uv_size":[4,4]},"down":{"uv":[8,20],"uv_size":[4,-4]}}}]},{"name":"leg1","parent":"4","pivot":[2,6,4],"cubes":[{"origin":[0,0,2],"size":[4,6,4],"uv":{"north":{"uv":[4,20],"uv_size":[4,6]},"east":{"uv":[0,20],"uv_size":[4,6]},"south":{"uv":[12,20],"uv_size":[4,6]},"west":{"uv":[8,20],"uv_size":[4,6]},"up":{"uv":[4,16],"uv_size":[4,4]},"down":{"uv":[8,20],"uv_size":[4,-4]}}}]},{"name":"leg2","parent":"4","pivot":[-2,6,-4],"cubes":[{"origin":[-4,0,-6],"size":[4,6,4],"uv":{"north":{"uv":[4,20],"uv_size":[4,6]},"east":{"uv":[0,20],"uv_size":[4,6]},"south":{"uv":[12,20],"uv_size":[4,6]},"west":{"uv":[8,20],"uv_size":[4,6]},"up":{"uv":[4,16],"uv_size":[4,4]},"down":{"uv":[8,20],"uv_size":[4,-4]}}}]},{"name":"leg3","parent":"4","pivot":[2,6,-4],"cubes":[{"origin":[0,0,-6],"size":[4,6,4],"uv":{"north":{"uv":[4,20],"uv_size":[4,6]},"east":{"uv":[0,20],"uv_size":[4,6]},"south":{"uv":[12,20],"uv_size":[4,6]},"west":{"uv":[8,20],"uv_size":[4,6]},"up":{"uv":[4,16],"uv_size":[4,4]},"down":{"uv":[8,20],"uv_size":[4,-4]}}}]},{"name":"5","parent":"bone","pivot":[-0.5,-1.5,0.5],"cubes":[{"origin":[-1,-2,0],"size":[1,1,1],"uv":{"north":{"uv":[102,19],"uv_size":[4,4]},"east":{"uv":[102,19],"uv_size":[4,4]},"south":{"uv":[102,19],"uv_size":[4,4]},"west":{"uv":[102,19],"uv_size":[4,4]},"up":{"uv":[106,23],"uv_size":[-4,-4]},"down":{"uv":[106,23],"uv_size":[-4,-4]}}}]},{"name":"6","parent":"bone","pivot":[-0.5,-1.5,0.5],"cubes":[{"origin":[-1,-2,0],"size":[1,1,1],"uv":{"north":{"uv":[102,19],"uv_size":[4,4]},"east":{"uv":[102,19],"uv_size":[4,4]},"south":{"uv":[102,19],"uv_size":[4,4]},"west":{"uv":[102,19],"uv_size":[4,4]},"up":{"uv":[106,23],"uv_size":[-4,-4]},"down":{"uv":[106,23],"uv_size":[-4,-4]}}}]},{"name":"7","parent":"bone","pivot":[-0.5,-1.5,0.5],"cubes":[{"origin":[-1,-2,0],"size":[1,1,1],"uv":{"north":{"uv":[102,19],"uv_size":[4,4]},"east":{"uv":[102,19],"uv_size":[4,4]},"south":{"uv":[102,19],"uv_size":[4,4]},"west":{"uv":[102,19],"uv_size":[4,4]},"up":{"uv":[106,23],"uv_size":[-4,-4]},"down":{"uv":[106,23],"uv_size":[-4,-4]}}}]},{"name":"8","parent":"bone","pivot":[-0.5,-1.5,0.5],"cubes":[{"origin":[-1,-2,0],"size":[1,1,1],"uv":{"north":{"uv":[102,19],"uv_size":[4,4]},"east":{"uv":[102,19],"uv_size":[4,4]},"south":{"uv":[102,19],"uv_size":[4,4]},"west":{"uv":[102,19],"uv_size":[4,4]},"up":{"uv":[106,23],"uv_size":[-4,-4]},"down":{"uv":[106,23],"uv_size":[-4,-4]}}}]},{"name":"9","parent":"bone","pivot":[-0.5,-1.5,0.5],"cubes":[{"origin":[-1,-2,0],"size":[1,1,1],"uv":{"north":{"uv":[102,19],"uv_size":[4,4]},"east":{"uv":[102,19],"uv_size":[4,4]},"south":{"uv":[102,19],"uv_size":[4,4]},"west":{"uv":[102,19],"uv_size":[4,4]},"up":{"uv":[106,23],"uv_size":[-4,-4]},"down":{"uv":[106,23],"uv_size":[-4,-4]}}}]},{"name":"10","parent":"bone","pivot":[-0.5,-1.5,0.5],"cubes":[{"origin":[-1,-2,0],"size":[1,1,1],"uv":{"north":{"uv":[102,19],"uv_size":[4,4]},"east":{"uv":[102,19],"uv_size":[4,4]},"south":{"uv":[102,19],"uv_size":[4,4]},"west":{"uv":[102,19],"uv_size":[4,4]},"up":{"uv":[106,23],"uv_size":[-4,-4]},"down":{"uv":[106,23],"uv_size":[-4,-4]}}}]},{"name":"11","parent":"bone","pivot":[-0.5,-1.5,0.5],"cubes":[{"origin":[-1,-2,0],"size":[1,1,1],"uv":{"north":{"uv":[102,19],"uv_size":[4,4]},"east":{"uv":[102,19],"uv_size":[4,4]},"south":{"uv":[102,19],"uv_size":[4,4]},"west":{"uv":[102,19],"uv_size":[4,4]},"up":{"uv":[106,23],"uv_size":[-4,-4]},"down":{"uv":[106,23],"uv_size":[-4,-4]}}}]}]}]}