{"format_version":"1.12.0","minecraft:geometry":[{"description":{"identifier":"geometry.lifeboat_camera","texture_width":64,"texture_height":64,"visible_bounds_width":4,"visible_bounds_height":4.5,"visible_bounds_offset":[0,1.75,0]},"bones":[{"name":"waist","pivot":[0,12,0]},{"name":"body","parent":"waist","pivot":[0,24,0]},{"name":"head","parent":"body","pivot":[0,24,0],"cubes":[{"origin":[-1,28,-7],"size":[2,2,2],"uv":[0,19]},{"origin":[-2,27,-10],"size":[4,4,3],"uv":[36,10]},{"origin":[-3,26,-11],"size":[6,6,1],"uv":[35,0]},{"origin":[-1.5,32,-1],"size":[3,3,5],"uv":[0,33]},{"origin":[-1.5,31,-3],"size":[3,1,8],"uv":[20,0]},{"origin":[-2,32,2],"size":[2,7,7],"uv":[20,27]},{"origin":[-2,32,-6],"size":[2,7,7],"uv":[24,12]},{"origin":[-2,24,-5],"size":[4,7,11],"uv":[0,0]},{"origin":[-4,28,-5],"size":[2,2,11],"uv":[0,19]},{"origin":[-4,28,7],"size":[2,2,2],"uv":[0,0]},{"origin":[-3.75,28.25,6],"size":[1.5,1.5,1],"uv":[17,19]}]}]}]}