{"format_version":"1.16.0","minecraft:geometry":[{"description":{"identifier":"geometry.cats_officer","texture_width":32,"texture_height":32,"visible_bounds_width":5,"visible_bounds_height":3.5,"visible_bounds_offset":[0,1.25,0]},"bones":[{"name":"root","binding":"c.item_slot == 'head' ? 'head' : q.item_slot_to_bone_name(c.item_slot)","pivot":[0,8,0]},{"name":"root_x","parent":"root","pivot":[0,8,0]},{"name":"root_y","parent":"root_x","pivot":[0,8,0]},{"name":"root_z","parent":"root_y","pivot":[0,8,0],"cubes":[{"origin":[-5,0,-3],"size":[5,1,2],"uv":{"north":{"uv":[7,29],"uv_size":[-5,1]},"east":{"uv":[6,29],"uv_size":[1,1]},"south":{"uv":[2,29],"uv_size":[5,1]},"west":{"uv":[2,29],"uv_size":[1,1]},"up":{"uv":[7,30],"uv_size":[-5,-1]},"down":{"uv":[7,30],"uv_size":[-5,-1]}}},{"origin":[-6,1,-3],"size":[6,1,2],"uv":{"north":{"uv":[8,28],"uv_size":[-6,1]},"east":{"uv":[7,28],"uv_size":[1,1]},"south":{"uv":[2,28],"uv_size":[6,1]},"west":{"uv":[2,28],"uv_size":[1,1]},"up":{"uv":[8,29],"uv_size":[-6,-1]},"down":{"uv":[8,29],"uv_size":[-6,-1]}}},{"origin":[-7,2,-3],"size":[7,1,2],"uv":{"north":{"uv":[9,27],"uv_size":[-7,1]},"east":{"uv":[8,27],"uv_size":[1,1]},"south":{"uv":[2,27],"uv_size":[7,1]},"west":{"uv":[2,27],"uv_size":[1,1]},"up":{"uv":[9,28],"uv_size":[-7,-1]},"down":{"uv":[9,28],"uv_size":[-7,-1]}}},{"origin":[-8,3,-3],"size":[8,1,2],"uv":{"north":{"uv":[10,26],"uv_size":[-8,1]},"east":{"uv":[9,26],"uv_size":[1,1]},"south":{"uv":[2,26],"uv_size":[8,1]},"west":{"uv":[2,26],"uv_size":[1,1]},"up":{"uv":[10,27],"uv_size":[-8,-1]},"down":{"uv":[10,27],"uv_size":[-8,-1]}}},{"origin":[-9,4,-3],"size":[9,1,2],"uv":{"north":{"uv":[11,25],"uv_size":[-9,1]},"east":{"uv":[10,25],"uv_size":[1,1]},"south":{"uv":[2,25],"uv_size":[9,1]},"west":{"uv":[2,25],"uv_size":[1,1]},"up":{"uv":[11,26],"uv_size":[-9,-1]},"down":{"uv":[11,26],"uv_size":[-9,-1]}}},{"origin":[-10,5,-3],"size":[9,1,2],"uv":{"north":{"uv":[12,24],"uv_size":[-9,1]},"east":{"uv":[11,24],"uv_size":[1,1]},"south":{"uv":[3,24],"uv_size":[9,1]},"west":{"uv":[3,24],"uv_size":[1,1]},"up":{"uv":[12,25],"uv_size":[-9,-1]},"down":{"uv":[12,25],"uv_size":[-9,-1]}}},{"origin":[-11,6,-3],"size":[9,1,2],"uv":{"north":{"uv":[13,23],"uv_size":[-9,1]},"east":{"uv":[12,23],"uv_size":[1,1]},"south":{"uv":[4,23],"uv_size":[9,1]},"west":{"uv":[4,23],"uv_size":[1,1]},"up":{"uv":[13,24],"uv_size":[-9,-1]},"down":{"uv":[13,24],"uv_size":[-9,-1]}}},{"origin":[-12,7,-3],"size":[9,1,2],"uv":{"north":{"uv":[14,22],"uv_size":[-9,1]},"east":{"uv":[13,22],"uv_size":[1,1]},"south":{"uv":[5,22],"uv_size":[9,1]},"west":{"uv":[5,22],"uv_size":[1,1]},"up":{"uv":[14,23],"uv_size":[-9,-1]},"down":{"uv":[14,23],"uv_size":[-9,-1]}}},{"origin":[-15,10,-3],"size":[9,1,2],"uv":{"north":{"uv":[17,19],"uv_size":[-9,1]},"east":{"uv":[16,19],"uv_size":[1,1]},"south":{"uv":[8,19],"uv_size":[9,1]},"west":{"uv":[8,19],"uv_size":[1,1]},"up":{"uv":[17,20],"uv_size":[-9,-1]},"down":{"uv":[17,20],"uv_size":[-9,-1]}}},{"origin":[-26,11,-3],"size":[19,1,2],"uv":{"north":{"uv":[28,18],"uv_size":[-19,1]},"east":{"uv":[27,18],"uv_size":[1,1]},"south":{"uv":[9,18],"uv_size":[19,1]},"west":{"uv":[9,18],"uv_size":[1,1]},"up":{"uv":[28,19],"uv_size":[-19,-1]},"down":{"uv":[28,19],"uv_size":[-19,-1]}}},{"origin":[-25,10,-3],"size":[8,1,2],"uv":{"north":{"uv":[27,19],"uv_size":[-8,1]},"east":{"uv":[26,19],"uv_size":[1,1]},"south":{"uv":[19,19],"uv_size":[8,1]},"west":{"uv":[19,19],"uv_size":[1,1]},"up":{"uv":[27,20],"uv_size":[-8,-1]},"down":{"uv":[27,20],"uv_size":[-8,-1]}}},{"origin":[-24,9,-3],"size":[6,1,2],"uv":{"north":{"uv":[26,19],"uv_size":[1,1]},"east":{"uv":[26,19],"uv_size":[1,1]},"south":{"uv":[26,19],"uv_size":[1,1]},"west":{"uv":[26,19],"uv_size":[1,1]},"up":{"uv":[27,20],"uv_size":[-1,-1]},"down":{"uv":[27,20],"uv_size":[-1,-1]}}},{"origin":[-23,8,-3],"size":[4,1,2],"uv":{"north":{"uv":[26,19],"uv_size":[1,1]},"east":{"uv":[26,19],"uv_size":[1,1]},"south":{"uv":[26,19],"uv_size":[1,1]},"west":{"uv":[26,19],"uv_size":[1,1]},"up":{"uv":[27,20],"uv_size":[-1,-1]},"down":{"uv":[27,20],"uv_size":[-1,-1]}}},{"origin":[-27,12,-3],"size":[19,1,2],"uv":{"north":{"uv":[29,17],"uv_size":[-19,1]},"east":{"uv":[28,17],"uv_size":[1,1]},"south":{"uv":[10,17],"uv_size":[19,1]},"west":{"uv":[10,17],"uv_size":[1,1]},"up":{"uv":[29,18],"uv_size":[-19,-1]},"down":{"uv":[29,18],"uv_size":[-19,-1]}}},{"origin":[-28,13,-3],"size":[19,1,2],"uv":{"north":{"uv":[30,16],"uv_size":[-19,1]},"east":{"uv":[29,16],"uv_size":[1,1]},"south":{"uv":[11,16],"uv_size":[19,1]},"west":{"uv":[11,16],"uv_size":[1,1]},"up":{"uv":[30,17],"uv_size":[-19,-1]},"down":{"uv":[30,17],"uv_size":[-19,-1]}}},{"origin":[-29,14,-3],"size":[19,1,2],"uv":{"north":{"uv":[31,15],"uv_size":[-19,1]},"east":{"uv":[30,15],"uv_size":[1,1]},"south":{"uv":[12,15],"uv_size":[19,1]},"west":{"uv":[12,15],"uv_size":[1,1]},"up":{"uv":[31,16],"uv_size":[-19,-1]},"down":{"uv":[31,16],"uv_size":[-19,-1]}}},{"origin":[-30,15,-3],"size":[19,1,2],"uv":{"north":{"uv":[32,14],"uv_size":[-19,1]},"east":{"uv":[31,14],"uv_size":[1,1]},"south":{"uv":[13,14],"uv_size":[19,1]},"west":{"uv":[13,14],"uv_size":[1,1]},"up":{"uv":[32,15],"uv_size":[-19,-1]},"down":{"uv":[32,15],"uv_size":[-19,-1]}}},{"origin":[-30,16,-3],"size":[19,1,2],"uv":{"north":{"uv":[32,13],"uv_size":[-19,1]},"east":{"uv":[31,13],"uv_size":[1,1]},"south":{"uv":[13,13],"uv_size":[19,1]},"west":{"uv":[13,13],"uv_size":[1,1]},"up":{"uv":[32,14],"uv_size":[-19,-1]},"down":{"uv":[32,14],"uv_size":[-19,-1]}}},{"origin":[-30,17,-3],"size":[20,1,2],"uv":{"north":{"uv":[32,12],"uv_size":[-20,1]},"east":{"uv":[31,12],"uv_size":[1,1]},"south":{"uv":[12,12],"uv_size":[20,1]},"west":{"uv":[12,12],"uv_size":[1,1]},"up":{"uv":[32,13],"uv_size":[-20,-1]},"down":{"uv":[32,13],"uv_size":[-20,-1]}}},{"origin":[-30,18,-3],"size":[21,1,2],"uv":{"north":{"uv":[32,11],"uv_size":[-21,1]},"east":{"uv":[31,11],"uv_size":[1,1]},"south":{"uv":[11,11],"uv_size":[21,1]},"west":{"uv":[11,11],"uv_size":[1,1]},"up":{"uv":[32,12],"uv_size":[-21,-1]},"down":{"uv":[32,12],"uv_size":[-21,-1]}}},{"origin":[-29,19,-3],"size":[21,1,2],"uv":{"north":{"uv":[31,10],"uv_size":[-21,1]},"east":{"uv":[30,10],"uv_size":[1,1]},"south":{"uv":[10,10],"uv_size":[21,1]},"west":{"uv":[10,10],"uv_size":[1,1]},"up":{"uv":[31,11],"uv_size":[-21,-1]},"down":{"uv":[31,11],"uv_size":[-21,-1]}}},{"origin":[-29,20,-3],"size":[21,1,2],"uv":{"north":{"uv":[31,9],"uv_size":[-21,1]},"east":{"uv":[30,9],"uv_size":[1,1]},"south":{"uv":[10,9],"uv_size":[21,1]},"west":{"uv":[10,9],"uv_size":[1,1]},"up":{"uv":[31,10],"uv_size":[-21,-1]},"down":{"uv":[31,10],"uv_size":[-21,-1]}}},{"origin":[-29,21,-3],"size":[21,1,2],"uv":{"north":{"uv":[31,8],"uv_size":[-21,1]},"east":{"uv":[30,8],"uv_size":[1,1]},"south":{"uv":[10,8],"uv_size":[21,1]},"west":{"uv":[10,8],"uv_size":[1,1]},"up":{"uv":[31,9],"uv_size":[-21,-1]},"down":{"uv":[31,9],"uv_size":[-21,-1]}}},{"origin":[-28,22,-3],"size":[20,1,2],"uv":{"north":{"uv":[30,7],"uv_size":[-20,1]},"east":{"uv":[29,7],"uv_size":[1,1]},"south":{"uv":[10,7],"uv_size":[20,1]},"west":{"uv":[10,7],"uv_size":[1,1]},"up":{"uv":[30,8],"uv_size":[-20,-1]},"down":{"uv":[30,8],"uv_size":[-20,-1]}}},{"origin":[-28,23,-3],"size":[19,1,2],"uv":{"north":{"uv":[30,6],"uv_size":[-19,1]},"east":{"uv":[29,6],"uv_size":[1,1]},"south":{"uv":[11,6],"uv_size":[19,1]},"west":{"uv":[11,6],"uv_size":[1,1]},"up":{"uv":[30,7],"uv_size":[-19,-1]},"down":{"uv":[30,7],"uv_size":[-19,-1]}}},{"origin":[-27,24,-3],"size":[17,1,2],"uv":{"north":{"uv":[29,5],"uv_size":[-17,1]},"east":{"uv":[28,5],"uv_size":[1,1]},"south":{"uv":[12,5],"uv_size":[17,1]},"west":{"uv":[12,5],"uv_size":[1,1]},"up":{"uv":[29,6],"uv_size":[-17,-1]},"down":{"uv":[29,6],"uv_size":[-17,-1]}}},{"origin":[-27,25,-3],"size":[16,1,2],"uv":{"north":{"uv":[29,4],"uv_size":[-16,1]},"east":{"uv":[28,4],"uv_size":[1,1]},"south":{"uv":[13,4],"uv_size":[16,1]},"west":{"uv":[13,4],"uv_size":[1,1]},"up":{"uv":[29,5],"uv_size":[-16,-1]},"down":{"uv":[29,5],"uv_size":[-16,-1]}}},{"origin":[-26,26,-3],"size":[14,1,2],"uv":{"north":{"uv":[28,3],"uv_size":[-14,1]},"east":{"uv":[28,4],"uv_size":[1,1]},"south":{"uv":[14,3],"uv_size":[14,1]},"west":{"uv":[13,4],"uv_size":[1,1]},"up":{"uv":[28,4],"uv_size":[-14,-1]},"down":{"uv":[28,4],"uv_size":[-14,-1]}}},{"origin":[-24,27,-3],"size":[11,1,2],"uv":{"north":{"uv":[26,2],"uv_size":[-11,1]},"east":{"uv":[28,4],"uv_size":[1,1]},"south":{"uv":[15,2],"uv_size":[11,1]},"west":{"uv":[13,4],"uv_size":[1,1]},"up":{"uv":[26,3],"uv_size":[-11,-1]},"down":{"uv":[26,3],"uv_size":[-11,-1]}}},{"origin":[-22,28,-3],"size":[8,1,2],"uv":{"north":{"uv":[28,4],"uv_size":[1,1]},"east":{"uv":[28,4],"uv_size":[1,1]},"south":{"uv":[28,4],"uv_size":[1,1]},"west":{"uv":[28,4],"uv_size":[1,1]},"up":{"uv":[29,5],"uv_size":[-1,-1]},"down":{"uv":[29,5],"uv_size":[-1,-1]}}},{"origin":[-19,29,-3],"size":[4,1,2],"uv":{"north":{"uv":[28,4],"uv_size":[1,1]},"east":{"uv":[28,4],"uv_size":[1,1]},"south":{"uv":[28,4],"uv_size":[1,1]},"west":{"uv":[28,4],"uv_size":[1,1]},"up":{"uv":[29,5],"uv_size":[-1,-1]},"down":{"uv":[29,5],"uv_size":[-1,-1]}}},{"origin":[-14,9,-3],"size":[9,1,2],"uv":{"north":{"uv":[16,20],"uv_size":[-9,1]},"east":{"uv":[15,20],"uv_size":[1,1]},"south":{"uv":[7,20],"uv_size":[9,1]},"west":{"uv":[7,20],"uv_size":[1,1]},"up":{"uv":[16,21],"uv_size":[-9,-1]},"down":{"uv":[16,21],"uv_size":[-9,-1]}}},{"origin":[-13,8,-3],"size":[9,1,2],"uv":{"north":{"uv":[15,21],"uv_size":[-9,1]},"east":{"uv":[14,21],"uv_size":[1,1]},"south":{"uv":[6,21],"uv_size":[9,1]},"west":{"uv":[6,21],"uv_size":[1,1]},"up":{"uv":[15,22],"uv_size":[-9,-1]},"down":{"uv":[15,22],"uv_size":[-9,-1]}}}]}]}]}