{"format_version":"1.12.0","minecraft:geometry":[{"description":{"identifier":"geometry.ctf_statue","texture_width":128,"texture_height":128,"visible_bounds_width":5,"visible_bounds_height":7.5,"visible_bounds_offset":[0,3.25,0]},"bones":[{"name":"bone8","pivot":[-4.28906,-16,-11.90711]},{"name":"bone2","parent":"bone8","pivot":[23.98779,-16,-6.53521],"rotation":[0,180,0]},{"name":"Blocks","parent":"bone2","pivot":[23.98779,-16,-6.53521],"cubes":[{"origin":[40.16595,0.11765,-29.49899],"size":[16,16,16],"pivot":[52.26464,40.15591,-1.16331],"rotation":[0,90,0],"uv":{"north":{"uv":[64,96],"uv_size":[16,16]},"east":{"uv":[64,96],"uv_size":[16,16]},"south":{"uv":[64,96],"uv_size":[16,16]},"west":{"uv":[64,96],"uv_size":[16,16]},"up":{"uv":[80,112],"uv_size":[-16,-16]},"down":{"uv":[80,112],"uv_size":[-16,-16]}}},{"origin":[40.16595,0.11765,-13.49899],"size":[16,16,16],"pivot":[52.26464,40.15591,-1.16331],"rotation":[0,90,0],"uv":{"north":{"uv":[64,96],"uv_size":[16,16]},"east":{"uv":[64,96],"uv_size":[16,16]},"south":{"uv":[64,96],"uv_size":[16,16]},"west":{"uv":[64,96],"uv_size":[16,16]},"up":{"uv":[80,112],"uv_size":[-16,-16]},"down":{"uv":[80,112],"uv_size":[-16,-16]}}},{"origin":[40.16595,0.11765,2.50101],"size":[16,16,16],"pivot":[52.26464,40.15591,-1.16331],"rotation":[0,90,0],"uv":{"north":{"uv":[64,96],"uv_size":[16,16]},"east":{"uv":[64,96],"uv_size":[16,16]},"south":{"uv":[64,96],"uv_size":[16,16]},"west":{"uv":[64,96],"uv_size":[16,16]},"up":{"uv":[80,112],"uv_size":[-16,-16]},"down":{"uv":[80,112],"uv_size":[-16,-16]}}},{"origin":[56.16595,0.11765,-29.49899],"size":[16,16,16],"pivot":[52.26464,40.15591,-1.16331],"rotation":[0,90,0],"uv":{"north":{"uv":[64,96],"uv_size":[16,16]},"east":{"uv":[64,96],"uv_size":[16,16]},"south":{"uv":[64,96],"uv_size":[16,16]},"west":{"uv":[64,96],"uv_size":[16,16]},"up":{"uv":[80,112],"uv_size":[-16,-16]},"down":{"uv":[80,112],"uv_size":[-16,-16]}}},{"origin":[56.16595,16.11765,-13.49899],"size":[16,16,16],"pivot":[52.26464,57.15591,-1.16331],"rotation":[0,90,0],"uv":{"north":{"uv":[64,112],"uv_size":[16,16]},"east":{"uv":[64,112],"uv_size":[16,16]},"south":{"uv":[64,112],"uv_size":[16,16]},"west":{"uv":[64,112],"uv_size":[16,16]},"up":{"uv":[80,128],"uv_size":[-16,-16]},"down":{"uv":[80,128],"uv_size":[-16,-16]}}},{"origin":[56.16595,0.11765,2.50101],"size":[16,16,16],"pivot":[52.26464,40.15591,-1.16331],"rotation":[0,90,0],"uv":{"north":{"uv":[64,96],"uv_size":[16,16]},"east":{"uv":[64,96],"uv_size":[16,16]},"south":{"uv":[64,96],"uv_size":[16,16]},"west":{"uv":[64,96],"uv_size":[16,16]},"up":{"uv":[80,112],"uv_size":[-16,-16]},"down":{"uv":[80,112],"uv_size":[-16,-16]}}},{"origin":[72.16595,0.11765,-29.49899],"size":[16,16,16],"pivot":[52.26464,40.15591,-1.16331],"rotation":[0,90,0],"uv":{"north":{"uv":[64,96],"uv_size":[16,16]},"east":{"uv":[64,96],"uv_size":[16,16]},"south":{"uv":[64,96],"uv_size":[16,16]},"west":{"uv":[64,96],"uv_size":[16,16]},"up":{"uv":[80,112],"uv_size":[-16,-16]},"down":{"uv":[80,112],"uv_size":[-16,-16]}}},{"origin":[72.16595,0.11765,-13.49899],"size":[16,16,16],"pivot":[52.26464,40.15591,-1.16331],"rotation":[0,90,0],"uv":{"north":{"uv":[64,96],"uv_size":[16,16]},"east":{"uv":[64,96],"uv_size":[16,16]},"south":{"uv":[64,96],"uv_size":[16,16]},"west":{"uv":[64,96],"uv_size":[16,16]},"up":{"uv":[80,112],"uv_size":[-16,-16]},"down":{"uv":[80,112],"uv_size":[-16,-16]}}},{"origin":[56.16595,0.11765,-13.49899],"size":[16,16,16],"pivot":[52.26464,40.15591,-1.16331],"rotation":[0,90,0],"uv":{"north":{"uv":[64,112],"uv_size":[16,16]},"east":{"uv":[64,112],"uv_size":[16,16]},"south":{"uv":[64,112],"uv_size":[16,16]},"west":{"uv":[64,112],"uv_size":[16,16]},"up":{"uv":[80,128],"uv_size":[-16,-16]},"down":{"uv":[80,128],"uv_size":[-16,-16]}}},{"origin":[72.16595,0.11765,2.50101],"size":[16,16,16],"pivot":[52.26464,40.15591,-1.16331],"rotation":[0,90,0],"uv":{"north":{"uv":[64,96],"uv_size":[16,16]},"east":{"uv":[64,96],"uv_size":[16,16]},"south":{"uv":[64,96],"uv_size":[16,16]},"west":{"uv":[64,96],"uv_size":[16,16]},"up":{"uv":[80,112],"uv_size":[-16,-16]},"down":{"uv":[80,112],"uv_size":[-16,-16]}}},{"origin":[27.10873,60.43276,-14.03521],"size":[12,2,2],"pivot":[52.26464,57.15591,-1.16331],"rotation":[0,0,-90],"uv":{"north":{"uv":[0,0],"uv_size":[7,2]},"east":{"uv":[0,0],"uv_size":[7,2]},"south":{"uv":[0,0],"uv_size":[7,2]},"west":{"uv":[0,0],"uv_size":[7,2]},"up":{"uv":[7,2],"uv_size":[-7,-2]},"down":{"uv":[7,2],"uv_size":[-7,-2]}}},{"origin":[39.10873,60.43276,-14.03521],"size":[12,2,2],"pivot":[52.26464,57.15591,-1.16331],"rotation":[0,0,-90],"uv":{"north":{"uv":[0,0],"uv_size":[7,2]},"east":{"uv":[0,0],"uv_size":[7,2]},"south":{"uv":[0,0],"uv_size":[7,2]},"west":{"uv":[0,0],"uv_size":[7,2]},"up":{"uv":[7,2],"uv_size":[-7,-2]},"down":{"uv":[7,2],"uv_size":[-7,-2]}}},{"origin":[51.10873,60.43276,-14.03521],"size":[12,2,2],"pivot":[52.26464,57.15591,-1.16331],"rotation":[0,0,-90],"uv":{"north":{"uv":[0,0],"uv_size":[7,2]},"east":{"uv":[0,0],"uv_size":[7,2]},"south":{"uv":[0,0],"uv_size":[7,2]},"west":{"uv":[0,0],"uv_size":[7,2]},"up":{"uv":[7,2],"uv_size":[-7,-2]},"down":{"uv":[7,2],"uv_size":[-7,-2]}}},{"origin":[51.10873,47.43276,-14.03521],"size":[12,13,2],"pivot":[52.26464,57.15591,-1.16331],"rotation":[0,0,-90],"uv":{"north":{"uv":[65,114],"uv_size":[13,12]},"east":{"uv":[67,126],"uv_size":[2,-12]},"south":{"uv":[65,114],"uv_size":[13,12]},"west":{"uv":[67,126],"uv_size":[2,-12]},"up":{"uv":[74,116],"uv_size":[-7,-2]},"down":{"uv":[80,116],"uv_size":[-13,-2]}}}]},{"name":"bone4","parent":"bone8","pivot":[0,0,0]},{"name":"Player2","parent":"bone4","pivot":[-12.01221,37,-19.53521],"rotation":[-30,90,0]},{"name":"body2","parent":"Player2","pivot":[-15.56572,31.94674,-23.02304],"rotation":[12.5,0,0],"cubes":[{"origin":[-19.56572,25.94674,-25.02304],"size":[8,12,4],"uv":{"north":{"uv":[96,20],"uv_size":[8,12]},"east":{"uv":[92,20],"uv_size":[4,12]},"south":{"uv":[84,20],"uv_size":[8,12]},"west":{"uv":[80,20],"uv_size":[4,12]},"up":{"uv":[92,20],"uv_size":[-8,-4]},"down":{"uv":[100,20],"uv_size":[-8,-4]}}},{"origin":[-19.56572,25.94674,-25.02304],"size":[8,12,4],"inflate":0.25,"uv":{"north":{"uv":[96,36],"uv_size":[8,12]},"east":{"uv":[92,36],"uv_size":[4,12]},"south":{"uv":[84,36],"uv_size":[8,12]},"west":{"uv":[80,36],"uv_size":[4,12]},"up":{"uv":[92,36],"uv_size":[-8,-4]},"down":{"uv":[100,36],"uv_size":[-8,-4]}}}]},{"name":"head2","parent":"body2","pivot":[-15.56572,41.9467,-23.02304],"rotation":[12.5,-15,0],"cubes":[{"origin":[-19.56572,37.9467,-27.02304],"size":[8,8,8],"uv":{"north":{"uv":[88,8],"uv_size":[8,8]},"east":{"uv":[80,8],"uv_size":[8,8]},"south":{"uv":[72,8],"uv_size":[8,8]},"west":{"uv":[64,8],"uv_size":[8,8]},"up":{"uv":[80,8],"uv_size":[-8,-8]},"down":{"uv":[88,8],"uv_size":[-8,-8]}}},{"origin":[-19.56572,37.9467,-27.02304],"size":[8,8,8],"inflate":0.25,"uv":{"north":{"uv":[120,8],"uv_size":[8,8]},"east":{"uv":[113,8],"uv_size":[8,8]},"south":{"uv":[104,8],"uv_size":[8,8]},"west":{"uv":[96,8],"uv_size":[8,8]},"up":{"uv":[112,8],"uv_size":[-8,-8]},"down":{"uv":[120,8],"uv_size":[-8,-8]}}}]},{"name":"leftArm2","parent":"body2","pivot":[-21.36577,35.73311,-21.93547],"rotation":[172.5,-15,172.5],"cubes":[{"origin":[-22.06099,19.20106,-45.22327],"size":[3,12,4],"pivot":[-5.64031,44.83366,-34.24675],"rotation":[85,-2.5,0],"uv":{"north":{"uv":[107,52],"uv_size":[3,12]},"east":{"uv":[103,52],"uv_size":[4,12]},"south":{"uv":[100,52],"uv_size":[3,12]},"west":{"uv":[96,52],"uv_size":[4,12]},"up":{"uv":[103,52],"uv_size":[-3,-4]},"down":{"uv":[106,52],"uv_size":[-3,-4]}}},{"origin":[-22.06099,19.20106,-45.22327],"size":[3,12,4],"inflate":0.25,"pivot":[-5.64031,44.83366,-34.24675],"rotation":[85,-2.5,0],"uv":{"north":{"uv":[123,52],"uv_size":[3,12]},"east":{"uv":[119,52],"uv_size":[4,12]},"south":{"uv":[115,52],"uv_size":[3,12]},"west":{"uv":[112,52],"uv_size":[4,12]},"up":{"uv":[124,53],"uv_size":[-3,-2]},"down":{"uv":[124,53],"uv_size":[-3,-2]}}}]},{"name":"rightArm2","parent":"body2","pivot":[-9.34135,36.46056,-24.27973],"rotation":[102.5,0,0],"cubes":[{"origin":[-11.54845,24.3369,-26.25148],"size":[3,12,4],"uv":{"north":{"uv":[115,20],"uv_size":[3,12]},"east":{"uv":[111,20],"uv_size":[4,12]},"south":{"uv":[108,20],"uv_size":[3,12]},"west":{"uv":[104,20],"uv_size":[4,12]},"up":{"uv":[111,20],"uv_size":[-3,-4]},"down":{"uv":[114,20],"uv_size":[-3,-4]}}},{"origin":[-11.54845,24.3369,-26.25148],"size":[3,12,4],"inflate":0.25,"uv":{"north":{"uv":[115,36],"uv_size":[3,12]},"east":{"uv":[111,36],"uv_size":[4,12]},"south":{"uv":[108,36],"uv_size":[3,12]},"west":{"uv":[104,36],"uv_size":[4,12]},"up":{"uv":[111,37],"uv_size":[-4,-3]},"down":{"uv":[111,37],"uv_size":[-4,-3]}}}]},{"name":"Sword3","parent":"rightArm2","pivot":[-8.51221,26.2137,-19.8392],"rotation":[-57.5,0,0],"cubes":[{"origin":[-11.00262,33.77127,-9.62653],"size":[1,3,1],"uv":{"north":{"uv":[0,0],"uv_size":[2,6]},"east":{"uv":[17,10],"uv_size":[1,3]},"south":{"uv":[17,10],"uv_size":[1,3]},"west":{"uv":[17,10],"uv_size":[1,3]},"up":{"uv":[15,11],"uv_size":[-1,-1]},"down":{"uv":[13,17],"uv_size":[-1,-1]}}},{"origin":[-11.00262,22.77127,-16.62653],"size":[1,3,1],"uv":{"north":{"uv":[12,14],"uv_size":[1,3]},"east":{"uv":[12,14],"uv_size":[1,3]},"south":{"uv":[12,14],"uv_size":[1,3]},"west":{"uv":[12,14],"uv_size":[1,3]},"up":{"uv":[13,15],"uv_size":[-1,-1]},"down":{"uv":[13,17],"uv_size":[-1,-1]}}},{"origin":[-11.00262,24.77127,-19.62653],"size":[1,4,1],"uv":{"north":{"uv":[17,12],"uv_size":[1,4]},"east":{"uv":[17,12],"uv_size":[1,4]},"south":{"uv":[17,12],"uv_size":[1,4]},"west":{"uv":[17,12],"uv_size":[1,4]},"up":{"uv":[18,13],"uv_size":[-1,-1]},"down":{"uv":[18,16],"uv_size":[-1,-1]}}},{"origin":[-11.00262,23.77127,-20.62653],"size":[1,6,1],"uv":{"north":{"uv":[10,10],"uv_size":[1,6]},"east":{"uv":[10,10],"uv_size":[1,6]},"south":{"uv":[10,10],"uv_size":[1,6]},"west":{"uv":[10,10],"uv_size":[1,6]},"up":{"uv":[11,11],"uv_size":[-1,-1]},"down":{"uv":[11,16],"uv_size":[-1,-1]}}},{"origin":[-11.00262,22.77127,-21.62653],"size":[1,3,1],"uv":{"north":{"uv":[15,15],"uv_size":[1,3]},"east":{"uv":[15,15],"uv_size":[1,3]},"south":{"uv":[15,15],"uv_size":[1,3]},"west":{"uv":[15,15],"uv_size":[1,3]},"up":{"uv":[16,16],"uv_size":[-1,-1]},"down":{"uv":[16,18],"uv_size":[-1,-1]}}},{"origin":[-11.00262,20.77127,-22.62653],"size":[1,4,1],"uv":{"north":{"uv":[14,15],"uv_size":[1,4]},"east":{"uv":[14,15],"uv_size":[1,4]},"south":{"uv":[14,15],"uv_size":[1,4]},"west":{"uv":[14,15],"uv_size":[1,4]},"up":{"uv":[15,16],"uv_size":[-1,-1]},"down":{"uv":[15,19],"uv_size":[-1,-1]}}},{"origin":[-11.00262,20.77127,-24.62653],"size":[1,3,2],"uv":{"north":{"uv":[12,17],"uv_size":[1,3]},"east":{"uv":[12,17],"uv_size":[2,3]},"south":{"uv":[13,17],"uv_size":[1,3]},"west":{"uv":[12,17],"uv_size":[2,3]},"up":{"uv":[14,18],"uv_size":[-2,-1]},"down":{"uv":[14,20],"uv_size":[-2,-1]}}},{"origin":[-11.00262,26.77127,-21.62653],"size":[1,4,1],"uv":{"north":{"uv":[16,14],"uv_size":[1,4]},"east":{"uv":[16,14],"uv_size":[1,4]},"south":{"uv":[16,14],"uv_size":[1,4]},"west":{"uv":[16,14],"uv_size":[1,4]},"up":{"uv":[17,18],"uv_size":[-1,-1]},"down":{"uv":[17,18],"uv_size":[-1,-1]}}},{"origin":[-11.00262,28.77127,-22.62653],"size":[1,2,1],"uv":{"north":{"uv":[16,16],"uv_size":[1,2]},"east":{"uv":[16,16],"uv_size":[1,2]},"south":{"uv":[16,16],"uv_size":[1,2]},"west":{"uv":[16,16],"uv_size":[1,2]},"up":{"uv":[17,17],"uv_size":[-1,-1]},"down":{"uv":[17,17],"uv_size":[-1,-1]}}},{"origin":[-11.00262,22.77127,-15.62653],"size":[1,2,1],"uv":{"north":{"uv":[17,11],"uv_size":[1,2]},"east":{"uv":[17,11],"uv_size":[1,2]},"south":{"uv":[17,11],"uv_size":[1,2]},"west":{"uv":[17,11],"uv_size":[1,2]},"up":{"uv":[18,13],"uv_size":[-1,-2]},"down":{"uv":[18,13],"uv_size":[-1,-2]}}},{"origin":[-11.00262,32.77127,-10.62653],"size":[1,4,1],"uv":{"north":{"uv":[0,0],"uv_size":[2,8]},"east":{"uv":[16,10],"uv_size":[1,4]},"south":{"uv":[16,10],"uv_size":[1,4]},"west":{"uv":[16,10],"uv_size":[1,4]},"up":{"uv":[15,11],"uv_size":[-1,-1]},"down":{"uv":[13,17],"uv_size":[-1,-1]}}},{"origin":[-11.00262,31.77127,-11.62653],"size":[1,5,1],"uv":{"north":{"uv":[15,10],"uv_size":[1,5]},"east":{"uv":[15,10],"uv_size":[1,5]},"south":{"uv":[16,10],"uv_size":[1,4]},"west":{"uv":[15,10],"uv_size":[1,5]},"up":{"uv":[15,11],"uv_size":[-1,-1]},"down":{"uv":[13,17],"uv_size":[-1,-1]}}},{"origin":[-11.00262,30.77127,-12.62653],"size":[1,5,1],"uv":{"north":{"uv":[14,10],"uv_size":[1,5]},"east":{"uv":[14,10],"uv_size":[1,5]},"south":{"uv":[14,10],"uv_size":[1,5]},"west":{"uv":[14,10],"uv_size":[1,5]},"up":{"uv":[15,11],"uv_size":[-1,-1]},"down":{"uv":[15,11],"uv_size":[-1,-1]}}},{"origin":[-11.00262,29.77127,-13.62653],"size":[1,5,1],"uv":{"north":{"uv":[14,10],"uv_size":[1,5]},"east":{"uv":[14,10],"uv_size":[1,5]},"south":{"uv":[14,10],"uv_size":[1,5]},"west":{"uv":[14,10],"uv_size":[1,5]},"up":{"uv":[15,11],"uv_size":[-1,-1]},"down":{"uv":[15,11],"uv_size":[-1,-1]}}},{"origin":[-11.00262,28.77127,-14.62653],"size":[1,5,1],"uv":{"north":{"uv":[14,10],"uv_size":[1,5]},"east":{"uv":[14,10],"uv_size":[1,5]},"south":{"uv":[14,10],"uv_size":[1,5]},"west":{"uv":[14,10],"uv_size":[1,5]},"up":{"uv":[15,11],"uv_size":[-1,-1]},"down":{"uv":[15,11],"uv_size":[-1,-1]}}},{"origin":[-11.00262,27.77127,-15.62653],"size":[1,5,1],"uv":{"north":{"uv":[13,10],"uv_size":[1,5]},"east":{"uv":[13,10],"uv_size":[1,5]},"south":{"uv":[13,10],"uv_size":[1,5]},"west":{"uv":[13,10],"uv_size":[1,5]},"up":{"uv":[15,11],"uv_size":[-1,-1]},"down":{"uv":[15,11],"uv_size":[-1,-1]}}},{"origin":[-11.00262,26.77127,-16.62653],"size":[1,5,1],"uv":{"north":{"uv":[13,10],"uv_size":[1,5]},"east":{"uv":[13,10],"uv_size":[1,5]},"south":{"uv":[13,10],"uv_size":[1,5]},"west":{"uv":[13,10],"uv_size":[1,5]},"up":{"uv":[15,11],"uv_size":[-1,-1]},"down":{"uv":[15,11],"uv_size":[-1,-1]}}},{"origin":[-11.00262,23.77127,-17.62653],"size":[1,7,1],"uv":{"north":{"uv":[12,10],"uv_size":[1,7]},"east":{"uv":[12,10],"uv_size":[1,7]},"south":{"uv":[12,10],"uv_size":[1,7]},"west":{"uv":[12,10],"uv_size":[1,7]},"up":{"uv":[13,11],"uv_size":[-1,-1]},"down":{"uv":[13,17],"uv_size":[-1,-1]}}},{"origin":[-11.00262,23.77127,-18.62653],"size":[1,6,1],"uv":{"north":{"uv":[11,10],"uv_size":[1,6]},"east":{"uv":[11,10],"uv_size":[1,6]},"south":{"uv":[11,10],"uv_size":[1,6]},"west":{"uv":[11,10],"uv_size":[1,6]},"up":{"uv":[12,11],"uv_size":[-1,-1]},"down":{"uv":[12,16],"uv_size":[-1,-1]}}}]},{"name":"leftLeg2","parent":"Player2","pivot":[-17.46572,25.40057,-21.69091],"rotation":[-57.5,0,0],"cubes":[{"origin":[-19.46572,17.33625,-38.69136],"size":[4,12,4],"pivot":[-5.64031,43.95931,-24.99156],"rotation":[47.5,0,0],"uv":{"north":{"uv":[92,52],"uv_size":[4,12]},"east":{"uv":[88,52],"uv_size":[4,12]},"south":{"uv":[84,52],"uv_size":[4,12]},"west":{"uv":[80,52],"uv_size":[4,12]},"up":{"uv":[88,52],"uv_size":[-4,-4]},"down":{"uv":[92,52],"uv_size":[-4,-4]}}},{"origin":[-19.46572,17.33625,-38.69136],"size":[4,12,4],"inflate":0.25,"pivot":[-5.64031,43.95931,-24.99156],"rotation":[47.5,0,0],"uv":{"north":{"uv":[76,52],"uv_size":[4,12]},"east":{"uv":[72,52],"uv_size":[4,12]},"south":{"uv":[68,52],"uv_size":[4,12]},"west":{"uv":[64,52],"uv_size":[4,12]},"up":{"uv":[72,52],"uv_size":[-4,-4]},"down":{"uv":[76,52],"uv_size":[-4,-4]}}}]},{"name":"rightLeg2","parent":"Player2","pivot":[-13.66572,26.02385,-20.34042],"rotation":[92.5,0,0],"cubes":[{"origin":[-15.66572,5.66213,-19.48761],"size":[4,12,4],"pivot":[-5.64031,27.26448,-2.94481],"rotation":[-30,0,0],"uv":{"north":{"uv":[72,20],"uv_size":[4,12]},"east":{"uv":[76,20],"uv_size":[4,12]},"south":{"uv":[68,20],"uv_size":[4,12]},"west":{"uv":[64,20],"uv_size":[4,12]},"up":{"uv":[72,20],"uv_size":[-4,-4]},"down":{"uv":[76,20],"uv_size":[-4,-4]}}},{"origin":[-15.66572,5.66213,-19.48761],"size":[4,12,4],"inflate":0.25,"pivot":[-5.64031,27.26448,-2.94481],"rotation":[-30,0,0],"uv":{"north":{"uv":[72,36],"uv_size":[4,12]},"east":{"uv":[76,36],"uv_size":[4,12]},"south":{"uv":[68,36],"uv_size":[4,12]},"west":{"uv":[64,36],"uv_size":[4,12]},"up":{"uv":[72,36],"uv_size":[-4,-4]},"down":{"uv":[76,36],"uv_size":[-4,-4]}}}]},{"name":"bone7","parent":"bone8","pivot":[-3.01221,43,-19.53521]},{"name":"Player4","parent":"bone7","pivot":[10.98779,35,-9.53521],"rotation":[-45,-50,0]},{"name":"body6","parent":"Player4","pivot":[11.43428,29.94674,-13.02304],"rotation":[15,0,0],"cubes":[{"origin":[7.43428,23.94674,-15.02304],"size":[8,12,4],"uv":{"north":{"uv":[32,84],"uv_size":[8,12]},"east":{"uv":[28,84],"uv_size":[4,12]},"south":{"uv":[20,84],"uv_size":[8,12]},"west":{"uv":[16,84],"uv_size":[4,12]},"up":{"uv":[28,84],"uv_size":[-8,-4]},"down":{"uv":[36,84],"uv_size":[-8,-4]}}},{"origin":[7.43428,23.94674,-15.02304],"size":[8,12,4],"inflate":0.25,"uv":{"north":{"uv":[32,100],"uv_size":[8,12]},"east":{"uv":[28,100],"uv_size":[4,12]},"south":{"uv":[20,100],"uv_size":[8,12]},"west":{"uv":[16,100],"uv_size":[4,12]},"up":{"uv":[28,100],"uv_size":[-8,-4]},"down":{"uv":[36,100],"uv_size":[-8,-4]}}}]},{"name":"head6","parent":"body6","pivot":[11.43428,39.9467,-13.02304],"rotation":[47.5,0,0],"cubes":[{"origin":[7.43428,35.9467,-17.02304],"size":[8,8,8],"uv":{"north":{"uv":[24,72],"uv_size":[8,8]},"east":{"uv":[16,72],"uv_size":[8,8]},"south":{"uv":[8,72],"uv_size":[8,8]},"west":{"uv":[0,72],"uv_size":[8,8]},"up":{"uv":[16,72],"uv_size":[-8,-8]},"down":{"uv":[24,72],"uv_size":[-8,-8]}}},{"origin":[7.43428,35.9467,-17.02304],"size":[8,8,8],"inflate":0.25,"uv":{"north":{"uv":[56,72],"uv_size":[8,8]},"east":{"uv":[49,72],"uv_size":[8,8]},"south":{"uv":[40,72],"uv_size":[8,8]},"west":{"uv":[32,72],"uv_size":[8,8]},"up":{"uv":[48,72],"uv_size":[-8,-8]},"down":{"uv":[56,72],"uv_size":[-8,-8]}}}]},{"name":"leftArm6","parent":"body6","pivot":[5.63423,36.33119,-11.43547],"rotation":[-130,12.5,12.5],"cubes":[{"origin":[3.5748,15.02103,-12.81753],"size":[4,12,4],"pivot":[-19.21022,30.12799,-16.28233],"rotation":[85,-2.5,0],"uv":{"north":{"uv":[43,116],"uv_size":[3,12]},"east":{"uv":[39,116],"uv_size":[4,12]},"south":{"uv":[36,116],"uv_size":[3,12]},"west":{"uv":[32,116],"uv_size":[4,12]},"up":{"uv":[40,116],"uv_size":[-4,-4]},"down":{"uv":[44,116],"uv_size":[-4,-4]}}},{"origin":[3.5748,15.02103,-12.81753],"size":[4,12,4],"inflate":0.25,"pivot":[-19.21022,30.12799,-16.28233],"rotation":[85,-2.5,0],"uv":{"north":{"uv":[59,116],"uv_size":[3,12]},"east":{"uv":[55,116],"uv_size":[4,12]},"south":{"uv":[51,116],"uv_size":[3,12]},"west":{"uv":[48,116],"uv_size":[4,12]},"up":{"uv":[60,117],"uv_size":[-3,-2]},"down":{"uv":[60,117],"uv_size":[-3,-2]}}}]},{"name":"rightArm6","parent":"body6","pivot":[17.65865,34.46056,-14.27973],"rotation":[132.5,0,0],"cubes":[{"origin":[15.45155,22.3369,-16.25148],"size":[4,12,4],"uv":{"north":{"uv":[51,84],"uv_size":[3,12]},"east":{"uv":[47,84],"uv_size":[4,12]},"south":{"uv":[44,84],"uv_size":[3,12]},"west":{"uv":[40,84],"uv_size":[4,12]},"up":{"uv":[48,84],"uv_size":[-4,-4]},"down":{"uv":[52,84],"uv_size":[-4,-4]}}},{"origin":[15.45155,22.3369,-16.25148],"size":[4,12,4],"inflate":0.25,"uv":{"north":{"uv":[51,100],"uv_size":[3,12]},"east":{"uv":[47,100],"uv_size":[4,12]},"south":{"uv":[44,100],"uv_size":[3,12]},"west":{"uv":[40,100],"uv_size":[4,12]},"up":{"uv":[47,100],"uv_size":[-4,-3]},"down":{"uv":[51,100],"uv_size":[-4,-3]}}}]},{"name":"leftLeg7","parent":"Player4","pivot":[9.53428,23.40057,-11.69091],"rotation":[-42.5,0,0],"cubes":[{"origin":[7.53428,6.86656,-29.20797],"size":[4,12,4],"pivot":[-18.38411,38.31151,-24.87429],"rotation":[47.5,0,0],"uv":{"north":{"uv":[28,116],"uv_size":[4,12]},"east":{"uv":[24,116],"uv_size":[4,12]},"south":{"uv":[20,116],"uv_size":[4,12]},"west":{"uv":[16,116],"uv_size":[4,12]},"up":{"uv":[24,116],"uv_size":[-4,-4]},"down":{"uv":[28,116],"uv_size":[-4,-4]}}},{"origin":[7.53428,6.86656,-29.20797],"size":[4,12,4],"inflate":0.25,"pivot":[-18.38411,38.31151,-24.87429],"rotation":[47.5,0,0],"uv":{"north":{"uv":[12,116],"uv_size":[4,12]},"east":{"uv":[8,116],"uv_size":[4,12]},"south":{"uv":[4,116],"uv_size":[4,12]},"west":{"uv":[0,116],"uv_size":[4,12]},"up":{"uv":[8,116],"uv_size":[-4,-4]},"down":{"uv":[12,116],"uv_size":[-4,-4]}}}]},{"name":"rightLeg7","parent":"Player4","pivot":[13.33428,24.02385,-10.34042],"rotation":[110,0,0],"cubes":[{"origin":[11.33428,2.30069,-12.83444],"size":[4,12,4],"pivot":[-18.38411,18.33848,7.92227],"rotation":[-30,0,0],"uv":{"north":{"uv":[8,84],"uv_size":[4,12]},"east":{"uv":[12,84],"uv_size":[4,12]},"south":{"uv":[4,84],"uv_size":[4,12]},"west":{"uv":[0,84],"uv_size":[4,12]},"up":{"uv":[8,84],"uv_size":[-4,-4]},"down":{"uv":[12,84],"uv_size":[-4,-4]}}},{"origin":[11.33428,2.30069,-12.83444],"size":[4,12,4],"inflate":0.25,"pivot":[-18.38411,18.33848,7.92227],"rotation":[-30,0,0],"uv":{"north":{"uv":[8,100],"uv_size":[4,12]},"east":{"uv":[12,100],"uv_size":[4,12]},"south":{"uv":[4,100],"uv_size":[4,12]},"west":{"uv":[0,100],"uv_size":[4,12]},"up":{"uv":[8,100],"uv_size":[-4,-4]},"down":{"uv":[12,100],"uv_size":[-4,-4]}}}]}]}]}