{"format_version":"1.12.0","minecraft:geometry":[{"description":{"identifier":"geometry.fantasy_dragon","texture_width":256,"texture_height":256,"visible_bounds_width":15,"visible_bounds_height":6,"visible_bounds_offset":[0,2,0]},"bones":[{"name":"all","pivot":[0.35,13.75,9.5],"cubes":[{"origin":[-6.4,7.82958,6.88293],"size":[13,11,14],"pivot":[0.6,30.73804,13.33499],"rotation":[5,0,0],"uv":{"north":{"uv":[147,28],"uv_size":[13,11]},"east":{"uv":[133,28],"uv_size":[14,11]},"south":{"uv":[174,28],"uv_size":[13,11]},"west":{"uv":[160,28],"uv_size":[14,11]},"up":{"uv":[147,14],"uv_size":[13,14]},"down":{"uv":[160,28],"uv_size":[13,-14]}}},{"origin":[-7.4,5.72467,-1.78782],"size":[15,13,14],"pivot":[0.6,30.73804,13.33499],"rotation":[-7.5,0,0],"uv":{"north":{"uv":[213,47],"uv_size":[15,13]},"east":{"uv":[199,47],"uv_size":[14,13]},"south":{"uv":[242,47],"uv_size":[15,13]},"west":{"uv":[228,47],"uv_size":[14,13]},"up":{"uv":[213,33],"uv_size":[15,14]},"down":{"uv":[228,47],"uv_size":[15,-14]}}},{"origin":[-3.3,19.35696,8.46234],"size":[6.8,6,3],"pivot":[0.1,20.85696,9.96234],"rotation":[-25,0,0],"uv":{"north":{"uv":[31,166],"uv_size":[12,13]},"east":{"uv":[35,156],"uv_size":[8,8]},"south":{"uv":[31,166],"uv_size":[12,13]},"west":{"uv":[35,156],"uv_size":[8,8]},"up":{"uv":[32,181],"uv_size":[11,6]},"down":{"uv":[228,47],"uv_size":[15,-14]}}},{"origin":[-3.4,19.40946,4.00998],"size":[7,3,7],"pivot":[2.6,21.90946,7.50998],"rotation":[-7.5,0,0],"uv":{"north":{"uv":[0,166],"uv_size":[9,6]},"east":{"uv":[0,166],"uv_size":[9,7]},"south":{"uv":[11,176],"uv_size":[15,13]},"west":{"uv":[0,166],"uv_size":[9,6]},"up":{"uv":[0,156],"uv_size":[9,9]},"down":{"uv":[228,47],"uv_size":[15,-14]}}},{"origin":[-0.9,18.40979,-2.25217],"size":[2,4,4],"pivot":[0.1,20.40979,-0.25217],"rotation":[-52.5,0,0],"uv":{"north":{"uv":[136,4],"uv_size":[2,4]},"east":{"uv":[132,4],"uv_size":[4,4]},"south":{"uv":[142,4],"uv_size":[2,4]},"west":{"uv":[138,4],"uv_size":[4,4]},"up":{"uv":[136,0],"uv_size":[2,4]},"down":{"uv":[138,4],"uv_size":[2,-4]}}},{"origin":[-0.9,17.40979,4.74783],"size":[2,4,4],"pivot":[0.1,19.40979,6.74783],"rotation":[-52.5,0,0],"uv":{"north":{"uv":[136,4],"uv_size":[2,4]},"east":{"uv":[132,4],"uv_size":[4,4]},"south":{"uv":[142,4],"uv_size":[2,4]},"west":{"uv":[138,4],"uv_size":[4,4]},"up":{"uv":[136,0],"uv_size":[2,4]},"down":{"uv":[138,4],"uv_size":[2,-4]}}},{"origin":[-0.9,16.00979,12.14783],"size":[2,4,4],"pivot":[0.1,18.00979,14.14783],"rotation":[-44.5,0,0],"uv":{"north":{"uv":[136,4],"uv_size":[2,4]},"east":{"uv":[132,4],"uv_size":[4,4]},"south":{"uv":[142,4],"uv_size":[2,4]},"west":{"uv":[138,4],"uv_size":[4,4]},"up":{"uv":[136,0],"uv_size":[2,4]},"down":{"uv":[138,4],"uv_size":[2,-4]}}},{"origin":[-0.9,16.20979,16.94783],"size":[2,4,4],"pivot":[0.1,18.20979,18.94783],"rotation":[-41.5,0,0],"uv":{"north":{"uv":[136,4],"uv_size":[2,4]},"east":{"uv":[132,4],"uv_size":[4,4]},"south":{"uv":[142,4],"uv_size":[2,4]},"west":{"uv":[138,4],"uv_size":[4,4]},"up":{"uv":[136,0],"uv_size":[2,4]},"down":{"uv":[138,4],"uv_size":[2,-4]}}}]},{"name":"head","parent":"all","pivot":[0.3,29.29376,-12.38006],"rotation":[15,0,0],"cubes":[{"origin":[-3.59986,20.1109,-14.58711],"size":[3.9,1,1],"pivot":[0.3,43.47019,19.61607],"rotation":[-19.71975,-3.40487,-9.40804],"uv":{"north":{"uv":[82,23],"uv_size":[3,1]},"east":{"uv":[81,23],"uv_size":[1,1]},"south":{"uv":[86,23],"uv_size":[3,1]},"west":{"uv":[85,23],"uv_size":[1,1]},"up":{"uv":[82,22],"uv_size":[3,1]},"down":{"uv":[85,23],"uv_size":[3,-1]}}},{"origin":[-2.7,28.21614,-27.96993],"size":[6,3,8],"uv":{"north":{"uv":[185,77],"uv_size":[21,13]},"east":{"uv":[163,87],"uv_size":[-28,16]},"south":{"uv":[203,8],"uv_size":[6,3]},"west":{"uv":[135,87],"uv_size":[28,16]},"up":{"uv":[189,0],"uv_size":[6,8]},"down":{"uv":[195,8],"uv_size":[6,-8]}}},{"origin":[-2.6,27.21614,-27.86993],"size":[5.8,1,7.9],"uv":{"north":{"uv":[49,200],"uv_size":[20,5]},"east":{"uv":[71,208],"uv_size":[-20,5]},"south":{"uv":[50,216],"uv_size":[5,1]},"west":{"uv":[51,208],"uv_size":[20,5]},"up":{"uv":[38,209],"uv_size":[5,7]},"down":{"uv":[43,216],"uv_size":[5,-7]}}},{"origin":[-0.2,30.45872,-27.31949],"size":[1,3,2],"pivot":[0.3,31.95872,-26.31949],"rotation":[-27.5,0,0],"uv":{"north":{"uv":[213,2],"uv_size":[1,3]},"east":{"uv":[211,2],"uv_size":[2,3]},"south":{"uv":[216,2],"uv_size":[1,3]},"west":{"uv":[214,2],"uv_size":[2,3]},"up":{"uv":[213,0],"uv_size":[1,2]},"down":{"uv":[214,2],"uv_size":[1,-2]}}},{"origin":[-1.7,31.21614,-25.96993],"size":[4,1,6],"uv":{"north":{"uv":[217,6],"uv_size":[4,1]},"east":{"uv":[211,6],"uv_size":[6,1]},"south":{"uv":[227,6],"uv_size":[4,1]},"west":{"uv":[221,6],"uv_size":[6,1]},"up":{"uv":[217,0],"uv_size":[4,6]},"down":{"uv":[221,6],"uv_size":[4,-6]}}},{"origin":[7.85081,63.91842,-7.72728],"size":[2,2,5],"pivot":[0.3,43.47019,19.61607],"rotation":[55,5,17.5],"uv":{"north":{"uv":[58,13],"uv_size":[2,2]},"east":{"uv":[53,13],"uv_size":[5,2]},"south":{"uv":[65,13],"uv_size":[2,2]},"west":{"uv":[60,13],"uv_size":[5,2]},"up":{"uv":[58,8],"uv_size":[2,5]},"down":{"uv":[60,13],"uv_size":[2,-5]}}},{"origin":[-2.3,49.94895,-15.84562],"size":[5.1,2,4],"pivot":[0.3,43.47019,19.61607],"rotation":[30,0,0],"uv":{"north":{"uv":[79,30],"uv_size":[5,2]},"east":{"uv":[75,30],"uv_size":[4,2]},"south":{"uv":[88,30],"uv_size":[5,2]},"west":{"uv":[84,30],"uv_size":[4,2]},"up":{"uv":[79,26],"uv_size":[5,4]},"down":{"uv":[84,30],"uv_size":[5,-4]}}},{"origin":[9.86154,38.62671,-11.38346],"size":[2,2,8],"pivot":[0.3,43.47019,19.61607],"rotation":[7.5,12.5,0],"uv":{"north":{"uv":[63,16],"uv_size":[-2,2]},"east":{"uv":[71,16],"uv_size":[-8,2]},"south":{"uv":[73,16],"uv_size":[-2,2]},"west":{"uv":[61,16],"uv_size":[-8,2]},"up":{"uv":[63,8],"uv_size":[-2,8]},"down":{"uv":[65,16],"uv_size":[-2,-8]}}},{"origin":[12.00657,47.54429,-2.41764],"size":[2,2,5],"pivot":[0.3,43.47019,19.61607],"rotation":[30,17.5,2],"uv":{"north":{"uv":[7,5],"uv_size":[-2,2]},"east":{"uv":[12,5],"uv_size":[-5,2]},"south":{"uv":[14,5],"uv_size":[-2,2]},"west":{"uv":[5,5],"uv_size":[-5,2]},"up":{"uv":[7,0],"uv_size":[-2,5]},"down":{"uv":[9,5],"uv_size":[-2,-5]}}},{"origin":[-13.40657,47.54429,-2.41764],"size":[2,2,5],"pivot":[0.3,43.47019,19.61607],"rotation":[30,-17.5,-2],"uv":{"north":{"uv":[58,13],"uv_size":[2,2]},"east":{"uv":[53,13],"uv_size":[5,2]},"south":{"uv":[65,13],"uv_size":[2,2]},"west":{"uv":[60,13],"uv_size":[5,2]},"up":{"uv":[58,8],"uv_size":[2,5]},"down":{"uv":[60,13],"uv_size":[2,-5]}}},{"origin":[-11.26154,38.62671,-11.38346],"size":[2,2,8],"pivot":[0.3,43.47019,19.61607],"rotation":[7.5,-12.5,0],"uv":{"north":{"uv":[61,16],"uv_size":[2,2]},"east":{"uv":[53,16],"uv_size":[8,2]},"south":{"uv":[71,16],"uv_size":[2,2]},"west":{"uv":[63,16],"uv_size":[8,2]},"up":{"uv":[61,8],"uv_size":[2,8]},"down":{"uv":[63,16],"uv_size":[2,-8]}}},{"origin":[-9.25081,63.91842,-7.72728],"size":[2,2,5],"pivot":[0.3,43.47019,19.61607],"rotation":[55,-5,-17.5],"uv":{"north":{"uv":[60,13],"uv_size":[-2,2]},"east":{"uv":[65,13],"uv_size":[-5,2]},"south":{"uv":[67,13],"uv_size":[-2,2]},"west":{"uv":[58,13],"uv_size":[-5,2]},"up":{"uv":[60,8],"uv_size":[-2,5]},"down":{"uv":[62,13],"uv_size":[-2,-5]}}},{"origin":[10.66992,49.46221,-12.02176],"size":[2,2,8],"pivot":[0.3,43.47019,19.61607],"rotation":[10.93427,-2.61513,64.45728],"uv":{"north":{"uv":[63,16],"uv_size":[-2,2]},"east":{"uv":[71,16],"uv_size":[-8,2]},"south":{"uv":[73,16],"uv_size":[-2,2]},"west":{"uv":[61,16],"uv_size":[-8,2]},"up":{"uv":[63,8],"uv_size":[-2,8]},"down":{"uv":[65,16],"uv_size":[-2,-8]}}},{"origin":[5.17594,71.78817,-0.70013],"size":[2,2,5],"pivot":[0.3,43.47019,19.61607],"rotation":[53.76338,-10.44629,81.71801],"uv":{"north":{"uv":[58,13],"uv_size":[2,2]},"east":{"uv":[53,13],"uv_size":[5,2]},"south":{"uv":[65,13],"uv_size":[2,2]},"west":{"uv":[60,13],"uv_size":[5,2]},"up":{"uv":[58,8],"uv_size":[2,5]},"down":{"uv":[60,13],"uv_size":[2,-5]}}},{"origin":[12.6353,57.82092,1.11284],"size":[2,2,5],"pivot":[0.3,43.47019,19.61607],"rotation":[32.90945,2.27036,66.66275],"uv":{"north":{"uv":[60,13],"uv_size":[-2,2]},"east":{"uv":[65,13],"uv_size":[-5,2]},"south":{"uv":[67,13],"uv_size":[-2,2]},"west":{"uv":[58,13],"uv_size":[-5,2]},"up":{"uv":[60,8],"uv_size":[-2,5]},"down":{"uv":[62,13],"uv_size":[-2,-5]}}},{"origin":[-12.06992,49.46221,-12.02176],"size":[2,2,8],"pivot":[0.3,43.47019,19.61607],"rotation":[10.93427,2.61513,-64.45728],"uv":{"north":{"uv":[61,16],"uv_size":[2,2]},"east":{"uv":[53,16],"uv_size":[8,2]},"south":{"uv":[71,16],"uv_size":[2,2]},"west":{"uv":[63,16],"uv_size":[8,2]},"up":{"uv":[61,8],"uv_size":[2,8]},"down":{"uv":[63,16],"uv_size":[2,-8]}}},{"origin":[-6.57594,71.78817,-0.70013],"size":[2,2,5],"pivot":[0.3,43.47019,19.61607],"rotation":[53.76338,10.44629,-81.71801],"uv":{"north":{"uv":[60,13],"uv_size":[-2,2]},"east":{"uv":[65,13],"uv_size":[-5,2]},"south":{"uv":[67,13],"uv_size":[-2,2]},"west":{"uv":[58,13],"uv_size":[-5,2]},"up":{"uv":[60,8],"uv_size":[-2,5]},"down":{"uv":[62,13],"uv_size":[-2,-5]}}},{"origin":[-14.0353,57.82092,1.11284],"size":[2,2,5],"pivot":[0.3,43.47019,19.61607],"rotation":[32.90945,-2.27036,-66.66275],"uv":{"north":{"uv":[58,13],"uv_size":[2,2]},"east":{"uv":[53,13],"uv_size":[5,2]},"south":{"uv":[65,13],"uv_size":[2,2]},"west":{"uv":[60,13],"uv_size":[5,2]},"up":{"uv":[58,8],"uv_size":[2,5]},"down":{"uv":[60,13],"uv_size":[2,-5]}}},{"origin":[6.58692,39.50171,-29.35382],"size":[1.3,1.7,2.3],"pivot":[0.3,43.47019,19.61607],"rotation":[12,9,-15],"uv":{"north":{"uv":[40,2],"uv_size":[1,1]},"east":{"uv":[38,2],"uv_size":[2,1]},"south":{"uv":[43,2],"uv_size":[1,1]},"west":{"uv":[41,2],"uv_size":[2,1]},"up":{"uv":[40,0],"uv_size":[1,2]},"down":{"uv":[134,64],"uv_size":[6,-9]}}},{"origin":[-7.28692,39.50171,-29.35382],"size":[1.3,1.7,2.3],"pivot":[0.3,43.47019,19.61607],"rotation":[12,-9,15],"uv":{"north":{"uv":[34,2],"uv_size":[-1,1]},"east":{"uv":[36,2],"uv_size":[-2,1]},"south":{"uv":[37,2],"uv_size":[-1,1]},"west":{"uv":[33,2],"uv_size":[-2,1]},"up":{"uv":[34,0],"uv_size":[-1,2]},"down":{"uv":[140,64],"uv_size":[-6,-9]}}},{"origin":[0.29986,20.1109,-14.58711],"size":[3.9,1,1],"pivot":[0.3,43.47019,19.61607],"rotation":[-19.71975,3.40487,9.40804],"uv":{"north":{"uv":[85,23],"uv_size":[-3,1]},"east":{"uv":[86,23],"uv_size":[-1,1]},"south":{"uv":[89,23],"uv_size":[-3,1]},"west":{"uv":[82,23],"uv_size":[-1,1]},"up":{"uv":[85,22],"uv_size":[-3,1]},"down":{"uv":[88,23],"uv_size":[-3,-1]}}},{"origin":[-3.7,25.21614,-19.96993],"size":[8,9,8],"uv":{"north":{"uv":[174,66],"uv_size":[18,18]},"east":{"uv":[164,50],"uv_size":[8,9]},"south":{"uv":[188,50],"uv_size":[8,9]},"west":{"uv":[180,50],"uv_size":[8,9]},"up":{"uv":[172,42],"uv_size":[8,8]},"down":{"uv":[180,50],"uv_size":[8,-8]}}}]},{"name":"jaw","parent":"head","pivot":[0.3,26.21614,-19.96993],"cubes":[{"origin":[-2.7,25.21614,-27.96993],"size":[6,2,8],"uv":{"north":{"uv":[159,8],"uv_size":[6,2]},"east":{"uv":[151,8],"uv_size":[8,2]},"south":{"uv":[173,8],"uv_size":[6,2]},"west":{"uv":[165,8],"uv_size":[8,2]},"up":{"uv":[159,0],"uv_size":[6,8]},"down":{"uv":[165,8],"uv_size":[6,-8]}}},{"origin":[-2.5,26.71614,-27.56993],"size":[5.5,1,7.6],"uv":{"north":{"uv":[4,198],"uv_size":[16,4]},"east":{"uv":[22,200],"uv_size":[25,4]},"south":{"uv":[19,217],"uv_size":[5,1]},"west":{"uv":[47,200],"uv_size":[-25,4]},"up":{"uv":[7,210],"uv_size":[5,7]},"down":{"uv":[12,217],"uv_size":[5,-7]}}}]},{"name":"rightArm","parent":"all","pivot":[-8,12.8654,1.49942],"cubes":[{"origin":[-6.28033,10.56796,-8.08914],"size":[3.1,5.5,4.1],"pivot":[0.6,30.73804,13.33499],"rotation":[25,0,12.5],"uv":{"north":{"uv":[82,13],"uv_size":[3,5]},"east":{"uv":[78,13],"uv_size":[4,5]},"south":{"uv":[89,13],"uv_size":[3,5]},"west":{"uv":[85,13],"uv_size":[4,5]},"up":{"uv":[82,9],"uv_size":[3,4]},"down":{"uv":[85,13],"uv_size":[3,-4]}}},{"origin":[-3.69602,14.46236,-10.17991],"size":[4.7,6.5,6.8],"pivot":[0.6,30.73804,13.33499],"rotation":[25,0,21.5],"uv":{"north":{"uv":[115,19],"uv_size":[4,6]},"east":{"uv":[109,19],"uv_size":[6,6]},"south":{"uv":[125,19],"uv_size":[4,6]},"west":{"uv":[119,19],"uv_size":[6,6]},"up":{"uv":[115,13],"uv_size":[4,6]},"down":{"uv":[119,19],"uv_size":[4,-6]}}},{"origin":[-7.36906,-2.03354,10.12368],"size":[3.1,6.5,4.1],"pivot":[0.6,30.73804,13.33499],"rotation":[-17.5,0,10],"uv":{"north":{"uv":[98,24],"uv_size":[3,6]},"east":{"uv":[94,24],"uv_size":[4,6]},"south":{"uv":[105,24],"uv_size":[3,6]},"west":{"uv":[101,24],"uv_size":[4,6]},"up":{"uv":[98,20],"uv_size":[3,4]},"down":{"uv":[101,24],"uv_size":[3,-4]}}}]},{"name":"bone","parent":"rightArm","pivot":[-10.8,1.8654,2.49942],"cubes":[{"origin":[-14,-0.1346,-1.10058],"size":[5.1,2.5,6.1],"uv":{"north":{"uv":[89,6],"uv_size":[5,2]},"east":{"uv":[83,6],"uv_size":[6,2]},"south":{"uv":[100,6],"uv_size":[5,2]},"west":{"uv":[94,6],"uv_size":[6,2]},"up":{"uv":[89,0],"uv_size":[5,6]},"down":{"uv":[94,6],"uv_size":[5,-6]}}},{"origin":[-12.4,-0.2346,-4.10058],"size":[2,2,6],"uv":{"north":{"uv":[137,19],"uv_size":[2,2]},"east":{"uv":[131,19],"uv_size":[6,2]},"south":{"uv":[145,19],"uv_size":[2,2]},"west":{"uv":[139,19],"uv_size":[6,2]},"up":{"uv":[137,13],"uv_size":[2,6]},"down":{"uv":[139,19],"uv_size":[2,-6]}}},{"origin":[-11.9,-0.1346,-5.10058],"size":[1,1,1],"uv":{"north":{"uv":[75,1],"uv_size":[1,1]},"east":{"uv":[74,1],"uv_size":[1,1]},"south":{"uv":[77,1],"uv_size":[1,1]},"west":{"uv":[76,1],"uv_size":[1,1]},"up":{"uv":[75,0],"uv_size":[1,1]},"down":{"uv":[76,1],"uv_size":[1,-1]}}},{"origin":[-11.83211,-0.2346,-2.02987],"size":[2,2,5],"pivot":[0.6,30.63804,13.33499],"rotation":[0,-8,0],"uv":{"north":{"uv":[136,18],"uv_size":[2,2]},"east":{"uv":[131,18],"uv_size":[5,2]},"south":{"uv":[143,18],"uv_size":[2,2]},"west":{"uv":[138,18],"uv_size":[5,2]},"up":{"uv":[136,13],"uv_size":[2,5]},"down":{"uv":[138,18],"uv_size":[2,-5]}}},{"origin":[-11.32306,-0.1346,-3.00043],"size":[1,1,1],"pivot":[0.6,30.73804,13.33499],"rotation":[0,-8,0],"uv":{"north":{"uv":[75,1],"uv_size":[1,1]},"east":{"uv":[74,1],"uv_size":[1,1]},"south":{"uv":[77,1],"uv_size":[1,1]},"west":{"uv":[76,1],"uv_size":[1,1]},"up":{"uv":[75,0],"uv_size":[1,1]},"down":{"uv":[76,1],"uv_size":[1,-1]}}},{"origin":[-13.00653,-0.2346,-5.15237],"size":[2,2,5],"pivot":[0.6,30.63804,13.33499],"rotation":[0,7,0],"uv":{"north":{"uv":[136,18],"uv_size":[2,2]},"east":{"uv":[131,18],"uv_size":[5,2]},"south":{"uv":[143,18],"uv_size":[2,2]},"west":{"uv":[138,18],"uv_size":[5,2]},"up":{"uv":[136,13],"uv_size":[2,5]},"down":{"uv":[138,18],"uv_size":[2,-5]}}},{"origin":[-12.51499,-0.1346,-6.11405],"size":[1,1,1],"pivot":[0.6,30.73804,13.33499],"rotation":[0,7,0],"uv":{"north":{"uv":[75,1],"uv_size":[1,1]},"east":{"uv":[74,1],"uv_size":[1,1]},"south":{"uv":[77,1],"uv_size":[1,1]},"west":{"uv":[76,1],"uv_size":[1,1]},"up":{"uv":[75,0],"uv_size":[1,1]},"down":{"uv":[76,1],"uv_size":[1,-1]}}}]},{"name":"leftArm","parent":"all","pivot":[8.2,12.8654,1.49942],"cubes":[{"origin":[3.38033,10.56796,-8.08914],"size":[3.1,5.5,4.1],"pivot":[-0.4,30.73804,13.33499],"rotation":[25,0,-12.5],"uv":{"north":{"uv":[85,13],"uv_size":[-3,5]},"east":{"uv":[89,13],"uv_size":[-4,5]},"south":{"uv":[92,13],"uv_size":[-3,5]},"west":{"uv":[82,13],"uv_size":[-4,5]},"up":{"uv":[85,9],"uv_size":[-3,4]},"down":{"uv":[88,13],"uv_size":[-3,-4]}}},{"origin":[-0.80398,14.46236,-10.17991],"size":[4.7,6.5,6.8],"pivot":[-0.4,30.73804,13.33499],"rotation":[25,0,-21.5],"uv":{"north":{"uv":[119,19],"uv_size":[-4,6]},"east":{"uv":[125,19],"uv_size":[-6,6]},"south":{"uv":[129,19],"uv_size":[-4,6]},"west":{"uv":[115,19],"uv_size":[-6,6]},"up":{"uv":[119,13],"uv_size":[-4,6]},"down":{"uv":[123,19],"uv_size":[-4,-6]}}},{"origin":[4.46906,-2.03354,10.12368],"size":[3.1,6.5,4.1],"pivot":[-0.4,30.73804,13.33499],"rotation":[-17.5,0,-10],"uv":{"north":{"uv":[101,24],"uv_size":[-3,6]},"east":{"uv":[105,24],"uv_size":[-4,6]},"south":{"uv":[108,24],"uv_size":[-3,6]},"west":{"uv":[98,24],"uv_size":[-4,6]},"up":{"uv":[101,20],"uv_size":[-3,4]},"down":{"uv":[104,24],"uv_size":[-3,-4]}}}]},{"name":"bone3","parent":"leftArm","pivot":[11,1.8654,2.49942],"cubes":[{"origin":[9.1,-0.1346,-1.10058],"size":[5.1,2.5,6.1],"uv":{"north":{"uv":[94,6],"uv_size":[-5,2]},"east":{"uv":[100,6],"uv_size":[-6,2]},"south":{"uv":[105,6],"uv_size":[-5,2]},"west":{"uv":[89,6],"uv_size":[-6,2]},"up":{"uv":[94,0],"uv_size":[-5,6]},"down":{"uv":[99,6],"uv_size":[-5,-6]}}},{"origin":[10.6,-0.2346,-4.10058],"size":[2,2,6],"uv":{"north":{"uv":[139,19],"uv_size":[-2,2]},"east":{"uv":[145,19],"uv_size":[-6,2]},"south":{"uv":[147,19],"uv_size":[-2,2]},"west":{"uv":[137,19],"uv_size":[-6,2]},"up":{"uv":[139,13],"uv_size":[-2,6]},"down":{"uv":[141,19],"uv_size":[-2,-6]}}},{"origin":[11.1,-0.1346,-5.10058],"size":[1,1,1],"uv":{"north":{"uv":[76,1],"uv_size":[-1,1]},"east":{"uv":[77,1],"uv_size":[-1,1]},"south":{"uv":[78,1],"uv_size":[-1,1]},"west":{"uv":[75,1],"uv_size":[-1,1]},"up":{"uv":[76,0],"uv_size":[-1,1]},"down":{"uv":[77,1],"uv_size":[-1,-1]}}},{"origin":[10.03211,-0.2346,-2.02987],"size":[2,2,5],"pivot":[-0.4,30.63804,13.33499],"rotation":[0,8,0],"uv":{"north":{"uv":[138,18],"uv_size":[-2,2]},"east":{"uv":[143,18],"uv_size":[-5,2]},"south":{"uv":[145,18],"uv_size":[-2,2]},"west":{"uv":[136,18],"uv_size":[-5,2]},"up":{"uv":[138,13],"uv_size":[-2,5]},"down":{"uv":[140,18],"uv_size":[-2,-5]}}},{"origin":[10.52306,-0.1346,-3.00043],"size":[1,1,1],"pivot":[-0.4,30.73804,13.33499],"rotation":[0,8,0],"uv":{"north":{"uv":[76,1],"uv_size":[-1,1]},"east":{"uv":[77,1],"uv_size":[-1,1]},"south":{"uv":[78,1],"uv_size":[-1,1]},"west":{"uv":[75,1],"uv_size":[-1,1]},"up":{"uv":[76,0],"uv_size":[-1,1]},"down":{"uv":[77,1],"uv_size":[-1,-1]}}},{"origin":[11.20653,-0.2346,-5.15237],"size":[2,2,5],"pivot":[-0.4,30.63804,13.33499],"rotation":[0,-7,0],"uv":{"north":{"uv":[138,18],"uv_size":[-2,2]},"east":{"uv":[143,18],"uv_size":[-5,2]},"south":{"uv":[145,18],"uv_size":[-2,2]},"west":{"uv":[136,18],"uv_size":[-5,2]},"up":{"uv":[138,13],"uv_size":[-2,5]},"down":{"uv":[140,18],"uv_size":[-2,-5]}}},{"origin":[11.71499,-0.1346,-6.11405],"size":[1,1,1],"pivot":[-0.4,30.73804,13.33499],"rotation":[0,-7,0],"uv":{"north":{"uv":[76,1],"uv_size":[-1,1]},"east":{"uv":[77,1],"uv_size":[-1,1]},"south":{"uv":[78,1],"uv_size":[-1,1]},"west":{"uv":[75,1],"uv_size":[-1,1]},"up":{"uv":[76,0],"uv_size":[-1,1]},"down":{"uv":[77,1],"uv_size":[-1,-1]}}}]},{"name":"neck","parent":"all","pivot":[0.3,15.4,-2.9],"rotation":[-25,0,0]},{"name":"3","parent":"neck","pivot":[0.3,15.4,-2.9],"cubes":[{"origin":[-0.6,11.99847,-4.28809],"size":[2,4,4],"pivot":[0.1,20.40979,-0.25217],"rotation":[-52.5,0,0],"uv":{"north":{"uv":[136,4],"uv_size":[2,4]},"east":{"uv":[132,4],"uv_size":[4,4]},"south":{"uv":[142,4],"uv_size":[2,4]},"west":{"uv":[138,4],"uv_size":[4,4]},"up":{"uv":[136,0],"uv_size":[2,4]},"down":{"uv":[138,4],"uv_size":[2,-4]}}},{"origin":[-3.8,10.63215,-8.61892],"size":[8.4,9,7],"uv":{"north":{"uv":[181,18],"uv_size":[8,9]},"east":{"uv":[174,18],"uv_size":[7,9]},"south":{"uv":[196,18],"uv_size":[8,9]},"west":{"uv":[189,18],"uv_size":[7,9]},"up":{"uv":[181,11],"uv_size":[8,7]},"down":{"uv":[189,18],"uv_size":[8,-7]}}}]},{"name":"2","parent":"3","pivot":[0.3,14.94248,-7.85518],"rotation":[-17.5,0,0],"cubes":[{"origin":[-0.7,7.25413,-6.88448],"size":[2,4,4],"pivot":[0.1,20.40979,-0.25217],"rotation":[-52.5,0,0],"uv":{"north":{"uv":[136,4],"uv_size":[2,4]},"east":{"uv":[132,4],"uv_size":[4,4]},"south":{"uv":[142,4],"uv_size":[2,4]},"west":{"uv":[138,4],"uv_size":[4,4]},"up":{"uv":[136,0],"uv_size":[2,4]},"down":{"uv":[138,4],"uv_size":[2,-4]}}},{"origin":[-3.3,11.08094,-13.99672],"size":[7.3,8,6],"uv":{"north":{"uv":[212,24],"uv_size":[7,8]},"east":{"uv":[206,24],"uv_size":[6,8]},"south":{"uv":[225,24],"uv_size":[7,8]},"west":{"uv":[219,24],"uv_size":[6,8]},"up":{"uv":[212,18],"uv_size":[7,6]},"down":{"uv":[219,24],"uv_size":[7,-6]}}}]},{"name":"1","parent":"2","pivot":[0.3,15.33174,-12.9399],"rotation":[-20,0,0],"cubes":[{"origin":[-0.3,4.38616,-9.46141],"size":[1.2,2.5,2.8],"pivot":[0.1,20.40979,-0.25217],"rotation":[-52.5,0,0],"uv":{"north":{"uv":[136,4],"uv_size":[2,4]},"east":{"uv":[132,4],"uv_size":[4,4]},"south":{"uv":[142,4],"uv_size":[2,4]},"west":{"uv":[138,4],"uv_size":[4,4]},"up":{"uv":[136,0],"uv_size":[2,4]},"down":{"uv":[138,4],"uv_size":[2,-4]}}},{"origin":[-2.7,11.4702,-19.08144],"size":[6,7,6],"uv":{"north":{"uv":[239,23],"uv_size":[6,7]},"east":{"uv":[233,23],"uv_size":[6,7]},"south":{"uv":[251,23],"uv_size":[6,7]},"west":{"uv":[245,23],"uv_size":[6,7]},"up":{"uv":[239,17],"uv_size":[6,6]},"down":{"uv":[245,23],"uv_size":[6,-6]}}}]},{"name":"tail","parent":"all","pivot":[0.6,14,21.4],"rotation":[-22.5,0,0],"cubes":[{"origin":[-4.4,9.5,21.4],"size":[9,9,12],"uv":{"north":{"uv":[227,72],"uv_size":[9,9]},"east":{"uv":[215,72],"uv_size":[12,9]},"south":{"uv":[248,72],"uv_size":[9,9]},"west":{"uv":[236,72],"uv_size":[12,9]},"up":{"uv":[227,60],"uv_size":[9,12]},"down":{"uv":[236,72],"uv_size":[9,-12]}}},{"origin":[-0.9,15.66018,23.19279],"size":[2,4,4],"pivot":[0.3,16.5,25.4],"rotation":[44.5,0,0],"uv":{"north":{"uv":[136,4],"uv_size":[2,4]},"east":{"uv":[132,4],"uv_size":[4,4]},"south":{"uv":[142,4],"uv_size":[2,4]},"west":{"uv":[138,4],"uv_size":[4,4]},"up":{"uv":[136,0],"uv_size":[2,4]},"down":{"uv":[138,4],"uv_size":[2,-4]}}},{"origin":[-0.9,11.48512,27.65361],"size":[2,4,4],"pivot":[0.3,16.5,25.4],"rotation":[44.5,0,0],"uv":{"north":{"uv":[136,4],"uv_size":[2,4]},"east":{"uv":[132,4],"uv_size":[4,4]},"south":{"uv":[142,4],"uv_size":[2,4]},"west":{"uv":[138,4],"uv_size":[4,4]},"up":{"uv":[136,0],"uv_size":[2,4]},"down":{"uv":[138,4],"uv_size":[2,-4]}}}]},{"name":"6","parent":"tail","pivot":[0.6,13.84444,33.33487],"rotation":[10,0,0],"cubes":[{"origin":[-3.5,9.92635,32.41519],"size":[7.3,7.7,12],"uv":{"north":{"uv":[231,94],"uv_size":[7,7]},"east":{"uv":[219,94],"uv_size":[12,7]},"south":{"uv":[250,94],"uv_size":[7,7]},"west":{"uv":[238,94],"uv_size":[12,7]},"up":{"uv":[231,82],"uv_size":[7,12]},"down":{"uv":[238,94],"uv_size":[7,-12]}}},{"origin":[-0.5,14.00246,33.82482],"size":[1.3,4,4],"pivot":[0.15,15.77635,36.41519],"rotation":[-45,0,0],"uv":{"north":{"uv":[136,4],"uv_size":[1,4]},"east":{"uv":[132,4],"uv_size":[4,4]},"south":{"uv":[141,4],"uv_size":[1,4]},"west":{"uv":[137,4],"uv_size":[4,4]},"up":{"uv":[136,0],"uv_size":[1,4]},"down":{"uv":[137,4],"uv_size":[1,-4]}}},{"origin":[-0.5,17.49032,37.46965],"size":[1.3,4,4],"pivot":[0.15,15.77635,36.41519],"rotation":[-45,0,0],"uv":{"north":{"uv":[136,4],"uv_size":[1,4]},"east":{"uv":[132,4],"uv_size":[4,4]},"south":{"uv":[141,4],"uv_size":[1,4]},"west":{"uv":[137,4],"uv_size":[4,4]},"up":{"uv":[136,0],"uv_size":[1,4]},"down":{"uv":[137,4],"uv_size":[1,-4]}}}]},{"name":"5","parent":"6","pivot":[0.6,13.86775,44.31533],"rotation":[10,0,0],"cubes":[{"origin":[-2.6,11.26551,43.47677],"size":[5.6,5.6,12],"uv":{"north":{"uv":[235,113],"uv_size":[5,5]},"east":{"uv":[223,113],"uv_size":[12,5]},"south":{"uv":[252,113],"uv_size":[5,5]},"west":{"uv":[240,113],"uv_size":[12,5]},"up":{"uv":[235,101],"uv_size":[5,12]},"down":{"uv":[240,113],"uv_size":[5,-12]}}},{"origin":[-0.4,14.64638,45.82352],"size":[1.2,3,3],"pivot":[0.2,15.36551,46.97677],"rotation":[43,0,0],"uv":{"north":{"uv":[135,3],"uv_size":[1,3]},"east":{"uv":[132,3],"uv_size":[3,3]},"south":{"uv":[139,3],"uv_size":[1,3]},"west":{"uv":[136,3],"uv_size":[3,3]},"up":{"uv":[135,0],"uv_size":[1,3]},"down":{"uv":[136,3],"uv_size":[1,-3]}}},{"origin":[-0.4,10.954,49.37687],"size":[1.2,3,3],"pivot":[0.2,15.36551,46.97677],"rotation":[43,0,0],"uv":{"north":{"uv":[135,3],"uv_size":[1,3]},"east":{"uv":[132,3],"uv_size":[3,3]},"south":{"uv":[139,3],"uv_size":[1,3]},"west":{"uv":[136,3],"uv_size":[3,3]},"up":{"uv":[135,0],"uv_size":[1,3]},"down":{"uv":[136,3],"uv_size":[1,-3]}}}]},{"name":"4","parent":"5","pivot":[0.6,13.83897,55.00035],"rotation":[15,0,0],"cubes":[{"origin":[-0.4,33.13388,55.66604],"size":[1.3,6.4,6.3],"pivot":[0.15,15.77635,36.41519],"rotation":[-45,0,0],"uv":{"north":{"uv":[136,4],"uv_size":[1,4]},"east":{"uv":[132,4],"uv_size":[4,4]},"south":{"uv":[141,4],"uv_size":[1,4]},"west":{"uv":[137,4],"uv_size":[4,4]},"up":{"uv":[136,0],"uv_size":[1,4]},"down":{"uv":[137,4],"uv_size":[1,-4]}}},{"origin":[-1.6,12.35828,54.85116],"size":[3.8,3.8,12],"uv":{"north":{"uv":[239,130],"uv_size":[3,3]},"east":{"uv":[227,130],"uv_size":[12,3]},"south":{"uv":[254,130],"uv_size":[3,3]},"west":{"uv":[242,130],"uv_size":[12,3]},"up":{"uv":[239,118],"uv_size":[3,12]},"down":{"uv":[242,130],"uv_size":[3,-12]}}},{"origin":[-0.3,13.19114,57.33306],"size":[1.2,2,2],"pivot":[0.3,15.15828,59.85116],"rotation":[-45,0,0],"uv":{"north":{"uv":[134,2],"uv_size":[1,2]},"east":{"uv":[132,2],"uv_size":[2,2]},"south":{"uv":[137,2],"uv_size":[1,2]},"west":{"uv":[135,2],"uv_size":[2,2]},"up":{"uv":[134,0],"uv_size":[1,2]},"down":{"uv":[135,2],"uv_size":[1,-2]}}},{"origin":[-0.3,15.50087,59.6558],"size":[1.2,2,2],"pivot":[0.3,15.15828,59.85116],"rotation":[-45,0,0],"uv":{"north":{"uv":[134,2],"uv_size":[1,2]},"east":{"uv":[132,2],"uv_size":[2,2]},"south":{"uv":[137,2],"uv_size":[1,2]},"west":{"uv":[135,2],"uv_size":[2,2]},"up":{"uv":[134,0],"uv_size":[1,2]},"down":{"uv":[135,2],"uv_size":[1,-2]}}},{"origin":[-0.3,17.88746,62.28529],"size":[1.2,2,2],"pivot":[0.3,15.15828,59.85116],"rotation":[-45,0,0],"uv":{"north":{"uv":[134,2],"uv_size":[1,2]},"east":{"uv":[132,2],"uv_size":[2,2]},"south":{"uv":[137,2],"uv_size":[1,2]},"west":{"uv":[135,2],"uv_size":[2,2]},"up":{"uv":[134,0],"uv_size":[1,2]},"down":{"uv":[135,2],"uv_size":[1,-2]}}}]},{"name":"leftLeg","parent":"all","pivot":[6.7,13.3,16.6],"cubes":[{"origin":[7.6,4.71305,27.44378],"size":[3,6.5,4],"pivot":[-0.4,30.73804,13.33499],"rotation":[-17.5,0,0],"uv":{"north":{"uv":[97,14],"uv_size":[3,6]},"east":{"uv":[93,14],"uv_size":[4,6]},"south":{"uv":[104,14],"uv_size":[3,6]},"west":{"uv":[100,14],"uv_size":[4,6]},"up":{"uv":[97,10],"uv_size":[3,4]},"down":{"uv":[100,14],"uv_size":[3,-4]}}},{"origin":[1.80758,6.46188,20.25769],"size":[3,3.5,8],"pivot":[-0.4,30.73804,13.33499],"rotation":[-17.5,0,-13],"uv":{"north":{"uv":[57,30],"uv_size":[3,3]},"east":{"uv":[49,30],"uv_size":[8,3]},"south":{"uv":[68,30],"uv_size":[3,3]},"west":{"uv":[60,30],"uv_size":[8,3]},"up":{"uv":[57,22],"uv_size":[3,8]},"down":{"uv":[60,30],"uv_size":[3,-8]}}},{"origin":[-2.92592,7.88873,19.85228],"size":[4,6.5,7],"pivot":[-0.4,30.73804,13.33499],"rotation":[-17.5,9,-23],"uv":{"north":{"uv":[117,33],"uv_size":[4,6]},"east":{"uv":[110,33],"uv_size":[7,6]},"south":{"uv":[128,33],"uv_size":[4,6]},"west":{"uv":[121,33],"uv_size":[7,6]},"up":{"uv":[117,26],"uv_size":[4,7]},"down":{"uv":[121,33],"uv_size":[4,-7]}}}]},{"name":"bone4","parent":"leftLeg","pivot":[8.6,1.9,20.8],"cubes":[{"origin":[6.6,-0.1,17.4],"size":[5,2.5,6],"uv":{"north":{"uv":[89,6],"uv_size":[5,2]},"east":{"uv":[83,6],"uv_size":[6,2]},"south":{"uv":[100,6],"uv_size":[5,2]},"west":{"uv":[94,6],"uv_size":[6,2]},"up":{"uv":[89,0],"uv_size":[5,6]},"down":{"uv":[94,6],"uv_size":[5,-6]}}},{"origin":[10.94961,-0.2,13.20404],"size":[2,2,4],"pivot":[-0.4,30.63804,13.33499],"rotation":[0,-7.5,0],"uv":{"north":{"uv":[135,17],"uv_size":[2,2]},"east":{"uv":[131,17],"uv_size":[4,2]},"south":{"uv":[141,17],"uv_size":[2,2]},"west":{"uv":[137,17],"uv_size":[4,2]},"up":{"uv":[135,13],"uv_size":[2,4]},"down":{"uv":[137,17],"uv_size":[2,-4]}}},{"origin":[11.45389,-0.1,12.26931],"size":[1,1,1],"pivot":[-0.4,30.73804,13.33499],"rotation":[0,-7.5,0],"uv":{"north":{"uv":[75,1],"uv_size":[1,1]},"east":{"uv":[74,1],"uv_size":[1,1]},"south":{"uv":[77,1],"uv_size":[1,1]},"west":{"uv":[76,1],"uv_size":[1,1]},"up":{"uv":[75,0],"uv_size":[1,1]},"down":{"uv":[76,1],"uv_size":[1,-1]}}},{"origin":[8.1,-0.2,14.2],"size":[2,2,4],"uv":{"north":{"uv":[135,17],"uv_size":[2,2]},"east":{"uv":[131,17],"uv_size":[4,2]},"south":{"uv":[141,17],"uv_size":[2,2]},"west":{"uv":[137,17],"uv_size":[4,2]},"up":{"uv":[135,13],"uv_size":[2,4]},"down":{"uv":[137,17],"uv_size":[2,-4]}}},{"origin":[8.6,-0.1,13.2],"size":[1,1,1],"uv":{"north":{"uv":[75,1],"uv_size":[1,1]},"east":{"uv":[74,1],"uv_size":[1,1]},"south":{"uv":[77,1],"uv_size":[1,1]},"west":{"uv":[76,1],"uv_size":[1,1]},"up":{"uv":[75,0],"uv_size":[1,1]},"down":{"uv":[76,1],"uv_size":[1,-1]}}},{"origin":[4.89196,-0.2,15.9629],"size":[2,2,4],"pivot":[-0.4,30.63804,13.33499],"rotation":[0,10,0],"uv":{"north":{"uv":[135,17],"uv_size":[2,2]},"east":{"uv":[131,17],"uv_size":[4,2]},"south":{"uv":[141,17],"uv_size":[2,2]},"west":{"uv":[137,17],"uv_size":[4,2]},"up":{"uv":[135,13],"uv_size":[2,4]},"down":{"uv":[137,17],"uv_size":[2,-4]}}},{"origin":[5.36483,-0.1,15.07303],"size":[1,1,1],"pivot":[-0.4,30.73804,13.33499],"rotation":[0,10,0],"uv":{"north":{"uv":[75,1],"uv_size":[1,1]},"east":{"uv":[74,1],"uv_size":[1,1]},"south":{"uv":[77,1],"uv_size":[1,1]},"west":{"uv":[76,1],"uv_size":[1,1]},"up":{"uv":[75,0],"uv_size":[1,1]},"down":{"uv":[76,1],"uv_size":[1,-1]}}}]},{"name":"rightLeg","parent":"all","pivot":[-6.5,13.3,16.6],"cubes":[{"origin":[-10.4,4.71305,27.44378],"size":[3,6.5,4],"pivot":[0.6,30.73804,13.33499],"rotation":[-17.5,0,0],"uv":{"north":{"uv":[100,14],"uv_size":[-3,6]},"east":{"uv":[104,14],"uv_size":[-4,6]},"south":{"uv":[107,14],"uv_size":[-3,6]},"west":{"uv":[97,14],"uv_size":[-4,6]},"up":{"uv":[100,10],"uv_size":[-3,4]},"down":{"uv":[103,14],"uv_size":[-3,-4]}}},{"origin":[-4.60758,6.46188,20.25769],"size":[3,3.5,8],"pivot":[0.6,30.73804,13.33499],"rotation":[-17.5,0,13],"uv":{"north":{"uv":[60,30],"uv_size":[-3,3]},"east":{"uv":[68,30],"uv_size":[-8,3]},"south":{"uv":[71,30],"uv_size":[-3,3]},"west":{"uv":[57,30],"uv_size":[-8,3]},"up":{"uv":[60,22],"uv_size":[-3,8]},"down":{"uv":[63,30],"uv_size":[-3,-8]}}},{"origin":[-0.87408,7.88873,19.85228],"size":[4,6.5,7],"pivot":[0.6,30.73804,13.33499],"rotation":[-17.5,-9,23],"uv":{"north":{"uv":[121,33],"uv_size":[-4,6]},"east":{"uv":[128,33],"uv_size":[-7,6]},"south":{"uv":[132,33],"uv_size":[-4,6]},"west":{"uv":[117,33],"uv_size":[-7,6]},"up":{"uv":[121,26],"uv_size":[-4,7]},"down":{"uv":[125,33],"uv_size":[-4,-7]}}}]},{"name":"bone2","parent":"rightLeg","pivot":[-8.4,1.9,20.8],"cubes":[{"origin":[-11.4,-0.1,17.4],"size":[5,2.5,6],"uv":{"north":{"uv":[94,6],"uv_size":[-5,2]},"east":{"uv":[100,6],"uv_size":[-6,2]},"south":{"uv":[105,6],"uv_size":[-5,2]},"west":{"uv":[89,6],"uv_size":[-6,2]},"up":{"uv":[94,0],"uv_size":[-5,6]},"down":{"uv":[99,6],"uv_size":[-5,-6]}}},{"origin":[-12.74961,-0.2,13.20404],"size":[2,2,4],"pivot":[0.6,30.63804,13.33499],"rotation":[0,7.5,0],"uv":{"north":{"uv":[137,17],"uv_size":[-2,2]},"east":{"uv":[141,17],"uv_size":[-4,2]},"south":{"uv":[143,17],"uv_size":[-2,2]},"west":{"uv":[135,17],"uv_size":[-4,2]},"up":{"uv":[137,13],"uv_size":[-2,4]},"down":{"uv":[139,17],"uv_size":[-2,-4]}}},{"origin":[-12.25389,-0.1,12.26931],"size":[1,1,1],"pivot":[0.6,30.73804,13.33499],"rotation":[0,7.5,0],"uv":{"north":{"uv":[76,1],"uv_size":[-1,1]},"east":{"uv":[77,1],"uv_size":[-1,1]},"south":{"uv":[78,1],"uv_size":[-1,1]},"west":{"uv":[75,1],"uv_size":[-1,1]},"up":{"uv":[76,0],"uv_size":[-1,1]},"down":{"uv":[77,1],"uv_size":[-1,-1]}}},{"origin":[-9.9,-0.2,14.2],"size":[2,2,4],"uv":{"north":{"uv":[137,17],"uv_size":[-2,2]},"east":{"uv":[141,17],"uv_size":[-4,2]},"south":{"uv":[143,17],"uv_size":[-2,2]},"west":{"uv":[135,17],"uv_size":[-4,2]},"up":{"uv":[137,13],"uv_size":[-2,4]},"down":{"uv":[139,17],"uv_size":[-2,-4]}}},{"origin":[-9.4,-0.1,13.2],"size":[1,1,1],"uv":{"north":{"uv":[76,1],"uv_size":[-1,1]},"east":{"uv":[77,1],"uv_size":[-1,1]},"south":{"uv":[78,1],"uv_size":[-1,1]},"west":{"uv":[75,1],"uv_size":[-1,1]},"up":{"uv":[76,0],"uv_size":[-1,1]},"down":{"uv":[77,1],"uv_size":[-1,-1]}}},{"origin":[-6.69196,-0.2,15.9629],"size":[2,2,4],"pivot":[0.6,30.63804,13.33499],"rotation":[0,-10,0],"uv":{"north":{"uv":[137,17],"uv_size":[-2,2]},"east":{"uv":[141,17],"uv_size":[-4,2]},"south":{"uv":[143,17],"uv_size":[-2,2]},"west":{"uv":[135,17],"uv_size":[-4,2]},"up":{"uv":[137,13],"uv_size":[-2,4]},"down":{"uv":[139,17],"uv_size":[-2,-4]}}},{"origin":[-6.16483,-0.1,15.07303],"size":[1,1,1],"pivot":[0.6,30.73804,13.33499],"rotation":[0,-10,0],"uv":{"north":{"uv":[76,1],"uv_size":[-1,1]},"east":{"uv":[77,1],"uv_size":[-1,1]},"south":{"uv":[78,1],"uv_size":[-1,1]},"west":{"uv":[75,1],"uv_size":[-1,1]},"up":{"uv":[76,0],"uv_size":[-1,1]},"down":{"uv":[77,1],"uv_size":[-1,-1]}}}]},{"name":"wings","parent":"all","pivot":[-0.5,20.5,4.5]},{"name":"WingLeft","parent":"wings","pivot":[6.6,19,4.3],"rotation":[-41,-64,-28],"cubes":[{"origin":[6.39459,18,3.16354],"size":[12,2,2],"uv":{"north":{"uv":[80,38],"uv_size":[12,2]},"east":{"uv":[78,38],"uv_size":[2,2]},"south":{"uv":[94,38],"uv_size":[12,2]},"west":{"uv":[92,38],"uv_size":[2,2]},"up":{"uv":[80,36],"uv_size":[12,2]},"down":{"uv":[92,38],"uv_size":[12,-2]}}}]},{"name":"wL1","parent":"WingLeft","pivot":[18.06764,19,3.78075],"rotation":[0,147.5,0],"cubes":[{"origin":[17.45014,18,2.61146],"size":[17,2,2],"uv":{"north":{"uv":[124,49],"uv_size":[17,2]},"east":{"uv":[122,49],"uv_size":[2,2]},"south":{"uv":[143,49],"uv_size":[17,2]},"west":{"uv":[141,49],"uv_size":[2,2]},"up":{"uv":[124,47],"uv_size":[17,2]},"down":{"uv":[141,49],"uv_size":[17,-2]}}}]},{"name":"wL2","parent":"wL1","pivot":[33.92503,18.96403,4.16424],"rotation":[0,12.5,0],"cubes":[{"origin":[10.09096,18.47381,3.66698],"size":[24,1,1],"uv":{"north":{"uv":[123,48],"uv_size":[24,1]},"east":{"uv":[122,48],"uv_size":[1,1]},"south":{"uv":[148,48],"uv_size":[24,1]},"west":{"uv":[147,48],"uv_size":[1,1]},"up":{"uv":[123,47],"uv_size":[24,1]},"down":{"uv":[147,48],"uv_size":[24,-1]}}},{"origin":[11.09096,18.77381,-9.33302],"size":[23,0.2,13],"uv":{"north":{"uv":[13,255],"uv_size":[23,0]},"east":{"uv":[0,255],"uv_size":[13,0]},"south":{"uv":[49,255],"uv_size":[23,0]},"west":{"uv":[36,255],"uv_size":[13,0]},"up":{"uv":[70,248],"uv_size":[11,8]},"down":{"uv":[50,256],"uv_size":[38,-23]}}}]},{"name":"wL3","parent":"wL2","pivot":[33.92503,18.96403,4.16424],"rotation":[0,12.5,0],"cubes":[{"origin":[10.09096,18.47381,3.66698],"size":[24,1,1],"uv":{"north":{"uv":[123,48],"uv_size":[24,1]},"east":{"uv":[122,48],"uv_size":[1,1]},"south":{"uv":[148,48],"uv_size":[24,1]},"west":{"uv":[147,48],"uv_size":[1,1]},"up":{"uv":[123,47],"uv_size":[24,1]},"down":{"uv":[147,48],"uv_size":[24,-1]}}},{"origin":[11.09096,18.87381,-9.33302],"size":[23,0.2,13],"uv":{"north":{"uv":[13,255],"uv_size":[23,0]},"east":{"uv":[0,255],"uv_size":[13,0]},"south":{"uv":[49,255],"uv_size":[23,0]},"west":{"uv":[36,255],"uv_size":[13,0]},"up":{"uv":[68,251],"uv_size":[9,5]},"down":{"uv":[50,256],"uv_size":[38,-23]}}}]},{"name":"wL4","parent":"wL3","pivot":[33.92503,18.96403,4.16424],"rotation":[0,15,0],"cubes":[{"origin":[10.09096,18.47381,3.66698],"size":[24,1,1],"uv":{"north":{"uv":[123,48],"uv_size":[24,1]},"east":{"uv":[122,48],"uv_size":[1,1]},"south":{"uv":[148,48],"uv_size":[24,1]},"west":{"uv":[147,48],"uv_size":[1,1]},"up":{"uv":[123,47],"uv_size":[24,1]},"down":{"uv":[147,48],"uv_size":[24,-1]}}},{"origin":[11.09096,18.97381,-9.33302],"size":[23,0.2,13],"uv":{"north":{"uv":[13,255],"uv_size":[23,0]},"east":{"uv":[0,255],"uv_size":[13,0]},"south":{"uv":[49,255],"uv_size":[23,0]},"west":{"uv":[36,255],"uv_size":[13,0]},"up":{"uv":[69,252],"uv_size":[7,4]},"down":{"uv":[50,256],"uv_size":[38,-23]}}}]},{"name":"wL5","parent":"wL4","pivot":[33.92503,18.96403,4.16424],"rotation":[0,20,0],"cubes":[{"origin":[10.09096,18.47381,3.66698],"size":[24,1,1],"uv":{"north":{"uv":[123,48],"uv_size":[24,1]},"east":{"uv":[122,48],"uv_size":[1,1]},"south":{"uv":[148,48],"uv_size":[24,1]},"west":{"uv":[147,48],"uv_size":[1,1]},"up":{"uv":[123,47],"uv_size":[24,1]},"down":{"uv":[147,48],"uv_size":[24,-1]}}},{"origin":[11.09096,19.07381,-9.33302],"size":[23,0.2,13],"uv":{"north":{"uv":[13,255],"uv_size":[23,0]},"east":{"uv":[0,255],"uv_size":[13,0]},"south":{"uv":[49,255],"uv_size":[23,0]},"west":{"uv":[36,255],"uv_size":[13,0]},"up":{"uv":[68,250],"uv_size":[17,6]},"down":{"uv":[50,256],"uv_size":[38,-23]}}}]},{"name":"wings2","parent":"all","pivot":[0.5,20.5,4.5]},{"name":"WingRight","parent":"wings2","pivot":[-6.6,19,4.3],"rotation":[-41,64,28],"cubes":[{"origin":[-18.39459,18,3.16354],"size":[12,2,2],"uv":{"north":{"uv":[92,38],"uv_size":[-12,2]},"east":{"uv":[94,38],"uv_size":[-2,2]},"south":{"uv":[106,38],"uv_size":[-12,2]},"west":{"uv":[80,38],"uv_size":[-2,2]},"up":{"uv":[92,36],"uv_size":[-12,2]},"down":{"uv":[104,38],"uv_size":[-12,-2]}}}]},{"name":"wR1","parent":"WingRight","pivot":[-18.06764,19,3.78075],"rotation":[0,-147.5,0],"cubes":[{"origin":[-34.45014,18,2.61146],"size":[17,2,2],"uv":{"north":{"uv":[141,49],"uv_size":[-17,2]},"east":{"uv":[143,49],"uv_size":[-2,2]},"south":{"uv":[160,49],"uv_size":[-17,2]},"west":{"uv":[124,49],"uv_size":[-2,2]},"up":{"uv":[141,47],"uv_size":[-17,2]},"down":{"uv":[158,49],"uv_size":[-17,-2]}}}]},{"name":"wR2","parent":"wR1","pivot":[-33.92503,18.96403,4.16424],"rotation":[0,-12.5,0],"cubes":[{"origin":[-34.09096,18.47381,3.66698],"size":[24,1,1],"uv":{"north":{"uv":[147,48],"uv_size":[-24,1]},"east":{"uv":[148,48],"uv_size":[-1,1]},"south":{"uv":[172,48],"uv_size":[-24,1]},"west":{"uv":[123,48],"uv_size":[-1,1]},"up":{"uv":[147,47],"uv_size":[-24,1]},"down":{"uv":[171,48],"uv_size":[-24,-1]}}},{"origin":[-34.09096,18.77381,-9.33302],"size":[23,0.2,13],"uv":{"north":{"uv":[36,255],"uv_size":[-23,0]},"east":{"uv":[49,255],"uv_size":[-13,0]},"south":{"uv":[72,255],"uv_size":[-23,0]},"west":{"uv":[13,255],"uv_size":[-13,0]},"up":{"uv":[78,250],"uv_size":[-9,6]},"down":{"uv":[3,256],"uv_size":[38,-23]}}}]},{"name":"wR3","parent":"wR2","pivot":[-33.92503,18.96403,4.16424],"rotation":[0,-12.5,0],"cubes":[{"origin":[-34.09096,18.47381,3.66698],"size":[24,1,1],"uv":{"north":{"uv":[147,48],"uv_size":[-24,1]},"east":{"uv":[148,48],"uv_size":[-1,1]},"south":{"uv":[172,48],"uv_size":[-24,1]},"west":{"uv":[123,48],"uv_size":[-1,1]},"up":{"uv":[147,47],"uv_size":[-24,1]},"down":{"uv":[171,48],"uv_size":[-24,-1]}}},{"origin":[-34.09096,18.87381,-9.33302],"size":[23,0.2,13],"uv":{"north":{"uv":[36,255],"uv_size":[-23,0]},"east":{"uv":[49,255],"uv_size":[-13,0]},"south":{"uv":[72,255],"uv_size":[-23,0]},"west":{"uv":[13,255],"uv_size":[-13,0]},"up":{"uv":[83,251],"uv_size":[-7,5]},"down":{"uv":[3,256],"uv_size":[38,-23]}}}]},{"name":"wR4","parent":"wR3","pivot":[-33.92503,18.96403,4.16424],"rotation":[0,-15,0],"cubes":[{"origin":[-34.09096,18.47381,3.66698],"size":[24,1,1],"uv":{"north":{"uv":[147,48],"uv_size":[-24,1]},"east":{"uv":[148,48],"uv_size":[-1,1]},"south":{"uv":[172,48],"uv_size":[-24,1]},"west":{"uv":[123,48],"uv_size":[-1,1]},"up":{"uv":[147,47],"uv_size":[-24,1]},"down":{"uv":[171,48],"uv_size":[-24,-1]}}},{"origin":[-34.09096,18.97381,-9.33302],"size":[23,0.2,13],"uv":{"north":{"uv":[36,255],"uv_size":[-23,0]},"east":{"uv":[49,255],"uv_size":[-13,0]},"south":{"uv":[72,255],"uv_size":[-23,0]},"west":{"uv":[13,255],"uv_size":[-13,0]},"up":{"uv":[84,254],"uv_size":[-11,2]},"down":{"uv":[3,255],"uv_size":[38,-22]}}}]},{"name":"wR5","parent":"wR4","pivot":[-33.92503,18.96403,4.16424],"rotation":[0,-20,0],"cubes":[{"origin":[-34.09096,18.47381,3.66698],"size":[24,1,1],"uv":{"north":{"uv":[147,48],"uv_size":[-24,1]},"east":{"uv":[148,48],"uv_size":[-1,1]},"south":{"uv":[172,48],"uv_size":[-24,1]},"west":{"uv":[123,48],"uv_size":[-1,1]},"up":{"uv":[147,47],"uv_size":[-24,1]},"down":{"uv":[171,48],"uv_size":[-24,-1]}}},{"origin":[-34.09096,19.07381,-9.33302],"size":[23,0.2,13],"uv":{"north":{"uv":[36,255],"uv_size":[-23,0]},"east":{"uv":[49,255],"uv_size":[-13,0]},"south":{"uv":[72,255],"uv_size":[-23,0]},"west":{"uv":[13,255],"uv_size":[-13,0]},"up":{"uv":[80,252],"uv_size":[-15,4]},"down":{"uv":[3,256],"uv_size":[38,-23]}}}]}]}]}