{"format_version":"1.12.0","minecraft:geometry":[{"description":{"identifier":"geometry.jackhammer_entity","texture_width":64,"texture_height":64,"visible_bounds_width":2,"visible_bounds_height":3,"visible_bounds_offset":[0,1.5,0]},"bones":[{"name":"body","pivot":[0,22.75,0],"cubes":[{"origin":[-0.5,3.75,-0.5],"size":[1,6,1],"uv":{"north":{"uv":[51,4],"uv_size":[1,6]},"east":{"uv":[52,13],"uv_size":[1,6]},"south":{"uv":[49,5],"uv_size":[1,6]},"west":{"uv":[51,5.25],"uv_size":[1,6]},"up":{"uv":[51.75,6.25],"uv_size":[-1,-6]},"down":{"uv":[51.75,6.25],"uv_size":[-1,-6]}}},{"origin":[-3.25,21.25,-1],"size":[6.5,2,2],"uv":{"north":{"uv":[12,8.75],"uv_size":[-6.5,2]},"east":{"uv":[12,8.75],"uv_size":[-6.5,2]},"south":{"uv":[12,8.75],"uv_size":[-6.5,2]},"west":{"uv":[12,8.75],"uv_size":[-6.5,2]},"up":{"uv":[5.5,10.75],"uv_size":[6.5,-2]},"down":{"uv":[5.5,10.75],"uv_size":[6.5,-2]}}},{"origin":[-4,21.25,-1],"size":[0.75,2,2],"uv":{"north":{"uv":[11.25,2.5],"uv_size":[0.75,2]},"east":{"uv":[11.25,2.5],"uv_size":[0.75,2]},"south":{"uv":[11.25,2.5],"uv_size":[0.75,2]},"west":{"uv":[11.25,2.5],"uv_size":[0.75,2]},"up":{"uv":[12,4.5],"uv_size":[-0.75,-2]},"down":{"uv":[12,4.5],"uv_size":[-0.75,-2]}}},{"origin":[3.25,21.25,-1],"size":[0.75,2,2],"uv":{"north":{"uv":[11.25,2.5],"uv_size":[0.75,2]},"east":{"uv":[11.25,2.5],"uv_size":[0.75,2]},"south":{"uv":[11.25,2.5],"uv_size":[0.75,2]},"west":{"uv":[11.25,2.5],"uv_size":[0.75,2]},"up":{"uv":[12,4.5],"uv_size":[-0.75,-2]},"down":{"uv":[12,4.5],"uv_size":[-0.75,-2]}}},{"origin":[-7.5,22,-0.5],"size":[3.5,1.25,1],"uv":{"north":{"uv":[10.75,2.75],"uv_size":[3.5,1.25]},"east":{"uv":[10.75,2.75],"uv_size":[3.5,1.25]},"south":{"uv":[10.75,2.75],"uv_size":[3.5,1.25]},"west":{"uv":[10.75,2.75],"uv_size":[3.5,1.25]},"up":{"uv":[14.25,4],"uv_size":[-3.5,-1.25]},"down":{"uv":[14.25,4],"uv_size":[-3.5,-1.25]}}},{"origin":[-6,22.5,-0.25],"size":[1.75,1,0.5],"uv":{"north":{"uv":[56,2],"uv_size":[5,3]},"east":{"uv":[56,2],"uv_size":[5,3]},"south":{"uv":[56,2],"uv_size":[5,3]},"west":{"uv":[56,2],"uv_size":[5,3]},"up":{"uv":[61,5],"uv_size":[-5,-3]},"down":{"uv":[61,5],"uv_size":[-5,-3]}}},{"origin":[4,22,-0.5],"size":[3.5,1.25,1],"uv":{"north":{"uv":[10.75,2.75],"uv_size":[3.5,1.25]},"east":{"uv":[10.75,2.75],"uv_size":[3.5,1.25]},"south":{"uv":[10.75,2.75],"uv_size":[3.5,1.25]},"west":{"uv":[10.75,2.75],"uv_size":[3.5,1.25]},"up":{"uv":[14.25,4],"uv_size":[-3.5,-1.25]},"down":{"uv":[14.25,4],"uv_size":[-3.5,-1.25]}}},{"origin":[-7.5,22,-0.25],"size":[4,1,0.5],"pivot":[-7.5,22,0],"rotation":[0,0,5],"uv":{"north":{"uv":[10.75,2.75],"uv_size":[4,1]},"east":{"uv":[10.75,2.75],"uv_size":[4,1]},"south":{"uv":[10.75,2.75],"uv_size":[4,1]},"west":{"uv":[10.75,2.75],"uv_size":[4,1]},"up":{"uv":[14.75,3.75],"uv_size":[-4,-1]},"down":{"uv":[14.75,3.75],"uv_size":[-4,-1]}}},{"origin":[3.5,22,-0.25],"size":[4,1,0.5],"pivot":[7.5,22,0],"rotation":[0,0,-5],"uv":{"north":{"uv":[10.75,2.75],"uv_size":[4,1]},"east":{"uv":[10.75,2.75],"uv_size":[4,1]},"south":{"uv":[10.75,2.75],"uv_size":[4,1]},"west":{"uv":[10.75,2.75],"uv_size":[4,1]},"up":{"uv":[14.75,3.75],"uv_size":[-4,-1]},"down":{"uv":[14.75,3.75],"uv_size":[-4,-1]}}},{"origin":[-2.5,19.75,-1.48828],"size":[5,4,2.98047],"uv":{"north":{"uv":[7,7],"uv_size":[8,7]},"east":{"uv":[7.25,7],"uv_size":[5,4]},"south":{"uv":[7.25,7],"uv_size":[5,4]},"west":{"uv":[7.25,7],"uv_size":[5,4]},"up":{"uv":[12.25,11],"uv_size":[-5,-4]},"down":{"uv":[12.25,11],"uv_size":[-5,-4]}}},{"origin":[-1.93958,23.75,-1.49219],"size":[3.87917,0.98438,2.98438],"uv":{"north":{"uv":[6.5,2.5],"uv_size":[3.87917,0.98438]},"east":{"uv":[6.5,2.5],"uv_size":[3.87917,0.98438]},"south":{"uv":[6.5,2.5],"uv_size":[3.87917,0.98438]},"west":{"uv":[6.5,2.5],"uv_size":[3.87917,0.98438]},"up":{"uv":[10.37917,3.48438],"uv_size":[-3.87917,-0.98438]},"down":{"uv":[10.37917,3.48438],"uv_size":[-3.87917,-0.98438]}}},{"origin":[-2.93578,24.73097,-1.49219],"size":[5.87917,1,2.98438],"uv":{"north":{"uv":[3.5,0.75],"uv_size":[5.87917,1]},"east":{"uv":[3.5,0.75],"uv_size":[5.87917,1]},"south":{"uv":[3.5,0.75],"uv_size":[5.87917,1]},"west":{"uv":[3.5,0.75],"uv_size":[5.87917,1]},"up":{"uv":[9.37917,1.75],"uv_size":[-5.87917,-1]},"down":{"uv":[9.37917,1.75],"uv_size":[-5.87917,-1]}}},{"origin":[-2.43578,24.98097,-1.24219],"size":[4.87917,1,2.48438],"uv":{"north":{"uv":[3.5,0.75],"uv_size":[4.87917,1]},"east":{"uv":[3.5,0.75],"uv_size":[4.87917,1]},"south":{"uv":[3.5,0.75],"uv_size":[4.87917,1]},"west":{"uv":[3.5,0.75],"uv_size":[4.87917,1]},"up":{"uv":[8.37917,1.75],"uv_size":[-4.87917,-1]},"down":{"uv":[8.37917,1.75],"uv_size":[-4.87917,-1]}}},{"origin":[-2.5,19.75,-1.5],"size":[1,5,3],"pivot":[-2.5,19.75,0],"rotation":[0,0,-5],"uv":{"north":{"uv":[11.5,6.25],"uv_size":[1,5]},"east":{"uv":[11.5,6.25],"uv_size":[1,5]},"south":{"uv":[11.5,6.25],"uv_size":[1,5]},"west":{"uv":[11.5,6.25],"uv_size":[1,5]},"up":{"uv":[12.5,11.25],"uv_size":[-1,-5]},"down":{"uv":[12.5,11.25],"uv_size":[-1,-5]}}},{"origin":[1.5,19.75,-1.5],"size":[1,5,3],"pivot":[2.5,19.75,0],"rotation":[0,0,5],"uv":{"north":{"uv":[7.25,6.25],"uv_size":[1,5]},"east":{"uv":[7.25,6.25],"uv_size":[1,5]},"south":{"uv":[7.25,6.25],"uv_size":[1,5]},"west":{"uv":[7.25,6.25],"uv_size":[1,5]},"up":{"uv":[8.25,11.25],"uv_size":[-1,-5]},"down":{"uv":[8.25,11.25],"uv_size":[-1,-5]}}},{"origin":[-1.5,17.75,-1.5],"size":[3,2,3],"uv":{"north":{"uv":[0.25,25.25],"uv_size":[3,2]},"east":{"uv":[0.25,25.25],"uv_size":[3,2]},"south":{"uv":[0.25,25.25],"uv_size":[3,2]},"west":{"uv":[0.25,25.25],"uv_size":[3,2]},"up":{"uv":[3.25,27.25],"uv_size":[-3,-2]},"down":{"uv":[3.25,27.25],"uv_size":[-3,-2]}}},{"origin":[-2.41421,18.95711,-1.49609],"size":[1.41421,1,2.99219],"pivot":[-1.5,19.45711,0],"rotation":[0,0,45],"uv":{"north":{"uv":[10.5,10.25],"uv_size":[1.41421,1]},"east":{"uv":[10.5,10.25],"uv_size":[1.41421,1]},"south":{"uv":[10.5,10.25],"uv_size":[1.41421,1]},"west":{"uv":[10.5,10.25],"uv_size":[1.41421,1]},"up":{"uv":[11.91421,11.25],"uv_size":[-1.41421,-1]},"down":{"uv":[11.91421,11.25],"uv_size":[-1.41421,-1]}}},{"origin":[1,18.95711,-1.49609],"size":[1.41421,1,2.99219],"pivot":[1.5,19.45711,0],"rotation":[0,0,-45],"uv":{"north":{"uv":[6.5,9.5],"uv_size":[1.41421,1]},"east":{"uv":[6.5,9.5],"uv_size":[1.41421,1]},"south":{"uv":[6.5,9.5],"uv_size":[1.41421,1]},"west":{"uv":[6.5,9.5],"uv_size":[1.41421,1]},"up":{"uv":[7.91421,10.5],"uv_size":[-1.41421,-1]},"down":{"uv":[7.91421,10.5],"uv_size":[-1.41421,-1]}}},{"origin":[-0.25,10.25,-1.375],"size":[0.5,1.5,0.5],"uv":{"north":{"uv":[36.5,0],"uv_size":[0.5,1.5]},"east":{"uv":[36.5,0],"uv_size":[0.5,1.5]},"south":{"uv":[36.5,0],"uv_size":[0.5,1.5]},"west":{"uv":[36.5,0],"uv_size":[0.5,1.5]},"up":{"uv":[37,1.5],"uv_size":[-0.5,-1.5]},"down":{"uv":[37,1.5],"uv_size":[-0.5,-1.5]}}},{"origin":[-0.25,10.25,0.875],"size":[0.5,1.5,0.5],"uv":{"north":{"uv":[36.5,0],"uv_size":[0.5,1.5]},"east":{"uv":[36.5,0],"uv_size":[0.5,1.5]},"south":{"uv":[36.5,0],"uv_size":[0.5,1.5]},"west":{"uv":[36.5,0],"uv_size":[0.5,1.5]},"up":{"uv":[37,1.5],"uv_size":[-0.5,-1.5]},"down":{"uv":[37,1.5],"uv_size":[-0.5,-1.5]}}},{"origin":[0.875,10.25,-0.25],"size":[0.5,1.5,0.5],"uv":{"north":{"uv":[36.5,0],"uv_size":[0.5,1.5]},"east":{"uv":[36.5,0],"uv_size":[0.5,1.5]},"south":{"uv":[36.5,0],"uv_size":[0.5,1.5]},"west":{"uv":[36.5,0],"uv_size":[0.5,1.5]},"up":{"uv":[37,1.5],"uv_size":[-0.5,-1.5]},"down":{"uv":[37,1.5],"uv_size":[-0.5,-1.5]}}},{"origin":[-1.375,10.25,-0.25],"size":[0.5,1.5,0.5],"uv":{"north":{"uv":[36.5,0],"uv_size":[0.5,1.5]},"east":{"uv":[36.5,0],"uv_size":[0.5,1.5]},"south":{"uv":[36.5,0],"uv_size":[0.5,1.5]},"west":{"uv":[36.5,0],"uv_size":[0.5,1.5]},"up":{"uv":[37,1.5],"uv_size":[-0.5,-1.5]},"down":{"uv":[37,1.5],"uv_size":[-0.5,-1.5]}}},{"origin":[-0.75,9.75,-0.75],"size":[1.5,2,1.5],"uv":{"north":{"uv":[42.25,9],"uv_size":[1.5,2]},"east":{"uv":[42.25,9],"uv_size":[1.5,2]},"south":{"uv":[42.25,9],"uv_size":[1.5,2]},"west":{"uv":[42.25,9],"uv_size":[1.5,2]},"up":{"uv":[43.75,11],"uv_size":[-1.5,-2]},"down":{"uv":[43.75,11],"uv_size":[-1.5,-2]}}},{"origin":[-0.60937,12.75,-1.5],"size":[1.22656,5,3],"uv":{"north":{"uv":[25.75,5],"uv_size":[1.22656,5]},"east":{"uv":[25.75,5],"uv_size":[1.22656,5]},"south":{"uv":[25.75,5],"uv_size":[1.22656,5]},"west":{"uv":[25.75,5],"uv_size":[1.22656,5]},"up":{"uv":[26.97656,10],"uv_size":[-1.22656,-5]},"down":{"uv":[26.97656,10],"uv_size":[-1.22656,-5]}}},{"origin":[-0.60937,11.75,-1.5],"size":[1.22656,1,3],"uv":{"north":{"uv":[43,0],"uv_size":[1.22656,1]},"east":{"uv":[43,0],"uv_size":[1.22656,1]},"south":{"uv":[43,0],"uv_size":[1.22656,1]},"west":{"uv":[43,0],"uv_size":[1.22656,1]},"up":{"uv":[44.22656,1],"uv_size":[-1.22656,-1]},"down":{"uv":[44.22656,1],"uv_size":[-1.22656,-1]}}},{"origin":[-0.60937,12.75,-1.5],"size":[1.22656,5,3],"pivot":[0,17.75,0],"rotation":[0,-90,0],"uv":{"north":{"uv":[25.75,5],"uv_size":[1.22656,5]},"east":{"uv":[25.75,5],"uv_size":[1.22656,5]},"south":{"uv":[25.75,5],"uv_size":[1.22656,5]},"west":{"uv":[25.75,5],"uv_size":[1.22656,5]},"up":{"uv":[26.97656,10],"uv_size":[-1.22656,-5]},"down":{"uv":[26.97656,10],"uv_size":[-1.22656,-5]}}},{"origin":[-0.60937,11.75,-1.5],"size":[1.22656,1,3],"pivot":[0,17.75,0],"rotation":[0,-90,0],"uv":{"north":{"uv":[43,0],"uv_size":[1.22656,1]},"east":{"uv":[43,0],"uv_size":[1.22656,1]},"south":{"uv":[43,0],"uv_size":[1.22656,1]},"west":{"uv":[43,0],"uv_size":[1.22656,1]},"up":{"uv":[44.22656,1],"uv_size":[-1.22656,-1]},"down":{"uv":[44.22656,1],"uv_size":[-1.22656,-1]}}},{"origin":[-0.60937,12.75,-1.5],"size":[1.22656,5,3],"pivot":[0,17.75,0],"rotation":[0,-45,0],"uv":{"north":{"uv":[25.75,5],"uv_size":[1.22656,5]},"east":{"uv":[25.75,5],"uv_size":[1.22656,5]},"south":{"uv":[25.75,5],"uv_size":[1.22656,5]},"west":{"uv":[25.75,5],"uv_size":[1.22656,5]},"up":{"uv":[26.97656,10],"uv_size":[-1.22656,-5]},"down":{"uv":[26.97656,10],"uv_size":[-1.22656,-5]}}},{"origin":[-0.60937,11.75,-1.5],"size":[1.22656,1,3],"pivot":[0,17.75,0],"rotation":[0,-45,0],"uv":{"north":{"uv":[43,0],"uv_size":[1.22656,1]},"east":{"uv":[43,0],"uv_size":[1.22656,1]},"south":{"uv":[43,0],"uv_size":[1.22656,1]},"west":{"uv":[43,0],"uv_size":[1.22656,1]},"up":{"uv":[44.22656,1],"uv_size":[-1.22656,-1]},"down":{"uv":[44.22656,1],"uv_size":[-1.22656,-1]}}},{"origin":[-0.60937,12.75,-1.5],"size":[1.22656,5,3],"pivot":[0,17.75,0],"rotation":[0,45,0],"uv":{"north":{"uv":[25.75,5],"uv_size":[1.22656,5]},"east":{"uv":[25.75,5],"uv_size":[1.22656,5]},"south":{"uv":[25.75,5],"uv_size":[1.22656,5]},"west":{"uv":[25.75,5],"uv_size":[1.22656,5]},"up":{"uv":[26.97656,10],"uv_size":[-1.22656,-5]},"down":{"uv":[26.97656,10],"uv_size":[-1.22656,-5]}}},{"origin":[-0.60937,11.75,-1.5],"size":[1.22656,1,3],"pivot":[0,17.75,0],"rotation":[0,45,0],"uv":{"north":{"uv":[43,0],"uv_size":[1.22656,1]},"east":{"uv":[43,0],"uv_size":[1.22656,1]},"south":{"uv":[43,0],"uv_size":[1.22656,1]},"west":{"uv":[43,0],"uv_size":[1.22656,1]},"up":{"uv":[44.22656,1],"uv_size":[-1.22656,-1]},"down":{"uv":[44.22656,1],"uv_size":[-1.22656,-1]}}},{"origin":[-0.38281,1.75,-0.38281],"size":[0.76953,2,0.74609],"uv":{"north":{"uv":[51,13.75],"uv_size":[0.76953,2]},"east":{"uv":[51,13.75],"uv_size":[0.76953,2]},"south":{"uv":[51,13.75],"uv_size":[0.76953,2]},"west":{"uv":[51,13.75],"uv_size":[0.76953,2]},"up":{"uv":[51.76953,15.75],"uv_size":[-0.76953,-2]},"down":{"uv":[51.76953,15.75],"uv_size":[-0.76953,-2]}}},{"origin":[-0.4636,-0.11417,-0.25],"size":[1,2,0.5],"pivot":[0,-0.25,0],"rotation":[0,0,-15],"uv":{"north":{"uv":[46,20.5],"uv_size":[1,2]},"east":{"uv":[46,20.5],"uv_size":[1,2]},"south":{"uv":[46,20.5],"uv_size":[1,2]},"west":{"uv":[46,20.5],"uv_size":[1,2]},"up":{"uv":[47,22.5],"uv_size":[-1,-2]},"down":{"uv":[47,22.5],"uv_size":[-1,-2]}}},{"origin":[-0.5364,-0.11417,-0.24609],"size":[1,2,0.49219],"pivot":[0,-0.25,0],"rotation":[0,0,15],"uv":{"north":{"uv":[46,20.5],"uv_size":[1,2]},"east":{"uv":[46,20.5],"uv_size":[1,2]},"south":{"uv":[46,20.5],"uv_size":[1,2]},"west":{"uv":[46,20.5],"uv_size":[1,2]},"up":{"uv":[47,22.5],"uv_size":[-1,-2]},"down":{"uv":[47,22.5],"uv_size":[-1,-2]}}}]}]}]}