{"format_version":"1.12.0","minecraft:geometry":[{"description":{"identifier":"geometry.jeep","texture_width":512,"texture_height":512,"visible_bounds_width":11,"visible_bounds_height":6,"visible_bounds_offset":[0,2,0]},"bones":[{"name":"body","pivot":[0,0,-12]},{"name":"dverL","parent":"body","pivot":[20.99609,35.1875,-0.59375],"cubes":[{"origin":[19.99609,8,-15],"size":[2,22,26],"uv":{"north":{"uv":[186,164],"uv_size":[2,22]},"east":{"uv":[160,164],"uv_size":[26,22]},"south":{"uv":[214,164],"uv_size":[2,22]},"west":{"uv":[188,164],"uv_size":[26,22]},"up":{"uv":[186,138],"uv_size":[2,26]},"down":{"uv":[188,164],"uv_size":[2,-26]}}},{"origin":[22.24609,15,-6],"size":[0,9,8],"uv":{"west":{"uv":[271,43],"uv_size":[16,20]}}},{"origin":[21.99609,30,-14],"size":[5,4,2],"uv":{"north":{"uv":[128,212],"uv_size":[5,4]},"east":{"uv":[126,212],"uv_size":[2,4]},"south":{"uv":[135,212],"uv_size":[5,4]},"west":{"uv":[133,212],"uv_size":[2,4]},"up":{"uv":[128,210],"uv_size":[5,2]},"down":{"uv":[133,212],"uv_size":[5,-2]}}},{"origin":[19.99609,30,-15],"size":[2,19.5,2],"pivot":[20.99609,30,-15],"rotation":[-35,0,0],"uv":{"north":{"uv":[66,245],"uv_size":[2,19]},"east":{"uv":[64,245],"uv_size":[2,19]},"south":{"uv":[70,245],"uv_size":[2,19]},"west":{"uv":[68,245],"uv_size":[2,19]},"up":{"uv":[66,243],"uv_size":[2,2]},"down":{"uv":[68,245],"uv_size":[2,-2]}}},{"origin":[19.99609,44,-3.75],"size":[2,2,14.75],"uv":{"north":{"uv":[192,230],"uv_size":[2,2]},"east":{"uv":[178,230],"uv_size":[14,2]},"south":{"uv":[208,230],"uv_size":[2,2]},"west":{"uv":[194,230],"uv_size":[14,2]},"up":{"uv":[192,216],"uv_size":[2,14]},"down":{"uv":[194,230],"uv_size":[2,-14]}}},{"origin":[19.99609,30,9],"size":[2,14,2],"uv":{"north":{"uv":[127,246],"uv_size":[2,14]},"east":{"uv":[125,246],"uv_size":[2,14]},"south":{"uv":[131,246],"uv_size":[2,14]},"west":{"uv":[129,246],"uv_size":[2,14]},"up":{"uv":[127,244],"uv_size":[2,2]},"down":{"uv":[129,246],"uv_size":[2,-2]}}}]},{"name":"dverR","parent":"body","pivot":[-20.99609,35.1875,-0.59375],"cubes":[{"origin":[-21.99609,8,-15],"size":[2,22,26],"uv":{"north":{"uv":[26,176],"uv_size":[2,22]},"east":{"uv":[0,176],"uv_size":[26,22]},"south":{"uv":[54,176],"uv_size":[2,22]},"west":{"uv":[28,176],"uv_size":[26,22]},"up":{"uv":[26,150],"uv_size":[2,26]},"down":{"uv":[28,176],"uv_size":[2,-26]}}},{"origin":[-26.99609,30,-14],"size":[5,4,2],"uv":{"north":{"uv":[102,212],"uv_size":[5,4]},"east":{"uv":[100,212],"uv_size":[2,4]},"south":{"uv":[109,212],"uv_size":[5,4]},"west":{"uv":[107,212],"uv_size":[2,4]},"up":{"uv":[102,210],"uv_size":[5,2]},"down":{"uv":[107,212],"uv_size":[5,-2]}}},{"origin":[-21.99609,30,-15],"size":[2,19.5,2],"pivot":[-20.99609,30,-15],"rotation":[-35,0,0],"uv":{"north":{"uv":[24,44],"uv_size":[2,19]},"east":{"uv":[22,44],"uv_size":[2,19]},"south":{"uv":[28,44],"uv_size":[2,19]},"west":{"uv":[26,44],"uv_size":[2,19]},"up":{"uv":[24,42],"uv_size":[2,2]},"down":{"uv":[26,44],"uv_size":[2,-2]}}},{"origin":[-21.99609,44,-3.75],"size":[2,2,14.75],"uv":{"north":{"uv":[230,163],"uv_size":[2,2]},"east":{"uv":[216,163],"uv_size":[14,2]},"south":{"uv":[246,163],"uv_size":[2,2]},"west":{"uv":[232,163],"uv_size":[14,2]},"up":{"uv":[230,149],"uv_size":[2,14]},"down":{"uv":[232,163],"uv_size":[2,-14]}}},{"origin":[-21.99609,30,9],"size":[2,14,2],"uv":{"north":{"uv":[119,246],"uv_size":[2,14]},"east":{"uv":[117,246],"uv_size":[2,14]},"south":{"uv":[123,246],"uv_size":[2,14]},"west":{"uv":[121,246],"uv_size":[2,14]},"up":{"uv":[119,244],"uv_size":[2,2]},"down":{"uv":[121,246],"uv_size":[2,-2]}}},{"origin":[-22.24609,15,-6],"size":[0,9,8],"uv":{"east":{"uv":[287,43],"uv_size":[-16,20]}}}]},{"name":"zad","parent":"body","pivot":[20.99609,29.5,21.5],"cubes":[{"origin":[19.99609,20,11],"size":[2,10,29],"uv":{"north":{"uv":[56,198],"uv_size":[2,10]},"east":{"uv":[27,198],"uv_size":[29,10]},"south":{"uv":[87,198],"uv_size":[2,10]},"west":{"uv":[58,198],"uv_size":[29,10]},"up":{"uv":[56,169],"uv_size":[2,29]},"down":{"uv":[58,198],"uv_size":[2,-29]}}},{"origin":[-21.99609,20,11],"size":[2,10,29],"uv":{"north":{"uv":[135,193],"uv_size":[2,10]},"east":{"uv":[106,193],"uv_size":[29,10]},"south":{"uv":[166,193],"uv_size":[2,10]},"west":{"uv":[137,193],"uv_size":[29,10]},"up":{"uv":[135,164],"uv_size":[2,29]},"down":{"uv":[137,193],"uv_size":[2,-29]}}},{"origin":[19.99609,8,11],"size":[2,12,9],"uv":{"north":{"uv":[9,159],"uv_size":[2,12]},"east":{"uv":[0,159],"uv_size":[9,12]},"south":{"uv":[20,159],"uv_size":[2,12]},"west":{"uv":[11,159],"uv_size":[9,12]},"up":{"uv":[9,150],"uv_size":[2,9]},"down":{"uv":[11,159],"uv_size":[2,-9]}}},{"origin":[-21.99609,8,11],"size":[2,12,9],"uv":{"north":{"uv":[9,51],"uv_size":[2,12]},"east":{"uv":[0,51],"uv_size":[9,12]},"south":{"uv":[20,51],"uv_size":[2,12]},"west":{"uv":[11,51],"uv_size":[9,12]},"up":{"uv":[9,42],"uv_size":[2,9]},"down":{"uv":[11,51],"uv_size":[2,-9]}}},{"origin":[19.99609,44,11],"size":[2,2,25],"uv":{"north":{"uv":[168,211],"uv_size":[2,2]},"east":{"uv":[143,211],"uv_size":[25,2]},"south":{"uv":[195,211],"uv_size":[2,2]},"west":{"uv":[170,211],"uv_size":[25,2]},"up":{"uv":[168,186],"uv_size":[2,25]},"down":{"uv":[170,211],"uv_size":[2,-25]}}},{"origin":[-21.99609,44,11],"size":[2,2,25],"uv":{"north":{"uv":[89,208],"uv_size":[2,2]},"east":{"uv":[64,208],"uv_size":[25,2]},"south":{"uv":[116,208],"uv_size":[2,2]},"west":{"uv":[91,208],"uv_size":[25,2]},"up":{"uv":[89,183],"uv_size":[2,25]},"down":{"uv":[91,208],"uv_size":[2,-25]}}},{"origin":[13.99609,28.5,34],"size":[8,17.5,2],"pivot":[20.99609,46,36],"rotation":[22.5,0,0],"uv":{"north":{"uv":[2,110],"uv_size":[8,17]},"east":{"uv":[0,110],"uv_size":[2,17]},"south":{"uv":[12,110],"uv_size":[8,17]},"west":{"uv":[10,110],"uv_size":[2,17]},"up":{"uv":[2,108],"uv_size":[8,2]},"down":{"uv":[10,110],"uv_size":[8,-2]}}},{"origin":[20.99609,28.5,29],"size":[0,17.5,7],"pivot":[20.99609,46,36],"rotation":[22.5,0,0],"uv":{"north":{"uv":[146,164],"uv_size":[0,17]},"east":{"uv":[139,164],"uv_size":[7,17]},"south":{"uv":[153,164],"uv_size":[0,17]},"west":{"uv":[146,164],"uv_size":[7,17]},"up":{"uv":[146,157],"uv_size":[0,7]},"down":{"uv":[146,164],"uv_size":[0,-7]}}},{"origin":[-20.99609,28.5,29],"size":[0,17.5,7],"pivot":[-20.99609,46,36],"rotation":[22.5,0,0],"uv":{"north":{"uv":[115,78],"uv_size":[0,17]},"east":{"uv":[108,78],"uv_size":[7,17]},"south":{"uv":[122,78],"uv_size":[0,17]},"west":{"uv":[115,78],"uv_size":[7,17]},"up":{"uv":[115,71],"uv_size":[0,7]},"down":{"uv":[115,78],"uv_size":[0,-7]}}},{"origin":[-14.00391,44,34],"size":[28,2,2],"pivot":[12.99609,46,36],"rotation":[22.5,0,0],"uv":{"north":{"uv":[32,166],"uv_size":[28,2]},"east":{"uv":[30,166],"uv_size":[2,2]},"south":{"uv":[62,166],"uv_size":[28,2]},"west":{"uv":[60,166],"uv_size":[2,2]},"up":{"uv":[32,164],"uv_size":[28,2]},"down":{"uv":[60,166],"uv_size":[28,-2]}}},{"origin":[-14.00391,28,34],"size":[28,2,2],"pivot":[12.99609,46,36],"rotation":[22.5,0,0],"uv":{"north":{"uv":[122,37],"uv_size":[28,2]},"east":{"uv":[120,37],"uv_size":[2,2]},"south":{"uv":[152,37],"uv_size":[28,2]},"west":{"uv":[150,37],"uv_size":[2,2]},"up":{"uv":[122,35],"uv_size":[28,2]},"down":{"uv":[150,37],"uv_size":[28,-2]}}},{"origin":[-14.00391,30,35],"size":[28,14,0],"pivot":[12.99609,46,36],"rotation":[22.5,0,0],"uv":{"north":{"uv":[30,150],"uv_size":[28,14]},"east":{"uv":[30,150],"uv_size":[0,14]},"west":{"uv":[58,150],"uv_size":[0,14]},"up":{"uv":[30,150],"uv_size":[28,0]},"down":{"uv":[58,150],"uv_size":[28,0]}}},{"origin":[-21.99609,28.5,34],"size":[8,17.5,2],"pivot":[-20.99609,46,36],"rotation":[22.5,0,0],"uv":{"north":{"uv":[2,80],"uv_size":[8,17]},"east":{"uv":[0,80],"uv_size":[2,17]},"south":{"uv":[12,80],"uv_size":[8,17]},"west":{"uv":[10,80],"uv_size":[2,17]},"up":{"uv":[2,78],"uv_size":[8,2]},"down":{"uv":[10,80],"uv_size":[8,-2]}}},{"origin":[19.99609,30,28],"size":[2,14,4],"uv":{"north":{"uv":[56,247],"uv_size":[2,14]},"east":{"uv":[52,247],"uv_size":[4,14]},"south":{"uv":[62,247],"uv_size":[2,14]},"west":{"uv":[58,247],"uv_size":[4,14]},"up":{"uv":[56,243],"uv_size":[2,4]},"down":{"uv":[58,247],"uv_size":[2,-4]}}},{"origin":[20.99609,30,32],"size":[0,14,4],"uv":{"north":{"uv":[97,192],"uv_size":[0,14]},"east":{"uv":[93,192],"uv_size":[4,14]},"south":{"uv":[101,192],"uv_size":[0,14]},"west":{"uv":[97,192],"uv_size":[4,14]},"up":{"uv":[97,188],"uv_size":[0,4]},"down":{"uv":[97,192],"uv_size":[0,-4]}}},{"origin":[-20.99609,30,32],"size":[0,14,4],"uv":{"north":{"uv":[76,108],"uv_size":[0,14]},"east":{"uv":[72,108],"uv_size":[4,14]},"south":{"uv":[80,108],"uv_size":[0,14]},"west":{"uv":[76,108],"uv_size":[4,14]},"up":{"uv":[76,104],"uv_size":[0,4]},"down":{"uv":[76,108],"uv_size":[0,-4]}}},{"origin":[-21.99609,30,28],"size":[2,14,4],"uv":{"north":{"uv":[232,244],"uv_size":[2,14]},"east":{"uv":[228,244],"uv_size":[4,14]},"south":{"uv":[238,244],"uv_size":[2,14]},"west":{"uv":[234,244],"uv_size":[4,14]},"up":{"uv":[232,240],"uv_size":[2,4]},"down":{"uv":[234,244],"uv_size":[2,-4]}}},{"origin":[19.99609,30,11],"size":[2,14,2],"uv":{"north":{"uv":[111,246],"uv_size":[2,14]},"east":{"uv":[109,246],"uv_size":[2,14]},"south":{"uv":[115,246],"uv_size":[2,14]},"west":{"uv":[113,246],"uv_size":[2,14]},"up":{"uv":[111,244],"uv_size":[2,2]},"down":{"uv":[113,246],"uv_size":[2,-2]}}},{"origin":[-21.99609,30,11],"size":[2,14,2],"uv":{"north":{"uv":[103,246],"uv_size":[2,14]},"east":{"uv":[101,246],"uv_size":[2,14]},"south":{"uv":[107,246],"uv_size":[2,14]},"west":{"uv":[105,246],"uv_size":[2,14]},"up":{"uv":[103,244],"uv_size":[2,2]},"down":{"uv":[105,246],"uv_size":[2,-2]}}},{"origin":[22,23.58579,34.34315],"size":[4,5,12],"pivot":[23.5,23.58579,31.34315],"rotation":[-45,0,0],"uv":{"north":{"uv":[228,12],"uv_size":[4,5]},"east":{"uv":[216,12],"uv_size":[12,5]},"south":{"uv":[244,12],"uv_size":[4,5]},"west":{"uv":[232,12],"uv_size":[12,5]},"up":{"uv":[228,0],"uv_size":[4,12]},"down":{"uv":[232,12],"uv_size":[4,-12]}}},{"origin":[-26,23.58579,34.34315],"size":[4,5,12],"pivot":[-23.5,23.58579,31.34315],"rotation":[-45,0,0],"uv":{"north":{"uv":[232,12],"uv_size":[-4,5]},"east":{"uv":[244,12],"uv_size":[-12,5]},"south":{"uv":[248,12],"uv_size":[-4,5]},"west":{"uv":[228,12],"uv_size":[-12,5]},"up":{"uv":[232,0],"uv_size":[-4,12]},"down":{"uv":[236,12],"uv_size":[-4,-12]}}},{"origin":[21.9375,20,23],"size":[4,5,14],"uv":{"north":{"uv":[222,88],"uv_size":[4,5]},"east":{"uv":[208,88],"uv_size":[14,5]},"south":{"uv":[240,88],"uv_size":[4,5]},"west":{"uv":[226,88],"uv_size":[14,5]},"up":{"uv":[222,74],"uv_size":[4,14]},"down":{"uv":[226,88],"uv_size":[4,-14]}}},{"origin":[-25.9375,20,23],"size":[4,5,14],"uv":{"north":{"uv":[226,88],"uv_size":[-4,5]},"east":{"uv":[240,88],"uv_size":[-14,5]},"south":{"uv":[244,88],"uv_size":[-4,5]},"west":{"uv":[222,88],"uv_size":[-14,5]},"up":{"uv":[226,74],"uv_size":[-4,14]},"down":{"uv":[230,88],"uv_size":[-4,-14]}}},{"origin":[22,23.58579,13.65685],"size":[4,5,12],"pivot":[23.5,23.58579,28.65685],"rotation":[45,0,0],"uv":{"north":{"uv":[172,225],"uv_size":[4,5]},"east":{"uv":[160,225],"uv_size":[12,5]},"south":{"uv":[188,225],"uv_size":[4,5]},"west":{"uv":[176,225],"uv_size":[12,5]},"up":{"uv":[172,213],"uv_size":[4,12]},"down":{"uv":[176,225],"uv_size":[4,-12]}}},{"origin":[-26,23.58579,13.65685],"size":[4,5,12],"pivot":[-23.5,23.58579,28.65685],"rotation":[45,0,0],"uv":{"north":{"uv":[176,225],"uv_size":[-4,5]},"east":{"uv":[188,225],"uv_size":[-12,5]},"south":{"uv":[192,225],"uv_size":[-4,5]},"west":{"uv":[172,225],"uv_size":[-12,5]},"up":{"uv":[176,213],"uv_size":[-4,12]},"down":{"uv":[180,225],"uv_size":[-4,-12]}}},{"origin":[12,20,41],"size":[6,8,4],"uv":{"north":{"uv":[117,179],"uv_size":[6,8]},"east":{"uv":[113,179],"uv_size":[4,8]},"south":{"uv":[127,179],"uv_size":[6,8]},"west":{"uv":[123,179],"uv_size":[4,8]},"up":{"uv":[117,175],"uv_size":[6,4]},"down":{"uv":[123,179],"uv_size":[6,-4]}}},{"origin":[-18,20,41],"size":[6,8,4],"uv":{"north":{"uv":[24,26],"uv_size":[6,8]},"east":{"uv":[20,26],"uv_size":[4,8]},"south":{"uv":[34,26],"uv_size":[6,8]},"west":{"uv":[30,26],"uv_size":[4,8]},"up":{"uv":[24,22],"uv_size":[6,4]},"down":{"uv":[30,26],"uv_size":[6,-4]}}},{"origin":[16.5,14.5,41],"size":[4,4,4],"uv":{"north":{"uv":[152,217],"uv_size":[4,4]},"east":{"uv":[148,217],"uv_size":[4,4]},"south":{"uv":[160,217],"uv_size":[4,4]},"west":{"uv":[156,217],"uv_size":[4,4]},"up":{"uv":[152,213],"uv_size":[4,4]},"down":{"uv":[156,217],"uv_size":[4,-4]}}},{"origin":[-20.5,14.5,41],"size":[4,4,4],"uv":{"north":{"uv":[156,207],"uv_size":[4,4]},"east":{"uv":[152,207],"uv_size":[4,4]},"south":{"uv":[164,207],"uv_size":[4,4]},"west":{"uv":[160,207],"uv_size":[4,4]},"up":{"uv":[156,203],"uv_size":[4,4]},"down":{"uv":[160,207],"uv_size":[4,-4]}}},{"origin":[-22,13,40],"size":[44,17,4],"uv":{"north":{"uv":[124,4],"uv_size":[44,17]},"east":{"uv":[120,4],"uv_size":[4,17]},"south":{"uv":[172,4],"uv_size":[44,17]},"west":{"uv":[168,4],"uv_size":[4,17]},"up":{"uv":[124,0],"uv_size":[44,4]},"down":{"uv":[168,4],"uv_size":[44,-4]}}}]},{"name":"krysha","parent":"zad","pivot":[-0.00391,45,16],"cubes":[{"origin":[-20.00391,44,-4],"size":[40,2,40],"uv":{"north":{"uv":[40,40],"uv_size":[40,2]},"east":{"uv":[0,40],"uv_size":[40,2]},"south":{"uv":[120,40],"uv_size":[40,2]},"west":{"uv":[80,40],"uv_size":[40,2]},"up":{"uv":[40,0],"uv_size":[40,40]},"down":{"uv":[80,40],"uv_size":[40,-40]}}}]},{"name":"niz","parent":"zad","pivot":[0,14.5,30],"cubes":[{"origin":[-13,8,20],"size":[26,12,20],"uv":{"north":{"uv":[112,129],"uv_size":[26,12]},"east":{"uv":[92,129],"uv_size":[20,12]},"south":{"uv":[158,129],"uv_size":[26,12]},"west":{"uv":[138,129],"uv_size":[20,12]},"up":{"uv":[112,109],"uv_size":[26,20]},"down":{"uv":[138,129],"uv_size":[26,-20]}}},{"origin":[-20,8,17],"size":[40,13,3],"uv":{"north":{"uv":[167,112],"uv_size":[40,13]},"east":{"uv":[164,112],"uv_size":[3,13]},"south":{"uv":[210,112],"uv_size":[40,13]},"west":{"uv":[207,112],"uv_size":[3,13]},"up":{"uv":[167,109],"uv_size":[40,3]},"down":{"uv":[207,112],"uv_size":[40,-3]}}},{"origin":[-20,20,20],"size":[40,1,21],"uv":{"north":{"uv":[128,108],"uv_size":[40,1]},"east":{"uv":[107,108],"uv_size":[21,1]},"south":{"uv":[189,108],"uv_size":[40,1]},"west":{"uv":[168,108],"uv_size":[21,1]},"up":{"uv":[128,87],"uv_size":[40,21]},"down":{"uv":[168,108],"uv_size":[40,-21]}}}]},{"name":"morda","parent":"body","pivot":[0,30.38431,-14.15],"cubes":[{"origin":[22,23.58579,-20.65685],"size":[4,5,12],"pivot":[23.5,23.58579,-23.65685],"rotation":[-45,0,0],"uv":{"north":{"uv":[72,222],"uv_size":[4,5]},"east":{"uv":[60,222],"uv_size":[12,5]},"south":{"uv":[88,222],"uv_size":[4,5]},"west":{"uv":[76,222],"uv_size":[12,5]},"up":{"uv":[72,210],"uv_size":[4,12]},"down":{"uv":[76,222],"uv_size":[4,-12]}}},{"origin":[-26,23.58579,-20.65685],"size":[4,5,12],"pivot":[-23.5,23.58579,-23.65685],"rotation":[-45,0,0],"uv":{"north":{"uv":[76,222],"uv_size":[-4,5]},"east":{"uv":[88,222],"uv_size":[-12,5]},"south":{"uv":[92,222],"uv_size":[-4,5]},"west":{"uv":[72,222],"uv_size":[-12,5]},"up":{"uv":[76,210],"uv_size":[-4,12]},"down":{"uv":[80,222],"uv_size":[-4,-12]}}},{"origin":[21.98438,20,-32],"size":[4,5,14],"uv":{"north":{"uv":[118,217],"uv_size":[4,5]},"east":{"uv":[104,217],"uv_size":[14,5]},"south":{"uv":[136,217],"uv_size":[4,5]},"west":{"uv":[122,217],"uv_size":[14,5]},"up":{"uv":[118,203],"uv_size":[4,14]},"down":{"uv":[122,217],"uv_size":[4,-14]}}},{"origin":[-25.98437,20,-32],"size":[4,5,14],"uv":{"north":{"uv":[122,217],"uv_size":[-4,5]},"east":{"uv":[136,217],"uv_size":[-14,5]},"south":{"uv":[140,217],"uv_size":[-4,5]},"west":{"uv":[118,217],"uv_size":[-14,5]},"up":{"uv":[122,203],"uv_size":[-4,14]},"down":{"uv":[126,217],"uv_size":[-4,-14]}}},{"origin":[22,23.58579,-41.34315],"size":[4,5,12],"pivot":[23.5,23.58579,-26.34315],"rotation":[45,0,0],"uv":{"north":{"uv":[221,186],"uv_size":[4,5]},"east":{"uv":[209,186],"uv_size":[12,5]},"south":{"uv":[237,186],"uv_size":[4,5]},"west":{"uv":[225,186],"uv_size":[12,5]},"up":{"uv":[221,174],"uv_size":[4,12]},"down":{"uv":[225,186],"uv_size":[4,-12]}}},{"origin":[-26,23.58579,-41.34315],"size":[4,5,12],"pivot":[-23.5,23.58579,-26.34315],"rotation":[45,0,0],"uv":{"north":{"uv":[225,186],"uv_size":[-4,5]},"east":{"uv":[237,186],"uv_size":[-12,5]},"south":{"uv":[241,186],"uv_size":[-4,5]},"west":{"uv":[221,186],"uv_size":[-12,5]},"up":{"uv":[225,174],"uv_size":[-4,12]},"down":{"uv":[229,186],"uv_size":[-4,-12]}}},{"origin":[-22,13,-39],"size":[44,17,4],"uv":{"north":{"uv":[115,46],"uv_size":[44,17]},"east":{"uv":[111,46],"uv_size":[4,17]},"south":{"uv":[163,46],"uv_size":[44,17]},"west":{"uv":[159,46],"uv_size":[4,17]},"up":{"uv":[115,42],"uv_size":[44,4]},"down":{"uv":[159,46],"uv_size":[44,-4]}}},{"origin":[9,20,-40],"size":[8,8,1],"uv":{"north":{"uv":[173,203],"uv_size":[8,8]},"east":{"uv":[172,203],"uv_size":[1,8]},"south":{"uv":[182,203],"uv_size":[8,8]},"west":{"uv":[181,203],"uv_size":[1,8]},"up":{"uv":[173,202],"uv_size":[8,1]},"down":{"uv":[181,203],"uv_size":[8,-1]}}},{"origin":[-17,20,-40],"size":[8,8,1],"uv":{"north":{"uv":[95,110],"uv_size":[8,8]},"east":{"uv":[94,110],"uv_size":[1,8]},"south":{"uv":[104,110],"uv_size":[8,8]},"west":{"uv":[103,110],"uv_size":[1,8]},"up":{"uv":[95,109],"uv_size":[8,1]},"down":{"uv":[103,110],"uv_size":[8,-1]}}},{"origin":[12,15,-40],"size":[5,3,1],"uv":{"north":{"uv":[1,27],"uv_size":[5,3]},"east":{"uv":[0,27],"uv_size":[1,3]},"south":{"uv":[7,27],"uv_size":[5,3]},"west":{"uv":[6,27],"uv_size":[1,3]},"up":{"uv":[1,26],"uv_size":[5,1]},"down":{"uv":[6,27],"uv_size":[5,-1]}}},{"origin":[-17,15,-40],"size":[5,3,1],"uv":{"north":{"uv":[1,23],"uv_size":[5,3]},"east":{"uv":[0,23],"uv_size":[1,3]},"south":{"uv":[7,23],"uv_size":[5,3]},"west":{"uv":[6,23],"uv_size":[1,3]},"up":{"uv":[1,22],"uv_size":[5,1]},"down":{"uv":[6,23],"uv_size":[5,-1]}}},{"origin":[-22,20,-35],"size":[44,10,20],"uv":{"north":{"uv":[20,98],"uv_size":[44,10]},"east":{"uv":[0,98],"uv_size":[20,10]},"south":{"uv":[84,98],"uv_size":[44,10]},"west":{"uv":[64,98],"uv_size":[20,10]},"up":{"uv":[20,78],"uv_size":[44,20]},"down":{"uv":[64,98],"uv_size":[44,-20]}}},{"origin":[-13,30,-35],"size":[26,1.5,20],"uv":{"north":{"uv":[142,83],"uv_size":[26,1]},"east":{"uv":[122,83],"uv_size":[20,1]},"south":{"uv":[188,83],"uv_size":[26,1]},"west":{"uv":[168,83],"uv_size":[20,1]},"up":{"uv":[142,63],"uv_size":[26,20]},"down":{"uv":[168,83],"uv_size":[26,-20]}}},{"origin":[-13,8,-35],"size":[26,22,20],"uv":{"north":{"uv":[20,128],"uv_size":[26,22]},"east":{"uv":[0,128],"uv_size":[20,22]},"south":{"uv":[66,128],"uv_size":[26,22]},"west":{"uv":[46,128],"uv_size":[20,22]},"up":{"uv":[20,108],"uv_size":[26,20]},"down":{"uv":[46,128],"uv_size":[26,-20]}}}]},{"name":"kabina","parent":"body","pivot":[0,19,-14.5],"cubes":[{"origin":[-20,8,-15],"size":[40,22,1],"uv":{"north":{"uv":[105,142],"uv_size":[40,22]},"east":{"uv":[104,142],"uv_size":[1,22]},"south":{"uv":[146,142],"uv_size":[40,22]},"west":{"uv":[145,142],"uv_size":[1,22]},"up":{"uv":[105,141],"uv_size":[40,1]},"down":{"uv":[145,142],"uv_size":[40,-1]}}},{"origin":[-20,22.49326,-7.86001],"size":[40,10,4],"pivot":[-2,2.49326,-1.86001],"rotation":[20,0,0],"uv":{"north":{"uv":[124,25],"uv_size":[40,10]},"east":{"uv":[120,25],"uv_size":[4,10]},"south":{"uv":[168,25],"uv_size":[40,10]},"west":{"uv":[164,25],"uv_size":[4,10]},"up":{"uv":[124,21],"uv_size":[40,4]},"down":{"uv":[164,25],"uv_size":[40,-4]}}},{"origin":[-20,8,-14],"size":[40,5,31],"uv":{"north":{"uv":[31,73],"uv_size":[40,5]},"east":{"uv":[0,73],"uv_size":[31,5]},"south":{"uv":[102,73],"uv_size":[40,5]},"west":{"uv":[71,73],"uv_size":[31,5]},"up":{"uv":[31,42],"uv_size":[40,31]},"down":{"uv":[71,73],"uv_size":[40,-31]}}},{"origin":[-3,13,-14],"size":[6,3,31],"uv":{"north":{"uv":[92,172],"uv_size":[6,3]},"east":{"uv":[61,172],"uv_size":[31,3]},"south":{"uv":[129,172],"uv_size":[6,3]},"west":{"uv":[98,172],"uv_size":[31,3]},"up":{"uv":[92,141],"uv_size":[6,31]},"down":{"uv":[98,172],"uv_size":[6,-31]}}},{"origin":[-3,16,-14],"size":[6,5,3],"uv":{"north":{"uv":[89,178],"uv_size":[6,5]},"east":{"uv":[86,178],"uv_size":[3,5]},"south":{"uv":[98,178],"uv_size":[6,5]},"west":{"uv":[95,178],"uv_size":[3,5]},"up":{"uv":[89,175],"uv_size":[6,3]},"down":{"uv":[95,178],"uv_size":[6,-3]}}},{"origin":[4,13,-6],"size":[13,5,11],"uv":{"north":{"uv":[201,136],"uv_size":[13,5]},"east":{"uv":[190,136],"uv_size":[11,5]},"south":{"uv":[225,136],"uv_size":[13,5]},"west":{"uv":[214,136],"uv_size":[11,5]},"up":{"uv":[201,125],"uv_size":[13,11]},"down":{"uv":[214,136],"uv_size":[13,-11]}}},{"origin":[-17,13,-6],"size":[13,5,11],"uv":{"north":{"uv":[183,197],"uv_size":[13,5]},"east":{"uv":[172,197],"uv_size":[11,5]},"south":{"uv":[207,197],"uv_size":[13,5]},"west":{"uv":[196,197],"uv_size":[11,5]},"up":{"uv":[183,186],"uv_size":[13,11]},"down":{"uv":[196,197],"uv_size":[13,-11]}}},{"origin":[4,13,2],"size":[13,20,4],"pivot":[10.5,13,5],"rotation":[-12.5,0,0],"uv":{"north":{"uv":[212,25],"uv_size":[13,20]},"east":{"uv":[208,25],"uv_size":[4,20]},"south":{"uv":[229,25],"uv_size":[13,20]},"west":{"uv":[225,25],"uv_size":[4,20]},"up":{"uv":[212,21],"uv_size":[13,4]},"down":{"uv":[225,25],"uv_size":[13,-4]}}},{"origin":[-17,13,2],"size":[13,20,4],"pivot":[-10.5,13,5],"rotation":[-12.5,0,0],"uv":{"north":{"uv":[201,206],"uv_size":[13,20]},"east":{"uv":[197,206],"uv_size":[4,20]},"south":{"uv":[218,206],"uv_size":[13,20]},"west":{"uv":[214,206],"uv_size":[4,20]},"up":{"uv":[201,202],"uv_size":[13,4]},"down":{"uv":[214,206],"uv_size":[13,-4]}}}]},{"name":"rulevaya","parent":"kabina","pivot":[10.5,25.30154,-12.2899],"rotation":[20,0,0]},{"name":"rule","parent":"rulevaya","pivot":[10.5,25.30154,-12.2899],"cubes":[{"origin":[8,19.30154,-8.2899],"size":[5,2,2],"pivot":[10.5,25.30154,-7.2899],"rotation":[0,0,-45],"uv":{"north":{"uv":[103,205],"uv_size":[5,2]},"east":{"uv":[101,205],"uv_size":[2,2]},"south":{"uv":[110,205],"uv_size":[5,2]},"west":{"uv":[108,205],"uv_size":[2,2]},"up":{"uv":[103,203],"uv_size":[5,2]},"down":{"uv":[108,205],"uv_size":[5,-2]}}},{"origin":[9.5,24.30154,-14.2899],"size":[2,2,6],"uv":{"north":{"uv":[190,131],"uv_size":[2,2]},"east":{"uv":[184,131],"uv_size":[6,2]},"south":{"uv":[198,131],"uv_size":[2,2]},"west":{"uv":[192,131],"uv_size":[6,2]},"up":{"uv":[190,125],"uv_size":[2,6]},"down":{"uv":[192,131],"uv_size":[2,-6]}}},{"origin":[8,29.30154,-8.2899],"size":[5,2,2],"uv":{"north":{"uv":[141,183],"uv_size":[5,2]},"east":{"uv":[139,183],"uv_size":[2,2]},"south":{"uv":[148,183],"uv_size":[5,2]},"west":{"uv":[146,183],"uv_size":[2,2]},"up":{"uv":[141,181],"uv_size":[5,2]},"down":{"uv":[146,183],"uv_size":[5,-2]}}},{"origin":[6.5,24.30154,-8.2899],"size":[8,2,1.75],"uv":{"north":{"uv":[1,71],"uv_size":[8,2]},"east":{"uv":[0,71],"uv_size":[1,2]},"south":{"uv":[10,71],"uv_size":[8,2]},"west":{"uv":[9,71],"uv_size":[1,2]},"up":{"uv":[1,70],"uv_size":[8,1]},"down":{"uv":[9,71],"uv_size":[8,-1]}}},{"origin":[8,19.30154,-8.2899],"size":[5,2,2],"uv":{"north":{"uv":[2,173],"uv_size":[5,2]},"east":{"uv":[0,173],"uv_size":[2,2]},"south":{"uv":[9,173],"uv_size":[5,2]},"west":{"uv":[7,173],"uv_size":[2,2]},"up":{"uv":[2,171],"uv_size":[5,2]},"down":{"uv":[7,173],"uv_size":[5,-2]}}},{"origin":[8,29.30154,-8.2899],"size":[5,2,2],"pivot":[10.5,25.30154,-7.2899],"rotation":[0,0,90],"uv":{"north":{"uv":[76,170],"uv_size":[5,2]},"east":{"uv":[74,170],"uv_size":[2,2]},"south":{"uv":[83,170],"uv_size":[5,2]},"west":{"uv":[81,170],"uv_size":[2,2]},"up":{"uv":[76,168],"uv_size":[5,2]},"down":{"uv":[81,170],"uv_size":[5,-2]}}},{"origin":[8,19.30154,-8.2899],"size":[5,2,2],"pivot":[10.5,25.30154,-7.2899],"rotation":[0,0,90],"uv":{"north":{"uv":[62,170],"uv_size":[5,2]},"east":{"uv":[60,170],"uv_size":[2,2]},"south":{"uv":[69,170],"uv_size":[5,2]},"west":{"uv":[67,170],"uv_size":[2,2]},"up":{"uv":[62,168],"uv_size":[5,2]},"down":{"uv":[67,170],"uv_size":[5,-2]}}},{"origin":[8,29.30154,-8.2899],"size":[5,2,2],"pivot":[10.5,25.30154,-7.2899],"rotation":[0,0,45],"uv":{"north":{"uv":[166,127],"uv_size":[5,2]},"east":{"uv":[164,127],"uv_size":[2,2]},"south":{"uv":[173,127],"uv_size":[5,2]},"west":{"uv":[171,127],"uv_size":[2,2]},"up":{"uv":[166,125],"uv_size":[5,2]},"down":{"uv":[171,127],"uv_size":[5,-2]}}},{"origin":[8,19.30154,-8.2899],"size":[5,2,2],"pivot":[10.5,25.30154,-7.2899],"rotation":[0,0,45],"uv":{"north":{"uv":[124,80],"uv_size":[5,2]},"east":{"uv":[122,80],"uv_size":[2,2]},"south":{"uv":[131,80],"uv_size":[5,2]},"west":{"uv":[129,80],"uv_size":[2,2]},"up":{"uv":[124,78],"uv_size":[5,2]},"down":{"uv":[129,80],"uv_size":[5,-2]}}},{"origin":[8,29.30154,-8.2899],"size":[5,2,2],"pivot":[10.5,25.30154,-7.2899],"rotation":[0,0,-45],"uv":{"north":{"uv":[96,120],"uv_size":[5,2]},"east":{"uv":[94,120],"uv_size":[2,2]},"south":{"uv":[103,120],"uv_size":[5,2]},"west":{"uv":[101,120],"uv_size":[2,2]},"up":{"uv":[96,118],"uv_size":[5,2]},"down":{"uv":[101,120],"uv_size":[5,-2]}}}]},{"name":"leftArm","parent":"body","pivot":[19,9.5,-25],"cubes":[{"origin":[14,15,-26.88672],"size":[10,4,3.76953],"uv":{"north":{"uv":[245,41],"uv_size":[10,4]},"east":{"uv":[242,41],"uv_size":[3,4]},"south":{"uv":[258,41],"uv_size":[10,4]},"west":{"uv":[255,41],"uv_size":[3,4]},"up":{"uv":[245,38],"uv_size":[10,3]},"down":{"uv":[255,41],"uv_size":[10,-3]}}},{"origin":[15,4,-30.88672],"size":[8,11,11.76953],"uv":{"north":{"uv":[11,209],"uv_size":[8,11]},"east":{"uv":[0,209],"uv_size":[11,11]},"south":{"uv":[30,209],"uv_size":[8,11]},"west":{"uv":[19,209],"uv_size":[11,11]},"up":{"uv":[11,198],"uv_size":[8,11]},"down":{"uv":[19,209],"uv_size":[8,-11]}}},{"origin":[14,0,-26.88672],"size":[10,4,3.76953],"uv":{"north":{"uv":[245,34],"uv_size":[10,4]},"east":{"uv":[242,34],"uv_size":[3,4]},"south":{"uv":[258,34],"uv_size":[10,4]},"west":{"uv":[255,34],"uv_size":[3,4]},"up":{"uv":[245,31],"uv_size":[10,3]},"down":{"uv":[255,34],"uv_size":[10,-3]}}},{"origin":[14,15,-26.88672],"size":[10,4,3.76953],"pivot":[19,9.5,-25],"rotation":[-90,0,0],"uv":{"north":{"uv":[245,27],"uv_size":[10,4]},"east":{"uv":[242,27],"uv_size":[3,4]},"south":{"uv":[258,27],"uv_size":[10,4]},"west":{"uv":[255,27],"uv_size":[3,4]},"up":{"uv":[245,24],"uv_size":[10,3]},"down":{"uv":[255,27],"uv_size":[10,-3]}}},{"origin":[14,0,-26.88672],"size":[10,4,3.76953],"pivot":[19,9.5,-25],"rotation":[-90,0,0],"uv":{"north":{"uv":[78,244],"uv_size":[10,4]},"east":{"uv":[75,244],"uv_size":[3,4]},"south":{"uv":[91,244],"uv_size":[10,4]},"west":{"uv":[88,244],"uv_size":[3,4]},"up":{"uv":[78,241],"uv_size":[10,3]},"down":{"uv":[88,244],"uv_size":[10,-3]}}},{"origin":[14,15,-26.88672],"size":[10,4,3.76953],"pivot":[19,9.5,-25],"rotation":[-45,0,0],"uv":{"north":{"uv":[29,244],"uv_size":[10,4]},"east":{"uv":[26,244],"uv_size":[3,4]},"south":{"uv":[42,244],"uv_size":[10,4]},"west":{"uv":[39,244],"uv_size":[3,4]},"up":{"uv":[29,241],"uv_size":[10,3]},"down":{"uv":[39,244],"uv_size":[10,-3]}}},{"origin":[14,0,-26.88672],"size":[10,4,3.76953],"pivot":[19,9.5,-25],"rotation":[-45,0,0],"uv":{"north":{"uv":[205,243],"uv_size":[10,4]},"east":{"uv":[202,243],"uv_size":[3,4]},"south":{"uv":[218,243],"uv_size":[10,4]},"west":{"uv":[215,243],"uv_size":[3,4]},"up":{"uv":[205,240],"uv_size":[10,3]},"down":{"uv":[215,243],"uv_size":[10,-3]}}},{"origin":[14,15,-26.88672],"size":[10,4,3.76953],"pivot":[19,9.5,-25],"rotation":[45,0,0],"uv":{"north":{"uv":[179,242],"uv_size":[10,4]},"east":{"uv":[176,242],"uv_size":[3,4]},"south":{"uv":[192,242],"uv_size":[10,4]},"west":{"uv":[189,242],"uv_size":[3,4]},"up":{"uv":[179,239],"uv_size":[10,3]},"down":{"uv":[189,242],"uv_size":[10,-3]}}},{"origin":[14,0,-26.88672],"size":[10,4,3.76953],"pivot":[19,9.5,-25],"rotation":[45,0,0],"uv":{"north":{"uv":[153,242],"uv_size":[10,4]},"east":{"uv":[150,242],"uv_size":[3,4]},"south":{"uv":[166,242],"uv_size":[10,4]},"west":{"uv":[163,242],"uv_size":[3,4]},"up":{"uv":[153,239],"uv_size":[10,3]},"down":{"uv":[163,242],"uv_size":[10,-3]}}},{"origin":[14,15,-26.88672],"size":[10,4,3.76953],"pivot":[19,9.5,-25],"rotation":[-22.5,0,0],"uv":{"north":{"uv":[241,135],"uv_size":[10,4]},"east":{"uv":[238,135],"uv_size":[3,4]},"south":{"uv":[254,135],"uv_size":[10,4]},"west":{"uv":[251,135],"uv_size":[3,4]},"up":{"uv":[241,132],"uv_size":[10,3]},"down":{"uv":[251,135],"uv_size":[10,-3]}}},{"origin":[14,0,-26.88672],"size":[10,4,3.76953],"pivot":[19,9.5,-25],"rotation":[-22.5,0,0],"uv":{"north":{"uv":[241,20],"uv_size":[10,4]},"east":{"uv":[238,20],"uv_size":[3,4]},"south":{"uv":[254,20],"uv_size":[10,4]},"west":{"uv":[251,20],"uv_size":[3,4]},"up":{"uv":[241,17],"uv_size":[10,3]},"down":{"uv":[251,20],"uv_size":[10,-3]}}},{"origin":[14,15,-26.88672],"size":[10,4,3.76953],"pivot":[19,9.5,-25],"rotation":[22.5,0,0],"uv":{"north":{"uv":[3,241],"uv_size":[10,4]},"east":{"uv":[0,241],"uv_size":[3,4]},"south":{"uv":[16,241],"uv_size":[10,4]},"west":{"uv":[13,241],"uv_size":[3,4]},"up":{"uv":[3,238],"uv_size":[10,3]},"down":{"uv":[13,241],"uv_size":[10,-3]}}},{"origin":[14,0,-26.88672],"size":[10,4,3.76953],"pivot":[19,9.5,-25],"rotation":[22.5,0,0],"uv":{"north":{"uv":[239,240],"uv_size":[10,4]},"east":{"uv":[236,240],"uv_size":[3,4]},"south":{"uv":[252,240],"uv_size":[10,4]},"west":{"uv":[249,240],"uv_size":[3,4]},"up":{"uv":[239,237],"uv_size":[10,3]},"down":{"uv":[249,240],"uv_size":[10,-3]}}},{"origin":[14,15,-26.88672],"size":[10,4,3.76953],"pivot":[19,9.5,-25],"rotation":[-67.5,0,0],"uv":{"north":{"uv":[127,240],"uv_size":[10,4]},"east":{"uv":[124,240],"uv_size":[3,4]},"south":{"uv":[140,240],"uv_size":[10,4]},"west":{"uv":[137,240],"uv_size":[3,4]},"up":{"uv":[127,237],"uv_size":[10,3]},"down":{"uv":[137,240],"uv_size":[10,-3]}}},{"origin":[14,0,-26.88672],"size":[10,4,3.76953],"pivot":[19,9.5,-25],"rotation":[-67.5,0,0],"uv":{"north":{"uv":[101,240],"uv_size":[10,4]},"east":{"uv":[98,240],"uv_size":[3,4]},"south":{"uv":[114,240],"uv_size":[10,4]},"west":{"uv":[111,240],"uv_size":[3,4]},"up":{"uv":[101,237],"uv_size":[10,3]},"down":{"uv":[111,240],"uv_size":[10,-3]}}},{"origin":[14,15,-26.88672],"size":[10,4,3.76953],"pivot":[19,9.5,-25],"rotation":[67.5,0,0],"uv":{"north":{"uv":[239,229],"uv_size":[10,4]},"east":{"uv":[236,229],"uv_size":[3,4]},"south":{"uv":[252,229],"uv_size":[10,4]},"west":{"uv":[249,229],"uv_size":[3,4]},"up":{"uv":[239,226],"uv_size":[10,3]},"down":{"uv":[249,229],"uv_size":[10,-3]}}},{"origin":[14,0,-26.88672],"size":[10,4,3.76953],"pivot":[19,9.5,-25],"rotation":[67.5,0,0],"uv":{"north":{"uv":[55,239],"uv_size":[10,4]},"east":{"uv":[52,239],"uv_size":[3,4]},"south":{"uv":[68,239],"uv_size":[10,4]},"west":{"uv":[65,239],"uv_size":[3,4]},"up":{"uv":[55,236],"uv_size":[10,3]},"down":{"uv":[65,239],"uv_size":[10,-3]}}}]},{"name":"rightArm","parent":"body","pivot":[-19,9.5,-25],"cubes":[{"origin":[-24,15,-26.88672],"size":[10,4,3.76953],"uv":{"north":{"uv":[255,41],"uv_size":[-10,4]},"east":{"uv":[258,41],"uv_size":[-3,4]},"south":{"uv":[268,41],"uv_size":[-10,4]},"west":{"uv":[245,41],"uv_size":[-3,4]},"up":{"uv":[255,38],"uv_size":[-10,3]},"down":{"uv":[265,41],"uv_size":[-10,-3]}}},{"origin":[-23,4,-30.88672],"size":[8,11,11.76953],"uv":{"north":{"uv":[19,209],"uv_size":[-8,11]},"east":{"uv":[30,209],"uv_size":[-11,11]},"south":{"uv":[38,209],"uv_size":[-8,11]},"west":{"uv":[11,209],"uv_size":[-11,11]},"up":{"uv":[19,198],"uv_size":[-8,11]},"down":{"uv":[27,209],"uv_size":[-8,-11]}}},{"origin":[-24,0,-26.88672],"size":[10,4,3.76953],"uv":{"north":{"uv":[255,34],"uv_size":[-10,4]},"east":{"uv":[258,34],"uv_size":[-3,4]},"south":{"uv":[268,34],"uv_size":[-10,4]},"west":{"uv":[245,34],"uv_size":[-3,4]},"up":{"uv":[255,31],"uv_size":[-10,3]},"down":{"uv":[265,34],"uv_size":[-10,-3]}}},{"origin":[-24,15,-26.88672],"size":[10,4,3.76953],"pivot":[-19,9.5,-25],"rotation":[-90,0,0],"uv":{"north":{"uv":[255,27],"uv_size":[-10,4]},"east":{"uv":[258,27],"uv_size":[-3,4]},"south":{"uv":[268,27],"uv_size":[-10,4]},"west":{"uv":[245,27],"uv_size":[-3,4]},"up":{"uv":[255,24],"uv_size":[-10,3]},"down":{"uv":[265,27],"uv_size":[-10,-3]}}},{"origin":[-24,0,-26.88672],"size":[10,4,3.76953],"pivot":[-19,9.5,-25],"rotation":[-90,0,0],"uv":{"north":{"uv":[88,244],"uv_size":[-10,4]},"east":{"uv":[91,244],"uv_size":[-3,4]},"south":{"uv":[101,244],"uv_size":[-10,4]},"west":{"uv":[78,244],"uv_size":[-3,4]},"up":{"uv":[88,241],"uv_size":[-10,3]},"down":{"uv":[98,244],"uv_size":[-10,-3]}}},{"origin":[-24,15,-26.88672],"size":[10,4,3.76953],"pivot":[-19,9.5,-25],"rotation":[-45,0,0],"uv":{"north":{"uv":[39,244],"uv_size":[-10,4]},"east":{"uv":[42,244],"uv_size":[-3,4]},"south":{"uv":[52,244],"uv_size":[-10,4]},"west":{"uv":[29,244],"uv_size":[-3,4]},"up":{"uv":[39,241],"uv_size":[-10,3]},"down":{"uv":[49,244],"uv_size":[-10,-3]}}},{"origin":[-24,0,-26.88672],"size":[10,4,3.76953],"pivot":[-19,9.5,-25],"rotation":[-45,0,0],"uv":{"north":{"uv":[215,243],"uv_size":[-10,4]},"east":{"uv":[218,243],"uv_size":[-3,4]},"south":{"uv":[228,243],"uv_size":[-10,4]},"west":{"uv":[205,243],"uv_size":[-3,4]},"up":{"uv":[215,240],"uv_size":[-10,3]},"down":{"uv":[225,243],"uv_size":[-10,-3]}}},{"origin":[-24,15,-26.88672],"size":[10,4,3.76953],"pivot":[-19,9.5,-25],"rotation":[45,0,0],"uv":{"north":{"uv":[189,242],"uv_size":[-10,4]},"east":{"uv":[192,242],"uv_size":[-3,4]},"south":{"uv":[202,242],"uv_size":[-10,4]},"west":{"uv":[179,242],"uv_size":[-3,4]},"up":{"uv":[189,239],"uv_size":[-10,3]},"down":{"uv":[199,242],"uv_size":[-10,-3]}}},{"origin":[-24,0,-26.88672],"size":[10,4,3.76953],"pivot":[-19,9.5,-25],"rotation":[45,0,0],"uv":{"north":{"uv":[163,242],"uv_size":[-10,4]},"east":{"uv":[166,242],"uv_size":[-3,4]},"south":{"uv":[176,242],"uv_size":[-10,4]},"west":{"uv":[153,242],"uv_size":[-3,4]},"up":{"uv":[163,239],"uv_size":[-10,3]},"down":{"uv":[173,242],"uv_size":[-10,-3]}}},{"origin":[-24,15,-26.88672],"size":[10,4,3.76953],"pivot":[-19,9.5,-25],"rotation":[-22.5,0,0],"uv":{"north":{"uv":[251,135],"uv_size":[-10,4]},"east":{"uv":[254,135],"uv_size":[-3,4]},"south":{"uv":[264,135],"uv_size":[-10,4]},"west":{"uv":[241,135],"uv_size":[-3,4]},"up":{"uv":[251,132],"uv_size":[-10,3]},"down":{"uv":[261,135],"uv_size":[-10,-3]}}},{"origin":[-24,0,-26.88672],"size":[10,4,3.76953],"pivot":[-19,9.5,-25],"rotation":[-22.5,0,0],"uv":{"north":{"uv":[251,20],"uv_size":[-10,4]},"east":{"uv":[254,20],"uv_size":[-3,4]},"south":{"uv":[264,20],"uv_size":[-10,4]},"west":{"uv":[241,20],"uv_size":[-3,4]},"up":{"uv":[251,17],"uv_size":[-10,3]},"down":{"uv":[261,20],"uv_size":[-10,-3]}}},{"origin":[-24,15,-26.88672],"size":[10,4,3.76953],"pivot":[-19,9.5,-25],"rotation":[22.5,0,0],"uv":{"north":{"uv":[13,241],"uv_size":[-10,4]},"east":{"uv":[16,241],"uv_size":[-3,4]},"south":{"uv":[26,241],"uv_size":[-10,4]},"west":{"uv":[3,241],"uv_size":[-3,4]},"up":{"uv":[13,238],"uv_size":[-10,3]},"down":{"uv":[23,241],"uv_size":[-10,-3]}}},{"origin":[-24,0,-26.88672],"size":[10,4,3.76953],"pivot":[-19,9.5,-25],"rotation":[22.5,0,0],"uv":{"north":{"uv":[249,240],"uv_size":[-10,4]},"east":{"uv":[252,240],"uv_size":[-3,4]},"south":{"uv":[262,240],"uv_size":[-10,4]},"west":{"uv":[239,240],"uv_size":[-3,4]},"up":{"uv":[249,237],"uv_size":[-10,3]},"down":{"uv":[259,240],"uv_size":[-10,-3]}}},{"origin":[-24,15,-26.88672],"size":[10,4,3.76953],"pivot":[-19,9.5,-25],"rotation":[-67.5,0,0],"uv":{"north":{"uv":[137,240],"uv_size":[-10,4]},"east":{"uv":[140,240],"uv_size":[-3,4]},"south":{"uv":[150,240],"uv_size":[-10,4]},"west":{"uv":[127,240],"uv_size":[-3,4]},"up":{"uv":[137,237],"uv_size":[-10,3]},"down":{"uv":[147,240],"uv_size":[-10,-3]}}},{"origin":[-24,0,-26.88672],"size":[10,4,3.76953],"pivot":[-19,9.5,-25],"rotation":[-67.5,0,0],"uv":{"north":{"uv":[111,240],"uv_size":[-10,4]},"east":{"uv":[114,240],"uv_size":[-3,4]},"south":{"uv":[124,240],"uv_size":[-10,4]},"west":{"uv":[101,240],"uv_size":[-3,4]},"up":{"uv":[111,237],"uv_size":[-10,3]},"down":{"uv":[121,240],"uv_size":[-10,-3]}}},{"origin":[-24,15,-26.88672],"size":[10,4,3.76953],"pivot":[-19,9.5,-25],"rotation":[67.5,0,0],"uv":{"north":{"uv":[249,229],"uv_size":[-10,4]},"east":{"uv":[252,229],"uv_size":[-3,4]},"south":{"uv":[262,229],"uv_size":[-10,4]},"west":{"uv":[239,229],"uv_size":[-3,4]},"up":{"uv":[249,226],"uv_size":[-10,3]},"down":{"uv":[259,229],"uv_size":[-10,-3]}}},{"origin":[-24,0,-26.88672],"size":[10,4,3.76953],"pivot":[-19,9.5,-25],"rotation":[67.5,0,0],"uv":{"north":{"uv":[65,239],"uv_size":[-10,4]},"east":{"uv":[68,239],"uv_size":[-3,4]},"south":{"uv":[78,239],"uv_size":[-10,4]},"west":{"uv":[55,239],"uv_size":[-3,4]},"up":{"uv":[65,236],"uv_size":[-10,3]},"down":{"uv":[75,239],"uv_size":[-10,-3]}}}]},{"name":"leftLeg","parent":"body","pivot":[19,9.5,30],"cubes":[{"origin":[14,15,28.11328],"size":[10,4,3.76953],"uv":{"north":{"uv":[245,41],"uv_size":[10,4]},"east":{"uv":[242,41],"uv_size":[3,4]},"south":{"uv":[258,41],"uv_size":[10,4]},"west":{"uv":[255,41],"uv_size":[3,4]},"up":{"uv":[245,38],"uv_size":[10,3]},"down":{"uv":[255,41],"uv_size":[10,-3]}}},{"origin":[15,4,24.11328],"size":[8,11,11.76953],"uv":{"north":{"uv":[11,209],"uv_size":[8,11]},"east":{"uv":[0,209],"uv_size":[11,11]},"south":{"uv":[30,209],"uv_size":[8,11]},"west":{"uv":[19,209],"uv_size":[11,11]},"up":{"uv":[11,198],"uv_size":[8,11]},"down":{"uv":[19,209],"uv_size":[8,-11]}}},{"origin":[14,0,28.11328],"size":[10,4,3.76953],"uv":{"north":{"uv":[245,34],"uv_size":[10,4]},"east":{"uv":[242,34],"uv_size":[3,4]},"south":{"uv":[258,34],"uv_size":[10,4]},"west":{"uv":[255,34],"uv_size":[3,4]},"up":{"uv":[245,31],"uv_size":[10,3]},"down":{"uv":[255,34],"uv_size":[10,-3]}}},{"origin":[14,15,28.11328],"size":[10,4,3.76953],"pivot":[19,9.5,30],"rotation":[-90,0,0],"uv":{"north":{"uv":[245,27],"uv_size":[10,4]},"east":{"uv":[242,27],"uv_size":[3,4]},"south":{"uv":[258,27],"uv_size":[10,4]},"west":{"uv":[255,27],"uv_size":[3,4]},"up":{"uv":[245,24],"uv_size":[10,3]},"down":{"uv":[255,27],"uv_size":[10,-3]}}},{"origin":[14,0,28.11328],"size":[10,4,3.76953],"pivot":[19,9.5,30],"rotation":[-90,0,0],"uv":{"north":{"uv":[78,244],"uv_size":[10,4]},"east":{"uv":[75,244],"uv_size":[3,4]},"south":{"uv":[91,244],"uv_size":[10,4]},"west":{"uv":[88,244],"uv_size":[3,4]},"up":{"uv":[78,241],"uv_size":[10,3]},"down":{"uv":[88,244],"uv_size":[10,-3]}}},{"origin":[14,15,28.11328],"size":[10,4,3.76953],"pivot":[19,9.5,30],"rotation":[-45,0,0],"uv":{"north":{"uv":[29,244],"uv_size":[10,4]},"east":{"uv":[26,244],"uv_size":[3,4]},"south":{"uv":[42,244],"uv_size":[10,4]},"west":{"uv":[39,244],"uv_size":[3,4]},"up":{"uv":[29,241],"uv_size":[10,3]},"down":{"uv":[39,244],"uv_size":[10,-3]}}},{"origin":[14,0,28.11328],"size":[10,4,3.76953],"pivot":[19,9.5,30],"rotation":[-45,0,0],"uv":{"north":{"uv":[205,243],"uv_size":[10,4]},"east":{"uv":[202,243],"uv_size":[3,4]},"south":{"uv":[218,243],"uv_size":[10,4]},"west":{"uv":[215,243],"uv_size":[3,4]},"up":{"uv":[205,240],"uv_size":[10,3]},"down":{"uv":[215,243],"uv_size":[10,-3]}}},{"origin":[14,15,28.11328],"size":[10,4,3.76953],"pivot":[19,9.5,30],"rotation":[45,0,0],"uv":{"north":{"uv":[179,242],"uv_size":[10,4]},"east":{"uv":[176,242],"uv_size":[3,4]},"south":{"uv":[192,242],"uv_size":[10,4]},"west":{"uv":[189,242],"uv_size":[3,4]},"up":{"uv":[179,239],"uv_size":[10,3]},"down":{"uv":[189,242],"uv_size":[10,-3]}}},{"origin":[14,0,28.11328],"size":[10,4,3.76953],"pivot":[19,9.5,30],"rotation":[45,0,0],"uv":{"north":{"uv":[153,242],"uv_size":[10,4]},"east":{"uv":[150,242],"uv_size":[3,4]},"south":{"uv":[166,242],"uv_size":[10,4]},"west":{"uv":[163,242],"uv_size":[3,4]},"up":{"uv":[153,239],"uv_size":[10,3]},"down":{"uv":[163,242],"uv_size":[10,-3]}}},{"origin":[14,15,28.11328],"size":[10,4,3.76953],"pivot":[19,9.5,30],"rotation":[-22.5,0,0],"uv":{"north":{"uv":[241,135],"uv_size":[10,4]},"east":{"uv":[238,135],"uv_size":[3,4]},"south":{"uv":[254,135],"uv_size":[10,4]},"west":{"uv":[251,135],"uv_size":[3,4]},"up":{"uv":[241,132],"uv_size":[10,3]},"down":{"uv":[251,135],"uv_size":[10,-3]}}},{"origin":[14,0,28.11328],"size":[10,4,3.76953],"pivot":[19,9.5,30],"rotation":[-22.5,0,0],"uv":{"north":{"uv":[241,20],"uv_size":[10,4]},"east":{"uv":[238,20],"uv_size":[3,4]},"south":{"uv":[254,20],"uv_size":[10,4]},"west":{"uv":[251,20],"uv_size":[3,4]},"up":{"uv":[241,17],"uv_size":[10,3]},"down":{"uv":[251,20],"uv_size":[10,-3]}}},{"origin":[14,15,28.11328],"size":[10,4,3.76953],"pivot":[19,9.5,30],"rotation":[22.5,0,0],"uv":{"north":{"uv":[3,241],"uv_size":[10,4]},"east":{"uv":[0,241],"uv_size":[3,4]},"south":{"uv":[16,241],"uv_size":[10,4]},"west":{"uv":[13,241],"uv_size":[3,4]},"up":{"uv":[3,238],"uv_size":[10,3]},"down":{"uv":[13,241],"uv_size":[10,-3]}}},{"origin":[14,0,28.11328],"size":[10,4,3.76953],"pivot":[19,9.5,30],"rotation":[22.5,0,0],"uv":{"north":{"uv":[239,240],"uv_size":[10,4]},"east":{"uv":[236,240],"uv_size":[3,4]},"south":{"uv":[252,240],"uv_size":[10,4]},"west":{"uv":[249,240],"uv_size":[3,4]},"up":{"uv":[239,237],"uv_size":[10,3]},"down":{"uv":[249,240],"uv_size":[10,-3]}}},{"origin":[14,15,28.11328],"size":[10,4,3.76953],"pivot":[19,9.5,30],"rotation":[-67.5,0,0],"uv":{"north":{"uv":[127,240],"uv_size":[10,4]},"east":{"uv":[124,240],"uv_size":[3,4]},"south":{"uv":[140,240],"uv_size":[10,4]},"west":{"uv":[137,240],"uv_size":[3,4]},"up":{"uv":[127,237],"uv_size":[10,3]},"down":{"uv":[137,240],"uv_size":[10,-3]}}},{"origin":[14,0,28.11328],"size":[10,4,3.76953],"pivot":[19,9.5,30],"rotation":[-67.5,0,0],"uv":{"north":{"uv":[101,240],"uv_size":[10,4]},"east":{"uv":[98,240],"uv_size":[3,4]},"south":{"uv":[114,240],"uv_size":[10,4]},"west":{"uv":[111,240],"uv_size":[3,4]},"up":{"uv":[101,237],"uv_size":[10,3]},"down":{"uv":[111,240],"uv_size":[10,-3]}}},{"origin":[14,15,28.11328],"size":[10,4,3.76953],"pivot":[19,9.5,30],"rotation":[67.5,0,0],"uv":{"north":{"uv":[239,229],"uv_size":[10,4]},"east":{"uv":[236,229],"uv_size":[3,4]},"south":{"uv":[252,229],"uv_size":[10,4]},"west":{"uv":[249,229],"uv_size":[3,4]},"up":{"uv":[239,226],"uv_size":[10,3]},"down":{"uv":[249,229],"uv_size":[10,-3]}}},{"origin":[14,0,28.11328],"size":[10,4,3.76953],"pivot":[19,9.5,30],"rotation":[67.5,0,0],"uv":{"north":{"uv":[55,239],"uv_size":[10,4]},"east":{"uv":[52,239],"uv_size":[3,4]},"south":{"uv":[68,239],"uv_size":[10,4]},"west":{"uv":[65,239],"uv_size":[3,4]},"up":{"uv":[55,236],"uv_size":[10,3]},"down":{"uv":[65,239],"uv_size":[10,-3]}}}]},{"name":"rightLeg","parent":"body","pivot":[-19,9.5,30],"cubes":[{"origin":[-24,15,28.11328],"size":[10,4,3.76953],"uv":{"north":{"uv":[255,41],"uv_size":[-10,4]},"east":{"uv":[258,41],"uv_size":[-3,4]},"south":{"uv":[268,41],"uv_size":[-10,4]},"west":{"uv":[245,41],"uv_size":[-3,4]},"up":{"uv":[255,38],"uv_size":[-10,3]},"down":{"uv":[265,41],"uv_size":[-10,-3]}}},{"origin":[-23,4,24.11328],"size":[8,11,11.76953],"uv":{"north":{"uv":[19,209],"uv_size":[-8,11]},"east":{"uv":[30,209],"uv_size":[-11,11]},"south":{"uv":[38,209],"uv_size":[-8,11]},"west":{"uv":[11,209],"uv_size":[-11,11]},"up":{"uv":[19,198],"uv_size":[-8,11]},"down":{"uv":[27,209],"uv_size":[-8,-11]}}},{"origin":[-24,0,28.11328],"size":[10,4,3.76953],"uv":{"north":{"uv":[255,34],"uv_size":[-10,4]},"east":{"uv":[258,34],"uv_size":[-3,4]},"south":{"uv":[268,34],"uv_size":[-10,4]},"west":{"uv":[245,34],"uv_size":[-3,4]},"up":{"uv":[255,31],"uv_size":[-10,3]},"down":{"uv":[265,34],"uv_size":[-10,-3]}}},{"origin":[-24,15,28.11328],"size":[10,4,3.76953],"pivot":[-19,9.5,30],"rotation":[-90,0,0],"uv":{"north":{"uv":[255,27],"uv_size":[-10,4]},"east":{"uv":[258,27],"uv_size":[-3,4]},"south":{"uv":[268,27],"uv_size":[-10,4]},"west":{"uv":[245,27],"uv_size":[-3,4]},"up":{"uv":[255,24],"uv_size":[-10,3]},"down":{"uv":[265,27],"uv_size":[-10,-3]}}},{"origin":[-24,0,28.11328],"size":[10,4,3.76953],"pivot":[-19,9.5,30],"rotation":[-90,0,0],"uv":{"north":{"uv":[88,244],"uv_size":[-10,4]},"east":{"uv":[91,244],"uv_size":[-3,4]},"south":{"uv":[101,244],"uv_size":[-10,4]},"west":{"uv":[78,244],"uv_size":[-3,4]},"up":{"uv":[88,241],"uv_size":[-10,3]},"down":{"uv":[98,244],"uv_size":[-10,-3]}}},{"origin":[-24,15,28.11328],"size":[10,4,3.76953],"pivot":[-19,9.5,30],"rotation":[-45,0,0],"uv":{"north":{"uv":[39,244],"uv_size":[-10,4]},"east":{"uv":[42,244],"uv_size":[-3,4]},"south":{"uv":[52,244],"uv_size":[-10,4]},"west":{"uv":[29,244],"uv_size":[-3,4]},"up":{"uv":[39,241],"uv_size":[-10,3]},"down":{"uv":[49,244],"uv_size":[-10,-3]}}},{"origin":[-24,0,28.11328],"size":[10,4,3.76953],"pivot":[-19,9.5,30],"rotation":[-45,0,0],"uv":{"north":{"uv":[215,243],"uv_size":[-10,4]},"east":{"uv":[218,243],"uv_size":[-3,4]},"south":{"uv":[228,243],"uv_size":[-10,4]},"west":{"uv":[205,243],"uv_size":[-3,4]},"up":{"uv":[215,240],"uv_size":[-10,3]},"down":{"uv":[225,243],"uv_size":[-10,-3]}}},{"origin":[-24,15,28.11328],"size":[10,4,3.76953],"pivot":[-19,9.5,30],"rotation":[45,0,0],"uv":{"north":{"uv":[189,242],"uv_size":[-10,4]},"east":{"uv":[192,242],"uv_size":[-3,4]},"south":{"uv":[202,242],"uv_size":[-10,4]},"west":{"uv":[179,242],"uv_size":[-3,4]},"up":{"uv":[189,239],"uv_size":[-10,3]},"down":{"uv":[199,242],"uv_size":[-10,-3]}}},{"origin":[-24,0,28.11328],"size":[10,4,3.76953],"pivot":[-19,9.5,30],"rotation":[45,0,0],"uv":{"north":{"uv":[163,242],"uv_size":[-10,4]},"east":{"uv":[166,242],"uv_size":[-3,4]},"south":{"uv":[176,242],"uv_size":[-10,4]},"west":{"uv":[153,242],"uv_size":[-3,4]},"up":{"uv":[163,239],"uv_size":[-10,3]},"down":{"uv":[173,242],"uv_size":[-10,-3]}}},{"origin":[-24,15,28.11328],"size":[10,4,3.76953],"pivot":[-19,9.5,30],"rotation":[-22.5,0,0],"uv":{"north":{"uv":[251,135],"uv_size":[-10,4]},"east":{"uv":[254,135],"uv_size":[-3,4]},"south":{"uv":[264,135],"uv_size":[-10,4]},"west":{"uv":[241,135],"uv_size":[-3,4]},"up":{"uv":[251,132],"uv_size":[-10,3]},"down":{"uv":[261,135],"uv_size":[-10,-3]}}},{"origin":[-24,0,28.11328],"size":[10,4,3.76953],"pivot":[-19,9.5,30],"rotation":[-22.5,0,0],"uv":{"north":{"uv":[251,20],"uv_size":[-10,4]},"east":{"uv":[254,20],"uv_size":[-3,4]},"south":{"uv":[264,20],"uv_size":[-10,4]},"west":{"uv":[241,20],"uv_size":[-3,4]},"up":{"uv":[251,17],"uv_size":[-10,3]},"down":{"uv":[261,20],"uv_size":[-10,-3]}}},{"origin":[-24,15,28.11328],"size":[10,4,3.76953],"pivot":[-19,9.5,30],"rotation":[22.5,0,0],"uv":{"north":{"uv":[13,241],"uv_size":[-10,4]},"east":{"uv":[16,241],"uv_size":[-3,4]},"south":{"uv":[26,241],"uv_size":[-10,4]},"west":{"uv":[3,241],"uv_size":[-3,4]},"up":{"uv":[13,238],"uv_size":[-10,3]},"down":{"uv":[23,241],"uv_size":[-10,-3]}}},{"origin":[-24,0,28.11328],"size":[10,4,3.76953],"pivot":[-19,9.5,30],"rotation":[22.5,0,0],"uv":{"north":{"uv":[249,240],"uv_size":[-10,4]},"east":{"uv":[252,240],"uv_size":[-3,4]},"south":{"uv":[262,240],"uv_size":[-10,4]},"west":{"uv":[239,240],"uv_size":[-3,4]},"up":{"uv":[249,237],"uv_size":[-10,3]},"down":{"uv":[259,240],"uv_size":[-10,-3]}}},{"origin":[-24,15,28.11328],"size":[10,4,3.76953],"pivot":[-19,9.5,30],"rotation":[-67.5,0,0],"uv":{"north":{"uv":[137,240],"uv_size":[-10,4]},"east":{"uv":[140,240],"uv_size":[-3,4]},"south":{"uv":[150,240],"uv_size":[-10,4]},"west":{"uv":[127,240],"uv_size":[-3,4]},"up":{"uv":[137,237],"uv_size":[-10,3]},"down":{"uv":[147,240],"uv_size":[-10,-3]}}},{"origin":[-24,0,28.11328],"size":[10,4,3.76953],"pivot":[-19,9.5,30],"rotation":[-67.5,0,0],"uv":{"north":{"uv":[111,240],"uv_size":[-10,4]},"east":{"uv":[114,240],"uv_size":[-3,4]},"south":{"uv":[124,240],"uv_size":[-10,4]},"west":{"uv":[101,240],"uv_size":[-3,4]},"up":{"uv":[111,237],"uv_size":[-10,3]},"down":{"uv":[121,240],"uv_size":[-10,-3]}}},{"origin":[-24,15,28.11328],"size":[10,4,3.76953],"pivot":[-19,9.5,30],"rotation":[67.5,0,0],"uv":{"north":{"uv":[249,229],"uv_size":[-10,4]},"east":{"uv":[252,229],"uv_size":[-3,4]},"south":{"uv":[262,229],"uv_size":[-10,4]},"west":{"uv":[239,229],"uv_size":[-3,4]},"up":{"uv":[249,226],"uv_size":[-10,3]},"down":{"uv":[259,229],"uv_size":[-10,-3]}}},{"origin":[-24,0,28.11328],"size":[10,4,3.76953],"pivot":[-19,9.5,30],"rotation":[67.5,0,0],"uv":{"north":{"uv":[65,239],"uv_size":[-10,4]},"east":{"uv":[68,239],"uv_size":[-3,4]},"south":{"uv":[78,239],"uv_size":[-10,4]},"west":{"uv":[55,239],"uv_size":[-3,4]},"up":{"uv":[65,236],"uv_size":[-10,3]},"down":{"uv":[75,239],"uv_size":[-10,-3]}}}]}]}]}