{"format_version":"1.12.0","minecraft:geometry":[{"description":{"identifier":"geometry.mine_entity","texture_width":128,"texture_height":128,"visible_bounds_width":4,"visible_bounds_height":5,"visible_bounds_offset":[0,0.75,0]},"bones":[{"name":"body","pivot":[0,0,0],"cubes":[{"origin":[-6,0,-2.5],"size":[12,1,5],"uv":{"north":{"uv":[23,42],"uv_size":[8,2]},"east":{"uv":[23,42],"uv_size":[8,2]},"south":{"uv":[23,42],"uv_size":[8,2]},"west":{"uv":[23,42],"uv_size":[8,2]},"up":{"uv":[128,128],"uv_size":[-128,-6]},"down":{"uv":[128,128],"uv_size":[-128,-6]}}},{"origin":[-5,1,-2],"size":[10,1.5,4],"uv":{"north":{"uv":[0,103],"uv_size":[16,5]},"east":{"uv":[0,103],"uv_size":[16,5]},"south":{"uv":[0,103],"uv_size":[16,5]},"west":{"uv":[0,103],"uv_size":[16,5]},"up":{"uv":[16,108],"uv_size":[-16,-5]},"down":{"uv":[16,108],"uv_size":[-16,-5]}}},{"origin":[-2,2.5,-2],"size":[4,1.5,4],"uv":{"north":{"uv":[0,0],"uv_size":[8,3]},"east":{"uv":[0,0],"uv_size":[8,3]},"south":{"uv":[0,0],"uv_size":[8,3]},"west":{"uv":[0,0],"uv_size":[8,3]},"up":{"uv":[48,119],"uv_size":[-16,-16]},"down":{"uv":[8,8],"uv_size":[-8,-8]}}},{"origin":[-2,2.87674,-5.14525],"size":[4,2,3.34766],"pivot":[0,4,0],"rotation":[26,0,0],"uv":{"north":{"uv":[0,103],"uv_size":[16,16]},"east":{"uv":[52,103],"uv_size":[16,9]},"south":{"uv":[0,103],"uv_size":[16,16]},"west":{"uv":[52,103],"uv_size":[16,9]},"up":{"uv":[0,103],"uv_size":[16,16]},"down":{"uv":[16,119],"uv_size":[-16,-16]}}},{"origin":[-2,2.87674,-5.14525],"size":[4,2,3.34766],"pivot":[0,4,0],"rotation":[26,-90,0],"uv":{"north":{"uv":[0,103],"uv_size":[16,16]},"east":{"uv":[52,103],"uv_size":[16,9]},"south":{"uv":[0,103],"uv_size":[16,16]},"west":{"uv":[52,103],"uv_size":[16,9]},"up":{"uv":[0,103],"uv_size":[16,16]},"down":{"uv":[16,119],"uv_size":[-16,-16]}}},{"origin":[-2,2.87674,-5.14525],"size":[4,2,3.34766],"pivot":[0,4,0],"rotation":[26,90,0],"uv":{"north":{"uv":[0,103],"uv_size":[16,16]},"east":{"uv":[52,103],"uv_size":[16,9]},"south":{"uv":[0,103],"uv_size":[16,16]},"west":{"uv":[52,103],"uv_size":[16,9]},"up":{"uv":[0,103],"uv_size":[16,16]},"down":{"uv":[16,119],"uv_size":[-16,-16]}}},{"origin":[-2,2.87674,-5.14525],"size":[4,2,3.34766],"pivot":[0,4,0],"rotation":[26,180,0],"uv":{"north":{"uv":[0,103],"uv_size":[16,16]},"east":{"uv":[52,103],"uv_size":[16,9]},"south":{"uv":[0,103],"uv_size":[16,16]},"west":{"uv":[52,103],"uv_size":[16,9]},"up":{"uv":[0,103],"uv_size":[16,16]},"down":{"uv":[16,119],"uv_size":[-16,-16]}}},{"origin":[-6,0,-2.5],"size":[12,1,5],"pivot":[0,0.5,0],"rotation":[0,-90,0],"uv":{"north":{"uv":[23,42],"uv_size":[8,2]},"east":{"uv":[23,42],"uv_size":[8,2]},"south":{"uv":[23,42],"uv_size":[8,2]},"west":{"uv":[23,42],"uv_size":[8,2]},"up":{"uv":[128,128],"uv_size":[-128,-6]},"down":{"uv":[128,128],"uv_size":[-128,-6]}}},{"origin":[-5,1,-2],"size":[10,1.5,4],"pivot":[0,1.5,0],"rotation":[0,-90,0],"uv":{"north":{"uv":[0,103],"uv_size":[16,5]},"east":{"uv":[0,103],"uv_size":[16,5]},"south":{"uv":[0,103],"uv_size":[16,5]},"west":{"uv":[0,103],"uv_size":[16,5]},"up":{"uv":[16,108],"uv_size":[-16,-5]},"down":{"uv":[16,108],"uv_size":[-16,-5]}}},{"origin":[-6,0,-2.5],"size":[12,1,5],"pivot":[0,0.5,0],"rotation":[0,-45,0],"uv":{"north":{"uv":[23,42],"uv_size":[8,2]},"east":{"uv":[23,42],"uv_size":[8,2]},"south":{"uv":[23,42],"uv_size":[8,2]},"west":{"uv":[23,42],"uv_size":[8,2]},"up":{"uv":[128,128],"uv_size":[-128,-6]},"down":{"uv":[128,128],"uv_size":[-128,-6]}}},{"origin":[-5,1,-2],"size":[10,1.5,4],"pivot":[0,1.5,0],"rotation":[0,-45,0],"uv":{"north":{"uv":[0,103],"uv_size":[16,5]},"east":{"uv":[0,103],"uv_size":[16,5]},"south":{"uv":[0,103],"uv_size":[16,5]},"west":{"uv":[0,103],"uv_size":[16,5]},"up":{"uv":[16,108],"uv_size":[-16,-5]},"down":{"uv":[16,108],"uv_size":[-16,-5]}}},{"origin":[-6,0,-2.5],"size":[12,1,5],"pivot":[0,0.5,0],"rotation":[0,45,0],"uv":{"north":{"uv":[23,42],"uv_size":[8,2]},"east":{"uv":[23,42],"uv_size":[8,2]},"south":{"uv":[23,42],"uv_size":[8,2]},"west":{"uv":[23,42],"uv_size":[8,2]},"up":{"uv":[128,128],"uv_size":[-128,-6]},"down":{"uv":[128,128],"uv_size":[-128,-6]}}},{"origin":[-5,1,-2],"size":[10,1.5,4],"pivot":[0,1.5,0],"rotation":[0,45,0],"uv":{"north":{"uv":[0,103],"uv_size":[16,5]},"east":{"uv":[0,103],"uv_size":[16,5]},"south":{"uv":[0,103],"uv_size":[16,5]},"west":{"uv":[0,103],"uv_size":[16,5]},"up":{"uv":[16,108],"uv_size":[-16,-4]},"down":{"uv":[16,108],"uv_size":[-16,-5]}}}]},{"name":"bone","parent":"body","pivot":[4.86158,4.25765,-4.86711],"cubes":[{"origin":[-0.5,3.12002,-4.58442],"size":[1,4,1.09766],"pivot":[0,4,0],"rotation":[20,-45,0],"uv":{"north":{"uv":[48,103],"uv_size":[4,16]},"east":{"uv":[48,103],"uv_size":[4,16]},"south":{"uv":[48,103],"uv_size":[4,16]},"west":{"uv":[48,103],"uv_size":[4,16]},"up":{"uv":[48,107],"uv_size":[-4,-4]},"down":{"uv":[48,107],"uv_size":[-4,-4]}}},{"origin":[-0.12109,7.12002,-4.15864],"size":[0.24219,1,0.25],"pivot":[0,4,0],"rotation":[20,-45,0],"uv":{"north":{"uv":[98,34],"uv_size":[2,2]},"east":{"uv":[98,34],"uv_size":[2,2]},"south":{"uv":[98,34],"uv_size":[2,2]},"west":{"uv":[98,34],"uv_size":[2,2]},"up":{"uv":[100,36],"uv_size":[-2,-2]},"down":{"uv":[100,36],"uv_size":[-2,-2]}}},{"origin":[3.83492,6.08826,-4.08101],"size":[0.24219,1,0.25],"pivot":[3.95601,6.58826,-3.95601],"rotation":[70,-45,0],"uv":{"north":{"uv":[98,34],"uv_size":[2,2]},"east":{"uv":[98,34],"uv_size":[2,2]},"south":{"uv":[98,34],"uv_size":[2,2]},"west":{"uv":[98,34],"uv_size":[2,2]},"up":{"uv":[100,36],"uv_size":[-2,-2]},"down":{"uv":[100,36],"uv_size":[-2,-2]}}},{"origin":[4.35094,5.95959,-4.59703],"size":[0.24219,1,0.25],"pivot":[4.47203,6.45959,-4.47203],"rotation":[130,-45,0],"uv":{"north":{"uv":[98,34],"uv_size":[2,2]},"east":{"uv":[98,34],"uv_size":[2,2]},"south":{"uv":[98,34],"uv_size":[2,2]},"west":{"uv":[98,34],"uv_size":[2,2]},"up":{"uv":[100,36],"uv_size":[-2,-2]},"down":{"uv":[100,36],"uv_size":[-2,-2]}}},{"origin":[4.66882,5.21875,-4.91492],"size":[0.24219,1,0.25],"pivot":[4.78991,5.71875,-4.78991],"rotation":[167.5,-45,0],"uv":{"north":{"uv":[98,34],"uv_size":[2,2]},"east":{"uv":[98,34],"uv_size":[2,2]},"south":{"uv":[98,34],"uv_size":[2,2]},"west":{"uv":[98,34],"uv_size":[2,2]},"up":{"uv":[100,36],"uv_size":[-2,-2]},"down":{"uv":[100,36],"uv_size":[-2,-2]}}},{"origin":[4.74325,4.25765,-4.98934],"size":[0.24219,1,0.25],"pivot":[4.86434,4.75765,-4.86434],"rotation":[0,-45,0],"uv":{"north":{"uv":[98,34],"uv_size":[2,2]},"east":{"uv":[98,34],"uv_size":[2,2]},"south":{"uv":[98,34],"uv_size":[2,2]},"west":{"uv":[98,34],"uv_size":[2,2]},"up":{"uv":[100,36],"uv_size":[-2,-2]},"down":{"uv":[100,36],"uv_size":[-2,-2]}}}]},{"name":"bone8","parent":"body","pivot":[2.36158,6.25765,0],"rotation":[0,-45,-20],"cubes":[{"origin":[-3,5.12002,0.31011],"size":[1,4,1.09766],"pivot":[-2.5,6,4.89453],"rotation":[20,-45,0],"uv":{"north":{"uv":[48,103],"uv_size":[4,16]},"east":{"uv":[48,103],"uv_size":[4,16]},"south":{"uv":[48,103],"uv_size":[4,16]},"west":{"uv":[48,103],"uv_size":[4,16]},"up":{"uv":[48,107],"uv_size":[-4,-4]},"down":{"uv":[48,107],"uv_size":[-4,-4]}}},{"origin":[-2.62109,9.12002,0.73589],"size":[0.24219,1,0.25],"pivot":[-2.5,6,4.89453],"rotation":[20,-45,0],"uv":{"north":{"uv":[98,34],"uv_size":[2,2]},"east":{"uv":[98,34],"uv_size":[2,2]},"south":{"uv":[98,34],"uv_size":[2,2]},"west":{"uv":[98,34],"uv_size":[2,2]},"up":{"uv":[100,36],"uv_size":[-2,-2]},"down":{"uv":[100,36],"uv_size":[-2,-2]}}},{"origin":[1.33492,8.08826,0.81352],"size":[0.24219,1,0.25],"pivot":[1.45601,8.58826,0.93852],"rotation":[70,-45,0],"uv":{"north":{"uv":[98,34],"uv_size":[2,2]},"east":{"uv":[98,34],"uv_size":[2,2]},"south":{"uv":[98,34],"uv_size":[2,2]},"west":{"uv":[98,34],"uv_size":[2,2]},"up":{"uv":[100,36],"uv_size":[-2,-2]},"down":{"uv":[100,36],"uv_size":[-2,-2]}}},{"origin":[1.85094,7.95959,0.2975],"size":[0.24219,1,0.25],"pivot":[1.97203,8.45959,0.4225],"rotation":[130,-45,0],"uv":{"north":{"uv":[98,34],"uv_size":[2,2]},"east":{"uv":[98,34],"uv_size":[2,2]},"south":{"uv":[98,34],"uv_size":[2,2]},"west":{"uv":[98,34],"uv_size":[2,2]},"up":{"uv":[100,36],"uv_size":[-2,-2]},"down":{"uv":[100,36],"uv_size":[-2,-2]}}},{"origin":[2.16882,7.21875,-0.02039],"size":[0.24219,1,0.25],"pivot":[2.28991,7.71875,0.10462],"rotation":[167.5,-45,0],"uv":{"north":{"uv":[98,34],"uv_size":[2,2]},"east":{"uv":[98,34],"uv_size":[2,2]},"south":{"uv":[98,34],"uv_size":[2,2]},"west":{"uv":[98,34],"uv_size":[2,2]},"up":{"uv":[100,36],"uv_size":[-2,-2]},"down":{"uv":[100,36],"uv_size":[-2,-2]}}},{"origin":[2.24325,6.25765,-0.09481],"size":[0.24219,1,0.25],"pivot":[2.36434,6.75765,0.03019],"rotation":[0,-45,0],"uv":{"north":{"uv":[98,34],"uv_size":[2,2]},"east":{"uv":[98,34],"uv_size":[2,2]},"south":{"uv":[98,34],"uv_size":[2,2]},"west":{"uv":[98,34],"uv_size":[2,2]},"up":{"uv":[100,36],"uv_size":[-2,-2]},"down":{"uv":[100,36],"uv_size":[-2,-2]}}}]},{"name":"bone6","parent":"body","pivot":[4.86158,4.25765,4.86711],"cubes":[{"origin":[-0.5,3.12002,3.48676],"size":[1,4,1.09766],"pivot":[0,4,0],"rotation":[-20,45,0],"uv":{"north":{"uv":[52,103],"uv_size":[-4,16]},"east":{"uv":[52,103],"uv_size":[-4,16]},"south":{"uv":[52,103],"uv_size":[-4,16]},"west":{"uv":[52,103],"uv_size":[-4,16]},"up":{"uv":[48,103],"uv_size":[-4,4]},"down":{"uv":[48,103],"uv_size":[-4,4]}}},{"origin":[-0.12109,7.12002,3.90864],"size":[0.24219,1,0.25],"pivot":[0,4,0],"rotation":[-20,45,0],"uv":{"north":{"uv":[100,34],"uv_size":[-2,2]},"east":{"uv":[100,34],"uv_size":[-2,2]},"south":{"uv":[100,34],"uv_size":[-2,2]},"west":{"uv":[100,34],"uv_size":[-2,2]},"up":{"uv":[100,34],"uv_size":[-2,2]},"down":{"uv":[100,34],"uv_size":[-2,2]}}},{"origin":[3.83492,6.08826,3.83101],"size":[0.24219,1,0.25],"pivot":[3.95601,6.58826,3.95601],"rotation":[-70,45,0],"uv":{"north":{"uv":[100,34],"uv_size":[-2,2]},"east":{"uv":[100,34],"uv_size":[-2,2]},"south":{"uv":[100,34],"uv_size":[-2,2]},"west":{"uv":[100,34],"uv_size":[-2,2]},"up":{"uv":[100,34],"uv_size":[-2,2]},"down":{"uv":[100,34],"uv_size":[-2,2]}}},{"origin":[4.35094,5.95959,4.34703],"size":[0.24219,1,0.25],"pivot":[4.47203,6.45959,4.47203],"rotation":[-130,45,0],"uv":{"north":{"uv":[100,34],"uv_size":[-2,2]},"east":{"uv":[100,34],"uv_size":[-2,2]},"south":{"uv":[100,34],"uv_size":[-2,2]},"west":{"uv":[100,34],"uv_size":[-2,2]},"up":{"uv":[100,34],"uv_size":[-2,2]},"down":{"uv":[100,34],"uv_size":[-2,2]}}},{"origin":[4.66882,5.21875,4.66491],"size":[0.24219,1,0.25],"pivot":[4.78991,5.71875,4.78991],"rotation":[-167.5,45,0],"uv":{"north":{"uv":[100,34],"uv_size":[-2,2]},"east":{"uv":[100,34],"uv_size":[-2,2]},"south":{"uv":[100,34],"uv_size":[-2,2]},"west":{"uv":[100,34],"uv_size":[-2,2]},"up":{"uv":[100,34],"uv_size":[-2,2]},"down":{"uv":[100,34],"uv_size":[-2,2]}}},{"origin":[4.74325,3.25765,4.73934],"size":[0.24219,2,0.25],"pivot":[4.86434,4.75765,4.86434],"rotation":[0,45,0],"uv":{"north":{"uv":[100,34],"uv_size":[-2,2]},"east":{"uv":[100,34],"uv_size":[-2,2]},"south":{"uv":[100,34],"uv_size":[-2,2]},"west":{"uv":[100,34],"uv_size":[-2,2]},"up":{"uv":[100,34],"uv_size":[-2,2]},"down":{"uv":[100,34],"uv_size":[-2,2]}}}]},{"name":"bone2","parent":"body","pivot":[-4.86158,4.25765,-4.86711],"cubes":[{"origin":[-0.5,3.12002,-4.58442],"size":[1,4,1.09766],"pivot":[0,4,0],"rotation":[20,45,0],"uv":{"north":{"uv":[52,103],"uv_size":[-4,16]},"east":{"uv":[52,103],"uv_size":[-4,16]},"south":{"uv":[52,103],"uv_size":[-4,16]},"west":{"uv":[52,103],"uv_size":[-4,16]},"up":{"uv":[44,107],"uv_size":[4,-4]},"down":{"uv":[44,107],"uv_size":[4,-4]}}},{"origin":[-0.12109,7.12002,-4.15864],"size":[0.24219,1,0.25],"pivot":[0,4,0],"rotation":[20,45,0],"uv":{"north":{"uv":[100,34],"uv_size":[-2,2]},"east":{"uv":[100,34],"uv_size":[-2,2]},"south":{"uv":[100,34],"uv_size":[-2,2]},"west":{"uv":[100,34],"uv_size":[-2,2]},"up":{"uv":[98,36],"uv_size":[2,-2]},"down":{"uv":[98,36],"uv_size":[2,-2]}}},{"origin":[-4.0771,6.08826,-4.08101],"size":[0.24219,1,0.25],"pivot":[-3.95601,6.58826,-3.95601],"rotation":[70,45,0],"uv":{"north":{"uv":[100,34],"uv_size":[-2,2]},"east":{"uv":[100,34],"uv_size":[-2,2]},"south":{"uv":[100,34],"uv_size":[-2,2]},"west":{"uv":[100,34],"uv_size":[-2,2]},"up":{"uv":[98,36],"uv_size":[2,-2]},"down":{"uv":[98,36],"uv_size":[2,-2]}}},{"origin":[-4.59313,5.95959,-4.59703],"size":[0.24219,1,0.25],"pivot":[-4.47203,6.45959,-4.47203],"rotation":[130,45,0],"uv":{"north":{"uv":[100,34],"uv_size":[-2,2]},"east":{"uv":[100,34],"uv_size":[-2,2]},"south":{"uv":[100,34],"uv_size":[-2,2]},"west":{"uv":[100,34],"uv_size":[-2,2]},"up":{"uv":[98,36],"uv_size":[2,-2]},"down":{"uv":[98,36],"uv_size":[2,-2]}}},{"origin":[-4.91101,5.21875,-4.91492],"size":[0.24219,1,0.25],"pivot":[-4.78991,5.71875,-4.78991],"rotation":[167.5,45,0],"uv":{"north":{"uv":[100,34],"uv_size":[-2,2]},"east":{"uv":[100,34],"uv_size":[-2,2]},"south":{"uv":[100,34],"uv_size":[-2,2]},"west":{"uv":[100,34],"uv_size":[-2,2]},"up":{"uv":[98,36],"uv_size":[2,-2]},"down":{"uv":[98,36],"uv_size":[2,-2]}}}]},{"name":"bone4","parent":"body","pivot":[-4.86158,4.25765,4.86711],"cubes":[{"origin":[-0.5,3.12002,3.48676],"size":[1,4,1.09766],"pivot":[0,4,0],"rotation":[-20,-45,0],"uv":{"north":{"uv":[48,103],"uv_size":[4,16]},"east":{"uv":[48,103],"uv_size":[4,16]},"south":{"uv":[48,103],"uv_size":[4,16]},"west":{"uv":[48,103],"uv_size":[4,16]},"up":{"uv":[44,103],"uv_size":[4,4]},"down":{"uv":[44,103],"uv_size":[4,4]}}},{"origin":[-0.12109,7.12002,3.90864],"size":[0.24219,1,0.25],"pivot":[0,4,0],"rotation":[-20,-45,0],"uv":{"north":{"uv":[98,34],"uv_size":[2,2]},"east":{"uv":[98,34],"uv_size":[2,2]},"south":{"uv":[98,34],"uv_size":[2,2]},"west":{"uv":[98,34],"uv_size":[2,2]},"up":{"uv":[98,34],"uv_size":[2,2]},"down":{"uv":[98,34],"uv_size":[2,2]}}},{"origin":[-4.0771,6.08826,3.83101],"size":[0.24219,1,0.25],"pivot":[-3.95601,6.58826,3.95601],"rotation":[-70,-45,0],"uv":{"north":{"uv":[98,34],"uv_size":[2,2]},"east":{"uv":[98,34],"uv_size":[2,2]},"south":{"uv":[98,34],"uv_size":[2,2]},"west":{"uv":[98,34],"uv_size":[2,2]},"up":{"uv":[98,34],"uv_size":[2,2]},"down":{"uv":[98,34],"uv_size":[2,2]}}},{"origin":[-4.59313,5.95959,4.34703],"size":[0.24219,1,0.25],"pivot":[-4.47203,6.45959,4.47203],"rotation":[-130,-45,0],"uv":{"north":{"uv":[98,34],"uv_size":[2,2]},"east":{"uv":[98,34],"uv_size":[2,2]},"south":{"uv":[98,34],"uv_size":[2,2]},"west":{"uv":[98,34],"uv_size":[2,2]},"up":{"uv":[98,34],"uv_size":[2,2]},"down":{"uv":[98,34],"uv_size":[2,2]}}}]},{"name":"f1","pivot":[4.86158,3.25765,4.86711],"cubes":[{"origin":[4.36158,2.75765,4.86711],"size":[1,1,0],"pivot":[4.86158,3.25765,4.86711],"rotation":[0,-45,0],"uv":{"south":{"uv":[48,54],"uv_size":[-48,48]}}},{"origin":[4.36158,2.75765,4.86711],"size":[1,1,0],"uv":{"south":{"uv":[48,54],"uv_size":[-48,48]}}},{"origin":[4.36158,2.75765,4.86711],"size":[1,1,0],"pivot":[4.86158,3.25765,4.86711],"rotation":[0,45,0],"uv":{"south":{"uv":[48,54],"uv_size":[-48,48]}}},{"origin":[4.36158,2.75765,4.86711],"size":[1,1,0],"pivot":[4.86158,3.25765,4.86711],"rotation":[0,90,0],"uv":{"south":{"uv":[48,54],"uv_size":[-48,48]}}}]},{"name":"f2","pivot":[-4.77174,6.08968,4.76164],"cubes":[{"origin":[-5.27174,5.58968,4.76164],"size":[1,1,0],"pivot":[-4.77174,6.08968,4.76164],"rotation":[0,45,0],"uv":{"south":{"uv":[0,54],"uv_size":[48,48]}}},{"origin":[-5.27174,5.58968,4.76164],"size":[1,1,0],"pivot":[-4.77174,6.08968,4.76164],"rotation":[0,-90,0],"uv":{"south":{"uv":[0,54],"uv_size":[48,48]}}},{"origin":[-5.27174,5.58968,4.76164],"size":[1,1,0],"pivot":[-4.77174,6.08968,4.76164],"rotation":[0,-45,0],"uv":{"south":{"uv":[0,54],"uv_size":[48,48]}}},{"origin":[-5.27174,5.58968,4.76164],"size":[1,1,0],"uv":{"south":{"uv":[0,54],"uv_size":[48,48]}}}]},{"name":"f3","pivot":[-4.86158,5.25765,-4.86711],"cubes":[{"origin":[-5.36158,4.75765,-4.86711],"size":[1,1,0],"pivot":[-4.86158,5.25765,-4.86711],"rotation":[0,-45,0],"uv":{"north":{"uv":[48,54],"uv_size":[-48,48]}}},{"origin":[-5.36158,4.75765,-4.86711],"size":[1,1,0],"pivot":[-4.86158,5.25765,-4.86711],"rotation":[0,90,0],"uv":{"north":{"uv":[48,54],"uv_size":[-48,48]}}},{"origin":[-5.36158,4.75765,-4.86711],"size":[1,1,0],"pivot":[-4.86158,5.25765,-4.86711],"rotation":[0,45,0],"uv":{"north":{"uv":[48,54],"uv_size":[-48,48]}}},{"origin":[-5.36158,4.75765,-4.86711],"size":[1,1,0],"uv":{"north":{"uv":[48,54],"uv_size":[-48,48]}}}]},{"name":"f4","pivot":[2.36158,6.25765,0.02743],"cubes":[{"origin":[1.86158,5.75765,0.02743],"size":[1,1,0],"pivot":[2.36158,6.25765,0.02743],"rotation":[0,-90,0],"uv":{"north":{"uv":[0,54],"uv_size":[48,48]}}},{"origin":[1.86158,5.75765,0.02743],"size":[1,1,0],"pivot":[2.36158,6.25765,0.02743],"rotation":[0,45,0],"uv":{"north":{"uv":[0,54],"uv_size":[48,48]}}},{"origin":[1.86158,5.75765,0.02743],"size":[1,1,0],"uv":{"north":{"uv":[0,54],"uv_size":[48,48]}}},{"origin":[1.86158,5.75765,0.02743],"size":[1,1,0],"pivot":[2.36158,6.25765,0.02743],"rotation":[0,-45,0],"uv":{"north":{"uv":[0,54],"uv_size":[48,48]}}}]},{"name":"f5","pivot":[4.86158,4.25765,-4.86711],"cubes":[{"origin":[4.36158,3.75765,-4.86711],"size":[1,1,0],"pivot":[4.86158,4.25765,-4.86711],"rotation":[0,-90,0],"uv":{"north":{"uv":[0,54],"uv_size":[48,48]}}},{"origin":[4.36158,3.75765,-4.86711],"size":[1,1,0],"pivot":[4.86158,4.25765,-4.86711],"rotation":[0,45,0],"uv":{"north":{"uv":[0,54],"uv_size":[48,48]}}},{"origin":[4.36158,3.75765,-4.86711],"size":[1,1,0],"pivot":[4.86158,4.25765,-4.86711],"rotation":[0,-45,0],"uv":{"north":{"uv":[0,54],"uv_size":[48,48]}}},{"origin":[4.36158,3.75765,-4.86711],"size":[1,1,0],"uv":{"north":{"uv":[0,54],"uv_size":[48,48]}}}]}]}]}