{"format_version":"1.12.0","minecraft:geometry":[{"description":{"identifier":"geometry.oic","texture_width":128,"texture_height":128,"visible_bounds_width":10,"visible_bounds_height":7.5,"visible_bounds_offset":[0,3.25,0]},"bones":[{"name":"bone2","pivot":[23.7,-0.43234,-6.89981],"rotation":[0,180,0]},{"name":"Blocks","parent":"bone2","pivot":[23.7,-0.43234,-6.89981],"cubes":[{"origin":[-9.35882,15.68531,-22.42922],"size":[16,16,16],"pivot":[15.64118,23.68531,-14.42922],"rotation":[0,90,0],"uv":{"north":{"uv":[96,64],"uv_size":[16,16]},"east":{"uv":[96,64],"uv_size":[16,16]},"south":{"uv":[96,64],"uv_size":[16,16]},"west":{"uv":[96,64],"uv_size":[16,16]},"up":{"uv":[112,80],"uv_size":[-16,-16]},"down":{"uv":[112,80],"uv_size":[-16,-16]}}},{"origin":[-9.35882,15.68531,-6.42922],"size":[16,16,16],"pivot":[15.64118,23.68531,-14.42922],"rotation":[0,90,0],"uv":{"north":{"uv":[96,64],"uv_size":[16,16]},"east":{"uv":[96,64],"uv_size":[16,16]},"south":{"uv":[96,64],"uv_size":[16,16]},"west":{"uv":[96,64],"uv_size":[16,16]},"up":{"uv":[112,80],"uv_size":[-16,-16]},"down":{"uv":[112,80],"uv_size":[-16,-16]}}},{"origin":[-9.35882,15.68531,9.57078],"size":[16,16,16],"pivot":[15.64118,23.68531,-14.42922],"rotation":[0,90,0],"uv":{"north":{"uv":[96,64],"uv_size":[16,16]},"east":{"uv":[96,64],"uv_size":[16,16]},"south":{"uv":[96,64],"uv_size":[16,16]},"west":{"uv":[96,64],"uv_size":[16,16]},"up":{"uv":[112,80],"uv_size":[-16,-16]},"down":{"uv":[112,80],"uv_size":[-16,-16]}}},{"origin":[-9.35882,15.68531,25.57078],"size":[16,16,16],"pivot":[15.64118,23.68531,-14.42922],"rotation":[0,90,0],"uv":{"north":{"uv":[96,64],"uv_size":[16,16]},"east":{"uv":[96,64],"uv_size":[16,16]},"south":{"uv":[96,64],"uv_size":[16,16]},"west":{"uv":[96,64],"uv_size":[16,16]},"up":{"uv":[112,80],"uv_size":[-16,-16]},"down":{"uv":[112,80],"uv_size":[-16,-16]}}},{"origin":[-9.35882,15.68531,41.57078],"size":[16,16,16],"pivot":[15.64118,23.68531,-14.42922],"rotation":[0,90,0],"uv":{"north":{"uv":[96,64],"uv_size":[16,16]},"east":{"uv":[96,64],"uv_size":[16,16]},"south":{"uv":[96,64],"uv_size":[16,16]},"west":{"uv":[96,64],"uv_size":[16,16]},"up":{"uv":[112,80],"uv_size":[-16,-16]},"down":{"uv":[112,80],"uv_size":[-16,-16]}}},{"origin":[-9.35882,15.68531,41.57078],"size":[16,16,16],"pivot":[15.64118,23.68531,-14.42922],"rotation":[0,90,0],"uv":{"north":{"uv":[96,64],"uv_size":[16,16]},"east":{"uv":[96,64],"uv_size":[16,16]},"south":{"uv":[96,64],"uv_size":[16,16]},"west":{"uv":[96,64],"uv_size":[16,16]},"up":{"uv":[112,80],"uv_size":[-16,-16]},"down":{"uv":[112,80],"uv_size":[-16,-16]}}},{"origin":[6.64118,15.68531,-22.42922],"size":[16,16,16],"pivot":[15.64118,23.68531,-14.42922],"rotation":[0,90,0],"uv":{"north":{"uv":[96,64],"uv_size":[16,16]},"east":{"uv":[96,64],"uv_size":[16,16]},"south":{"uv":[96,64],"uv_size":[16,16]},"west":{"uv":[96,64],"uv_size":[16,16]},"up":{"uv":[112,80],"uv_size":[-16,-16]},"down":{"uv":[112,80],"uv_size":[-16,-16]}}},{"origin":[6.64118,15.68531,-6.42922],"size":[16,16,16],"pivot":[15.64118,23.68531,-14.42922],"rotation":[0,90,0],"uv":{"north":{"uv":[96,64],"uv_size":[16,16]},"east":{"uv":[96,64],"uv_size":[16,16]},"south":{"uv":[96,64],"uv_size":[16,16]},"west":{"uv":[96,64],"uv_size":[16,16]},"up":{"uv":[112,80],"uv_size":[-16,-16]},"down":{"uv":[112,80],"uv_size":[-16,-16]}}},{"origin":[6.64118,31.68531,-6.42922],"size":[16,16,16],"pivot":[15.64118,23.68531,-14.42922],"rotation":[0,90,0],"uv":{"north":{"uv":[112,64],"uv_size":[16,16]},"east":{"uv":[112,64],"uv_size":[16,16]},"south":{"uv":[112,64],"uv_size":[16,16]},"west":{"uv":[112,64],"uv_size":[16,16]},"up":{"uv":[128,80],"uv_size":[-16,-16]},"down":{"uv":[128,80],"uv_size":[-16,-16]}}},{"origin":[6.64118,47.68531,-6.42922],"size":[16,16,16],"pivot":[15.64118,23.68531,-14.42922],"rotation":[0,90,0],"uv":{"north":{"uv":[112,64],"uv_size":[16,16]},"east":{"uv":[112,64],"uv_size":[16,16]},"south":{"uv":[112,64],"uv_size":[16,16]},"west":{"uv":[112,64],"uv_size":[16,16]},"up":{"uv":[128,80],"uv_size":[-16,-16]},"down":{"uv":[128,80],"uv_size":[-16,-16]}}},{"origin":[6.64118,15.68531,9.57078],"size":[16,16,16],"pivot":[15.64118,23.68531,-14.42922],"rotation":[0,90,0],"uv":{"north":{"uv":[96,64],"uv_size":[16,16]},"east":{"uv":[96,64],"uv_size":[16,16]},"south":{"uv":[96,64],"uv_size":[16,16]},"west":{"uv":[96,64],"uv_size":[16,16]},"up":{"uv":[112,80],"uv_size":[-16,-16]},"down":{"uv":[112,80],"uv_size":[-16,-16]}}},{"origin":[6.64118,15.68531,25.57078],"size":[16,16,16],"pivot":[15.64118,23.68531,-14.42922],"rotation":[0,90,0],"uv":{"north":{"uv":[96,64],"uv_size":[16,16]},"east":{"uv":[96,64],"uv_size":[16,16]},"south":{"uv":[96,64],"uv_size":[16,16]},"west":{"uv":[96,64],"uv_size":[16,16]},"up":{"uv":[112,80],"uv_size":[-16,-16]},"down":{"uv":[112,80],"uv_size":[-16,-16]}}},{"origin":[6.64118,31.68531,25.57078],"size":[16,16,16],"pivot":[15.64118,23.68531,-14.42922],"rotation":[0,90,0],"uv":{"north":{"uv":[112,64],"uv_size":[16,16]},"east":{"uv":[112,64],"uv_size":[16,16]},"south":{"uv":[112,64],"uv_size":[16,16]},"west":{"uv":[112,64],"uv_size":[16,16]},"up":{"uv":[128,80],"uv_size":[-16,-16]},"down":{"uv":[128,80],"uv_size":[-16,-16]}}},{"origin":[6.64118,47.68531,25.57078],"size":[16,16,16],"pivot":[15.64118,23.68531,-14.42922],"rotation":[0,90,0],"uv":{"north":{"uv":[112,64],"uv_size":[16,16]},"east":{"uv":[112,64],"uv_size":[16,16]},"south":{"uv":[112,64],"uv_size":[16,16]},"west":{"uv":[112,64],"uv_size":[16,16]},"up":{"uv":[128,80],"uv_size":[-16,-16]},"down":{"uv":[128,80],"uv_size":[-16,-16]}}},{"origin":[6.64118,15.68531,41.57078],"size":[16,16,16],"pivot":[15.64118,23.68531,-14.42922],"rotation":[0,90,0],"uv":{"north":{"uv":[96,64],"uv_size":[16,16]},"east":{"uv":[96,64],"uv_size":[16,16]},"south":{"uv":[96,64],"uv_size":[16,16]},"west":{"uv":[96,64],"uv_size":[16,16]},"up":{"uv":[112,80],"uv_size":[-16,-16]},"down":{"uv":[112,80],"uv_size":[-16,-16]}}},{"origin":[6.64118,15.68531,41.57078],"size":[16,16,16],"pivot":[15.64118,23.68531,-14.42922],"rotation":[0,90,0],"uv":{"north":{"uv":[96,64],"uv_size":[16,16]},"east":{"uv":[96,64],"uv_size":[16,16]},"south":{"uv":[96,64],"uv_size":[16,16]},"west":{"uv":[96,64],"uv_size":[16,16]},"up":{"uv":[112,80],"uv_size":[-16,-16]},"down":{"uv":[112,80],"uv_size":[-16,-16]}}},{"origin":[22.64118,15.68531,-22.42922],"size":[16,16,16],"pivot":[15.64118,23.68531,-14.42922],"rotation":[0,90,0],"uv":{"north":{"uv":[96,64],"uv_size":[16,16]},"east":{"uv":[96,64],"uv_size":[16,16]},"south":{"uv":[96,64],"uv_size":[16,16]},"west":{"uv":[96,64],"uv_size":[16,16]},"up":{"uv":[112,80],"uv_size":[-16,-16]},"down":{"uv":[112,80],"uv_size":[-16,-16]}}},{"origin":[22.64118,15.68531,-6.42922],"size":[16,16,16],"pivot":[15.64118,23.68531,-14.42922],"rotation":[0,90,0],"uv":{"north":{"uv":[96,64],"uv_size":[16,16]},"east":{"uv":[96,64],"uv_size":[16,16]},"south":{"uv":[96,64],"uv_size":[16,16]},"west":{"uv":[96,64],"uv_size":[16,16]},"up":{"uv":[112,80],"uv_size":[-16,-16]},"down":{"uv":[112,80],"uv_size":[-16,-16]}}},{"origin":[22.64118,15.68531,9.57078],"size":[16,16,16],"pivot":[15.64118,23.68531,-14.42922],"rotation":[0,90,0],"uv":{"north":{"uv":[96,64],"uv_size":[16,16]},"east":{"uv":[96,64],"uv_size":[16,16]},"south":{"uv":[96,64],"uv_size":[16,16]},"west":{"uv":[96,64],"uv_size":[16,16]},"up":{"uv":[112,80],"uv_size":[-16,-16]},"down":{"uv":[112,80],"uv_size":[-16,-16]}}},{"origin":[22.64118,15.68531,25.57078],"size":[16,16,16],"pivot":[15.64118,23.68531,-14.42922],"rotation":[0,90,0],"uv":{"north":{"uv":[96,64],"uv_size":[16,16]},"east":{"uv":[96,64],"uv_size":[16,16]},"south":{"uv":[96,64],"uv_size":[16,16]},"west":{"uv":[96,64],"uv_size":[16,16]},"up":{"uv":[112,80],"uv_size":[-16,-16]},"down":{"uv":[112,80],"uv_size":[-16,-16]}}},{"origin":[22.64118,15.68531,41.57078],"size":[16,16,16],"pivot":[15.64118,23.68531,-14.42922],"rotation":[0,90,0],"uv":{"north":{"uv":[96,64],"uv_size":[16,16]},"east":{"uv":[96,64],"uv_size":[16,16]},"south":{"uv":[96,64],"uv_size":[16,16]},"west":{"uv":[96,64],"uv_size":[16,16]},"up":{"uv":[112,80],"uv_size":[-16,-16]},"down":{"uv":[112,80],"uv_size":[-16,-16]}}},{"origin":[22.64118,15.68531,41.57078],"size":[16,16,16],"pivot":[15.64118,23.68531,-14.42922],"rotation":[0,90,0],"uv":{"north":{"uv":[96,64],"uv_size":[16,16]},"east":{"uv":[96,64],"uv_size":[16,16]},"south":{"uv":[96,64],"uv_size":[16,16]},"west":{"uv":[96,64],"uv_size":[16,16]},"up":{"uv":[112,80],"uv_size":[-16,-16]},"down":{"uv":[112,80],"uv_size":[-16,-16]}}}]},{"name":"Player2","parent":"bone2","pivot":[80.7,44.56766,-19.89981],"rotation":[90,-75,-90]},{"name":"body2","parent":"Player2","pivot":[79.25417,50.4265,-41.42922],"cubes":[{"origin":[76.85016,44.82999,-22.2023],"size":[8,12,4],"uv":{"north":{"uv":[96,20],"uv_size":[8,12]},"east":{"uv":[92,20],"uv_size":[4,12]},"south":{"uv":[84,20],"uv_size":[8,12]},"west":{"uv":[80,20],"uv_size":[4,12]},"up":{"uv":[92,20],"uv_size":[-8,-4]},"down":{"uv":[100,20],"uv_size":[-8,-4]}}},{"origin":[76.85016,44.82999,-22.2023],"size":[8,12,4],"inflate":0.25,"uv":{"north":{"uv":[96,36],"uv_size":[8,12]},"east":{"uv":[92,36],"uv_size":[4,12]},"south":{"uv":[84,36],"uv_size":[8,12]},"west":{"uv":[80,36],"uv_size":[4,12]},"up":{"uv":[92,38],"uv_size":[-8,-3]},"down":{"uv":[92,38],"uv_size":[-8,-3]}}}]},{"name":"head2","parent":"Player2","pivot":[79.25417,50.4265,-41.42922],"cubes":[{"origin":[76.85016,56.82995,-24.2023],"size":[8,8,8],"uv":{"north":{"uv":[88,8],"uv_size":[8,8]},"east":{"uv":[80,8],"uv_size":[8,8]},"south":{"uv":[72,8],"uv_size":[8,8]},"west":{"uv":[64,8],"uv_size":[8,8]},"up":{"uv":[80,8],"uv_size":[-8,-8]},"down":{"uv":[88,8],"uv_size":[-8,-8]}}},{"origin":[76.85016,56.82995,-24.2023],"size":[8,8,8],"inflate":0.25,"uv":{"north":{"uv":[120,8],"uv_size":[8,8]},"east":{"uv":[113,8],"uv_size":[8,8]},"south":{"uv":[104,8],"uv_size":[8,8]},"west":{"uv":[96,8],"uv_size":[8,8]},"up":{"uv":[112,8],"uv_size":[-8,-8]},"down":{"uv":[120,0],"uv_size":[-8,8]}}}]},{"name":"leftArm2","parent":"Player2","pivot":[74.25417,48.4265,-41.42922],"cubes":[{"origin":[73.55011,47.06344,-15.31918],"size":[3,12,4],"pivot":[75.05011,53.06344,-13.31918],"rotation":[85,-2.5,0],"uv":{"north":{"uv":[107,52],"uv_size":[3,12]},"east":{"uv":[103,52],"uv_size":[4,12]},"south":{"uv":[100,52],"uv_size":[3,12]},"west":{"uv":[96,52],"uv_size":[4,12]},"up":{"uv":[103,52],"uv_size":[-3,-4]},"down":{"uv":[106,52],"uv_size":[-3,-4]}}},{"origin":[73.55011,47.06344,-15.31918],"size":[3,12,4],"inflate":0.25,"pivot":[75.05011,53.06344,-13.31918],"rotation":[85,-2.5,0],"uv":{"north":{"uv":[123,52],"uv_size":[3,12]},"east":{"uv":[119,52],"uv_size":[4,12]},"south":{"uv":[115,52],"uv_size":[3,12]},"west":{"uv":[112,52],"uv_size":[4,12]},"up":{"uv":[124,53],"uv_size":[-3,-2]},"down":{"uv":[124,53],"uv_size":[-3,-2]}}}]},{"name":"Bow","parent":"leftArm2","pivot":[76.37545,53.39086,-10.65514],"rotation":[175,47.5,75],"cubes":[{"origin":[74.09645,52.01747,-16.96549],"size":[10,1,1],"uv":{"north":{"uv":[6,1],"uv_size":[10,1]},"east":{"uv":[15,1],"uv_size":[1,1]},"south":{"uv":[6,1],"uv_size":[10,1]},"west":{"uv":[0,1],"uv_size":[1,1]},"up":{"uv":[16,2],"uv_size":[-10,-1]},"down":{"uv":[16,2],"uv_size":[-10,-1]}}},{"origin":[61.22528,52.01747,-32.54065],"size":[8,1,1],"pivot":[56.37329,40.97775,-16.81749],"rotation":[0,-90,0],"uv":{"north":{"uv":[6,1],"uv_size":[8,1]},"east":{"uv":[0,2],"uv_size":[2,2]},"south":{"uv":[6,1],"uv_size":[8,1]},"west":{"uv":[0,2],"uv_size":[2,2]},"up":{"uv":[14,2],"uv_size":[-8,-1]},"down":{"uv":[14,2],"uv_size":[-8,-1]}}},{"origin":[76.09645,52.01747,-17.96549],"size":[7,1,1],"uv":{"north":{"uv":[0,0],"uv_size":[7,1]},"east":{"uv":[0,0],"uv_size":[1,1]},"south":{"uv":[0,0],"uv_size":[7,1]},"west":{"uv":[0,0],"uv_size":[1,1]},"up":{"uv":[7,1],"uv_size":[-7,-1]},"down":{"uv":[7,1],"uv_size":[-7,-1]}}},{"origin":[61.22528,52.01747,-31.54065],"size":[7,1,1],"pivot":[56.37329,40.97775,-16.81749],"rotation":[0,-90,0],"uv":{"north":{"uv":[7,0],"uv_size":[-7,1]},"east":{"uv":[1,0],"uv_size":[-1,1]},"south":{"uv":[7,0],"uv_size":[-7,1]},"west":{"uv":[0,0],"uv_size":[1,1]},"up":{"uv":[7,0],"uv_size":[-7,1]},"down":{"uv":[7,0],"uv_size":[-7,1]}}},{"origin":[71.09645,52.01747,-15.96549],"size":[12,1,1],"uv":{"north":{"uv":[0,2],"uv_size":[12,1]},"east":{"uv":[11,2],"uv_size":[1,1]},"south":{"uv":[0,2],"uv_size":[12,1]},"west":{"uv":[0,2],"uv_size":[2,2]},"up":{"uv":[12,3],"uv_size":[-12,-1]},"down":{"uv":[12,3],"uv_size":[-12,-1]}}},{"origin":[61.22528,52.01747,-33.54065],"size":[7,1,1],"pivot":[56.37329,40.97775,-16.81749],"rotation":[0,-90,0],"uv":{"north":{"uv":[0,1],"uv_size":[3,1]},"east":{"uv":[2,2],"uv_size":[-2,1]},"south":{"uv":[7,2],"uv_size":[-7,1]},"west":{"uv":[2,2],"uv_size":[-2,1]},"up":{"uv":[7,1],"uv_size":[-7,1]},"down":{"uv":[7,1],"uv_size":[-7,1]}}},{"origin":[70.09645,52.01747,-16.96549],"size":[2,1,1],"uv":{"north":{"uv":[1,6],"uv_size":[1,2]},"east":{"uv":[0,6],"uv_size":[1,1]},"south":{"uv":[0,14],"uv_size":[4,2]},"west":{"uv":[0,7],"uv_size":[1,1]},"up":{"uv":[2,8],"uv_size":[-2,-1]},"down":{"uv":[2,8],"uv_size":[-2,-1]}}},{"origin":[73.09645,52.01747,-5.96549],"size":[2,1,1],"uv":{"north":{"uv":[0,5],"uv_size":[4,1]},"east":{"uv":[1,5],"uv_size":[2,1]},"south":{"uv":[0,5],"uv_size":[3,1]},"west":{"uv":[1,5],"uv_size":[2,1]},"up":{"uv":[4,6],"uv_size":[-1,-1]},"down":{"uv":[4,6],"uv_size":[-4,-1]}}},{"origin":[80.09645,52.01747,-8.96549],"size":[1,1,1],"uv":{"north":{"uv":[0,5],"uv_size":[1,1]},"east":{"uv":[0,10],"uv_size":[2,2]},"south":{"uv":[0,5],"uv_size":[1,1]},"west":{"uv":[1,5],"uv_size":[1,1]},"up":{"uv":[1,6],"uv_size":[-1,-1]},"down":{"uv":[2,6],"uv_size":[-1,-1]}}},{"origin":[58.22528,52.01747,-43.54065],"size":[2,1,1],"pivot":[56.37329,40.97775,-16.81749],"rotation":[0,-90,0],"uv":{"north":{"uv":[1,5],"uv_size":[1,1]},"east":{"uv":[0,10],"uv_size":[2,2]},"south":{"uv":[1,5],"uv_size":[1,1]},"west":{"uv":[1,5],"uv_size":[1,1]},"up":{"uv":[1,6],"uv_size":[-1,-1]},"down":{"uv":[2,6],"uv_size":[-1,-1]}}},{"origin":[60.22528,52.01747,-42.54065],"size":[4,1,1],"pivot":[56.37329,40.97775,-16.81749],"rotation":[0,-90,0],"uv":{"north":{"uv":[0,5],"uv_size":[1,1]},"east":{"uv":[2,5],"uv_size":[1,1]},"south":{"uv":[1,5],"uv_size":[1,1]},"west":{"uv":[0,5],"uv_size":[1,1]},"up":{"uv":[1,6],"uv_size":[-1,-1]},"down":{"uv":[3,6],"uv_size":[-1,-1]}}},{"origin":[75.09645,52.01747,-6.96549],"size":[4,1,1],"uv":{"north":{"uv":[1,5],"uv_size":[1,1]},"east":{"uv":[3,5],"uv_size":[1,1]},"south":{"uv":[1,5],"uv_size":[1,1]},"west":{"uv":[2,5],"uv_size":[1,1]},"up":{"uv":[2,6],"uv_size":[-1,-1]},"down":{"uv":[3,6],"uv_size":[-1,-1]}}},{"origin":[75.09645,52.01747,-12.96549],"size":[1,1,2],"uv":{"north":{"uv":[11,0],"uv_size":[1,1]},"east":{"uv":[10,0],"uv_size":[2,1]},"south":{"uv":[10,0],"uv_size":[1,1]},"west":{"uv":[1,3],"uv_size":[2,1]},"up":{"uv":[2,5],"uv_size":[-1,-2]},"down":{"uv":[6,5],"uv_size":[-1,-2]}}},{"origin":[76.09645,52.01747,-11.96549],"size":[1,1,2],"uv":{"north":{"uv":[11,0],"uv_size":[1,1]},"east":{"uv":[10,0],"uv_size":[2,1]},"south":{"uv":[10,0],"uv_size":[1,1]},"west":{"uv":[1,3],"uv_size":[2,1]},"up":{"uv":[2,5],"uv_size":[-1,-2]},"down":{"uv":[6,5],"uv_size":[-1,-2]}}},{"origin":[77.09645,52.01747,-10.96549],"size":[1,1,2],"uv":{"north":{"uv":[11,0],"uv_size":[1,1]},"east":{"uv":[10,0],"uv_size":[2,1]},"south":{"uv":[10,0],"uv_size":[1,1]},"west":{"uv":[1,3],"uv_size":[2,1]},"up":{"uv":[2,5],"uv_size":[-1,-2]},"down":{"uv":[6,5],"uv_size":[-1,-2]}}},{"origin":[78.09645,52.01747,-9.96549],"size":[1,1,2],"uv":{"north":{"uv":[11,0],"uv_size":[1,1]},"east":{"uv":[10,0],"uv_size":[2,1]},"south":{"uv":[10,0],"uv_size":[1,1]},"west":{"uv":[1,3],"uv_size":[2,1]},"up":{"uv":[2,5],"uv_size":[-1,-2]},"down":{"uv":[6,5],"uv_size":[-1,-2]}}},{"origin":[79.09645,52.01747,-8.96549],"size":[1,1,2],"uv":{"north":{"uv":[3,5],"uv_size":[1,1]},"east":{"uv":[3,5],"uv_size":[1,1]},"south":{"uv":[2,5],"uv_size":[1,1]},"west":{"uv":[2,5],"uv_size":[1,1]},"up":{"uv":[1,6],"uv_size":[-1,-1]},"down":{"uv":[4,6],"uv_size":[-1,-1]}}},{"origin":[72.09645,52.01747,-14.96549],"size":[4,1,1],"uv":{"north":{"uv":[14,0],"uv_size":[8,2]},"east":{"uv":[10,0],"uv_size":[1,1]},"south":{"uv":[7,0],"uv_size":[4,1]},"west":{"uv":[7,0],"uv_size":[1,1]},"up":{"uv":[11,1],"uv_size":[-4,-1]},"down":{"uv":[11,1],"uv_size":[-4,-1]}}},{"origin":[71.09645,52.01747,-13.96549],"size":[4,1,2],"uv":{"north":{"uv":[0,0],"uv_size":[5,1]},"east":{"uv":[0,0],"uv_size":[4,1]},"south":{"uv":[2,3],"uv_size":[4,1]},"west":{"uv":[9,0],"uv_size":[2,1]},"up":{"uv":[5,5],"uv_size":[-4,-2]},"down":{"uv":[1,5],"uv_size":[4,-2]}}}]},{"name":"rightArm2","parent":"Player2","pivot":[84.25417,48.4265,-41.42922],"cubes":[{"origin":[81.87409,48.17735,-18.63284],"size":[3,12,4],"pivot":[83.37409,54.17735,-16.63284],"rotation":[82.5,-50,0],"uv":{"north":{"uv":[115,20],"uv_size":[3,12]},"east":{"uv":[111,20],"uv_size":[4,12]},"south":{"uv":[108,20],"uv_size":[3,12]},"west":{"uv":[104,20],"uv_size":[4,12]},"up":{"uv":[111,20],"uv_size":[-3,-4]},"down":{"uv":[114,20],"uv_size":[-3,-4]}}},{"origin":[81.87409,48.17735,-18.63284],"size":[3,12,4],"inflate":0.25,"pivot":[83.37409,54.17735,-16.63284],"rotation":[82.5,-50,0],"uv":{"north":{"uv":[115,36],"uv_size":[3,12]},"east":{"uv":[111,36],"uv_size":[4,12]},"south":{"uv":[108,36],"uv_size":[3,12]},"west":{"uv":[104,36],"uv_size":[4,12]},"up":{"uv":[111,37],"uv_size":[-4,-3]},"down":{"uv":[111,37],"uv_size":[-4,-3]}}}]},{"name":"leftLeg2","parent":"Player2","pivot":[78.95016,44.28382,-19.87018],"rotation":[-40,0,27.5],"cubes":[{"origin":[76.95016,57.00147,-16.91725],"size":[4,12,4],"pivot":[66.54665,50.5598,10.42118],"rotation":[47.5,0,0],"uv":{"north":{"uv":[92,52],"uv_size":[4,12]},"east":{"uv":[88,52],"uv_size":[4,12]},"south":{"uv":[84,52],"uv_size":[4,12]},"west":{"uv":[80,52],"uv_size":[4,12]},"up":{"uv":[88,52],"uv_size":[-4,-4]},"down":{"uv":[92,52],"uv_size":[-4,-4]}}},{"origin":[76.95016,57.00147,-16.91725],"size":[4,12,4],"inflate":0.25,"pivot":[66.54665,50.5598,10.42118],"rotation":[47.5,0,0],"uv":{"north":{"uv":[76,52],"uv_size":[4,12]},"east":{"uv":[72,52],"uv_size":[4,12]},"south":{"uv":[68,52],"uv_size":[4,12]},"west":{"uv":[64,52],"uv_size":[4,12]},"up":{"uv":[72,52],"uv_size":[-4,-4]},"down":{"uv":[76,52],"uv_size":[-4,-4]}}}]},{"name":"rightLeg2","parent":"Player2","pivot":[81.15417,38.4265,-41.42922],"cubes":[{"origin":[80.75016,19.72988,-15.28009],"size":[4,12,4],"pivot":[66.54665,50.5598,10.42119],"rotation":[-30,0,0],"uv":{"north":{"uv":[72,20],"uv_size":[4,12]},"east":{"uv":[76,20],"uv_size":[4,12]},"south":{"uv":[68,20],"uv_size":[4,12]},"west":{"uv":[64,20],"uv_size":[4,12]},"up":{"uv":[72,20],"uv_size":[-4,-4]},"down":{"uv":[76,20],"uv_size":[-4,-4]}}},{"origin":[80.75016,19.72988,-15.28009],"size":[4,12,4],"inflate":0.25,"pivot":[66.54665,50.5598,10.42119],"rotation":[-30,0,0],"uv":{"north":{"uv":[72,36],"uv_size":[4,12]},"east":{"uv":[76,36],"uv_size":[4,12]},"south":{"uv":[68,36],"uv_size":[4,12]},"west":{"uv":[64,36],"uv_size":[4,12]},"up":{"uv":[72,36],"uv_size":[-4,-4]},"down":{"uv":[76,36],"uv_size":[-4,-4]}}}]},{"name":"Player3","parent":"bone2","pivot":[17.7,44.56766,-21.89981],"rotation":[90,75,90]},{"name":"body3","parent":"Player3","pivot":[19.14583,50.4265,-43.42922],"cubes":[{"origin":[13.54984,44.82999,-24.2023],"size":[8,12,4],"uv":{"north":{"uv":[40,84],"uv_size":[-8,12]},"east":{"uv":[20,84],"uv_size":[-4,12]},"south":{"uv":[28,84],"uv_size":[-8,12]},"west":{"uv":[32,84],"uv_size":[-4,12]},"up":{"uv":[20,84],"uv_size":[8,-4]},"down":{"uv":[28,84],"uv_size":[8,-4]}}},{"origin":[13.54984,44.82999,-24.2023],"size":[8,12,4],"inflate":0.25,"uv":{"north":{"uv":[40,100],"uv_size":[-8,12]},"east":{"uv":[20,100],"uv_size":[-4,12]},"south":{"uv":[28,100],"uv_size":[-8,12]},"west":{"uv":[32,100],"uv_size":[-4,12]},"up":{"uv":[20,102],"uv_size":[8,-3]},"down":{"uv":[20,102],"uv_size":[8,-3]}}}]},{"name":"head3","parent":"Player3","pivot":[19.14583,50.4265,-43.42922],"cubes":[{"origin":[13.54984,56.82995,-26.2023],"size":[8,8,8],"uv":{"north":{"uv":[32,72],"uv_size":[-8,8]},"east":{"uv":[8,72],"uv_size":[-8,8]},"south":{"uv":[16,72],"uv_size":[-8,8]},"west":{"uv":[24,72],"uv_size":[-8,8]},"up":{"uv":[8,72],"uv_size":[8,-8]},"down":{"uv":[16,64],"uv_size":[8,8]}}},{"origin":[13.54984,56.82995,-26.2023],"size":[8,8,8],"inflate":0.25,"uv":{"north":{"uv":[64,72],"uv_size":[-8,8]},"east":{"uv":[40,72],"uv_size":[-8,8]},"south":{"uv":[48,72],"uv_size":[-8,8]},"west":{"uv":[57,72],"uv_size":[-8,8]},"up":{"uv":[40,72],"uv_size":[8,-8]},"down":{"uv":[48,72],"uv_size":[8,-8]}}}]},{"name":"leftArm3","parent":"Player3","pivot":[24.14583,48.4265,-43.42922],"cubes":[{"origin":[21.84989,47.06344,-17.31918],"size":[4,12,4],"pivot":[23.34989,53.06344,-15.31918],"rotation":[85,2.5,0],"uv":{"north":{"uv":[48,116],"uv_size":[-4,12]},"east":{"uv":[36,116],"uv_size":[-4,12]},"south":{"uv":[40,116],"uv_size":[-4,12]},"west":{"uv":[44,116],"uv_size":[-4,12]},"up":{"uv":[36,116],"uv_size":[4,-4]},"down":{"uv":[40,116],"uv_size":[4,-4]}}},{"origin":[21.84989,47.06344,-17.31918],"size":[4,12,4],"inflate":0.25,"pivot":[23.34989,53.06344,-15.31918],"rotation":[85,2.5,0],"uv":{"north":{"uv":[64,116],"uv_size":[-4,12]},"east":{"uv":[52,116],"uv_size":[-4,12]},"south":{"uv":[56,116],"uv_size":[-4,12]},"west":{"uv":[60,116],"uv_size":[-4,12]},"up":{"uv":[57,117],"uv_size":[4,-2]},"down":{"uv":[58,117],"uv_size":[4,-2]}}}]},{"name":"Bow2","parent":"leftArm3","pivot":[22.02455,53.39086,-12.65514],"rotation":[175,-47.5,-75],"cubes":[{"origin":[14.30355,52.01747,-18.96549],"size":[10,1,1],"uv":{"north":{"uv":[16,1],"uv_size":[-10,1]},"east":{"uv":[1,1],"uv_size":[-1,1]},"south":{"uv":[16,1],"uv_size":[-10,1]},"west":{"uv":[16,1],"uv_size":[-1,1]},"up":{"uv":[6,2],"uv_size":[10,-1]},"down":{"uv":[6,2],"uv_size":[10,-1]}}},{"origin":[29.17472,52.01747,-34.54065],"size":[8,1,1],"pivot":[42.02671,40.97775,-18.81749],"rotation":[0,90,0],"uv":{"north":{"uv":[14,1],"uv_size":[-8,1]},"east":{"uv":[2,2],"uv_size":[-2,2]},"south":{"uv":[14,1],"uv_size":[-8,1]},"west":{"uv":[2,2],"uv_size":[-2,2]},"up":{"uv":[6,2],"uv_size":[8,-1]},"down":{"uv":[6,2],"uv_size":[8,-1]}}},{"origin":[15.30355,52.01747,-19.96549],"size":[7,1,1],"uv":{"north":{"uv":[7,0],"uv_size":[-7,1]},"east":{"uv":[1,0],"uv_size":[-1,1]},"south":{"uv":[7,0],"uv_size":[-7,1]},"west":{"uv":[1,0],"uv_size":[-1,1]},"up":{"uv":[0,1],"uv_size":[7,-1]},"down":{"uv":[0,1],"uv_size":[7,-1]}}},{"origin":[30.17472,52.01747,-33.54065],"size":[7,1,1],"pivot":[42.02671,40.97775,-18.81749],"rotation":[0,90,0],"uv":{"north":{"uv":[0,0],"uv_size":[7,1]},"east":{"uv":[1,0],"uv_size":[-1,1]},"south":{"uv":[0,0],"uv_size":[7,1]},"west":{"uv":[0,0],"uv_size":[1,1]},"up":{"uv":[0,0],"uv_size":[7,1]},"down":{"uv":[0,0],"uv_size":[7,1]}}},{"origin":[15.30355,52.01747,-17.96549],"size":[12,1,1],"uv":{"north":{"uv":[12,2],"uv_size":[-12,1]},"east":{"uv":[2,2],"uv_size":[-2,2]},"south":{"uv":[12,2],"uv_size":[-12,1]},"west":{"uv":[12,2],"uv_size":[-1,1]},"up":{"uv":[0,3],"uv_size":[12,-1]},"down":{"uv":[0,3],"uv_size":[12,-1]}}},{"origin":[30.17472,52.01747,-35.54065],"size":[7,1,1],"pivot":[42.02671,40.97775,-18.81749],"rotation":[0,90,0],"uv":{"north":{"uv":[3,1],"uv_size":[-3,1]},"east":{"uv":[0,2],"uv_size":[2,1]},"south":{"uv":[0,2],"uv_size":[7,1]},"west":{"uv":[0,2],"uv_size":[2,1]},"up":{"uv":[0,1],"uv_size":[7,1]},"down":{"uv":[0,1],"uv_size":[7,1]}}},{"origin":[26.30355,52.01747,-18.96549],"size":[2,1,1],"uv":{"north":{"uv":[2,6],"uv_size":[-1,2]},"east":{"uv":[1,7],"uv_size":[-1,1]},"south":{"uv":[4,14],"uv_size":[-4,2]},"west":{"uv":[1,6],"uv_size":[-1,1]},"up":{"uv":[0,8],"uv_size":[2,-1]},"down":{"uv":[0,8],"uv_size":[2,-1]}}},{"origin":[23.30355,52.01747,-7.96549],"size":[2,1,1],"uv":{"north":{"uv":[4,5],"uv_size":[-4,1]},"east":{"uv":[3,5],"uv_size":[-2,1]},"south":{"uv":[3,5],"uv_size":[-3,1]},"west":{"uv":[3,5],"uv_size":[-2,1]},"up":{"uv":[3,6],"uv_size":[1,-1]},"down":{"uv":[0,6],"uv_size":[4,-1]}}},{"origin":[17.30355,52.01747,-10.96549],"size":[1,1,1],"uv":{"north":{"uv":[1,5],"uv_size":[-1,1]},"east":{"uv":[2,5],"uv_size":[-1,1]},"south":{"uv":[1,5],"uv_size":[-1,1]},"west":{"uv":[2,10],"uv_size":[-2,2]},"up":{"uv":[0,6],"uv_size":[1,-1]},"down":{"uv":[1,6],"uv_size":[1,-1]}}},{"origin":[38.17472,52.01747,-45.54065],"size":[2,1,1],"pivot":[42.02671,40.97775,-18.81749],"rotation":[0,90,0],"uv":{"north":{"uv":[2,5],"uv_size":[-1,1]},"east":{"uv":[2,5],"uv_size":[-1,1]},"south":{"uv":[2,5],"uv_size":[-1,1]},"west":{"uv":[2,10],"uv_size":[-2,2]},"up":{"uv":[0,6],"uv_size":[1,-1]},"down":{"uv":[1,6],"uv_size":[1,-1]}}},{"origin":[34.17472,52.01747,-44.54065],"size":[4,1,1],"pivot":[42.02671,40.97775,-18.81749],"rotation":[0,90,0],"uv":{"north":{"uv":[1,5],"uv_size":[-1,1]},"east":{"uv":[1,5],"uv_size":[-1,1]},"south":{"uv":[2,5],"uv_size":[-1,1]},"west":{"uv":[3,5],"uv_size":[-1,1]},"up":{"uv":[0,6],"uv_size":[1,-1]},"down":{"uv":[2,6],"uv_size":[1,-1]}}},{"origin":[19.30355,52.01747,-8.96549],"size":[4,1,1],"uv":{"north":{"uv":[2,5],"uv_size":[-1,1]},"east":{"uv":[3,5],"uv_size":[-1,1]},"south":{"uv":[2,5],"uv_size":[-1,1]},"west":{"uv":[4,5],"uv_size":[-1,1]},"up":{"uv":[1,6],"uv_size":[1,-1]},"down":{"uv":[2,6],"uv_size":[1,-1]}}},{"origin":[22.30355,52.01747,-14.96549],"size":[1,1,2],"uv":{"north":{"uv":[12,0],"uv_size":[-1,1]},"east":{"uv":[3,3],"uv_size":[-2,1]},"south":{"uv":[11,0],"uv_size":[-1,1]},"west":{"uv":[12,0],"uv_size":[-2,1]},"up":{"uv":[1,5],"uv_size":[1,-2]},"down":{"uv":[5,5],"uv_size":[1,-2]}}},{"origin":[21.30355,52.01747,-13.96549],"size":[1,1,2],"uv":{"north":{"uv":[12,0],"uv_size":[-1,1]},"east":{"uv":[3,3],"uv_size":[-2,1]},"south":{"uv":[11,0],"uv_size":[-1,1]},"west":{"uv":[12,0],"uv_size":[-2,1]},"up":{"uv":[1,5],"uv_size":[1,-2]},"down":{"uv":[5,5],"uv_size":[1,-2]}}},{"origin":[20.30355,52.01747,-12.96549],"size":[1,1,2],"uv":{"north":{"uv":[12,0],"uv_size":[-1,1]},"east":{"uv":[3,3],"uv_size":[-2,1]},"south":{"uv":[11,0],"uv_size":[-1,1]},"west":{"uv":[12,0],"uv_size":[-2,1]},"up":{"uv":[1,5],"uv_size":[1,-2]},"down":{"uv":[5,5],"uv_size":[1,-2]}}},{"origin":[19.30355,52.01747,-11.96549],"size":[1,1,2],"uv":{"north":{"uv":[12,0],"uv_size":[-1,1]},"east":{"uv":[3,3],"uv_size":[-2,1]},"south":{"uv":[11,0],"uv_size":[-1,1]},"west":{"uv":[12,0],"uv_size":[-2,1]},"up":{"uv":[1,5],"uv_size":[1,-2]},"down":{"uv":[5,5],"uv_size":[1,-2]}}},{"origin":[18.30355,52.01747,-10.96549],"size":[1,1,2],"uv":{"north":{"uv":[4,5],"uv_size":[-1,1]},"east":{"uv":[3,5],"uv_size":[-1,1]},"south":{"uv":[3,5],"uv_size":[-1,1]},"west":{"uv":[4,5],"uv_size":[-1,1]},"up":{"uv":[0,6],"uv_size":[1,-1]},"down":{"uv":[3,6],"uv_size":[1,-1]}}},{"origin":[22.30355,52.01747,-16.96549],"size":[4,1,1],"uv":{"north":{"uv":[22,0],"uv_size":[-8,2]},"east":{"uv":[8,0],"uv_size":[-1,1]},"south":{"uv":[11,0],"uv_size":[-4,1]},"west":{"uv":[11,0],"uv_size":[-1,1]},"up":{"uv":[7,1],"uv_size":[4,-1]},"down":{"uv":[7,1],"uv_size":[4,-1]}}},{"origin":[23.30355,52.01747,-15.96549],"size":[4,1,2],"uv":{"north":{"uv":[5,0],"uv_size":[-5,1]},"east":{"uv":[11,0],"uv_size":[-2,1]},"south":{"uv":[6,3],"uv_size":[-4,1]},"west":{"uv":[4,0],"uv_size":[-4,1]},"up":{"uv":[1,5],"uv_size":[4,-2]},"down":{"uv":[5,5],"uv_size":[-4,-2]}}}]},{"name":"rightArm3","parent":"Player3","pivot":[14.14583,48.4265,-43.42922],"cubes":[{"origin":[12.52591,48.17735,-20.63284],"size":[4,12,4],"pivot":[15.02591,54.17735,-18.63284],"rotation":[82.5,50,0],"uv":{"north":{"uv":[56,84],"uv_size":[-4,12]},"east":{"uv":[44,84],"uv_size":[-4,12]},"south":{"uv":[48,84],"uv_size":[-4,12]},"west":{"uv":[52,84],"uv_size":[-4,12]},"up":{"uv":[44,84],"uv_size":[4,-4]},"down":{"uv":[48,84],"uv_size":[4,-4]}}},{"origin":[12.52591,48.17735,-20.63284],"size":[4,12,4],"inflate":0.25,"pivot":[15.02591,54.17735,-18.63284],"rotation":[82.5,50,0],"uv":{"north":{"uv":[56,100],"uv_size":[-4,12]},"east":{"uv":[44,100],"uv_size":[-4,12]},"south":{"uv":[48,100],"uv_size":[-4,12]},"west":{"uv":[52,100],"uv_size":[-4,12]},"up":{"uv":[43,101],"uv_size":[5,-3]},"down":{"uv":[44,101],"uv_size":[5,-3]}}}]},{"name":"leftLeg3","parent":"Player3","pivot":[19.44984,44.28382,-21.87018],"rotation":[-40,0,-27.5],"cubes":[{"origin":[17.44984,57.00147,-18.91725],"size":[4,12,4],"pivot":[31.85335,50.5598,8.42118],"rotation":[47.5,0,0],"uv":{"north":{"uv":[32,116],"uv_size":[-4,12]},"east":{"uv":[20,116],"uv_size":[-4,12]},"south":{"uv":[24,116],"uv_size":[-4,12]},"west":{"uv":[28,116],"uv_size":[-4,12]},"up":{"uv":[20,116],"uv_size":[4,-4]},"down":{"uv":[24,116],"uv_size":[4,-4]}}},{"origin":[17.44984,57.00147,-18.91725],"size":[4,12,4],"inflate":0.25,"pivot":[31.85335,50.5598,8.42118],"rotation":[47.5,0,0],"uv":{"north":{"uv":[16,116],"uv_size":[-4,12]},"east":{"uv":[4,116],"uv_size":[-4,12]},"south":{"uv":[8,116],"uv_size":[-4,12]},"west":{"uv":[12,116],"uv_size":[-4,12]},"up":{"uv":[4,116],"uv_size":[4,-4]},"down":{"uv":[8,116],"uv_size":[4,-4]}}}]},{"name":"rightLeg3","parent":"Player3","pivot":[17.24583,38.4265,-43.42922],"cubes":[{"origin":[13.64984,19.72988,-17.28009],"size":[4,12,4],"pivot":[31.85335,50.5598,8.42119],"rotation":[-30,0,0],"uv":{"north":{"uv":[12,84],"uv_size":[-4,12]},"east":{"uv":[4,84],"uv_size":[-4,12]},"south":{"uv":[8,84],"uv_size":[-4,12]},"west":{"uv":[16,84],"uv_size":[-4,12]},"up":{"uv":[4,84],"uv_size":[4,-4]},"down":{"uv":[8,84],"uv_size":[4,-4]}}},{"origin":[13.64984,19.72988,-17.28009],"size":[4,12,4],"inflate":0.25,"pivot":[31.85335,50.5598,8.42119],"rotation":[-30,0,0],"uv":{"north":{"uv":[12,100],"uv_size":[-4,12]},"east":{"uv":[4,100],"uv_size":[-4,12]},"south":{"uv":[8,100],"uv_size":[-4,12]},"west":{"uv":[16,100],"uv_size":[-4,12]},"up":{"uv":[4,100],"uv_size":[4,-4]},"down":{"uv":[8,100],"uv_size":[4,-4]}}}]}]}]}