{"format_version":"1.12.0","minecraft:geometry":[{"description":{"identifier":"geometry.prison_statue","texture_width":128,"texture_height":128,"visible_bounds_width":7,"visible_bounds_height":7.5,"visible_bounds_offset":[0,3.25,0]},"bones":[{"name":"bone8","pivot":[-4.28906,-16,-11.90711]},{"name":"bone2","parent":"bone8","pivot":[23.98779,-16,-6.53521],"rotation":[0,180,0]},{"name":"Blocks","parent":"bone2","pivot":[23.98779,-16,-6.53521],"cubes":[{"origin":[40.16595,0.11765,-29.49899],"size":[16,16,16],"pivot":[52.26464,40.15591,-1.16331],"rotation":[0,90,0],"uv":{"north":{"uv":[96,96],"uv_size":[16,16]},"east":{"uv":[96,96],"uv_size":[16,16]},"south":{"uv":[96,96],"uv_size":[16,16]},"west":{"uv":[96,96],"uv_size":[16,16]},"up":{"uv":[112,112],"uv_size":[-16,-16]},"down":{"uv":[112,112],"uv_size":[-16,-16]}}},{"origin":[40.16595,0.11765,-13.49899],"size":[16,16,16],"pivot":[52.26464,40.15591,-1.16331],"rotation":[0,90,0],"uv":{"north":{"uv":[96,80],"uv_size":[16,16]},"east":{"uv":[96,80],"uv_size":[16,16]},"south":{"uv":[96,80],"uv_size":[16,16]},"west":{"uv":[96,80],"uv_size":[16,16]},"up":{"uv":[112,96],"uv_size":[-16,-16]},"down":{"uv":[112,96],"uv_size":[-16,-16]}}},{"origin":[56.16595,0.11765,-13.49899],"size":[16,16,16],"pivot":[52.26464,40.15591,-1.16331],"rotation":[0,90,0],"uv":{"north":{"uv":[96,80],"uv_size":[16,16]},"east":{"uv":[96,80],"uv_size":[16,16]},"south":{"uv":[96,80],"uv_size":[16,16]},"west":{"uv":[96,80],"uv_size":[16,16]},"up":{"uv":[112,96],"uv_size":[-16,-16]},"down":{"uv":[112,96],"uv_size":[-16,-16]}}},{"origin":[40.16595,0.11765,2.50101],"size":[16,16,16],"pivot":[52.26464,40.15591,-1.16331],"rotation":[0,90,0],"uv":{"north":{"uv":[96,80],"uv_size":[16,16]},"east":{"uv":[96,80],"uv_size":[16,16]},"south":{"uv":[96,80],"uv_size":[16,16]},"west":{"uv":[96,80],"uv_size":[16,16]},"up":{"uv":[112,96],"uv_size":[-16,-16]},"down":{"uv":[112,96],"uv_size":[-16,-16]}}},{"origin":[56.16595,0.11765,2.50101],"size":[16,16,16],"pivot":[52.26464,40.15591,-1.16331],"rotation":[0,90,0],"uv":{"north":{"uv":[96,80],"uv_size":[16,16]},"east":{"uv":[96,80],"uv_size":[16,16]},"south":{"uv":[96,80],"uv_size":[16,16]},"west":{"uv":[96,80],"uv_size":[16,16]},"up":{"uv":[112,96],"uv_size":[-16,-16]},"down":{"uv":[112,96],"uv_size":[-16,-16]}}},{"origin":[56.16595,0.11765,-45.49899],"size":[16,16,16],"pivot":[52.26464,40.15591,-1.16331],"rotation":[0,90,0],"uv":{"north":{"uv":[96,80],"uv_size":[16,16]},"east":{"uv":[96,80],"uv_size":[16,16]},"south":{"uv":[96,80],"uv_size":[16,16]},"west":{"uv":[96,80],"uv_size":[16,16]},"up":{"uv":[112,96],"uv_size":[-16,-16]},"down":{"uv":[112,96],"uv_size":[-16,-16]}}},{"origin":[72.16595,0.11765,-29.49899],"size":[16,16,16],"pivot":[52.26464,40.15591,-1.16331],"rotation":[0,90,0],"uv":{"north":{"uv":[112,80],"uv_size":[16,16]},"east":{"uv":[112,80],"uv_size":[16,16]},"south":{"uv":[112,80],"uv_size":[16,16]},"west":{"uv":[112,80],"uv_size":[16,16]},"up":{"uv":[128,96],"uv_size":[-16,-16]},"down":{"uv":[128,96],"uv_size":[-16,-16]}}},{"origin":[56.16595,0.11765,-29.49899],"size":[16,16,16],"pivot":[52.26464,40.15591,-1.16331],"rotation":[0,90,0],"uv":{"north":{"uv":[112,80],"uv_size":[16,16]},"east":{"uv":[112,80],"uv_size":[16,16]},"south":{"uv":[112,80],"uv_size":[16,16]},"west":{"uv":[112,80],"uv_size":[16,16]},"up":{"uv":[128,96],"uv_size":[-16,-16]},"down":{"uv":[128,96],"uv_size":[-16,-16]}}},{"origin":[72.16595,0.11765,-13.49899],"size":[16,16,16],"pivot":[52.26464,40.15591,-1.16331],"rotation":[0,90,0],"uv":{"north":{"uv":[96,80],"uv_size":[16,16]},"east":{"uv":[96,80],"uv_size":[16,16]},"south":{"uv":[96,80],"uv_size":[16,16]},"west":{"uv":[96,80],"uv_size":[16,16]},"up":{"uv":[112,96],"uv_size":[-16,-16]},"down":{"uv":[112,96],"uv_size":[-16,-16]}}},{"origin":[72.16595,0.11765,2.50101],"size":[16,16,16],"pivot":[52.26464,40.15591,-1.16331],"rotation":[0,90,0],"uv":{"north":{"uv":[96,80],"uv_size":[16,16]},"east":{"uv":[96,80],"uv_size":[16,16]},"south":{"uv":[96,80],"uv_size":[16,16]},"west":{"uv":[96,80],"uv_size":[16,16]},"up":{"uv":[112,96],"uv_size":[-16,-16]},"down":{"uv":[112,96],"uv_size":[-16,-16]}}},{"origin":[40.16595,16.11765,-13.49899],"size":[16,16,16],"pivot":[52.26464,40.15591,-1.16331],"rotation":[0,90,0],"uv":{"north":{"uv":[96,80],"uv_size":[16,16]},"east":{"uv":[96,80],"uv_size":[16,16]},"south":{"uv":[96,80],"uv_size":[16,16]},"west":{"uv":[96,80],"uv_size":[16,16]},"up":{"uv":[112,96],"uv_size":[-16,-16]},"down":{"uv":[112,96],"uv_size":[-16,-16]}}},{"origin":[56.16595,0.11765,18.50101],"size":[16,16,16],"pivot":[52.26464,40.15591,-1.16331],"rotation":[0,90,0],"uv":{"north":{"uv":[96,80],"uv_size":[16,16]},"east":{"uv":[96,80],"uv_size":[16,16]},"south":{"uv":[96,80],"uv_size":[16,16]},"west":{"uv":[96,80],"uv_size":[16,16]},"up":{"uv":[112,96],"uv_size":[-16,-16]},"down":{"uv":[112,96],"uv_size":[-16,-16]}}},{"origin":[72.16595,16.11765,2.50101],"size":[16,16,16],"pivot":[52.26464,40.15591,-1.16331],"rotation":[0,90,0],"uv":{"north":{"uv":[96,96],"uv_size":[16,16]},"east":{"uv":[96,96],"uv_size":[16,16]},"south":{"uv":[96,96],"uv_size":[16,16]},"west":{"uv":[96,96],"uv_size":[16,16]},"up":{"uv":[112,112],"uv_size":[-16,-16]},"down":{"uv":[112,112],"uv_size":[-16,-16]}}},{"origin":[72.16595,16.11765,-13.49899],"size":[16,16,16],"pivot":[52.26464,40.15591,-1.16331],"rotation":[0,90,0],"uv":{"north":{"uv":[112,80],"uv_size":[16,16]},"east":{"uv":[112,80],"uv_size":[16,16]},"south":{"uv":[112,80],"uv_size":[16,16]},"west":{"uv":[112,80],"uv_size":[16,16]},"up":{"uv":[128,96],"uv_size":[-16,-16]},"down":{"uv":[128,96],"uv_size":[-16,-16]}}},{"origin":[72.16595,16.11765,-29.49899],"size":[16,16,16],"pivot":[52.26464,40.15591,-1.16331],"rotation":[0,90,0],"uv":{"north":{"uv":[96,80],"uv_size":[16,16]},"east":{"uv":[96,80],"uv_size":[16,16]},"south":{"uv":[96,80],"uv_size":[16,16]},"west":{"uv":[96,80],"uv_size":[16,16]},"up":{"uv":[112,96],"uv_size":[-16,-16]},"down":{"uv":[112,96],"uv_size":[-16,-16]}}},{"origin":[40.16595,16.11765,-29.49899],"size":[16,16,16],"pivot":[52.26464,40.15591,-1.16331],"rotation":[0,90,0],"uv":{"north":{"uv":[96,96],"uv_size":[16,16]},"east":{"uv":[96,96],"uv_size":[16,16]},"south":{"uv":[96,96],"uv_size":[16,16]},"west":{"uv":[96,96],"uv_size":[16,16]},"up":{"uv":[112,112],"uv_size":[-16,-16]},"down":{"uv":[112,112],"uv_size":[-16,-16]}}},{"origin":[40.16595,32.11765,-13.49899],"size":[16,16,16],"pivot":[52.26464,40.15591,-1.16331],"rotation":[0,90,0],"uv":{"north":{"uv":[112,80],"uv_size":[16,16]},"east":{"uv":[112,80],"uv_size":[16,16]},"south":{"uv":[112,80],"uv_size":[16,16]},"west":{"uv":[112,80],"uv_size":[16,16]},"up":{"uv":[128,96],"uv_size":[-16,-16]},"down":{"uv":[128,96],"uv_size":[-16,-16]}}},{"origin":[40.16595,32.11765,2.50101],"size":[16,16,16],"pivot":[52.26464,40.15591,-1.16331],"rotation":[0,90,0],"uv":{"north":{"uv":[96,80],"uv_size":[16,16]},"east":{"uv":[96,80],"uv_size":[16,16]},"south":{"uv":[96,80],"uv_size":[16,16]},"west":{"uv":[96,80],"uv_size":[16,16]},"up":{"uv":[112,96],"uv_size":[-16,-16]},"down":{"uv":[112,96],"uv_size":[-16,-16]}}},{"origin":[72.16595,32.11765,2.50101],"size":[16,16,16],"pivot":[52.26464,40.15591,-1.16331],"rotation":[0,90,0],"uv":{"north":{"uv":[96,80],"uv_size":[16,16]},"east":{"uv":[96,80],"uv_size":[16,16]},"south":{"uv":[96,80],"uv_size":[16,16]},"west":{"uv":[96,80],"uv_size":[16,16]},"up":{"uv":[112,96],"uv_size":[-16,-16]},"down":{"uv":[112,96],"uv_size":[-16,-16]}}},{"origin":[72.16595,32.11765,-13.49899],"size":[16,16,16],"pivot":[52.26464,40.15591,-1.16331],"rotation":[0,90,0],"uv":{"north":{"uv":[96,80],"uv_size":[16,16]},"east":{"uv":[96,80],"uv_size":[16,16]},"south":{"uv":[96,80],"uv_size":[16,16]},"west":{"uv":[96,80],"uv_size":[16,16]},"up":{"uv":[112,96],"uv_size":[-16,-16]},"down":{"uv":[112,96],"uv_size":[-16,-16]}}},{"origin":[56.16595,16.11765,-13.49899],"size":[16,16,16],"pivot":[52.26464,40.15591,-1.16331],"rotation":[0,90,0],"uv":{"north":{"uv":[112,80],"uv_size":[16,16]},"east":{"uv":[112,80],"uv_size":[16,16]},"south":{"uv":[112,80],"uv_size":[16,16]},"west":{"uv":[112,80],"uv_size":[16,16]},"up":{"uv":[128,96],"uv_size":[-16,-16]},"down":{"uv":[128,96],"uv_size":[-16,-16]}}},{"origin":[72.16595,32.11765,-29.49899],"size":[16,16,16],"pivot":[52.26464,40.15591,-1.16331],"rotation":[0,90,0],"uv":{"north":{"uv":[96,96],"uv_size":[16,16]},"east":{"uv":[96,96],"uv_size":[16,16]},"south":{"uv":[96,96],"uv_size":[16,16]},"west":{"uv":[96,96],"uv_size":[16,16]},"up":{"uv":[112,112],"uv_size":[-16,-16]},"down":{"uv":[112,112],"uv_size":[-16,-16]}}},{"origin":[40.16595,48.11765,-29.49899],"size":[16,16,16],"pivot":[52.26464,40.15591,-1.16331],"rotation":[0,90,0],"uv":{"north":{"uv":[96,80],"uv_size":[16,16]},"east":{"uv":[96,80],"uv_size":[16,16]},"south":{"uv":[96,80],"uv_size":[16,16]},"west":{"uv":[96,80],"uv_size":[16,16]},"up":{"uv":[112,96],"uv_size":[-16,-16]},"down":{"uv":[112,96],"uv_size":[-16,-16]}}},{"origin":[40.16595,48.11765,-13.49899],"size":[16,16,16],"pivot":[52.26464,40.15591,-1.16331],"rotation":[0,90,0],"uv":{"north":{"uv":[96,80],"uv_size":[16,16]},"east":{"uv":[96,80],"uv_size":[16,16]},"south":{"uv":[96,80],"uv_size":[16,16]},"west":{"uv":[96,80],"uv_size":[16,16]},"up":{"uv":[112,96],"uv_size":[-16,-16]},"down":{"uv":[112,96],"uv_size":[-16,-16]}}},{"origin":[40.16595,48.11765,2.50101],"size":[16,16,16],"pivot":[52.26464,40.15591,-1.16331],"rotation":[0,90,0],"uv":{"north":{"uv":[96,96],"uv_size":[16,16]},"east":{"uv":[96,96],"uv_size":[16,16]},"south":{"uv":[96,96],"uv_size":[16,16]},"west":{"uv":[96,96],"uv_size":[16,16]},"up":{"uv":[112,112],"uv_size":[-16,-16]},"down":{"uv":[112,112],"uv_size":[-16,-16]}}},{"origin":[56.16595,32.11765,2.50101],"size":[16,16,16],"pivot":[52.26464,40.15591,-1.16331],"rotation":[0,90,0],"uv":{"north":{"uv":[96,96],"uv_size":[16,16]},"east":{"uv":[96,96],"uv_size":[16,16]},"south":{"uv":[96,96],"uv_size":[16,16]},"west":{"uv":[96,96],"uv_size":[16,16]},"up":{"uv":[112,112],"uv_size":[-16,-16]},"down":{"uv":[112,112],"uv_size":[-16,-16]}}},{"origin":[56.16595,48.11765,2.50101],"size":[16,16,16],"pivot":[52.26464,40.15591,-1.16331],"rotation":[0,90,0],"uv":{"north":{"uv":[96,80],"uv_size":[16,16]},"east":{"uv":[96,80],"uv_size":[16,16]},"south":{"uv":[96,80],"uv_size":[16,16]},"west":{"uv":[96,80],"uv_size":[16,16]},"up":{"uv":[112,96],"uv_size":[-16,-16]},"down":{"uv":[112,96],"uv_size":[-16,-16]}}},{"origin":[56.16595,48.11765,-29.49899],"size":[16,16,16],"pivot":[52.26464,40.15591,-1.16331],"rotation":[0,90,0],"uv":{"north":{"uv":[96,80],"uv_size":[16,16]},"east":{"uv":[96,80],"uv_size":[16,16]},"south":{"uv":[96,80],"uv_size":[16,16]},"west":{"uv":[96,80],"uv_size":[16,16]},"up":{"uv":[112,96],"uv_size":[-16,-16]},"down":{"uv":[112,96],"uv_size":[-16,-16]}}},{"origin":[72.16595,48.11765,2.50101],"size":[16,16,16],"pivot":[52.26464,40.15591,-1.16331],"rotation":[0,90,0],"uv":{"north":{"uv":[112,80],"uv_size":[16,16]},"east":{"uv":[112,80],"uv_size":[16,16]},"south":{"uv":[112,80],"uv_size":[16,16]},"west":{"uv":[112,80],"uv_size":[16,16]},"up":{"uv":[128,96],"uv_size":[-16,-16]},"down":{"uv":[128,96],"uv_size":[-16,-16]}}},{"origin":[72.16595,48.11765,-13.49899],"size":[16,16,16],"pivot":[52.26464,40.15591,-1.16331],"rotation":[0,90,0],"uv":{"north":{"uv":[96,80],"uv_size":[16,16]},"east":{"uv":[96,80],"uv_size":[16,16]},"south":{"uv":[96,80],"uv_size":[16,16]},"west":{"uv":[96,80],"uv_size":[16,16]},"up":{"uv":[112,96],"uv_size":[-16,-16]},"down":{"uv":[112,96],"uv_size":[-16,-16]}}},{"origin":[72.16595,48.11765,-29.49899],"size":[16,16,16],"pivot":[52.26464,40.15591,-1.16331],"rotation":[0,90,0],"uv":{"north":{"uv":[112,80],"uv_size":[16,16]},"east":{"uv":[112,80],"uv_size":[16,16]},"south":{"uv":[112,80],"uv_size":[16,16]},"west":{"uv":[112,80],"uv_size":[16,16]},"up":{"uv":[128,96],"uv_size":[-16,-16]},"down":{"uv":[128,96],"uv_size":[-16,-16]}}},{"origin":[40.16595,64.11765,-29.49899],"size":[16,16,16],"pivot":[52.26464,40.15591,-1.16331],"rotation":[0,90,0],"uv":{"north":{"uv":[112,80],"uv_size":[16,16]},"east":{"uv":[112,80],"uv_size":[16,16]},"south":{"uv":[112,80],"uv_size":[16,16]},"west":{"uv":[112,80],"uv_size":[16,16]},"up":{"uv":[128,96],"uv_size":[-16,-16]},"down":{"uv":[128,96],"uv_size":[-16,-16]}}},{"origin":[40.16595,64.11765,-13.49899],"size":[16,16,16],"pivot":[52.26464,40.15591,-1.16331],"rotation":[0,90,0],"uv":{"north":{"uv":[96,80],"uv_size":[16,16]},"east":{"uv":[96,80],"uv_size":[16,16]},"south":{"uv":[96,80],"uv_size":[16,16]},"west":{"uv":[96,80],"uv_size":[16,16]},"up":{"uv":[112,96],"uv_size":[-16,-16]},"down":{"uv":[112,96],"uv_size":[-16,-16]}}},{"origin":[56.16595,64.11765,-13.49899],"size":[16,16,16],"pivot":[52.26464,40.15591,-1.16331],"rotation":[0,90,0],"uv":{"north":{"uv":[96,80],"uv_size":[16,16]},"east":{"uv":[96,80],"uv_size":[16,16]},"south":{"uv":[96,80],"uv_size":[16,16]},"west":{"uv":[96,80],"uv_size":[16,16]},"up":{"uv":[112,96],"uv_size":[-16,-16]},"down":{"uv":[112,96],"uv_size":[-16,-16]}}},{"origin":[40.16595,64.11765,2.50101],"size":[16,16,16],"pivot":[52.26464,40.15591,-1.16331],"rotation":[0,90,0],"uv":{"north":{"uv":[112,80],"uv_size":[16,16]},"east":{"uv":[112,80],"uv_size":[16,16]},"south":{"uv":[112,80],"uv_size":[16,16]},"west":{"uv":[112,80],"uv_size":[16,16]},"up":{"uv":[128,96],"uv_size":[-16,-16]},"down":{"uv":[128,96],"uv_size":[-16,-16]}}},{"origin":[56.16595,64.11765,2.50101],"size":[16,16,16],"pivot":[52.26464,40.15591,-1.16331],"rotation":[0,90,0],"uv":{"north":{"uv":[96,80],"uv_size":[16,16]},"east":{"uv":[96,80],"uv_size":[16,16]},"south":{"uv":[96,80],"uv_size":[16,16]},"west":{"uv":[96,80],"uv_size":[16,16]},"up":{"uv":[112,96],"uv_size":[-16,-16]},"down":{"uv":[112,96],"uv_size":[-16,-16]}}},{"origin":[56.16595,64.11765,-29.49899],"size":[16,16,16],"pivot":[52.26464,40.15591,-1.16331],"rotation":[0,90,0],"uv":{"north":{"uv":[96,96],"uv_size":[16,16]},"east":{"uv":[96,96],"uv_size":[16,16]},"south":{"uv":[96,96],"uv_size":[16,16]},"west":{"uv":[96,96],"uv_size":[16,16]},"up":{"uv":[112,112],"uv_size":[-16,-16]},"down":{"uv":[112,112],"uv_size":[-16,-16]}}},{"origin":[72.16595,64.11765,2.50101],"size":[16,16,16],"pivot":[52.26464,40.15591,-1.16331],"rotation":[0,90,0],"uv":{"north":{"uv":[96,80],"uv_size":[16,16]},"east":{"uv":[96,80],"uv_size":[16,16]},"south":{"uv":[96,80],"uv_size":[16,16]},"west":{"uv":[96,80],"uv_size":[16,16]},"up":{"uv":[112,96],"uv_size":[-16,-16]},"down":{"uv":[112,96],"uv_size":[-16,-16]}}},{"origin":[72.16595,64.11765,-13.49899],"size":[16,16,16],"pivot":[52.26464,40.15591,-1.16331],"rotation":[0,90,0],"uv":{"north":{"uv":[112,80],"uv_size":[16,16]},"east":{"uv":[112,80],"uv_size":[16,16]},"south":{"uv":[112,80],"uv_size":[16,16]},"west":{"uv":[112,80],"uv_size":[16,16]},"up":{"uv":[128,96],"uv_size":[-16,-16]},"down":{"uv":[128,96],"uv_size":[-16,-16]}}},{"origin":[72.16595,64.11765,-29.49899],"size":[16,16,16],"pivot":[52.26464,40.15591,-1.16331],"rotation":[0,90,0],"uv":{"north":{"uv":[96,80],"uv_size":[16,16]},"east":{"uv":[96,80],"uv_size":[16,16]},"south":{"uv":[96,80],"uv_size":[16,16]},"west":{"uv":[96,80],"uv_size":[16,16]},"up":{"uv":[112,96],"uv_size":[-16,-16]},"down":{"uv":[112,96],"uv_size":[-16,-16]}}}]},{"name":"Player3","parent":"Blocks","pivot":[18,16.1,-13],"rotation":[0,97.5,0]},{"name":"body3","parent":"Player3","pivot":[18.77434,34.19476,-14.255],"rotation":[-10,0,0],"cubes":[{"origin":[14.77434,28.19476,-16.255],"size":[8,12,4],"uv":{"north":{"uv":[96,20],"uv_size":[8,12]},"east":{"uv":[92,20],"uv_size":[4,12]},"south":{"uv":[84,20],"uv_size":[8,12]},"west":{"uv":[80,20],"uv_size":[4,12]},"up":{"uv":[92,20],"uv_size":[-8,-4]},"down":{"uv":[100,20],"uv_size":[-8,-4]}}},{"origin":[14.77434,28.19476,-16.255],"size":[8,12,4],"inflate":0.25,"uv":{"north":{"uv":[96,36],"uv_size":[8,12]},"east":{"uv":[92,36],"uv_size":[4,12]},"south":{"uv":[84,36],"uv_size":[8,12]},"west":{"uv":[80,36],"uv_size":[4,12]},"up":{"uv":[92,38],"uv_size":[-8,-3]},"down":{"uv":[92,38],"uv_size":[-8,-3]}}}]},{"name":"head3","parent":"Player3","pivot":[18.77434,44.19472,-12.255],"rotation":[-12.5,0,0],"cubes":[{"origin":[14.77434,40.19472,-16.255],"size":[8,8,8],"uv":{"north":{"uv":[88,8],"uv_size":[8,8]},"east":{"uv":[80,8],"uv_size":[8,8]},"south":{"uv":[72,8],"uv_size":[8,8]},"west":{"uv":[64,8],"uv_size":[8,8]},"up":{"uv":[80,8],"uv_size":[-8,-8]},"down":{"uv":[88,8],"uv_size":[-8,-8]}}},{"origin":[14.77434,40.19472,-16.255],"size":[8,8,8],"inflate":0.25,"uv":{"north":{"uv":[120,8],"uv_size":[8,8]},"east":{"uv":[113,8],"uv_size":[8,8]},"south":{"uv":[104,8],"uv_size":[8,8]},"west":{"uv":[96,8],"uv_size":[8,8]},"up":{"uv":[112,8],"uv_size":[-8,-8]},"down":{"uv":[120,8],"uv_size":[-8,-8]}}}]},{"name":"leftArm3","parent":"Player3","pivot":[12.97429,38.42822,-14.37187],"rotation":[-47.18477,-8.51711,0.80812],"cubes":[{"origin":[11.47429,32.42822,-10.37187],"size":[3,12,4],"pivot":[12.97429,38.42822,-8.37187],"rotation":[85,-2.5,0],"uv":{"north":{"uv":[107,52],"uv_size":[3,12]},"east":{"uv":[103,52],"uv_size":[4,12]},"south":{"uv":[100,52],"uv_size":[3,12]},"west":{"uv":[96,52],"uv_size":[4,12]},"up":{"uv":[103,52],"uv_size":[-3,-4]},"down":{"uv":[106,52],"uv_size":[-3,-4]}}},{"origin":[11.47429,32.42822,-10.37187],"size":[3,12,4],"inflate":0.25,"pivot":[12.97429,38.42822,-8.37187],"rotation":[85,-2.5,0],"uv":{"north":{"uv":[123,52],"uv_size":[3,12]},"east":{"uv":[119,52],"uv_size":[4,12]},"south":{"uv":[115,52],"uv_size":[3,12]},"west":{"uv":[112,52],"uv_size":[4,12]},"up":{"uv":[124,53],"uv_size":[-3,-2]},"down":{"uv":[124,53],"uv_size":[-3,-2]}}}]},{"name":"pickaxe2","parent":"leftArm3","pivot":[12.47429,36.42822,-4.52977],"rotation":[-37.5,180,0],"cubes":[{"origin":[11.97429,35.95963,-5.64408],"size":[1,1,2],"uv":{"north":{"uv":[0,9],"uv_size":[2,1]},"east":{"uv":[0,9],"uv_size":[2,1]},"south":{"uv":[0,9],"uv_size":[2,1]},"west":{"uv":[0,9],"uv_size":[2,1]},"up":{"uv":[2,10],"uv_size":[-2,-1]},"down":{"uv":[2,10],"uv_size":[-2,-1]}}},{"origin":[11.97429,36.95963,-6.64408],"size":[1,1,3],"uv":{"north":{"uv":[2,10],"uv_size":[1,1]},"east":{"uv":[0,10],"uv_size":[3,1]},"south":{"uv":[0,10],"uv_size":[1,1]},"west":{"uv":[3,10],"uv_size":[-3,1]},"up":{"uv":[5,9],"uv_size":[-1,3]},"down":{"uv":[5,12],"uv_size":[-1,-3]}}},{"origin":[11.97429,37.95963,-7.64408],"size":[1,1,3],"uv":{"north":{"uv":[2,11],"uv_size":[1,1]},"east":{"uv":[0,11],"uv_size":[3,1]},"south":{"uv":[0,11],"uv_size":[1,1]},"west":{"uv":[3,11],"uv_size":[-3,1]},"up":{"uv":[4,9],"uv_size":[-1,3]},"down":{"uv":[4,12],"uv_size":[-1,-3]}}},{"origin":[11.97429,39.95963,-9.64408],"size":[1,1,3],"uv":{"north":{"uv":[2,11],"uv_size":[1,1]},"east":{"uv":[0,11],"uv_size":[3,1]},"south":{"uv":[0,11],"uv_size":[1,1]},"west":{"uv":[3,11],"uv_size":[-3,1]},"up":{"uv":[4,9],"uv_size":[-1,3]},"down":{"uv":[4,12],"uv_size":[-1,-3]}}},{"origin":[11.97429,38.95963,-8.64408],"size":[1,1,3],"uv":{"north":{"uv":[2,10],"uv_size":[1,1]},"east":{"uv":[0,10],"uv_size":[3,1]},"south":{"uv":[0,10],"uv_size":[1,1]},"west":{"uv":[3,10],"uv_size":[-3,1]},"up":{"uv":[5,9],"uv_size":[-1,3]},"down":{"uv":[5,12],"uv_size":[-1,-3]}}},{"origin":[11.97429,43.95963,-13.64408],"size":[1,1,3],"uv":{"north":{"uv":[2,11],"uv_size":[1,1]},"east":{"uv":[0,11],"uv_size":[3,1]},"south":{"uv":[0,11],"uv_size":[1,1]},"west":{"uv":[3,11],"uv_size":[-3,1]},"up":{"uv":[4,9],"uv_size":[-1,3]},"down":{"uv":[4,12],"uv_size":[-1,-3]}}},{"origin":[11.97429,44.95963,-12.64408],"size":[1,1,1],"uv":{"north":{"uv":[0,11],"uv_size":[1,1]},"east":{"uv":[0,11],"uv_size":[1,1]},"south":{"uv":[0,11],"uv_size":[1,1]},"west":{"uv":[0,11],"uv_size":[1,1]},"up":{"uv":[1,12],"uv_size":[-1,-1]},"down":{"uv":[1,12],"uv_size":[-1,-1]}}},{"origin":[11.97429,44.95963,-13.64408],"size":[1,1,1],"uv":{"north":{"uv":[2,9],"uv_size":[1,1]},"east":{"uv":[2,9],"uv_size":[1,1]},"south":{"uv":[2,9],"uv_size":[1,1]},"west":{"uv":[2,9],"uv_size":[1,1]},"up":{"uv":[3,10],"uv_size":[-1,-1]},"down":{"uv":[3,10],"uv_size":[-1,-1]}}},{"origin":[11.97429,45.95963,-13.64408],"size":[1,1,6],"uv":{"north":{"uv":[2,9],"uv_size":[1,1]},"east":{"uv":[0,13],"uv_size":[6,1]},"south":{"uv":[0,13],"uv_size":[1,1]},"west":{"uv":[6,13],"uv_size":[-6,1]},"up":{"uv":[2,14],"uv_size":[-1,-1]},"down":{"uv":[1,21],"uv_size":[-1,-6]}}},{"origin":[11.97429,47.95963,-12.64408],"size":[1,1,5],"uv":{"north":{"uv":[0,13],"uv_size":[1,1]},"east":{"uv":[0,13],"uv_size":[1,1]},"south":{"uv":[0,13],"uv_size":[1,1]},"west":{"uv":[0,13],"uv_size":[1,1]},"up":{"uv":[1,14],"uv_size":[-1,-1]},"down":{"uv":[1,14],"uv_size":[-1,-1]}}},{"origin":[11.97429,46.95963,-13.64408],"size":[1,1,7],"uv":{"north":{"uv":[2,9],"uv_size":[1,1]},"east":{"uv":[0,12],"uv_size":[7,1]},"south":{"uv":[0,13],"uv_size":[1,1]},"west":{"uv":[7,12],"uv_size":[-7,1]},"up":{"uv":[2,14],"uv_size":[-1,-1]},"down":{"uv":[1,13],"uv_size":[-1,-1]}}},{"origin":[11.97429,39.95963,-15.64408],"size":[1,6,2],"uv":{"north":{"uv":[1,14],"uv_size":[1,6]},"east":{"uv":[0,14],"uv_size":[2,6]},"south":{"uv":[0,14],"uv_size":[1,6]},"west":{"uv":[2,14],"uv_size":[-2,6]},"up":{"uv":[2,16],"uv_size":[-1,-2]},"down":{"uv":[2,16],"uv_size":[-1,-2]}}},{"origin":[11.97429,38.95963,-15.64408],"size":[1,1,1],"uv":{"north":{"uv":[1,14],"uv_size":[1,1]},"east":{"uv":[1,14],"uv_size":[1,1]},"south":{"uv":[1,14],"uv_size":[1,1]},"west":{"uv":[1,14],"uv_size":[1,1]},"up":{"uv":[2,15],"uv_size":[-1,-1]},"down":{"uv":[2,15],"uv_size":[-1,-1]}}},{"origin":[11.97429,39.95963,-16.64408],"size":[1,5,1],"uv":{"north":{"uv":[1,14],"uv_size":[1,1]},"east":{"uv":[1,14],"uv_size":[1,1]},"south":{"uv":[1,14],"uv_size":[1,1]},"west":{"uv":[1,14],"uv_size":[1,1]},"up":{"uv":[2,15],"uv_size":[-1,-1]},"down":{"uv":[2,15],"uv_size":[-1,-1]}}},{"origin":[11.97429,42.95963,-12.64408],"size":[1,1,3],"uv":{"north":{"uv":[2,10],"uv_size":[1,1]},"east":{"uv":[0,10],"uv_size":[3,1]},"south":{"uv":[0,10],"uv_size":[1,1]},"west":{"uv":[3,10],"uv_size":[-3,1]},"up":{"uv":[5,9],"uv_size":[-1,3]},"down":{"uv":[5,12],"uv_size":[-1,-3]}}},{"origin":[11.97429,46.95963,-15.64408],"size":[1,1,2],"uv":{"north":{"uv":[1,11],"uv_size":[1,1]},"east":{"uv":[0,11],"uv_size":[2,1]},"south":{"uv":[0,11],"uv_size":[1,1]},"west":{"uv":[2,11],"uv_size":[-2,1]},"up":{"uv":[4,9],"uv_size":[-1,2]},"down":{"uv":[4,11],"uv_size":[-1,-2]}}},{"origin":[11.97429,45.95963,-15.64408],"size":[1,1,2],"uv":{"north":{"uv":[2,10],"uv_size":[1,1]},"east":{"uv":[1,10],"uv_size":[2,1]},"south":{"uv":[1,10],"uv_size":[1,1]},"west":{"uv":[3,10],"uv_size":[-2,1]},"up":{"uv":[5,10],"uv_size":[-1,2]},"down":{"uv":[5,12],"uv_size":[-1,-2]}}},{"origin":[11.97429,41.95963,-11.64408],"size":[1,1,3],"uv":{"north":{"uv":[2,11],"uv_size":[1,1]},"east":{"uv":[0,11],"uv_size":[3,1]},"south":{"uv":[0,11],"uv_size":[1,1]},"west":{"uv":[3,11],"uv_size":[-3,1]},"up":{"uv":[4,9],"uv_size":[-1,3]},"down":{"uv":[4,12],"uv_size":[-1,-3]}}},{"origin":[11.97429,40.95963,-10.64408],"size":[1,1,3],"uv":{"north":{"uv":[2,10],"uv_size":[1,1]},"east":{"uv":[0,10],"uv_size":[3,1]},"south":{"uv":[0,10],"uv_size":[1,1]},"west":{"uv":[3,10],"uv_size":[-3,1]},"up":{"uv":[5,9],"uv_size":[-1,3]},"down":{"uv":[5,12],"uv_size":[-1,-3]}}}]},{"name":"rightArm3","parent":"Player3","pivot":[24.29827,40.54213,-14.68554],"rotation":[-88.40995,15.88056,-63.37614],"cubes":[{"origin":[18.07021,33.09814,-13.14148],"size":[3,12,4],"pivot":[19.57021,39.09814,-11.14148],"rotation":[82.5,-50,0],"uv":{"north":{"uv":[115,20],"uv_size":[3,12]},"east":{"uv":[111,20],"uv_size":[4,12]},"south":{"uv":[108,20],"uv_size":[3,12]},"west":{"uv":[104,20],"uv_size":[4,12]},"up":{"uv":[111,20],"uv_size":[-3,-4]},"down":{"uv":[114,20],"uv_size":[-3,-4]}}},{"origin":[18.07021,33.09814,-13.14148],"size":[3,12,4],"inflate":0.25,"pivot":[19.57021,39.09814,-11.14148],"rotation":[82.5,-50,0],"uv":{"north":{"uv":[115,36],"uv_size":[3,12]},"east":{"uv":[111,36],"uv_size":[4,12]},"south":{"uv":[108,36],"uv_size":[3,12]},"west":{"uv":[104,36],"uv_size":[4,12]},"up":{"uv":[111,37],"uv_size":[-4,-3]},"down":{"uv":[111,37],"uv_size":[-4,-3]}}}]},{"name":"leftLeg3","parent":"Player3","pivot":[16.87434,27.76624,-14.66995],"rotation":[-37.5,0,0],"cubes":[{"origin":[14.87434,40.76624,-11.66995],"size":[4,12,4],"pivot":[4.47083,34.32457,15.66848],"rotation":[47.5,0,0],"uv":{"north":{"uv":[92,52],"uv_size":[4,12]},"east":{"uv":[88,52],"uv_size":[4,12]},"south":{"uv":[84,52],"uv_size":[4,12]},"west":{"uv":[80,52],"uv_size":[4,12]},"up":{"uv":[88,52],"uv_size":[-4,-4]},"down":{"uv":[92,52],"uv_size":[-4,-4]}}},{"origin":[14.87434,40.76624,-11.66995],"size":[4,12,4],"inflate":0.25,"pivot":[4.47083,34.32457,15.66848],"rotation":[47.5,0,0],"uv":{"north":{"uv":[76,52],"uv_size":[4,12]},"east":{"uv":[72,52],"uv_size":[4,12]},"south":{"uv":[68,52],"uv_size":[4,12]},"west":{"uv":[64,52],"uv_size":[4,12]},"up":{"uv":[72,52],"uv_size":[-4,-4]},"down":{"uv":[76,52],"uv_size":[-4,-4]}}}]},{"name":"rightLeg3","parent":"Player3","pivot":[20.67434,28.09465,-14.33279],"rotation":[22.5,0,0],"cubes":[{"origin":[18.67434,2.09465,-10.33279],"size":[4,12,4],"pivot":[4.47083,32.92457,15.36849],"rotation":[-30,0,0],"uv":{"north":{"uv":[72,20],"uv_size":[4,12]},"east":{"uv":[76,20],"uv_size":[4,12]},"south":{"uv":[68,20],"uv_size":[4,12]},"west":{"uv":[64,20],"uv_size":[4,12]},"up":{"uv":[72,20],"uv_size":[-4,-4]},"down":{"uv":[76,20],"uv_size":[-4,-4]}}},{"origin":[18.67434,2.09465,-10.33279],"size":[4,12,4],"inflate":0.25,"pivot":[4.47083,32.92457,15.36849],"rotation":[-30,0,0],"uv":{"north":{"uv":[72,36],"uv_size":[4,12]},"east":{"uv":[76,36],"uv_size":[4,12]},"south":{"uv":[68,36],"uv_size":[4,12]},"west":{"uv":[64,36],"uv_size":[4,12]},"up":{"uv":[72,36],"uv_size":[-4,-4]},"down":{"uv":[76,36],"uv_size":[-4,-4]}}}]},{"name":"bone","parent":"bone2","pivot":[23.98779,-16,33.46479]},{"name":"8","parent":"bone","pivot":[47.92897,40.11765,-13.06462],"cubes":[{"origin":[96.16595,32.11765,26.50101],"size":[16,16,16],"pivot":[52.26464,40.15591,38.83669],"rotation":[0,90,0],"uv":{"north":{"uv":[48,48],"uv_size":[16,16]},"east":{"uv":[48,48],"uv_size":[16,16]},"south":{"uv":[48,48],"uv_size":[16,16]},"west":{"uv":[48,48],"uv_size":[16,16]},"up":{"uv":[64,64],"uv_size":[-16,-16]},"down":{"uv":[64,64],"uv_size":[-16,-16]}}}]},{"name":"7","parent":"bone","pivot":[47.92897,40.11765,-13.06462],"cubes":[{"origin":[96.16595,32.11765,26.50101],"size":[16,16,16],"pivot":[52.26464,40.15591,38.83669],"rotation":[0,90,0],"uv":{"north":{"uv":[48,32],"uv_size":[16,16]},"east":{"uv":[48,32],"uv_size":[16,16]},"south":{"uv":[48,32],"uv_size":[16,16]},"west":{"uv":[48,32],"uv_size":[16,16]},"up":{"uv":[64,48],"uv_size":[-16,-16]},"down":{"uv":[64,48],"uv_size":[-16,-16]}}}]},{"name":"6","parent":"bone","pivot":[47.92897,40.11765,-13.06462],"cubes":[{"origin":[96.16595,32.11765,26.50101],"size":[16,16,16],"pivot":[52.26464,40.15591,38.83669],"rotation":[0,90,0],"uv":{"north":{"uv":[48,16],"uv_size":[16,16]},"east":{"uv":[48,16],"uv_size":[16,16]},"south":{"uv":[48,16],"uv_size":[16,16]},"west":{"uv":[48,16],"uv_size":[16,16]},"up":{"uv":[64,32],"uv_size":[-16,-16]},"down":{"uv":[64,32],"uv_size":[-16,-16]}}}]},{"name":"5","parent":"bone","pivot":[47.92897,40.11765,-13.06462],"cubes":[{"origin":[96.16595,32.11765,26.50101],"size":[16,16,16],"pivot":[52.26464,40.15591,38.83669],"rotation":[0,90,0],"uv":{"north":{"uv":[48,0],"uv_size":[16,16]},"east":{"uv":[48,0],"uv_size":[16,16]},"south":{"uv":[48,0],"uv_size":[16,16]},"west":{"uv":[48,0],"uv_size":[16,16]},"up":{"uv":[64,16],"uv_size":[-16,-16]},"down":{"uv":[64,16],"uv_size":[-16,-16]}}}]},{"name":"4","parent":"bone","pivot":[47.92897,40.11765,-13.06462],"cubes":[{"origin":[96.16595,32.11765,26.50101],"size":[16,16,16],"pivot":[52.26464,40.15591,38.83669],"rotation":[0,90,0],"uv":{"north":{"uv":[32,48],"uv_size":[16,16]},"east":{"uv":[32,48],"uv_size":[16,16]},"south":{"uv":[32,48],"uv_size":[16,16]},"west":{"uv":[32,48],"uv_size":[16,16]},"up":{"uv":[48,64],"uv_size":[-16,-16]},"down":{"uv":[48,64],"uv_size":[-16,-16]}}}]},{"name":"3","parent":"bone","pivot":[47.92897,40.11765,-13.06462],"cubes":[{"origin":[96.16595,32.11765,26.50101],"size":[16,16,16],"pivot":[52.26464,40.15591,38.83669],"rotation":[0,90,0],"uv":{"north":{"uv":[32,32],"uv_size":[16,16]},"east":{"uv":[32,32],"uv_size":[16,16]},"south":{"uv":[32,32],"uv_size":[16,16]},"west":{"uv":[32,32],"uv_size":[16,16]},"up":{"uv":[48,48],"uv_size":[-16,-16]},"down":{"uv":[48,48],"uv_size":[-16,-16]}}}]},{"name":"2","parent":"bone","pivot":[47.92897,40.11765,-13.06462],"cubes":[{"origin":[96.16595,32.11765,26.50101],"size":[16,16,16],"pivot":[52.26464,40.15591,38.83669],"rotation":[0,90,0],"uv":{"north":{"uv":[32,16],"uv_size":[16,16]},"east":{"uv":[32,16],"uv_size":[16,16]},"south":{"uv":[32,16],"uv_size":[16,16]},"west":{"uv":[32,16],"uv_size":[16,16]},"up":{"uv":[48,32],"uv_size":[-16,-16]},"down":{"uv":[48,32],"uv_size":[-16,-16]}}}]},{"name":"1","parent":"bone","pivot":[47.92897,40.11765,-13.06462],"cubes":[{"origin":[96.16595,32.11765,26.50101],"size":[16,16,16],"pivot":[52.26464,40.15591,38.83669],"rotation":[0,90,0],"uv":{"north":{"uv":[32,0],"uv_size":[16,16]},"east":{"uv":[32,0],"uv_size":[16,16]},"south":{"uv":[32,0],"uv_size":[16,16]},"west":{"uv":[32,0],"uv_size":[16,16]},"up":{"uv":[48,16],"uv_size":[-16,-16]},"down":{"uv":[48,16],"uv_size":[-16,-16]}}}]},{"name":"0","parent":"bone","pivot":[47.92897,40.11765,-13.06462],"cubes":[{"origin":[96.16595,32.11765,26.50101],"size":[16,16,16],"pivot":[52.26464,40.15591,38.83669],"rotation":[0,90,0],"uv":{"north":{"uv":[112,80],"uv_size":[16,16]},"east":{"uv":[112,80],"uv_size":[16,16]},"south":{"uv":[112,80],"uv_size":[16,16]},"west":{"uv":[112,80],"uv_size":[16,16]},"up":{"uv":[128,96],"uv_size":[-16,-16]},"down":{"uv":[128,96],"uv_size":[-16,-16]}}}]},{"name":"9","parent":"bone","pivot":[43.92897,33.11765,-12.06462],"cubes":[{"origin":[113.66595,32.11765,34.50101],"size":[1.5,1.5,1.5],"pivot":[55.26464,40.15591,46.83669],"rotation":[0,90,0],"uv":{"north":{"uv":[112,80],"uv_size":[16,16]},"east":{"uv":[112,80],"uv_size":[16,16]},"south":{"uv":[112,80],"uv_size":[16,16]},"west":{"uv":[112,80],"uv_size":[16,16]},"up":{"uv":[128,96],"uv_size":[-16,-16]},"down":{"uv":[128,96],"uv_size":[-16,-16]}}}]},{"name":"10","parent":"bone","pivot":[43.67897,32.86765,-12.31462],"cubes":[{"origin":[113.66595,32.11765,34.50101],"size":[1.5,1.5,1.5],"pivot":[55.26464,40.15591,46.83669],"rotation":[0,90,0],"uv":{"north":{"uv":[112,80],"uv_size":[16,16]},"east":{"uv":[112,80],"uv_size":[16,16]},"south":{"uv":[112,80],"uv_size":[16,16]},"west":{"uv":[112,80],"uv_size":[16,16]},"up":{"uv":[128,96],"uv_size":[-16,-16]},"down":{"uv":[128,96],"uv_size":[-16,-16]}}}]},{"name":"11","parent":"bone","pivot":[43.67897,32.86765,-12.31462],"cubes":[{"origin":[113.66595,32.11765,34.50101],"size":[1.5,1.5,1.5],"pivot":[55.26464,40.15591,46.83669],"rotation":[0,90,0],"uv":{"north":{"uv":[112,80],"uv_size":[16,16]},"east":{"uv":[112,80],"uv_size":[16,16]},"south":{"uv":[112,80],"uv_size":[16,16]},"west":{"uv":[112,80],"uv_size":[16,16]},"up":{"uv":[128,96],"uv_size":[-16,-16]},"down":{"uv":[128,96],"uv_size":[-16,-16]}}}]},{"name":"12","parent":"bone","pivot":[44.42897,33.61765,-11.56462],"cubes":[{"origin":[111.16595,32.11765,34.50101],"size":[4,4,4],"pivot":[55.26464,40.15591,46.83669],"rotation":[0,90,0],"uv":{"north":{"uv":[112,80],"uv_size":[16,16]},"east":{"uv":[112,80],"uv_size":[16,16]},"south":{"uv":[112,80],"uv_size":[16,16]},"west":{"uv":[112,80],"uv_size":[16,16]},"up":{"uv":[128,96],"uv_size":[-16,-16]},"down":{"uv":[128,96],"uv_size":[-16,-16]}}}]},{"name":"bone4","parent":"bone8","pivot":[-64,0,0]},{"name":"Player2","parent":"bone4","pivot":[-76.01221,37,-19.53521],"rotation":[-30,90,0]},{"name":"body2","parent":"Player2","pivot":[-79.56572,31.94674,-23.02304],"rotation":[12.5,0,0]},{"name":"head2","parent":"body2","pivot":[-79.56572,41.9467,-23.02304],"rotation":[12.5,-15,0]},{"name":"leftArm2","parent":"body2","pivot":[-85.36577,35.73311,-21.93547],"rotation":[172.5,-15,172.5]},{"name":"rightArm2","parent":"body2","pivot":[-73.34135,36.46056,-24.27973],"rotation":[102.5,0,0]},{"name":"Sword3","parent":"rightArm2","pivot":[-72.51221,26.2137,-19.8392],"rotation":[-57.5,0,0]},{"name":"leftLeg2","parent":"Player2","pivot":[-81.46572,25.40057,-21.69091],"rotation":[-57.5,0,0]},{"name":"rightLeg2","parent":"Player2","pivot":[-77.66572,26.02385,-20.34042],"rotation":[92.5,0,0]},{"name":"bone7","parent":"bone8","pivot":[50.98779,43,-19.53521]},{"name":"Player4","parent":"bone7","pivot":[64.98779,35,-9.53521],"rotation":[-45,-50,0]},{"name":"body6","parent":"Player4","pivot":[65.43428,29.94674,-13.02304],"rotation":[15,0,0]},{"name":"head6","parent":"body6","pivot":[65.43428,39.9467,-13.02304],"rotation":[47.5,0,0]},{"name":"leftArm6","parent":"body6","pivot":[59.63423,36.33119,-11.43547],"rotation":[-130,12.5,12.5]},{"name":"rightArm6","parent":"body6","pivot":[71.65865,34.46056,-14.27973],"rotation":[132.5,0,0]},{"name":"leftLeg7","parent":"Player4","pivot":[63.53428,23.40057,-11.69091],"rotation":[-42.5,0,0]},{"name":"rightLeg7","parent":"Player4","pivot":[67.33428,24.02385,-10.34042],"rotation":[110,0,0]},{"name":"bone3","parent":"bone8","pivot":[-4.28906,-16,-11.90711]},{"name":"Player1","parent":"bone3","pivot":[5,50,38],"rotation":[-163.89594,-7.74701,100.16865]},{"name":"body","parent":"Player1","pivot":[7.1043,52.27134,38.28666],"rotation":[-10.47479,17.22575,-3.13388],"cubes":[{"origin":[-49.1645,76.80469,80.04745],"size":[8,12,4],"pivot":[-8.4211,65.08608,32.55192],"rotation":[-15,62.5,0],"uv":{"north":{"uv":[20,84],"uv_size":[8,12]},"east":{"uv":[16,84],"uv_size":[4,12]},"south":{"uv":[32,84],"uv_size":[8,12]},"west":{"uv":[28,84],"uv_size":[4,12]},"up":{"uv":[28,84],"uv_size":[-8,-4]},"down":{"uv":[36,84],"uv_size":[-8,-4]}}}]},{"name":"head4","parent":"Player1","pivot":[8.21034,64.54546,40.86764],"rotation":[-1.23825,59.70651,-61.75967],"cubes":[{"origin":[-40.75916,64.60014,74.13561],"size":[8,8,8],"pivot":[-6.62249,67.82315,32.11923],"rotation":[-30,20,0],"uv":{"north":{"uv":[8,72],"uv_size":[8,8]},"east":{"uv":[0,72],"uv_size":[8,8]},"south":{"uv":[24,72],"uv_size":[8,8]},"west":{"uv":[16,72],"uv_size":[8,8]},"up":{"uv":[8,72],"uv_size":[8,-8]},"down":{"uv":[24,72],"uv_size":[-8,-8]}}},{"origin":[-40.75916,64.60014,74.13561],"size":[8,8,8],"inflate":0.25,"pivot":[-6.62249,67.82315,32.11923],"rotation":[-30,20,0],"uv":{"north":{"uv":[40,72],"uv_size":[8,8]},"east":{"uv":[32,72],"uv_size":[8,8]},"south":{"uv":[56,72],"uv_size":[8,8]},"west":{"uv":[48,72],"uv_size":[8,8]},"up":{"uv":[48,72],"uv_size":[-8,-8]},"down":{"uv":[56,72],"uv_size":[-8,-8]}}},{"origin":[-40.75916,64.60014,74.13561],"size":[8,8,8],"inflate":0.25,"pivot":[-6.62249,67.82315,32.11923],"rotation":[-30,20,0],"uv":{"north":{"uv":[56,64],"uv_size":[8,8]},"east":{"uv":[32,72],"uv_size":[8,8]},"south":{"uv":[56,72],"uv_size":[8,8]},"west":{"uv":[48,72],"uv_size":[8,8]},"up":{"uv":[48,72],"uv_size":[-8,-8]},"down":{"uv":[56,72],"uv_size":[-8,-8]}}}]},{"name":"leftArm4","parent":"Player1","pivot":[6.50285,57.78594,45.02309],"rotation":[8.93802,-32.25826,114.21827],"cubes":[{"origin":[-45.30826,43.97467,21.78302],"size":[4,12,4],"pivot":[7.07571,58.607,44.76181],"rotation":[-65,110,12.5],"uv":{"north":{"uv":[44,84],"uv_size":[4,12]},"east":{"uv":[40,84],"uv_size":[4,12]},"south":{"uv":[52,84],"uv_size":[4,12]},"west":{"uv":[48,84],"uv_size":[4,12]},"up":{"uv":[48,84],"uv_size":[-4,-4]},"down":{"uv":[52,84],"uv_size":[-4,-4]}}},{"origin":[-43.22893,43.97467,17.50543],"size":[4,12,4],"inflate":0.25,"pivot":[7.07571,58.607,44.76181],"rotation":[126.08256,67.44608,-155.6153],"uv":{"north":{"uv":[44,100],"uv_size":[4,12]},"east":{"uv":[40,100],"uv_size":[4,12]},"south":{"uv":[52,100],"uv_size":[4,12]},"west":{"uv":[48,100],"uv_size":[4,12]},"up":{"uv":[52,101],"uv_size":[-4,-1]},"down":{"uv":[52,101],"uv_size":[-4,-1]}}}]},{"name":"leftArm5","parent":"Player1","pivot":[37.93111,70.18503,81.94965],"rotation":[8.93802,10.24174,114.21827],"cubes":[{"origin":[-19.28341,40.89874,5.94839],"size":[4,12,4],"pivot":[33.10056,55.53106,28.92718],"rotation":[-65,110,12.5],"uv":{"north":{"uv":[44,84],"uv_size":[4,12]},"east":{"uv":[40,84],"uv_size":[4,12]},"south":{"uv":[52,84],"uv_size":[4,12]},"west":{"uv":[48,84],"uv_size":[4,12]},"up":{"uv":[48,84],"uv_size":[-4,-4]},"down":{"uv":[52,84],"uv_size":[-4,-4]}}},{"origin":[-17.20408,40.89874,1.6708],"size":[4,12,4],"inflate":0.25,"pivot":[33.10056,55.53106,28.92718],"rotation":[126.08256,67.44608,-155.6153],"uv":{"north":{"uv":[44,100],"uv_size":[4,12]},"east":{"uv":[40,100],"uv_size":[4,12]},"south":{"uv":[52,100],"uv_size":[4,12]},"west":{"uv":[48,100],"uv_size":[4,12]},"up":{"uv":[52,101],"uv_size":[-4,-1]},"down":{"uv":[52,101],"uv_size":[-4,-1]}}}]},{"name":"leftLeg5","parent":"Player1","pivot":[4.32628,49.76013,40.36281],"rotation":[-9.85108,1.72794,9.85108],"cubes":[{"origin":[28.83951,56.20453,82.56387],"size":[4,12,4],"uv":{"north":{"uv":[8,84],"uv_size":[4,12]},"east":{"uv":[4,84],"uv_size":[4,12]},"south":{"uv":[0,84],"uv_size":[4,12]},"west":{"uv":[12,84],"uv_size":[4,12]},"up":{"uv":[8,84],"uv_size":[-4,-4]},"down":{"uv":[12,84],"uv_size":[-4,-4]}}},{"origin":[28.83951,56.20453,82.56387],"size":[4,12,4],"inflate":0.25,"uv":{"north":{"uv":[8,100],"uv_size":[4,12]},"east":{"uv":[4,100],"uv_size":[4,12]},"south":{"uv":[0,100],"uv_size":[4,12]},"west":{"uv":[12,100],"uv_size":[4,12]},"up":{"uv":[8,101],"uv_size":[-4,-4]},"down":{"uv":[8,101],"uv_size":[-4,-4]}}}]},{"name":"Leftleg4","parent":"Player1","pivot":[4.25514,50.76013,35.51596],"rotation":[-9.8491,28.48042,-20.00533],"cubes":[{"origin":[-27.70111,66.08789,89.34077],"size":[4,12,4],"pivot":[-11.05883,64.81378,33.05192],"rotation":[-22.5,32.5,0],"uv":{"north":{"uv":[20,116],"uv_size":[4,12]},"east":{"uv":[16,116],"uv_size":[4,12]},"south":{"uv":[28,116],"uv_size":[4,12]},"west":{"uv":[24,116],"uv_size":[4,12]},"up":{"uv":[24,116],"uv_size":[-4,-4]},"down":{"uv":[28,116],"uv_size":[-4,-4]}}},{"origin":[-27.70111,66.08789,89.34077],"size":[4,12,4],"inflate":0.25,"pivot":[-11.05883,64.81378,33.05192],"rotation":[-22.5,32.5,0],"uv":{"north":{"uv":[4,116],"uv_size":[4,12]},"east":{"uv":[0,116],"uv_size":[4,12]},"south":{"uv":[12,116],"uv_size":[4,12]},"west":{"uv":[8,116],"uv_size":[4,12]},"up":{"uv":[12,117],"uv_size":[-4,-1]},"down":{"uv":[12,117],"uv_size":[-4,-1]}}}]},{"name":"bone5","pivot":[0,0,0]},{"name":"pickaxe3","parent":"bone5","pivot":[-32.52571,36.42822,13.47023],"rotation":[-80,97.5,0],"cubes":[{"origin":[-33.02571,35.95963,12.35592],"size":[1,1,2],"uv":{"north":{"uv":[0,9],"uv_size":[2,1]},"east":{"uv":[0,9],"uv_size":[2,1]},"south":{"uv":[0,9],"uv_size":[2,1]},"west":{"uv":[0,9],"uv_size":[2,1]},"up":{"uv":[2,10],"uv_size":[-2,-1]},"down":{"uv":[2,10],"uv_size":[-2,-1]}}},{"origin":[-33.02571,36.95963,11.35592],"size":[1,1,3],"uv":{"north":{"uv":[2,10],"uv_size":[1,1]},"east":{"uv":[0,10],"uv_size":[3,1]},"south":{"uv":[0,10],"uv_size":[1,1]},"west":{"uv":[3,10],"uv_size":[-3,1]},"up":{"uv":[5,9],"uv_size":[-1,3]},"down":{"uv":[5,12],"uv_size":[-1,-3]}}},{"origin":[-33.02571,37.95963,10.35592],"size":[1,1,3],"uv":{"north":{"uv":[2,11],"uv_size":[1,1]},"east":{"uv":[0,11],"uv_size":[3,1]},"south":{"uv":[0,11],"uv_size":[1,1]},"west":{"uv":[3,11],"uv_size":[-3,1]},"up":{"uv":[4,9],"uv_size":[-1,3]},"down":{"uv":[4,12],"uv_size":[-1,-3]}}},{"origin":[-33.02571,39.95963,8.35592],"size":[1,1,3],"uv":{"north":{"uv":[2,11],"uv_size":[1,1]},"east":{"uv":[0,11],"uv_size":[3,1]},"south":{"uv":[0,11],"uv_size":[1,1]},"west":{"uv":[3,11],"uv_size":[-3,1]},"up":{"uv":[4,9],"uv_size":[-1,3]},"down":{"uv":[4,12],"uv_size":[-1,-3]}}},{"origin":[-33.02571,38.95963,9.35592],"size":[1,1,3],"uv":{"north":{"uv":[2,10],"uv_size":[1,1]},"east":{"uv":[0,10],"uv_size":[3,1]},"south":{"uv":[0,10],"uv_size":[1,1]},"west":{"uv":[3,10],"uv_size":[-3,1]},"up":{"uv":[5,9],"uv_size":[-1,3]},"down":{"uv":[5,12],"uv_size":[-1,-3]}}},{"origin":[-33.02571,43.95963,4.35592],"size":[1,1,3],"uv":{"north":{"uv":[2,11],"uv_size":[1,1]},"east":{"uv":[0,11],"uv_size":[3,1]},"south":{"uv":[0,11],"uv_size":[1,1]},"west":{"uv":[3,11],"uv_size":[-3,1]},"up":{"uv":[4,9],"uv_size":[-1,3]},"down":{"uv":[4,12],"uv_size":[-1,-3]}}},{"origin":[-33.02571,44.95963,5.35592],"size":[1,1,1],"uv":{"north":{"uv":[0,11],"uv_size":[1,1]},"east":{"uv":[0,11],"uv_size":[1,1]},"south":{"uv":[0,11],"uv_size":[1,1]},"west":{"uv":[0,11],"uv_size":[1,1]},"up":{"uv":[1,12],"uv_size":[-1,-1]},"down":{"uv":[1,12],"uv_size":[-1,-1]}}},{"origin":[-33.02571,44.95963,4.35592],"size":[1,1,1],"uv":{"north":{"uv":[2,9],"uv_size":[1,1]},"east":{"uv":[2,9],"uv_size":[1,1]},"south":{"uv":[2,9],"uv_size":[1,1]},"west":{"uv":[2,9],"uv_size":[1,1]},"up":{"uv":[3,10],"uv_size":[-1,-1]},"down":{"uv":[3,10],"uv_size":[-1,-1]}}},{"origin":[-33.02571,45.95963,4.35592],"size":[1,1,6],"uv":{"north":{"uv":[2,9],"uv_size":[1,1]},"east":{"uv":[0,13],"uv_size":[6,1]},"south":{"uv":[0,13],"uv_size":[1,1]},"west":{"uv":[6,13],"uv_size":[-6,1]},"up":{"uv":[2,14],"uv_size":[-1,-1]},"down":{"uv":[1,21],"uv_size":[-1,-6]}}},{"origin":[-33.02571,47.95963,5.35592],"size":[1,1,5],"uv":{"north":{"uv":[0,13],"uv_size":[1,1]},"east":{"uv":[0,13],"uv_size":[1,1]},"south":{"uv":[0,13],"uv_size":[1,1]},"west":{"uv":[0,13],"uv_size":[1,1]},"up":{"uv":[1,14],"uv_size":[-1,-1]},"down":{"uv":[1,14],"uv_size":[-1,-1]}}},{"origin":[-33.02571,46.95963,4.35592],"size":[1,1,7],"uv":{"north":{"uv":[2,9],"uv_size":[1,1]},"east":{"uv":[0,12],"uv_size":[7,1]},"south":{"uv":[0,13],"uv_size":[1,1]},"west":{"uv":[7,12],"uv_size":[-7,1]},"up":{"uv":[2,14],"uv_size":[-1,-1]},"down":{"uv":[1,13],"uv_size":[-1,-1]}}},{"origin":[-33.02571,39.95963,2.35592],"size":[1,6,2],"uv":{"north":{"uv":[1,14],"uv_size":[1,6]},"east":{"uv":[0,14],"uv_size":[2,6]},"south":{"uv":[0,14],"uv_size":[1,6]},"west":{"uv":[2,14],"uv_size":[-2,6]},"up":{"uv":[2,16],"uv_size":[-1,-2]},"down":{"uv":[2,16],"uv_size":[-1,-2]}}},{"origin":[-33.02571,38.95963,2.35592],"size":[1,1,1],"uv":{"north":{"uv":[1,14],"uv_size":[1,1]},"east":{"uv":[1,14],"uv_size":[1,1]},"south":{"uv":[1,14],"uv_size":[1,1]},"west":{"uv":[1,14],"uv_size":[1,1]},"up":{"uv":[2,15],"uv_size":[-1,-1]},"down":{"uv":[2,15],"uv_size":[-1,-1]}}},{"origin":[-33.02571,39.95963,1.35592],"size":[1,5,1],"uv":{"north":{"uv":[1,14],"uv_size":[1,1]},"east":{"uv":[1,14],"uv_size":[1,1]},"south":{"uv":[1,14],"uv_size":[1,1]},"west":{"uv":[1,14],"uv_size":[1,1]},"up":{"uv":[2,15],"uv_size":[-1,-1]},"down":{"uv":[2,15],"uv_size":[-1,-1]}}},{"origin":[-33.02571,42.95963,5.35592],"size":[1,1,3],"uv":{"north":{"uv":[2,10],"uv_size":[1,1]},"east":{"uv":[0,10],"uv_size":[3,1]},"south":{"uv":[0,10],"uv_size":[1,1]},"west":{"uv":[3,10],"uv_size":[-3,1]},"up":{"uv":[5,9],"uv_size":[-1,3]},"down":{"uv":[5,12],"uv_size":[-1,-3]}}},{"origin":[-33.02571,46.95963,2.35592],"size":[1,1,2],"uv":{"north":{"uv":[1,11],"uv_size":[1,1]},"east":{"uv":[0,11],"uv_size":[2,1]},"south":{"uv":[0,11],"uv_size":[1,1]},"west":{"uv":[2,11],"uv_size":[-2,1]},"up":{"uv":[4,9],"uv_size":[-1,2]},"down":{"uv":[4,11],"uv_size":[-1,-2]}}},{"origin":[-33.02571,45.95963,2.35592],"size":[1,1,2],"uv":{"north":{"uv":[2,10],"uv_size":[1,1]},"east":{"uv":[1,10],"uv_size":[2,1]},"south":{"uv":[1,10],"uv_size":[1,1]},"west":{"uv":[3,10],"uv_size":[-2,1]},"up":{"uv":[5,10],"uv_size":[-1,2]},"down":{"uv":[5,12],"uv_size":[-1,-2]}}},{"origin":[-33.02571,41.95963,6.35592],"size":[1,1,3],"uv":{"north":{"uv":[2,11],"uv_size":[1,1]},"east":{"uv":[0,11],"uv_size":[3,1]},"south":{"uv":[0,11],"uv_size":[1,1]},"west":{"uv":[3,11],"uv_size":[-3,1]},"up":{"uv":[4,9],"uv_size":[-1,3]},"down":{"uv":[4,12],"uv_size":[-1,-3]}}},{"origin":[-33.02571,40.95963,7.35592],"size":[1,1,3],"uv":{"north":{"uv":[2,10],"uv_size":[1,1]},"east":{"uv":[0,10],"uv_size":[3,1]},"south":{"uv":[0,10],"uv_size":[1,1]},"west":{"uv":[3,10],"uv_size":[-3,1]},"up":{"uv":[5,9],"uv_size":[-1,3]},"down":{"uv":[5,12],"uv_size":[-1,-3]}}}]},{"name":"bone6","pivot":[-32.5,31.5,0],"cubes":[{"origin":[-35,29,0],"size":[5,5,0],"pivot":[-32.5,31.5,0],"rotation":[0,57.5,0],"uv":{"north":{"uv":[12,22],"uv_size":[5,5]}}}]},{"name":"bone9","pivot":[-32.5,31.5,0],"cubes":[{"origin":[-35,29,0],"size":[5,5,0],"pivot":[-32.5,31.5,0],"rotation":[0,57.5,0],"uv":{"north":{"uv":[12,22],"uv_size":[5,5]}}}]},{"name":"bone10","pivot":[-32.5,31.5,0],"cubes":[{"origin":[-35,29,0],"size":[5,5,0],"pivot":[-32.5,31.5,0],"rotation":[0,57.5,0],"uv":{"north":{"uv":[12,22],"uv_size":[5,5]}}}]}]}]}