{"format_version":"1.12.0","minecraft:geometry":[{"description":{"identifier":"geometry.shepherd_officer","texture_width":256,"texture_height":256,"visible_bounds_width":9,"visible_bounds_height":13,"visible_bounds_offset":[0,0,0]},"bones":[{"name":"hats","pivot":[0,0,0]},{"name":"hat1","parent":"hats","pivot":[0,0,0],"rotation":[12.5,0,0],"cubes":[{"origin":[-14.2,12.95037,1.20518],"size":[28.4,8.52,25.56],"pivot":[0,48.05,-24.95],"rotation":[-17.5,0,0],"uv":{"north":{"uv":[22,27],"uv_size":[20,6]},"east":{"uv":[4,27],"uv_size":[18,6]},"south":{"uv":[60,27],"uv_size":[20,6]},"west":{"uv":[42,27],"uv_size":[18,6]},"up":{"uv":[22,9],"uv_size":[20,18]},"down":{"uv":[42,27],"uv_size":[20,-18]}}},{"origin":[-9.94,10.11037,5.46518],"size":[19.88,2.84,17.04],"pivot":[0,48.05,-24.95],"rotation":[-17.5,0,0],"uv":{"north":{"uv":[47,48],"uv_size":[14,2]},"east":{"uv":[61,48],"uv_size":[12,2]},"south":{"uv":[24,48],"uv_size":[14,2]},"west":{"uv":[52,48],"uv_size":[12,2]},"up":{"uv":[418,36],"uv_size":[14,12]},"down":{"uv":[48,48],"uv_size":[14,-12]}}},{"origin":[-9.798,-4.11153,-27.27604],"size":[19.596,2.84,7.1],"pivot":[0.71,44.90312,-33.67099],"rotation":[17.5,0,0],"uv":{"north":{"uv":[61,6],"uv_size":[13,2]},"east":{"uv":[54,6],"uv_size":[5,2]},"south":{"uv":[453,6],"uv_size":[13,2]},"west":{"uv":[67,6],"uv_size":[5,2]},"up":{"uv":[51,1],"uv_size":[13,5]},"down":{"uv":[64,7],"uv_size":[13,-5]}}}]}]}]}