{"format_version":"1.12.0","minecraft:geometry":[{"description":{"identifier":"geometry.shepherd","texture_width":256,"texture_height":256,"visible_bounds_width":9,"visible_bounds_height":13,"visible_bounds_offset":[0,0,0]},"bones":[{"name":"dog_1","pivot":[-3,0,0]},{"name":"body","parent":"dog_1","pivot":[0,28,1.75],"rotation":[-2.5,0,0]},{"name":"bone","parent":"body","pivot":[0,0,0],"cubes":[{"origin":[-9,17,-13],"size":[18,19,32],"uv":{"north":{"uv":[32,32],"uv_size":[18,19]},"east":{"uv":[0,32],"uv_size":[32,19]},"south":{"uv":[82,32],"uv_size":[18,19]},"west":{"uv":[50,32],"uv_size":[32,19]},"up":{"uv":[32,0],"uv_size":[18,32]},"down":{"uv":[50,32],"uv_size":[18,-32]}}}]},{"name":"sheya","parent":"body","pivot":[0,37.18738,-10.65476],"rotation":[2.5,0,0],"cubes":[{"origin":[-7,27.18738,-25.15476],"size":[14,12,18],"pivot":[0,35,-15],"rotation":[-30,0,0],"uv":{"north":{"uv":[82,69],"uv_size":[14,12]},"east":{"uv":[64,69],"uv_size":[18,12]},"south":{"uv":[114,69],"uv_size":[14,12]},"west":{"uv":[96,69],"uv_size":[18,12]},"up":{"uv":[82,51],"uv_size":[14,18]},"down":{"uv":[96,69],"uv_size":[14,-18]}}}]},{"name":"head","parent":"sheya","pivot":[0,35.5,-21],"cubes":[{"origin":[-9,29.5,-33],"size":[18,18,14],"uv":{"north":{"uv":[14,65],"uv_size":[18,18]},"east":{"uv":[0,65],"uv_size":[14,18]},"south":{"uv":[46,65],"uv_size":[18,18]},"west":{"uv":[32,65],"uv_size":[14,18]},"up":{"uv":[14,51],"uv_size":[18,14]},"down":{"uv":[32,65],"uv_size":[18,-14]}}},{"origin":[-4.5,32.56,-42],"size":[9,6,9],"uv":{"north":{"uv":[9,92],"uv_size":[9,6]},"east":{"uv":[0,92],"uv_size":[9,6]},"south":{"uv":[27,92],"uv_size":[9,6]},"west":{"uv":[18,92],"uv_size":[9,6]},"up":{"uv":[9,83],"uv_size":[9,9]},"down":{"uv":[18,92],"uv_size":[9,-9]}}},{"origin":[-1.5,36.31,-42.75],"size":[3,3,3],"uv":{"north":{"uv":[21,3],"uv_size":[3,3]},"east":{"uv":[18,3],"uv_size":[3,3]},"south":{"uv":[27,3],"uv_size":[3,3]},"west":{"uv":[24,3],"uv_size":[3,3]},"up":{"uv":[21,0],"uv_size":[3,3]},"down":{"uv":[24,3],"uv_size":[3,-3]}}}]},{"name":"chelust","parent":"head","pivot":[0,33.06,-33],"cubes":[{"origin":[-3.5,30.56,-41],"size":[7,2,8],"uv":{"north":{"uv":[8,27],"uv_size":[7,2]},"east":{"uv":[0,27],"uv_size":[8,2]},"south":{"uv":[23,27],"uv_size":[7,2]},"west":{"uv":[15,27],"uv_size":[8,2]},"up":{"uv":[8,19],"uv_size":[7,8]},"down":{"uv":[15,27],"uv_size":[7,-8]}}}]},{"name":"yazik","parent":"chelust","pivot":[0,32.56,-33],"cubes":[{"origin":[-1.5,32.06,-40.75],"size":[3,1,10.75],"uv":{"north":{"uv":[46,93],"uv_size":[3,1]},"east":{"uv":[36,93],"uv_size":[10,1]},"south":{"uv":[59,93],"uv_size":[3,1]},"west":{"uv":[49,93],"uv_size":[10,1]},"up":{"uv":[46,83],"uv_size":[3,10]},"down":{"uv":[49,93],"uv_size":[3,-10]}}}]},{"name":"uho2","parent":"head","pivot":[-5.81802,46.43934,-26.5],"rotation":[5,0,-5],"cubes":[{"origin":[-9,44.5,-28],"size":[6,8,3],"uv":{"north":{"uv":[113,61],"uv_size":[6,8]},"east":{"uv":[110,61],"uv_size":[3,8]},"south":{"uv":[122,61],"uv_size":[6,8]},"west":{"uv":[119,61],"uv_size":[3,8]},"up":{"uv":[113,58],"uv_size":[6,3]},"down":{"uv":[119,61],"uv_size":[6,-3]}}}]},{"name":"uho1","parent":"head","pivot":[5.81802,46.43934,-26.5],"rotation":[5,0,5],"cubes":[{"origin":[3,44.5,-28],"size":[6,8,3],"uv":{"north":{"uv":[111,18],"uv_size":[6,8]},"east":{"uv":[108,18],"uv_size":[3,8]},"south":{"uv":[120,18],"uv_size":[6,8]},"west":{"uv":[117,18],"uv_size":[3,8]},"up":{"uv":[111,15],"uv_size":[6,3]},"down":{"uv":[117,18],"uv_size":[6,-3]}}}]},{"name":"hats","parent":"head","pivot":[0,47.5,-26.5]},{"name":"tail","parent":"body","pivot":[0,32,17],"rotation":[50,0,0]},{"name":"t1","parent":"tail","pivot":[0,32,17],"cubes":[{"origin":[-3,19,14],"size":[6,13,6],"uv":{"north":{"uv":[6,104],"uv_size":[6,13]},"east":{"uv":[0,104],"uv_size":[6,13]},"south":{"uv":[18,104],"uv_size":[6,13]},"west":{"uv":[12,104],"uv_size":[6,13]},"up":{"uv":[6,98],"uv_size":[6,6]},"down":{"uv":[12,104],"uv_size":[6,-6]}}}]},{"name":"t2","parent":"t1","pivot":[0,20,17],"rotation":[15,0,0],"cubes":[{"origin":[-2.90236,8.52094,13.95442],"size":[5.8047,13,6],"uv":{"north":{"uv":[30,104],"uv_size":[5,13]},"east":{"uv":[24,104],"uv_size":[6,13]},"south":{"uv":[41,104],"uv_size":[5,13]},"west":{"uv":[35,104],"uv_size":[6,13]},"up":{"uv":[30,98],"uv_size":[5,6]},"down":{"uv":[35,104],"uv_size":[5,-6]}}}]},{"name":"leg0","parent":"body","pivot":[8.5,21,12.75],"rotation":[20,0,0],"cubes":[{"origin":[5,13,6.25],"size":[7,13,13],"uv":{"north":{"uv":[64,94],"uv_size":[7,13]},"east":{"uv":[51,94],"uv_size":[13,13]},"south":{"uv":[84,94],"uv_size":[7,13]},"west":{"uv":[71,94],"uv_size":[13,13]},"up":{"uv":[64,81],"uv_size":[7,13]},"down":{"uv":[71,94],"uv_size":[7,-13]}}}]},{"name":"L11","parent":"leg0","pivot":[8.5,13,11.25],"rotation":[22.5,0,0],"cubes":[{"origin":[6,5,11.25],"size":[5,8,7],"uv":{"north":{"uv":[115,7],"uv_size":[5,8]},"east":{"uv":[108,7],"uv_size":[7,8]},"south":{"uv":[127,7],"uv_size":[5,8]},"west":{"uv":[120,7],"uv_size":[7,8]},"up":{"uv":[115,0],"uv_size":[5,7]},"down":{"uv":[120,7],"uv_size":[5,-7]}}}]},{"name":"L12","parent":"L11","pivot":[8.5,5,18.25],"rotation":[-55,0,0],"cubes":[{"origin":[6.08594,-4,13.25],"size":[4.85938,9,5],"uv":{"north":{"uv":[115,49],"uv_size":[4,9]},"east":{"uv":[110,49],"uv_size":[5,9]},"south":{"uv":[124,49],"uv_size":[4,9]},"west":{"uv":[119,49],"uv_size":[5,9]},"up":{"uv":[115,44],"uv_size":[4,5]},"down":{"uv":[119,49],"uv_size":[4,-5]}}}]},{"name":"L13","parent":"L12","pivot":[8.5,-3,18.25],"rotation":[15,0,0],"cubes":[{"origin":[5.75,-6,10.25],"size":[5.5,4,8],"uv":{"north":{"uv":[115,100],"uv_size":[5,4]},"east":{"uv":[107,100],"uv_size":[8,4]},"south":{"uv":[128,100],"uv_size":[5,4]},"west":{"uv":[120,100],"uv_size":[8,4]},"up":{"uv":[115,92],"uv_size":[5,8]},"down":{"uv":[120,100],"uv_size":[5,-8]}}}]},{"name":"leg1","parent":"body","pivot":[-8.5,21,12.75],"rotation":[20,0,0],"cubes":[{"origin":[-12,13,6.25],"size":[7,13,13],"uv":{"north":{"uv":[81,13],"uv_size":[7,13]},"east":{"uv":[68,13],"uv_size":[13,13]},"south":{"uv":[101,13],"uv_size":[7,13]},"west":{"uv":[88,13],"uv_size":[13,13]},"up":{"uv":[81,0],"uv_size":[7,13]},"down":{"uv":[88,13],"uv_size":[7,-13]}}}]},{"name":"L21","parent":"leg1","pivot":[-8.5,13,11.25],"rotation":[22.5,0,0],"cubes":[{"origin":[-11,5,11.25],"size":[5,8,7],"uv":{"north":{"uv":[53,114],"uv_size":[5,8]},"east":{"uv":[46,114],"uv_size":[7,8]},"south":{"uv":[65,114],"uv_size":[5,8]},"west":{"uv":[58,114],"uv_size":[7,8]},"up":{"uv":[53,107],"uv_size":[5,7]},"down":{"uv":[58,114],"uv_size":[5,-7]}}}]},{"name":"L22","parent":"L21","pivot":[-8.5,5,18.25],"rotation":[-55,0,0],"cubes":[{"origin":[-10.94531,-4,13.25],"size":[4.85938,9,5],"uv":{"north":{"uv":[75,112],"uv_size":[4,9]},"east":{"uv":[70,112],"uv_size":[5,9]},"south":{"uv":[84,112],"uv_size":[4,9]},"west":{"uv":[79,112],"uv_size":[5,9]},"up":{"uv":[75,107],"uv_size":[4,5]},"down":{"uv":[79,112],"uv_size":[4,-5]}}}]},{"name":"L23","parent":"L22","pivot":[-8.5,-3,18.25],"rotation":[15,0,0],"cubes":[{"origin":[-11.25,-6,10.25],"size":[5.5,4,8],"uv":{"north":{"uv":[58,59],"uv_size":[5,4]},"east":{"uv":[50,59],"uv_size":[8,4]},"south":{"uv":[71,59],"uv_size":[5,4]},"west":{"uv":[63,59],"uv_size":[8,4]},"up":{"uv":[58,51],"uv_size":[5,8]},"down":{"uv":[63,59],"uv_size":[5,-8]}}}]},{"name":"leg2","parent":"body","pivot":[7.5,23,-8],"rotation":[5,0,0],"cubes":[{"origin":[4.5,11,-11],"size":[6,13,6],"uv":{"north":{"uv":[97,87],"uv_size":[6,13]},"east":{"uv":[91,87],"uv_size":[6,13]},"south":{"uv":[109,87],"uv_size":[6,13]},"west":{"uv":[103,87],"uv_size":[6,13]},"up":{"uv":[97,81],"uv_size":[6,6]},"down":{"uv":[103,87],"uv_size":[6,-6]}}}]},{"name":"L3","parent":"leg2","pivot":[7.5,11,-5],"rotation":[-7.5,0,0],"cubes":[{"origin":[4.55859,-1,-11],"size":[5.88281,12,6],"uv":{"north":{"uv":[97,106],"uv_size":[5,12]},"east":{"uv":[91,106],"uv_size":[6,12]},"south":{"uv":[108,106],"uv_size":[5,12]},"west":{"uv":[102,106],"uv_size":[6,12]},"up":{"uv":[97,100],"uv_size":[5,6]},"down":{"uv":[102,106],"uv_size":[5,-6]}}}]},{"name":"leg3","parent":"body","pivot":[-7.5,23,-8],"rotation":[5,0,0],"cubes":[{"origin":[-10.5,11,-11],"size":[6,13,6],"uv":{"north":{"uv":[6,6],"uv_size":[6,13]},"east":{"uv":[0,6],"uv_size":[6,13]},"south":{"uv":[18,6],"uv_size":[6,13]},"west":{"uv":[12,6],"uv_size":[6,13]},"up":{"uv":[6,0],"uv_size":[6,6]},"down":{"uv":[12,6],"uv_size":[6,-6]}}}]},{"name":"L4","parent":"leg3","pivot":[-7.5,11,-5],"rotation":[-7.5,0,0],"cubes":[{"origin":[-10.44141,-1,-11],"size":[5.88281,12,6],"uv":{"north":{"uv":[106,32],"uv_size":[5,12]},"east":{"uv":[100,32],"uv_size":[6,12]},"south":{"uv":[117,32],"uv_size":[5,12]},"west":{"uv":[111,32],"uv_size":[6,12]},"up":{"uv":[106,26],"uv_size":[5,6]},"down":{"uv":[111,32],"uv_size":[5,-6]}}}]}]}]}