{"format_version":"1.12.0","minecraft:geometry":[{"description":{"identifier":"geometry.skyblock","texture_width":128,"texture_height":128,"visible_bounds_width":20,"visible_bounds_height":13,"visible_bounds_offset":[0,4.5,0]},"bones":[{"name":"Sword3","pivot":[13.68544,50.51734,-50.60265],"rotation":[-82.5,-52.5,110],"cubes":[{"origin":[13.90802,61.9648,-38.72878],"size":[1,3,1],"uv":{"north":{"uv":[0,0],"uv_size":[2,6]},"east":{"uv":[17,10],"uv_size":[1,3]},"south":{"uv":[17,10],"uv_size":[1,3]},"west":{"uv":[17,10],"uv_size":[1,3]},"up":{"uv":[15,11],"uv_size":[-1,-1]},"down":{"uv":[13,17],"uv_size":[-1,-1]}}},{"origin":[13.90802,50.9648,-45.72878],"size":[1,3,1],"uv":{"north":{"uv":[12,14],"uv_size":[1,3]},"east":{"uv":[12,14],"uv_size":[1,3]},"south":{"uv":[12,14],"uv_size":[1,3]},"west":{"uv":[12,14],"uv_size":[1,3]},"up":{"uv":[13,15],"uv_size":[-1,-1]},"down":{"uv":[13,17],"uv_size":[-1,-1]}}},{"origin":[13.90802,52.9648,-48.72878],"size":[1,4,1],"uv":{"north":{"uv":[17,12],"uv_size":[1,4]},"east":{"uv":[17,12],"uv_size":[1,4]},"south":{"uv":[17,12],"uv_size":[1,4]},"west":{"uv":[17,12],"uv_size":[1,4]},"up":{"uv":[18,13],"uv_size":[-1,-1]},"down":{"uv":[18,16],"uv_size":[-1,-1]}}},{"origin":[13.90802,51.9648,-49.72878],"size":[1,6,1],"uv":{"north":{"uv":[10,10],"uv_size":[1,6]},"east":{"uv":[10,10],"uv_size":[1,6]},"south":{"uv":[10,10],"uv_size":[1,6]},"west":{"uv":[10,10],"uv_size":[1,6]},"up":{"uv":[11,11],"uv_size":[-1,-1]},"down":{"uv":[11,16],"uv_size":[-1,-1]}}},{"origin":[13.90802,50.9648,-50.72878],"size":[1,3,1],"uv":{"north":{"uv":[15,15],"uv_size":[1,3]},"east":{"uv":[15,15],"uv_size":[1,3]},"south":{"uv":[15,15],"uv_size":[1,3]},"west":{"uv":[15,15],"uv_size":[1,3]},"up":{"uv":[16,16],"uv_size":[-1,-1]},"down":{"uv":[16,18],"uv_size":[-1,-1]}}},{"origin":[13.90802,48.9648,-51.72878],"size":[1,4,1],"uv":{"north":{"uv":[14,15],"uv_size":[1,4]},"east":{"uv":[14,15],"uv_size":[1,4]},"south":{"uv":[14,15],"uv_size":[1,4]},"west":{"uv":[14,15],"uv_size":[1,4]},"up":{"uv":[15,16],"uv_size":[-1,-1]},"down":{"uv":[15,19],"uv_size":[-1,-1]}}},{"origin":[13.90802,48.9648,-53.72878],"size":[1,3,2],"uv":{"north":{"uv":[12,17],"uv_size":[1,3]},"east":{"uv":[12,17],"uv_size":[2,3]},"south":{"uv":[13,17],"uv_size":[1,3]},"west":{"uv":[12,17],"uv_size":[2,3]},"up":{"uv":[14,18],"uv_size":[-2,-1]},"down":{"uv":[14,20],"uv_size":[-2,-1]}}},{"origin":[13.90802,54.9648,-50.72878],"size":[1,4,1],"uv":{"north":{"uv":[16,14],"uv_size":[1,4]},"east":{"uv":[16,14],"uv_size":[1,4]},"south":{"uv":[16,14],"uv_size":[1,4]},"west":{"uv":[16,14],"uv_size":[1,4]},"up":{"uv":[17,18],"uv_size":[-1,-1]},"down":{"uv":[17,18],"uv_size":[-1,-1]}}},{"origin":[13.90802,56.9648,-51.72878],"size":[1,2,1],"uv":{"north":{"uv":[16,17],"uv_size":[1,2]},"east":{"uv":[16,17],"uv_size":[1,2]},"south":{"uv":[16,17],"uv_size":[1,2]},"west":{"uv":[16,17],"uv_size":[1,2]},"up":{"uv":[17,18],"uv_size":[-1,-1]},"down":{"uv":[17,18],"uv_size":[-1,-1]}}},{"origin":[13.90802,50.9648,-44.72878],"size":[1,2,1],"uv":{"north":{"uv":[17,11],"uv_size":[1,2]},"east":{"uv":[17,11],"uv_size":[1,2]},"south":{"uv":[17,11],"uv_size":[1,2]},"west":{"uv":[17,11],"uv_size":[1,2]},"up":{"uv":[18,13],"uv_size":[-1,-2]},"down":{"uv":[18,13],"uv_size":[-1,-2]}}},{"origin":[13.90802,60.9648,-39.72878],"size":[1,4,1],"uv":{"north":{"uv":[0,0],"uv_size":[2,8]},"east":{"uv":[16,10],"uv_size":[1,4]},"south":{"uv":[16,10],"uv_size":[1,4]},"west":{"uv":[16,10],"uv_size":[1,4]},"up":{"uv":[15,11],"uv_size":[-1,-1]},"down":{"uv":[13,17],"uv_size":[-1,-1]}}},{"origin":[13.90802,59.9648,-40.72878],"size":[1,5,1],"uv":{"north":{"uv":[15,10],"uv_size":[1,5]},"east":{"uv":[15,10],"uv_size":[1,5]},"south":{"uv":[16,10],"uv_size":[1,4]},"west":{"uv":[15,10],"uv_size":[1,5]},"up":{"uv":[15,11],"uv_size":[-1,-1]},"down":{"uv":[13,17],"uv_size":[-1,-1]}}},{"origin":[13.90802,58.9648,-41.72878],"size":[1,5,1],"uv":{"north":{"uv":[14,10],"uv_size":[1,5]},"east":{"uv":[14,10],"uv_size":[1,5]},"south":{"uv":[14,10],"uv_size":[1,5]},"west":{"uv":[14,10],"uv_size":[1,5]},"up":{"uv":[15,11],"uv_size":[-1,-1]},"down":{"uv":[15,11],"uv_size":[-1,-1]}}},{"origin":[13.90802,57.9648,-42.72878],"size":[1,5,1],"uv":{"north":{"uv":[14,10],"uv_size":[1,5]},"east":{"uv":[14,10],"uv_size":[1,5]},"south":{"uv":[14,10],"uv_size":[1,5]},"west":{"uv":[14,10],"uv_size":[1,5]},"up":{"uv":[15,11],"uv_size":[-1,-1]},"down":{"uv":[15,11],"uv_size":[-1,-1]}}},{"origin":[13.90802,56.9648,-43.72878],"size":[1,5,1],"uv":{"north":{"uv":[14,10],"uv_size":[1,5]},"east":{"uv":[14,10],"uv_size":[1,5]},"south":{"uv":[14,10],"uv_size":[1,5]},"west":{"uv":[14,10],"uv_size":[1,5]},"up":{"uv":[15,11],"uv_size":[-1,-1]},"down":{"uv":[15,11],"uv_size":[-1,-1]}}},{"origin":[13.90802,55.9648,-44.72878],"size":[1,5,1],"uv":{"north":{"uv":[13,10],"uv_size":[1,5]},"east":{"uv":[13,10],"uv_size":[1,5]},"south":{"uv":[13,10],"uv_size":[1,5]},"west":{"uv":[13,10],"uv_size":[1,5]},"up":{"uv":[15,11],"uv_size":[-1,-1]},"down":{"uv":[15,11],"uv_size":[-1,-1]}}},{"origin":[13.90802,54.9648,-45.72878],"size":[1,5,1],"uv":{"north":{"uv":[13,10],"uv_size":[1,5]},"east":{"uv":[13,10],"uv_size":[1,5]},"south":{"uv":[13,10],"uv_size":[1,5]},"west":{"uv":[13,10],"uv_size":[1,5]},"up":{"uv":[15,11],"uv_size":[-1,-1]},"down":{"uv":[15,11],"uv_size":[-1,-1]}}},{"origin":[13.90802,51.9648,-46.72878],"size":[1,7,1],"uv":{"north":{"uv":[12,10],"uv_size":[1,7]},"east":{"uv":[12,10],"uv_size":[1,7]},"south":{"uv":[12,10],"uv_size":[1,7]},"west":{"uv":[12,10],"uv_size":[1,7]},"up":{"uv":[13,11],"uv_size":[-1,-1]},"down":{"uv":[13,17],"uv_size":[-1,-1]}}},{"origin":[13.90802,51.9648,-47.72878],"size":[1,6,1],"uv":{"north":{"uv":[11,10],"uv_size":[1,6]},"east":{"uv":[11,10],"uv_size":[1,6]},"south":{"uv":[11,10],"uv_size":[1,6]},"west":{"uv":[11,10],"uv_size":[1,6]},"up":{"uv":[12,11],"uv_size":[-1,-1]},"down":{"uv":[12,16],"uv_size":[-1,-1]}}}]},{"name":"bone4","parent":"Sword3","pivot":[-19.10157,2.53881,-14.91513]},{"name":"LeftLeg4","parent":"bone4","pivot":[-17.20157,14.53881,-14.91513],"rotation":[-10,0,-2]},{"name":"RightLeg4","parent":"bone4","pivot":[-21.00157,14.53881,-14.91513],"rotation":[11,0,2]},{"name":"Body4","parent":"bone4","pivot":[-19.10157,26.53881,-14.91513]},{"name":"LeftArm4","parent":"bone4","pivot":[-14.10157,24.53881,-14.91513],"rotation":[12,0,0]},{"name":"RightArm4","parent":"bone4","pivot":[-24.10157,24.53881,-14.91513],"rotation":[-10,0,0]},{"name":"Head4","parent":"bone4","pivot":[-19.10157,26.53881,-14.91513],"rotation":[-6,5,0]},{"name":"bone2","pivot":[56,32,0],"rotation":[0,90,0]},{"name":"Blocks","parent":"bone2","pivot":[97,32,1],"cubes":[{"origin":[64.88236,32,-31.05882],"size":[16,16,16],"pivot":[88.88236,39.96667,-23.05882],"rotation":[0,180,0],"uv":{"north":{"uv":[64,64],"uv_size":[16,16]},"east":{"uv":[64,64],"uv_size":[16,16]},"south":{"uv":[64,64],"uv_size":[16,16]},"west":{"uv":[64,64],"uv_size":[16,16]},"up":{"uv":[96,80],"uv_size":[-16,-16]},"down":{"uv":[32,57],"uv_size":[-16,-16]}}},{"origin":[96.88236,24,-31.05882],"size":[16,8,16],"pivot":[88.88236,39.96667,-23.05882],"rotation":[0,180,0],"uv":{"north":{"uv":[16,43],"uv_size":[16,8]},"east":{"uv":[16,43],"uv_size":[16,8]},"south":{"uv":[16,43],"uv_size":[16,8]},"west":{"uv":[16,43],"uv_size":[16,8]},"up":{"uv":[32,57],"uv_size":[-16,-16]},"down":{"uv":[32,57],"uv_size":[-16,-16]}}},{"origin":[128.88236,24,-31.05882],"size":[16,8,16],"pivot":[88.88236,39.96667,-23.05882],"rotation":[0,180,0],"uv":{"north":{"uv":[16,43],"uv_size":[16,8]},"east":{"uv":[16,43],"uv_size":[16,8]},"south":{"uv":[16,43],"uv_size":[16,8]},"west":{"uv":[16,43],"uv_size":[16,8]},"up":{"uv":[32,57],"uv_size":[-16,-16]},"down":{"uv":[32,57],"uv_size":[-16,-16]}}},{"origin":[144.88236,32,-15.05882],"size":[16,16,16],"pivot":[88.88236,39.96667,-23.05882],"rotation":[0,180,0],"uv":{"north":{"uv":[64,64],"uv_size":[16,16]},"east":{"uv":[64,64],"uv_size":[16,16]},"south":{"uv":[64,64],"uv_size":[16,16]},"west":{"uv":[64,64],"uv_size":[16,16]},"up":{"uv":[96,80],"uv_size":[-16,-16]},"down":{"uv":[32,57],"uv_size":[-16,-16]}}},{"origin":[128.88236,32,-15.05882],"size":[16,16,16],"pivot":[88.88236,39.96667,-23.05882],"rotation":[0,180,0],"uv":{"north":{"uv":[64,64],"uv_size":[16,16]},"east":{"uv":[64,64],"uv_size":[16,16]},"south":{"uv":[64,64],"uv_size":[16,16]},"west":{"uv":[64,64],"uv_size":[16,16]},"up":{"uv":[96,80],"uv_size":[-16,-16]},"down":{"uv":[32,57],"uv_size":[-16,-16]}}},{"origin":[112.88236,32,-15.05882],"size":[16,16,16],"pivot":[88.88236,39.96667,-23.05882],"rotation":[0,180,0],"uv":{"north":{"uv":[64,64],"uv_size":[16,16]},"east":{"uv":[64,64],"uv_size":[16,16]},"south":{"uv":[64,64],"uv_size":[16,16]},"west":{"uv":[64,64],"uv_size":[16,16]},"up":{"uv":[96,80],"uv_size":[-16,-16]},"down":{"uv":[32,57],"uv_size":[-16,-16]}}},{"origin":[96.88236,32,-15.05882],"size":[16,16,16],"pivot":[88.88236,39.96667,-23.05882],"rotation":[0,180,0],"uv":{"north":{"uv":[64,64],"uv_size":[16,16]},"east":{"uv":[64,64],"uv_size":[16,16]},"south":{"uv":[64,64],"uv_size":[16,16]},"west":{"uv":[64,64],"uv_size":[16,16]},"up":{"uv":[96,80],"uv_size":[-16,-16]},"down":{"uv":[32,57],"uv_size":[-16,-16]}}},{"origin":[64.88236,32,-15.05882],"size":[16,16,16],"pivot":[88.88236,39.96667,-23.05882],"rotation":[0,180,0],"uv":{"north":{"uv":[64,64],"uv_size":[16,16]},"east":{"uv":[64,64],"uv_size":[16,16]},"south":{"uv":[64,64],"uv_size":[16,16]},"west":{"uv":[64,64],"uv_size":[16,16]},"up":{"uv":[96,80],"uv_size":[-16,-16]},"down":{"uv":[32,57],"uv_size":[-16,-16]}}},{"origin":[144.88236,32,-47.05882],"size":[16,16,16],"pivot":[88.88236,39.96667,-23.05882],"rotation":[0,180,0],"uv":{"north":{"uv":[64,64],"uv_size":[16,16]},"east":{"uv":[64,64],"uv_size":[16,16]},"south":{"uv":[64,64],"uv_size":[16,16]},"west":{"uv":[64,64],"uv_size":[16,16]},"up":{"uv":[96,80],"uv_size":[-16,-16]},"down":{"uv":[32,57],"uv_size":[-16,-16]}}},{"origin":[128.88236,32,-47.05882],"size":[16,16,16],"pivot":[88.88236,39.96667,-23.05882],"rotation":[0,180,0],"uv":{"north":{"uv":[64,64],"uv_size":[16,16]},"east":{"uv":[64,64],"uv_size":[16,16]},"south":{"uv":[64,64],"uv_size":[16,16]},"west":{"uv":[64,64],"uv_size":[16,16]},"up":{"uv":[96,80],"uv_size":[-16,-16]},"down":{"uv":[32,57],"uv_size":[-16,-16]}}},{"origin":[112.88236,32,-47.05882],"size":[16,16,16],"pivot":[88.88236,39.96667,-23.05882],"rotation":[0,180,0],"uv":{"north":{"uv":[64,64],"uv_size":[16,16]},"east":{"uv":[64,64],"uv_size":[16,16]},"south":{"uv":[64,64],"uv_size":[16,16]},"west":{"uv":[64,64],"uv_size":[16,16]},"up":{"uv":[96,80],"uv_size":[-16,-16]},"down":{"uv":[32,57],"uv_size":[-16,-16]}}},{"origin":[96.88236,32,-47.05882],"size":[16,16,16],"pivot":[88.88236,39.96667,-23.05882],"rotation":[0,180,0],"uv":{"north":{"uv":[64,64],"uv_size":[16,16]},"east":{"uv":[64,64],"uv_size":[16,16]},"south":{"uv":[64,64],"uv_size":[16,16]},"west":{"uv":[64,64],"uv_size":[16,16]},"up":{"uv":[96,80],"uv_size":[-16,-16]},"down":{"uv":[32,57],"uv_size":[-16,-16]}}},{"origin":[80.88236,24,-31.05882],"size":[16,8,16],"pivot":[88.88236,39.96667,-23.05882],"rotation":[0,180,0],"uv":{"north":{"uv":[16,43],"uv_size":[16,8]},"east":{"uv":[16,43],"uv_size":[16,8]},"south":{"uv":[16,43],"uv_size":[16,8]},"west":{"uv":[16,43],"uv_size":[16,8]},"up":{"uv":[32,57],"uv_size":[-16,-16]},"down":{"uv":[32,57],"uv_size":[-16,-16]}}},{"origin":[112.88236,24,-31.05882],"size":[16,8,16],"pivot":[88.88236,39.96667,-23.05882],"rotation":[0,180,0],"uv":{"north":{"uv":[16,43],"uv_size":[16,8]},"east":{"uv":[16,43],"uv_size":[16,8]},"south":{"uv":[16,43],"uv_size":[16,8]},"west":{"uv":[16,43],"uv_size":[16,8]},"up":{"uv":[32,57],"uv_size":[-16,-16]},"down":{"uv":[32,57],"uv_size":[-16,-16]}}},{"origin":[80.88236,24,-15.05882],"size":[16,8,16],"pivot":[88.88236,39.96667,-23.05882],"rotation":[0,180,0],"uv":{"north":{"uv":[16,43],"uv_size":[16,8]},"east":{"uv":[16,43],"uv_size":[16,8]},"south":{"uv":[16,43],"uv_size":[16,8]},"west":{"uv":[16,43],"uv_size":[16,8]},"up":{"uv":[32,57],"uv_size":[-16,-16]},"down":{"uv":[32,57],"uv_size":[-16,-16]}}},{"origin":[96.88236,24,-15.05882],"size":[16,8,16],"pivot":[88.88236,39.96667,-23.05882],"rotation":[0,180,0],"uv":{"north":{"uv":[16,43],"uv_size":[16,8]},"east":{"uv":[16,43],"uv_size":[16,8]},"south":{"uv":[16,43],"uv_size":[16,8]},"west":{"uv":[16,43],"uv_size":[16,8]},"up":{"uv":[32,57],"uv_size":[-16,-16]},"down":{"uv":[32,57],"uv_size":[-16,-16]}}},{"origin":[112.88236,24,-15.05882],"size":[16,8,16],"pivot":[88.88236,39.96667,-23.05882],"rotation":[0,180,0],"uv":{"north":{"uv":[16,43],"uv_size":[16,8]},"east":{"uv":[16,43],"uv_size":[16,8]},"south":{"uv":[16,43],"uv_size":[16,8]},"west":{"uv":[16,43],"uv_size":[16,8]},"up":{"uv":[32,57],"uv_size":[-16,-16]},"down":{"uv":[32,57],"uv_size":[-16,-16]}}},{"origin":[128.88236,24,-15.05882],"size":[16,8,16],"pivot":[88.88236,39.96667,-23.05882],"rotation":[0,180,0],"uv":{"north":{"uv":[16,43],"uv_size":[16,8]},"east":{"uv":[16,43],"uv_size":[16,8]},"south":{"uv":[16,43],"uv_size":[16,8]},"west":{"uv":[16,43],"uv_size":[16,8]},"up":{"uv":[32,57],"uv_size":[-16,-16]},"down":{"uv":[32,57],"uv_size":[-16,-16]}}},{"origin":[80.88236,24,-47.05882],"size":[16,8,16],"pivot":[88.88236,39.96667,-23.05882],"rotation":[0,180,0],"uv":{"north":{"uv":[16,43],"uv_size":[16,8]},"east":{"uv":[16,43],"uv_size":[16,8]},"south":{"uv":[16,43],"uv_size":[16,8]},"west":{"uv":[16,43],"uv_size":[16,8]},"up":{"uv":[32,57],"uv_size":[-16,-16]},"down":{"uv":[32,57],"uv_size":[-16,-16]}}},{"origin":[64.88236,24,-47.05882],"size":[16,8,16],"pivot":[88.88236,39.96667,-23.05882],"rotation":[0,180,0],"uv":{"north":{"uv":[16,43],"uv_size":[16,8]},"east":{"uv":[16,43],"uv_size":[16,8]},"south":{"uv":[16,43],"uv_size":[16,8]},"west":{"uv":[16,43],"uv_size":[16,8]},"up":{"uv":[32,57],"uv_size":[-16,-16]},"down":{"uv":[32,57],"uv_size":[-16,-16]}}},{"origin":[64.88236,24,-31.05882],"size":[16,8,16],"pivot":[88.88236,39.96667,-23.05882],"rotation":[0,180,0],"uv":{"north":{"uv":[16,43],"uv_size":[16,8]},"east":{"uv":[16,43],"uv_size":[16,8]},"south":{"uv":[16,43],"uv_size":[16,8]},"west":{"uv":[16,43],"uv_size":[16,8]},"up":{"uv":[32,57],"uv_size":[-16,-16]},"down":{"uv":[32,57],"uv_size":[-16,-16]}}},{"origin":[64.88236,24,-15.05882],"size":[16,8,16],"pivot":[88.88236,39.96667,-23.05882],"rotation":[0,180,0],"uv":{"north":{"uv":[16,43],"uv_size":[16,8]},"east":{"uv":[16,43],"uv_size":[16,8]},"south":{"uv":[16,43],"uv_size":[16,8]},"west":{"uv":[16,43],"uv_size":[16,8]},"up":{"uv":[32,57],"uv_size":[-16,-16]},"down":{"uv":[32,57],"uv_size":[-16,-16]}}},{"origin":[96.88236,24,-47.05882],"size":[16,8,16],"pivot":[88.88236,39.96667,-23.05882],"rotation":[0,180,0],"uv":{"north":{"uv":[16,43],"uv_size":[16,8]},"east":{"uv":[16,43],"uv_size":[16,8]},"south":{"uv":[16,43],"uv_size":[16,8]},"west":{"uv":[16,43],"uv_size":[16,8]},"up":{"uv":[32,57],"uv_size":[-16,-16]},"down":{"uv":[32,57],"uv_size":[-16,-16]}}},{"origin":[112.88236,24,-47.05882],"size":[16,8,16],"pivot":[88.88236,39.96667,-23.05882],"rotation":[0,180,0],"uv":{"north":{"uv":[16,43],"uv_size":[16,8]},"east":{"uv":[16,43],"uv_size":[16,8]},"south":{"uv":[16,43],"uv_size":[16,8]},"west":{"uv":[16,43],"uv_size":[16,8]},"up":{"uv":[32,57],"uv_size":[-16,-16]},"down":{"uv":[32,57],"uv_size":[-16,-16]}}},{"origin":[128.88236,24,-47.05882],"size":[16,8,16],"pivot":[88.88236,39.96667,-23.05882],"rotation":[0,180,0],"uv":{"north":{"uv":[16,43],"uv_size":[16,8]},"east":{"uv":[16,43],"uv_size":[16,8]},"south":{"uv":[16,43],"uv_size":[16,8]},"west":{"uv":[16,43],"uv_size":[16,8]},"up":{"uv":[32,57],"uv_size":[-16,-16]},"down":{"uv":[32,57],"uv_size":[-16,-16]}}},{"origin":[144.88236,24,-47.05882],"size":[16,8,16],"pivot":[88.88236,39.96667,-23.05882],"rotation":[0,180,0],"uv":{"north":{"uv":[16,43],"uv_size":[16,8]},"east":{"uv":[16,43],"uv_size":[16,8]},"south":{"uv":[16,43],"uv_size":[16,8]},"west":{"uv":[16,43],"uv_size":[16,8]},"up":{"uv":[32,57],"uv_size":[-16,-16]},"down":{"uv":[32,57],"uv_size":[-16,-16]}}},{"origin":[144.88236,24,-31.05882],"size":[16,8,16],"pivot":[88.88236,39.96667,-23.05882],"rotation":[0,180,0],"uv":{"north":{"uv":[16,43],"uv_size":[16,8]},"east":{"uv":[16,43],"uv_size":[16,8]},"south":{"uv":[16,43],"uv_size":[16,8]},"west":{"uv":[16,43],"uv_size":[16,8]},"up":{"uv":[32,57],"uv_size":[-16,-16]},"down":{"uv":[32,57],"uv_size":[-16,-16]}}},{"origin":[144.88236,24,-15.05882],"size":[16,8,16],"pivot":[88.88236,39.96667,-23.05882],"rotation":[0,180,0],"uv":{"north":{"uv":[16,43],"uv_size":[16,8]},"east":{"uv":[16,43],"uv_size":[16,8]},"south":{"uv":[16,43],"uv_size":[16,8]},"west":{"uv":[16,43],"uv_size":[16,8]},"up":{"uv":[32,57],"uv_size":[-16,-16]},"down":{"uv":[32,57],"uv_size":[-16,-16]}}},{"origin":[80.88236,32,-47.05882],"size":[16,16,16],"pivot":[88.88236,39.96667,-23.05882],"rotation":[0,180,0],"uv":{"north":{"uv":[64,64],"uv_size":[16,16]},"east":{"uv":[64,64],"uv_size":[16,16]},"south":{"uv":[64,64],"uv_size":[16,16]},"west":{"uv":[64,64],"uv_size":[16,16]},"up":{"uv":[96,80],"uv_size":[-16,-16]},"down":{"uv":[32,57],"uv_size":[-16,-16]}}},{"origin":[80.88236,32,-15.05882],"size":[16,16,16],"pivot":[88.88236,39.96667,-23.05882],"rotation":[0,180,0],"uv":{"north":{"uv":[64,64],"uv_size":[16,16]},"east":{"uv":[64,64],"uv_size":[16,16]},"south":{"uv":[64,64],"uv_size":[16,16]},"west":{"uv":[64,64],"uv_size":[16,16]},"up":{"uv":[96,80],"uv_size":[-16,-16]},"down":{"uv":[32,57],"uv_size":[-16,-16]}}},{"origin":[64.88236,32,-47.05882],"size":[16,16,16],"pivot":[88.88236,39.96667,-23.05882],"rotation":[0,180,0],"uv":{"north":{"uv":[64,64],"uv_size":[16,16]},"east":{"uv":[64,64],"uv_size":[16,16]},"south":{"uv":[64,64],"uv_size":[16,16]},"west":{"uv":[64,64],"uv_size":[16,16]},"up":{"uv":[96,80],"uv_size":[-16,-16]},"down":{"uv":[32,57],"uv_size":[-16,-16]}}},{"origin":[144.88236,31.95,-31.05882],"size":[16,16,16],"pivot":[88.88236,39.96667,-23.05882],"rotation":[0,180,0],"uv":{"north":{"uv":[64,64],"uv_size":[16,16]},"east":{"uv":[64,64],"uv_size":[16,16]},"south":{"uv":[64,64],"uv_size":[16,16]},"west":{"uv":[64,64],"uv_size":[16,16]},"up":{"uv":[96,80],"uv_size":[-16,-16]},"down":{"uv":[32,57],"uv_size":[-16,-16]}}},{"origin":[128.88236,31.95,-31.05882],"size":[16,14.5,16],"pivot":[88.88236,39.96667,-23.05882],"rotation":[0,180,0],"uv":{"north":{"uv":[96,64],"uv_size":[16,16]},"east":{"uv":[96,64],"uv_size":[16,16]},"south":{"uv":[96,64],"uv_size":[16,16]},"west":{"uv":[96,64],"uv_size":[16,16]},"up":{"uv":[112,80],"uv_size":[-16,-16]},"down":{"uv":[112,80],"uv_size":[-16,-16]}}},{"origin":[80.88236,31.95,-31.05882],"size":[16,14.5,16],"pivot":[88.88236,39.96667,-23.05882],"rotation":[0,180,0],"uv":{"north":{"uv":[112,64],"uv_size":[16,16]},"east":{"uv":[112,64],"uv_size":[16,16]},"south":{"uv":[112,64],"uv_size":[16,16]},"west":{"uv":[112,64],"uv_size":[16,16]},"up":{"uv":[128,128],"uv_size":[-31,-32]},"down":{"uv":[128,80],"uv_size":[-16,-16]}}},{"origin":[80.88236,31.95,-31.05882],"size":[16,14.5,16],"pivot":[80.88236,46.96667,-23.05882],"rotation":[0,180,-10],"uv":{"north":{"uv":[82,42],"uv_size":[2,2]},"east":{"uv":[82,42],"uv_size":[2,2]},"south":{"uv":[82,42],"uv_size":[2,2]},"west":{"uv":[82,42],"uv_size":[2,2]},"up":{"uv":[128,128],"uv_size":[-32,-32]},"down":{"uv":[84,44],"uv_size":[-2,-2]}}},{"origin":[80.58236,31.95,-31.05882],"size":[16,11.5,16],"pivot":[80.88236,46.96667,-23.05882],"rotation":[0,180,0],"uv":{"north":{"uv":[96,96],"uv_size":[32,32]},"east":{"uv":[96,96],"uv_size":[32,32]},"south":{"uv":[96,96],"uv_size":[32,32]},"west":{"uv":[96,96],"uv_size":[32,32]},"up":{"uv":[128,128],"uv_size":[-32,-32]},"down":{"uv":[128,128],"uv_size":[-32,-32]}}}]},{"name":"Tree","parent":"Blocks","pivot":[88.88236,39.96667,-23.05882],"cubes":[{"origin":[128.88236,96,-47.05882],"size":[16,16,16],"pivot":[88.88236,39.96667,-23.05882],"rotation":[0,180,0],"uv":{"north":{"uv":[56,80],"uv_size":[16,16]},"east":{"uv":[56,80],"uv_size":[16,16]},"south":{"uv":[56,80],"uv_size":[16,16]},"west":{"uv":[56,80],"uv_size":[16,16]},"up":{"uv":[72,96],"uv_size":[-16,-16]},"down":{"uv":[72,96],"uv_size":[-16,-16]}}},{"origin":[128.88236,96,-31.05882],"size":[16,16,16],"pivot":[88.88236,39.96667,-23.05882],"rotation":[0,180,0],"uv":{"north":{"uv":[56,80],"uv_size":[16,16]},"east":{"uv":[56,80],"uv_size":[16,16]},"south":{"uv":[56,80],"uv_size":[16,16]},"west":{"uv":[56,80],"uv_size":[16,16]},"up":{"uv":[72,96],"uv_size":[-16,-16]},"down":{"uv":[72,96],"uv_size":[-16,-16]}}},{"origin":[128.88236,96,-15.05882],"size":[16,16,16],"pivot":[88.88236,39.96667,-23.05882],"rotation":[0,180,0],"uv":{"north":{"uv":[56,80],"uv_size":[16,16]},"east":{"uv":[56,80],"uv_size":[16,16]},"south":{"uv":[56,80],"uv_size":[16,16]},"west":{"uv":[56,80],"uv_size":[16,16]},"up":{"uv":[72,96],"uv_size":[-16,-16]},"down":{"uv":[72,96],"uv_size":[-16,-16]}}},{"origin":[128.88236,96,-63.05882],"size":[16,16,16],"pivot":[88.88236,39.96667,-23.05882],"rotation":[0,180,0],"uv":{"north":{"uv":[56,80],"uv_size":[16,16]},"east":{"uv":[56,80],"uv_size":[16,16]},"south":{"uv":[56,80],"uv_size":[16,16]},"west":{"uv":[56,80],"uv_size":[16,16]},"up":{"uv":[72,96],"uv_size":[-16,-16]},"down":{"uv":[72,96],"uv_size":[-16,-16]}}},{"origin":[128.88236,96,-79.05882],"size":[16,16,16],"pivot":[88.88236,39.96667,-23.05882],"rotation":[0,180,0],"uv":{"north":{"uv":[56,80],"uv_size":[16,16]},"east":{"uv":[56,80],"uv_size":[16,16]},"south":{"uv":[56,80],"uv_size":[16,16]},"west":{"uv":[56,80],"uv_size":[16,16]},"up":{"uv":[72,96],"uv_size":[-16,-16]},"down":{"uv":[72,96],"uv_size":[-16,-16]}}},{"origin":[112.88236,96,-31.05882],"size":[16,16,16],"pivot":[88.88236,39.96667,-23.05882],"rotation":[0,180,0],"uv":{"north":{"uv":[56,80],"uv_size":[16,16]},"east":{"uv":[56,80],"uv_size":[16,16]},"south":{"uv":[56,80],"uv_size":[16,16]},"west":{"uv":[56,80],"uv_size":[16,16]},"up":{"uv":[72,96],"uv_size":[-16,-16]},"down":{"uv":[72,96],"uv_size":[-16,-16]}}},{"origin":[112.88236,96,-47.05882],"size":[16,16,16],"pivot":[88.88236,39.96667,-23.05882],"rotation":[0,180,0],"uv":{"north":{"uv":[56,80],"uv_size":[16,16]},"east":{"uv":[56,80],"uv_size":[16,16]},"south":{"uv":[56,80],"uv_size":[16,16]},"west":{"uv":[56,80],"uv_size":[16,16]},"up":{"uv":[72,96],"uv_size":[-16,-16]},"down":{"uv":[72,96],"uv_size":[-16,-16]}}},{"origin":[112.88236,96,-63.05882],"size":[16,16,16],"pivot":[88.88236,39.96667,-23.05882],"rotation":[0,180,0],"uv":{"north":{"uv":[56,80],"uv_size":[16,16]},"east":{"uv":[56,80],"uv_size":[16,16]},"south":{"uv":[56,80],"uv_size":[16,16]},"west":{"uv":[56,80],"uv_size":[16,16]},"up":{"uv":[72,96],"uv_size":[-16,-16]},"down":{"uv":[72,96],"uv_size":[-16,-16]}}},{"origin":[176.88236,96,-15.05882],"size":[16,16,16],"pivot":[88.88236,39.96667,-23.05882],"rotation":[0,180,0],"uv":{"north":{"uv":[56,80],"uv_size":[16,16]},"east":{"uv":[56,80],"uv_size":[16,16]},"south":{"uv":[56,80],"uv_size":[16,16]},"west":{"uv":[56,80],"uv_size":[16,16]},"up":{"uv":[72,96],"uv_size":[-16,-16]},"down":{"uv":[72,96],"uv_size":[-16,-16]}}},{"origin":[176.88236,96,-31.05882],"size":[16,16,16],"pivot":[88.88236,39.96667,-23.05882],"rotation":[0,180,0],"uv":{"north":{"uv":[56,80],"uv_size":[16,16]},"east":{"uv":[56,80],"uv_size":[16,16]},"south":{"uv":[56,80],"uv_size":[16,16]},"west":{"uv":[56,80],"uv_size":[16,16]},"up":{"uv":[72,96],"uv_size":[-16,-16]},"down":{"uv":[72,96],"uv_size":[-16,-16]}}},{"origin":[176.88236,96,-63.05882],"size":[16,16,16],"pivot":[88.88236,39.96667,-23.05882],"rotation":[0,180,0],"uv":{"north":{"uv":[56,80],"uv_size":[16,16]},"east":{"uv":[56,80],"uv_size":[16,16]},"south":{"uv":[56,80],"uv_size":[16,16]},"west":{"uv":[56,80],"uv_size":[16,16]},"up":{"uv":[72,96],"uv_size":[-16,-16]},"down":{"uv":[72,96],"uv_size":[-16,-16]}}},{"origin":[176.88236,96,-79.05882],"size":[16,16,16],"pivot":[88.88236,39.96667,-23.05882],"rotation":[0,180,0],"uv":{"north":{"uv":[56,80],"uv_size":[16,16]},"east":{"uv":[56,80],"uv_size":[16,16]},"south":{"uv":[56,80],"uv_size":[16,16]},"west":{"uv":[56,80],"uv_size":[16,16]},"up":{"uv":[72,96],"uv_size":[-16,-16]},"down":{"uv":[72,96],"uv_size":[-16,-16]}}},{"origin":[176.88236,96,-47.05882],"size":[16,16,16],"pivot":[88.88236,39.96667,-23.05882],"rotation":[0,180,0],"uv":{"north":{"uv":[56,80],"uv_size":[16,16]},"east":{"uv":[56,80],"uv_size":[16,16]},"south":{"uv":[56,80],"uv_size":[16,16]},"west":{"uv":[56,80],"uv_size":[16,16]},"up":{"uv":[72,96],"uv_size":[-16,-16]},"down":{"uv":[72,96],"uv_size":[-16,-16]}}},{"origin":[160.88236,96,-15.05882],"size":[16,16,16],"pivot":[88.88236,39.96667,-23.05882],"rotation":[0,180,0],"uv":{"north":{"uv":[56,80],"uv_size":[16,16]},"east":{"uv":[56,80],"uv_size":[16,16]},"south":{"uv":[56,80],"uv_size":[16,16]},"west":{"uv":[56,80],"uv_size":[16,16]},"up":{"uv":[72,96],"uv_size":[-16,-16]},"down":{"uv":[72,96],"uv_size":[-16,-16]}}},{"origin":[160.88236,96,-31.05882],"size":[16,16,16],"pivot":[88.88236,39.96667,-23.05882],"rotation":[0,180,0],"uv":{"north":{"uv":[56,80],"uv_size":[16,16]},"east":{"uv":[56,80],"uv_size":[16,16]},"south":{"uv":[56,80],"uv_size":[16,16]},"west":{"uv":[56,80],"uv_size":[16,16]},"up":{"uv":[72,96],"uv_size":[-16,-16]},"down":{"uv":[72,96],"uv_size":[-16,-16]}}},{"origin":[160.88236,96,-47.05882],"size":[16,16,16],"pivot":[88.88236,39.96667,-23.05882],"rotation":[0,180,0],"uv":{"north":{"uv":[56,80],"uv_size":[16,16]},"east":{"uv":[56,80],"uv_size":[16,16]},"south":{"uv":[56,80],"uv_size":[16,16]},"west":{"uv":[56,80],"uv_size":[16,16]},"up":{"uv":[72,96],"uv_size":[-16,-16]},"down":{"uv":[72,96],"uv_size":[-16,-16]}}},{"origin":[160.88236,96,-63.05882],"size":[16,16,16],"pivot":[88.88236,39.96667,-23.05882],"rotation":[0,180,0],"uv":{"north":{"uv":[56,80],"uv_size":[16,16]},"east":{"uv":[56,80],"uv_size":[16,16]},"south":{"uv":[56,80],"uv_size":[16,16]},"west":{"uv":[56,80],"uv_size":[16,16]},"up":{"uv":[72,96],"uv_size":[-16,-16]},"down":{"uv":[72,96],"uv_size":[-16,-16]}}},{"origin":[160.88236,96,-79.05882],"size":[16,16,16],"pivot":[88.88236,39.96667,-23.05882],"rotation":[0,180,0],"uv":{"north":{"uv":[56,80],"uv_size":[16,16]},"east":{"uv":[56,80],"uv_size":[16,16]},"south":{"uv":[56,80],"uv_size":[16,16]},"west":{"uv":[56,80],"uv_size":[16,16]},"up":{"uv":[72,96],"uv_size":[-16,-16]},"down":{"uv":[72,96],"uv_size":[-16,-16]}}},{"origin":[160.88236,112,-15.05882],"size":[16,16,16],"pivot":[88.88236,39.96667,-23.05882],"rotation":[0,180,0],"uv":{"north":{"uv":[56,80],"uv_size":[16,16]},"east":{"uv":[56,80],"uv_size":[16,16]},"south":{"uv":[56,80],"uv_size":[16,16]},"west":{"uv":[56,80],"uv_size":[16,16]},"up":{"uv":[72,96],"uv_size":[-16,-16]},"down":{"uv":[72,96],"uv_size":[-16,-16]}}},{"origin":[160.88236,112,-31.05882],"size":[16,16,16],"pivot":[88.88236,39.96667,-23.05882],"rotation":[0,180,0],"uv":{"north":{"uv":[56,80],"uv_size":[16,16]},"east":{"uv":[56,80],"uv_size":[16,16]},"south":{"uv":[56,80],"uv_size":[16,16]},"west":{"uv":[56,80],"uv_size":[16,16]},"up":{"uv":[72,96],"uv_size":[-16,-16]},"down":{"uv":[72,96],"uv_size":[-16,-16]}}},{"origin":[160.88236,128,-31.05882],"size":[16,16,16],"pivot":[88.88236,39.96667,-23.05882],"rotation":[0,180,0],"uv":{"north":{"uv":[56,80],"uv_size":[16,16]},"east":{"uv":[56,80],"uv_size":[16,16]},"south":{"uv":[56,80],"uv_size":[16,16]},"west":{"uv":[56,80],"uv_size":[16,16]},"up":{"uv":[72,96],"uv_size":[-16,-16]},"down":{"uv":[72,96],"uv_size":[-16,-16]}}},{"origin":[176.88236,112,-31.05882],"size":[16,16,16],"pivot":[88.88236,39.96667,-23.05882],"rotation":[0,180,0],"uv":{"north":{"uv":[56,80],"uv_size":[16,16]},"east":{"uv":[56,80],"uv_size":[16,16]},"south":{"uv":[56,80],"uv_size":[16,16]},"west":{"uv":[56,80],"uv_size":[16,16]},"up":{"uv":[72,96],"uv_size":[-16,-16]},"down":{"uv":[72,96],"uv_size":[-16,-16]}}},{"origin":[176.88236,112,-47.05882],"size":[16,16,16],"pivot":[88.88236,39.96667,-23.05882],"rotation":[0,180,0],"uv":{"north":{"uv":[56,80],"uv_size":[16,16]},"east":{"uv":[56,80],"uv_size":[16,16]},"south":{"uv":[56,80],"uv_size":[16,16]},"west":{"uv":[56,80],"uv_size":[16,16]},"up":{"uv":[72,96],"uv_size":[-16,-16]},"down":{"uv":[72,96],"uv_size":[-16,-16]}}},{"origin":[160.88236,112,-63.05882],"size":[16,16,16],"pivot":[88.88236,39.96667,-23.05882],"rotation":[0,180,0],"uv":{"north":{"uv":[56,80],"uv_size":[16,16]},"east":{"uv":[56,80],"uv_size":[16,16]},"south":{"uv":[56,80],"uv_size":[16,16]},"west":{"uv":[56,80],"uv_size":[16,16]},"up":{"uv":[72,96],"uv_size":[-16,-16]},"down":{"uv":[72,96],"uv_size":[-16,-16]}}},{"origin":[160.88236,112,-79.05882],"size":[16,16,16],"pivot":[88.88236,39.96667,-23.05882],"rotation":[0,180,0],"uv":{"north":{"uv":[56,80],"uv_size":[16,16]},"east":{"uv":[56,80],"uv_size":[16,16]},"south":{"uv":[56,80],"uv_size":[16,16]},"west":{"uv":[56,80],"uv_size":[16,16]},"up":{"uv":[72,96],"uv_size":[-16,-16]},"down":{"uv":[72,96],"uv_size":[-16,-16]}}},{"origin":[176.88236,112,-79.05882],"size":[16,16,16],"pivot":[88.88236,39.96667,-23.05882],"rotation":[0,180,0],"uv":{"north":{"uv":[56,80],"uv_size":[16,16]},"east":{"uv":[56,80],"uv_size":[16,16]},"south":{"uv":[56,80],"uv_size":[16,16]},"west":{"uv":[56,80],"uv_size":[16,16]},"up":{"uv":[72,96],"uv_size":[-16,-16]},"down":{"uv":[72,96],"uv_size":[-16,-16]}}},{"origin":[176.88236,112,-63.05882],"size":[16,16,16],"pivot":[88.88236,39.96667,-23.05882],"rotation":[0,180,0],"uv":{"north":{"uv":[56,80],"uv_size":[16,16]},"east":{"uv":[56,80],"uv_size":[16,16]},"south":{"uv":[56,80],"uv_size":[16,16]},"west":{"uv":[56,80],"uv_size":[16,16]},"up":{"uv":[72,96],"uv_size":[-16,-16]},"down":{"uv":[72,96],"uv_size":[-16,-16]}}},{"origin":[160.88236,112,-47.05882],"size":[16,16,16],"pivot":[88.88236,39.96667,-23.05882],"rotation":[0,180,0],"uv":{"north":{"uv":[56,80],"uv_size":[16,16]},"east":{"uv":[56,80],"uv_size":[16,16]},"south":{"uv":[56,80],"uv_size":[16,16]},"west":{"uv":[56,80],"uv_size":[16,16]},"up":{"uv":[72,96],"uv_size":[-16,-16]},"down":{"uv":[72,96],"uv_size":[-16,-16]}}},{"origin":[128.88236,112,-15.05882],"size":[16,16,16],"pivot":[88.88236,39.96667,-23.05882],"rotation":[0,180,0],"uv":{"north":{"uv":[56,80],"uv_size":[16,16]},"east":{"uv":[56,80],"uv_size":[16,16]},"south":{"uv":[56,80],"uv_size":[16,16]},"west":{"uv":[56,80],"uv_size":[16,16]},"up":{"uv":[72,96],"uv_size":[-16,-16]},"down":{"uv":[72,96],"uv_size":[-16,-16]}}},{"origin":[144.88236,112,-15.05882],"size":[16,16,16],"pivot":[88.88236,39.96667,-23.05882],"rotation":[0,180,0],"uv":{"north":{"uv":[56,80],"uv_size":[16,16]},"east":{"uv":[56,80],"uv_size":[16,16]},"south":{"uv":[56,80],"uv_size":[16,16]},"west":{"uv":[56,80],"uv_size":[16,16]},"up":{"uv":[72,96],"uv_size":[-16,-16]},"down":{"uv":[72,96],"uv_size":[-16,-16]}}},{"origin":[144.88236,96,-15.05882],"size":[16,16,16],"pivot":[88.88236,39.96667,-23.05882],"rotation":[0,180,0],"uv":{"north":{"uv":[56,80],"uv_size":[16,16]},"east":{"uv":[56,80],"uv_size":[16,16]},"south":{"uv":[56,80],"uv_size":[16,16]},"west":{"uv":[56,80],"uv_size":[16,16]},"up":{"uv":[72,96],"uv_size":[-16,-16]},"down":{"uv":[72,96],"uv_size":[-16,-16]}}},{"origin":[128.88236,112,-31.05882],"size":[16,16,16],"pivot":[88.88236,39.96667,-23.05882],"rotation":[0,180,0],"uv":{"north":{"uv":[56,80],"uv_size":[16,16]},"east":{"uv":[56,80],"uv_size":[16,16]},"south":{"uv":[56,80],"uv_size":[16,16]},"west":{"uv":[56,80],"uv_size":[16,16]},"up":{"uv":[72,96],"uv_size":[-16,-16]},"down":{"uv":[72,96],"uv_size":[-16,-16]}}},{"origin":[128.88236,128,-63.05882],"size":[16,16,16],"pivot":[88.88236,39.96667,-23.05882],"rotation":[0,180,0],"uv":{"north":{"uv":[56,80],"uv_size":[16,16]},"east":{"uv":[56,80],"uv_size":[16,16]},"south":{"uv":[56,80],"uv_size":[16,16]},"west":{"uv":[56,80],"uv_size":[16,16]},"up":{"uv":[72,96],"uv_size":[-16,-16]},"down":{"uv":[72,96],"uv_size":[-16,-16]}}},{"origin":[112.88236,112,-31.05882],"size":[16,16,16],"pivot":[88.88236,39.96667,-23.05882],"rotation":[0,180,0],"uv":{"north":{"uv":[56,80],"uv_size":[16,16]},"east":{"uv":[56,80],"uv_size":[16,16]},"south":{"uv":[56,80],"uv_size":[16,16]},"west":{"uv":[56,80],"uv_size":[16,16]},"up":{"uv":[72,96],"uv_size":[-16,-16]},"down":{"uv":[72,96],"uv_size":[-16,-16]}}},{"origin":[128.88236,112,-47.05882],"size":[16,16,16],"pivot":[88.88236,39.96667,-23.05882],"rotation":[0,180,0],"uv":{"north":{"uv":[56,80],"uv_size":[16,16]},"east":{"uv":[56,80],"uv_size":[16,16]},"south":{"uv":[56,80],"uv_size":[16,16]},"west":{"uv":[56,80],"uv_size":[16,16]},"up":{"uv":[72,96],"uv_size":[-16,-16]},"down":{"uv":[72,96],"uv_size":[-16,-16]}}},{"origin":[112.88236,112,-47.05882],"size":[16,16,16],"pivot":[88.88236,39.96667,-23.05882],"rotation":[0,180,0],"uv":{"north":{"uv":[56,80],"uv_size":[16,16]},"east":{"uv":[56,80],"uv_size":[16,16]},"south":{"uv":[56,80],"uv_size":[16,16]},"west":{"uv":[56,80],"uv_size":[16,16]},"up":{"uv":[72,96],"uv_size":[-16,-16]},"down":{"uv":[72,96],"uv_size":[-16,-16]}}},{"origin":[112.88236,112,-63.05882],"size":[16,16,16],"pivot":[88.88236,39.96667,-23.05882],"rotation":[0,180,0],"uv":{"north":{"uv":[56,80],"uv_size":[16,16]},"east":{"uv":[56,80],"uv_size":[16,16]},"south":{"uv":[56,80],"uv_size":[16,16]},"west":{"uv":[56,80],"uv_size":[16,16]},"up":{"uv":[72,96],"uv_size":[-16,-16]},"down":{"uv":[72,96],"uv_size":[-16,-16]}}},{"origin":[128.88236,112,-63.05882],"size":[16,16,16],"pivot":[88.88236,39.96667,-23.05882],"rotation":[0,180,0],"uv":{"north":{"uv":[56,80],"uv_size":[16,16]},"east":{"uv":[56,80],"uv_size":[16,16]},"south":{"uv":[56,80],"uv_size":[16,16]},"west":{"uv":[56,80],"uv_size":[16,16]},"up":{"uv":[72,96],"uv_size":[-16,-16]},"down":{"uv":[72,96],"uv_size":[-16,-16]}}},{"origin":[128.88236,112,-79.05882],"size":[16,16,16],"pivot":[88.88236,39.96667,-23.05882],"rotation":[0,180,0],"uv":{"north":{"uv":[56,80],"uv_size":[16,16]},"east":{"uv":[56,80],"uv_size":[16,16]},"south":{"uv":[56,80],"uv_size":[16,16]},"west":{"uv":[56,80],"uv_size":[16,16]},"up":{"uv":[72,96],"uv_size":[-16,-16]},"down":{"uv":[72,96],"uv_size":[-16,-16]}}},{"origin":[144.88236,112,-79.05882],"size":[16,16,16],"pivot":[88.88236,39.96667,-23.05882],"rotation":[0,180,0],"uv":{"north":{"uv":[56,80],"uv_size":[16,16]},"east":{"uv":[56,80],"uv_size":[16,16]},"south":{"uv":[56,80],"uv_size":[16,16]},"west":{"uv":[56,80],"uv_size":[16,16]},"up":{"uv":[72,96],"uv_size":[-16,-16]},"down":{"uv":[72,96],"uv_size":[-16,-16]}}},{"origin":[144.88236,96,-79.05882],"size":[16,16,16],"pivot":[88.88236,39.96667,-23.05882],"rotation":[0,180,0],"uv":{"north":{"uv":[56,80],"uv_size":[16,16]},"east":{"uv":[56,80],"uv_size":[16,16]},"south":{"uv":[56,80],"uv_size":[16,16]},"west":{"uv":[56,80],"uv_size":[16,16]},"up":{"uv":[72,96],"uv_size":[-16,-16]},"down":{"uv":[72,96],"uv_size":[-16,-16]}}},{"origin":[112.88236,112,-79.05882],"size":[16,16,16],"pivot":[88.88236,39.96667,-23.05882],"rotation":[0,180,0],"uv":{"north":{"uv":[56,80],"uv_size":[16,16]},"east":{"uv":[56,80],"uv_size":[16,16]},"south":{"uv":[56,80],"uv_size":[16,16]},"west":{"uv":[56,80],"uv_size":[16,16]},"up":{"uv":[72,96],"uv_size":[-16,-16]},"down":{"uv":[72,96],"uv_size":[-16,-16]}}},{"origin":[144.88236,95.95,-31.05882],"size":[16,16,16],"pivot":[88.88236,39.96667,-23.05882],"rotation":[0,180,0],"uv":{"north":{"uv":[56,80],"uv_size":[16,16]},"east":{"uv":[56,80],"uv_size":[16,16]},"south":{"uv":[56,80],"uv_size":[16,16]},"west":{"uv":[56,80],"uv_size":[16,16]},"up":{"uv":[72,96],"uv_size":[-16,-16]},"down":{"uv":[72,96],"uv_size":[-16,-16]}}},{"origin":[0.88236,96,-15.05882],"size":[16,16,16],"uv":{"north":{"uv":[56,80],"uv_size":[16,16]},"east":{"uv":[56,80],"uv_size":[16,16]},"south":{"uv":[56,80],"uv_size":[16,16]},"west":{"uv":[56,80],"uv_size":[16,16]},"up":{"uv":[72,96],"uv_size":[-16,-16]},"down":{"uv":[72,96],"uv_size":[-16,-16]}}},{"origin":[16.88236,95.95,0.94118],"size":[16,16,16],"uv":{"north":{"uv":[56,80],"uv_size":[16,16]},"east":{"uv":[56,80],"uv_size":[16,16]},"south":{"uv":[56,80],"uv_size":[16,16]},"west":{"uv":[56,80],"uv_size":[16,16]},"up":{"uv":[72,96],"uv_size":[-16,-16]},"down":{"uv":[72,96],"uv_size":[-16,-16]}}},{"origin":[128.88236,112,-47.05882],"size":[16,16,16],"pivot":[88.88236,55.96667,-23.05882],"rotation":[0,180,0],"uv":{"north":{"uv":[56,80],"uv_size":[16,16]},"east":{"uv":[56,80],"uv_size":[16,16]},"south":{"uv":[56,80],"uv_size":[16,16]},"west":{"uv":[56,80],"uv_size":[16,16]},"up":{"uv":[72,96],"uv_size":[-16,-16]},"down":{"uv":[72,96],"uv_size":[-16,-16]}}},{"origin":[16.88236,111.95,0.94118],"size":[16,16,16],"uv":{"north":{"uv":[56,80],"uv_size":[16,16]},"east":{"uv":[56,80],"uv_size":[16,16]},"south":{"uv":[56,80],"uv_size":[16,16]},"west":{"uv":[56,80],"uv_size":[16,16]},"up":{"uv":[72,96],"uv_size":[-16,-16]},"down":{"uv":[72,96],"uv_size":[-16,-16]}}},{"origin":[0.88236,112,-15.05882],"size":[16,16,16],"uv":{"north":{"uv":[56,80],"uv_size":[16,16]},"east":{"uv":[56,80],"uv_size":[16,16]},"south":{"uv":[56,80],"uv_size":[16,16]},"west":{"uv":[56,80],"uv_size":[16,16]},"up":{"uv":[72,96],"uv_size":[-16,-16]},"down":{"uv":[72,96],"uv_size":[-16,-16]}}},{"origin":[144.88236,111.95,-31.05882],"size":[16,16,16],"pivot":[88.88236,55.96667,-23.05882],"rotation":[0,180,0],"uv":{"north":{"uv":[56,80],"uv_size":[16,16]},"east":{"uv":[56,80],"uv_size":[16,16]},"south":{"uv":[56,80],"uv_size":[16,16]},"west":{"uv":[56,80],"uv_size":[16,16]},"up":{"uv":[72,96],"uv_size":[-16,-16]},"down":{"uv":[72,96],"uv_size":[-16,-16]}}},{"origin":[128.88236,144,-47.05882],"size":[16,16,16],"pivot":[88.88236,87.96667,-23.05882],"rotation":[0,180,0],"uv":{"north":{"uv":[56,80],"uv_size":[16,16]},"east":{"uv":[56,80],"uv_size":[16,16]},"south":{"uv":[56,80],"uv_size":[16,16]},"west":{"uv":[56,80],"uv_size":[16,16]},"up":{"uv":[72,96],"uv_size":[-16,-16]},"down":{"uv":[72,96],"uv_size":[-16,-16]}}},{"origin":[16.88236,143.95,0.94118],"size":[16,16,16],"uv":{"north":{"uv":[56,80],"uv_size":[16,16]},"east":{"uv":[56,80],"uv_size":[16,16]},"south":{"uv":[56,80],"uv_size":[16,16]},"west":{"uv":[56,80],"uv_size":[16,16]},"up":{"uv":[72,96],"uv_size":[-16,-16]},"down":{"uv":[72,96],"uv_size":[-16,-16]}}},{"origin":[0.88236,144,-15.05882],"size":[16,16,16],"uv":{"north":{"uv":[56,80],"uv_size":[16,16]},"east":{"uv":[56,80],"uv_size":[16,16]},"south":{"uv":[56,80],"uv_size":[16,16]},"west":{"uv":[56,80],"uv_size":[16,16]},"up":{"uv":[72,96],"uv_size":[-16,-16]},"down":{"uv":[72,96],"uv_size":[-16,-16]}}},{"origin":[16.88236,144,-15.05882],"size":[16,16,16],"uv":{"north":{"uv":[56,80],"uv_size":[16,16]},"east":{"uv":[56,80],"uv_size":[16,16]},"south":{"uv":[56,80],"uv_size":[16,16]},"west":{"uv":[56,80],"uv_size":[16,16]},"up":{"uv":[72,96],"uv_size":[-16,-16]},"down":{"uv":[72,96],"uv_size":[-16,-16]}}},{"origin":[144.88236,143.95,-31.05882],"size":[16,16,16],"pivot":[88.88236,87.96667,-23.05882],"rotation":[0,180,0],"uv":{"north":{"uv":[56,80],"uv_size":[16,16]},"east":{"uv":[56,80],"uv_size":[16,16]},"south":{"uv":[56,80],"uv_size":[16,16]},"west":{"uv":[56,80],"uv_size":[16,16]},"up":{"uv":[72,96],"uv_size":[-16,-16]},"down":{"uv":[72,96],"uv_size":[-16,-16]}}},{"origin":[144.88236,48,-47.05882],"size":[16,16,16],"pivot":[88.88236,39.96667,-23.05882],"rotation":[0,180,0],"uv":{"north":{"uv":[112,64],"uv_size":[16,16]},"east":{"uv":[112,64],"uv_size":[16,16]},"south":{"uv":[112,64],"uv_size":[16,16]},"west":{"uv":[112,64],"uv_size":[16,16]},"up":{"uv":[128,80],"uv_size":[-16,-16]},"down":{"uv":[128,80],"uv_size":[-16,-16]}}},{"origin":[144.88236,64,-47.05882],"size":[16,16,16],"pivot":[88.88236,39.96667,-23.05882],"rotation":[0,180,0],"uv":{"north":{"uv":[112,64],"uv_size":[16,16]},"east":{"uv":[112,64],"uv_size":[16,16]},"south":{"uv":[112,64],"uv_size":[16,16]},"west":{"uv":[112,64],"uv_size":[16,16]},"up":{"uv":[128,80],"uv_size":[-16,-16]},"down":{"uv":[128,80],"uv_size":[-16,-16]}}},{"origin":[144.88236,80,-47.05882],"size":[16,16,16],"pivot":[88.88236,39.96667,-23.05882],"rotation":[0,180,0],"uv":{"north":{"uv":[112,64],"uv_size":[16,16]},"east":{"uv":[112,64],"uv_size":[16,16]},"south":{"uv":[112,64],"uv_size":[16,16]},"west":{"uv":[112,64],"uv_size":[16,16]},"up":{"uv":[128,80],"uv_size":[-16,-16]},"down":{"uv":[128,80],"uv_size":[-16,-16]}}},{"origin":[144.88236,96,-47.05882],"size":[16,16,16],"pivot":[88.88236,39.96667,-23.05882],"rotation":[0,180,0],"uv":{"north":{"uv":[112,64],"uv_size":[16,16]},"east":{"uv":[112,64],"uv_size":[16,16]},"south":{"uv":[112,64],"uv_size":[16,16]},"west":{"uv":[112,64],"uv_size":[16,16]},"up":{"uv":[128,80],"uv_size":[-16,-16]},"down":{"uv":[128,80],"uv_size":[-16,-16]}}},{"origin":[144.88236,112,-47.05882],"size":[16,16,16],"pivot":[88.88236,39.96667,-23.05882],"rotation":[0,180,0],"uv":{"north":{"uv":[112,64],"uv_size":[16,16]},"east":{"uv":[112,64],"uv_size":[16,16]},"south":{"uv":[112,64],"uv_size":[16,16]},"west":{"uv":[112,64],"uv_size":[16,16]},"up":{"uv":[128,80],"uv_size":[-16,-16]},"down":{"uv":[128,80],"uv_size":[-16,-16]}}},{"origin":[144.88236,128,-47.05882],"size":[16,16,16],"pivot":[88.88236,55.96667,-23.05882],"rotation":[0,180,0],"uv":{"north":{"uv":[112,64],"uv_size":[16,16]},"east":{"uv":[112,64],"uv_size":[16,16]},"south":{"uv":[112,64],"uv_size":[16,16]},"west":{"uv":[112,64],"uv_size":[16,16]},"up":{"uv":[128,80],"uv_size":[-16,-16]},"down":{"uv":[128,80],"uv_size":[-16,-16]}}},{"origin":[16.88236,127.95,0.94118],"size":[16,16,16],"uv":{"north":{"uv":[56,80],"uv_size":[16,16]},"east":{"uv":[56,80],"uv_size":[16,16]},"south":{"uv":[56,80],"uv_size":[16,16]},"west":{"uv":[56,80],"uv_size":[16,16]},"up":{"uv":[72,96],"uv_size":[-16,-16]},"down":{"uv":[72,96],"uv_size":[-16,-16]}}},{"origin":[0.88236,128,-15.05882],"size":[16,16,16],"uv":{"north":{"uv":[56,80],"uv_size":[16,16]},"east":{"uv":[56,80],"uv_size":[16,16]},"south":{"uv":[56,80],"uv_size":[16,16]},"west":{"uv":[56,80],"uv_size":[16,16]},"up":{"uv":[72,96],"uv_size":[-16,-16]},"down":{"uv":[72,96],"uv_size":[-16,-16]}}},{"origin":[128.88236,128,-47.05882],"size":[16,16,16],"pivot":[88.88236,71.96667,-23.05882],"rotation":[0,180,0],"uv":{"north":{"uv":[56,80],"uv_size":[16,16]},"east":{"uv":[56,80],"uv_size":[16,16]},"south":{"uv":[56,80],"uv_size":[16,16]},"west":{"uv":[56,80],"uv_size":[16,16]},"up":{"uv":[72,96],"uv_size":[-16,-16]},"down":{"uv":[72,96],"uv_size":[-16,-16]}}},{"origin":[144.88236,127.95,-31.05882],"size":[16,16,16],"pivot":[88.88236,71.96667,-23.05882],"rotation":[0,180,0],"uv":{"north":{"uv":[56,80],"uv_size":[16,16]},"east":{"uv":[56,80],"uv_size":[16,16]},"south":{"uv":[56,80],"uv_size":[16,16]},"west":{"uv":[56,80],"uv_size":[16,16]},"up":{"uv":[72,96],"uv_size":[-16,-16]},"down":{"uv":[72,96],"uv_size":[-16,-16]}}}]},{"name":"ChestTop","parent":"Blocks","pivot":[88.88236,57.5,-47.05882],"cubes":[{"origin":[81.88236,64.1,-54.45882],"size":[14,5,14],"pivot":[88.88236,65.5,-48.05882],"rotation":[85,0,180],"uv":{"north":{"uv":[68,98],"uv_size":[14,5]},"east":{"uv":[68,113],"uv_size":[14,5]},"south":{"uv":[82,113],"uv_size":[14,5]},"west":{"uv":[82,98],"uv_size":[14,5]},"up":{"uv":[114,94],"uv_size":[-14,-14]},"down":{"uv":[100,94],"uv_size":[-14,-14]}}},{"origin":[87.88236,62.1,-55.45882],"size":[2,4,1],"pivot":[88.88236,65.5,-48.05882],"rotation":[85,0,180],"uv":{"north":{"uv":[4,65],"uv_size":[2,4]},"east":{"uv":[3,65],"uv_size":[1,4]},"south":{"uv":[0,65],"uv_size":[2,4]},"west":{"uv":[2,65],"uv_size":[1,4]},"up":{"uv":[1,64],"uv_size":[2,1]},"down":{"uv":[3,64],"uv_size":[2,1]}}}]},{"name":"ChestBottom","parent":"Blocks","pivot":[88.88236,39.96667,-23.05882],"cubes":[{"origin":[81.88236,48,-14.05882],"size":[14,10,14],"pivot":[88.88236,39.96667,-23.05882],"rotation":[0,180,0],"uv":{"north":{"uv":[68,103],"uv_size":[14,10]},"east":{"uv":[82,103],"uv_size":[14,10]},"south":{"uv":[68,118],"uv_size":[14,10]},"west":{"uv":[82,118],"uv_size":[14,10]},"up":{"uv":[128,94],"uv_size":[-14,-14]},"down":{"uv":[86,94],"uv_size":[-14,-14]}}}]},{"name":"bone3","pivot":[-9,0,-21],"rotation":[0,90,0]},{"name":"Player1","parent":"bone3","pivot":[5,50,38],"rotation":[-163.89594,-7.74701,100.16865]},{"name":"body","parent":"Player1","pivot":[7.1043,52.27134,38.28666],"rotation":[-10.47479,17.22575,-3.13388],"cubes":[{"origin":[-10.8957,54.27134,48.28666],"size":[8,12,4],"pivot":[-8.4211,65.08608,32.55192],"rotation":[-15,62.5,0],"uv":{"north":{"uv":[20,84],"uv_size":[8,12]},"east":{"uv":[16,84],"uv_size":[4,12]},"south":{"uv":[32,84],"uv_size":[8,12]},"west":{"uv":[28,84],"uv_size":[4,12]},"up":{"uv":[28,84],"uv_size":[-8,-4]},"down":{"uv":[36,84],"uv_size":[-8,-4]}}}]},{"name":"head3","parent":"Player1","pivot":[8.21034,64.54546,40.86764],"rotation":[-1.23825,59.70651,-61.75967],"cubes":[{"origin":[1.00895,70.28253,39.43495],"size":[8,8,8],"pivot":[-6.62249,67.82315,32.11923],"rotation":[-30,20,0],"uv":{"north":{"uv":[8,72],"uv_size":[8,8]},"east":{"uv":[0,72],"uv_size":[8,8]},"south":{"uv":[24,72],"uv_size":[8,8]},"west":{"uv":[16,72],"uv_size":[8,8]},"up":{"uv":[8,72],"uv_size":[8,-8]},"down":{"uv":[24,72],"uv_size":[-8,-8]}}},{"origin":[1.00895,70.28253,39.43495],"size":[8,8,8],"inflate":0.25,"pivot":[-6.62249,67.82315,32.11923],"rotation":[-30,20,0],"uv":{"north":{"uv":[40,72],"uv_size":[8,8]},"east":{"uv":[32,72],"uv_size":[8,8]},"south":{"uv":[56,72],"uv_size":[8,8]},"west":{"uv":[48,72],"uv_size":[8,8]},"up":{"uv":[48,72],"uv_size":[-8,-8]},"down":{"uv":[56,72],"uv_size":[-8,-8]}}}]},{"name":"leftArm3","parent":"Player1","pivot":[6.50285,57.78594,45.02309],"rotation":[8.93802,-32.25826,114.21827],"cubes":[{"origin":[4.71783,46.91584,43.4565],"size":[4,12,4],"pivot":[7.07571,58.607,44.76181],"rotation":[-65,110,12.5],"uv":{"north":{"uv":[44,84],"uv_size":[4,12]},"east":{"uv":[40,84],"uv_size":[4,12]},"south":{"uv":[52,84],"uv_size":[4,12]},"west":{"uv":[48,84],"uv_size":[4,12]},"up":{"uv":[48,84],"uv_size":[-4,-4]},"down":{"uv":[52,84],"uv_size":[-4,-4]}}},{"origin":[4.71783,46.91584,43.4565],"size":[4,12,4],"inflate":0.25,"pivot":[7.07571,58.607,44.76181],"rotation":[126.08256,67.44608,-155.6153],"uv":{"north":{"uv":[44,100],"uv_size":[4,12]},"east":{"uv":[40,100],"uv_size":[4,12]},"south":{"uv":[52,100],"uv_size":[4,12]},"west":{"uv":[48,100],"uv_size":[4,12]},"up":{"uv":[52,101],"uv_size":[-4,-1]},"down":{"uv":[52,101],"uv_size":[-4,-1]}}}]},{"name":"leftLeg5","parent":"Player1","pivot":[4.32628,49.76013,40.36281],"rotation":[-9.85108,1.72794,9.85108],"cubes":[{"origin":[2.32628,37.77532,38.53646],"size":[4,12,4],"uv":{"north":{"uv":[8,84],"uv_size":[4,12]},"east":{"uv":[4,84],"uv_size":[4,12]},"south":{"uv":[0,84],"uv_size":[4,12]},"west":{"uv":[12,84],"uv_size":[4,12]},"up":{"uv":[8,84],"uv_size":[-4,-4]},"down":{"uv":[12,84],"uv_size":[-4,-4]}}},{"origin":[2.32628,37.77532,38.53646],"size":[4,12,4],"inflate":0.25,"uv":{"north":{"uv":[8,100],"uv_size":[4,12]},"east":{"uv":[4,100],"uv_size":[4,12]},"south":{"uv":[0,100],"uv_size":[4,12]},"west":{"uv":[12,100],"uv_size":[4,12]},"up":{"uv":[8,101],"uv_size":[-4,-4]},"down":{"uv":[8,101],"uv_size":[-4,-4]}}}]},{"name":"Leftleg3","parent":"Player1","pivot":[4.25514,50.76013,35.51596],"rotation":[-9.8491,28.48042,-20.00533],"cubes":[{"origin":[-2.03484,43.4185,46.81617],"size":[4,12,4],"pivot":[-11.05883,64.81378,33.05192],"rotation":[-22.5,32.5,0],"uv":{"north":{"uv":[20,116],"uv_size":[4,12]},"east":{"uv":[16,116],"uv_size":[4,12]},"south":{"uv":[28,116],"uv_size":[4,12]},"west":{"uv":[24,116],"uv_size":[4,12]},"up":{"uv":[24,116],"uv_size":[-4,-4]},"down":{"uv":[28,116],"uv_size":[-4,-4]}}},{"origin":[-2.03484,43.4185,46.81617],"size":[4,12,4],"inflate":0.25,"pivot":[-11.05883,64.81378,33.05192],"rotation":[-22.5,32.5,0],"uv":{"north":{"uv":[4,116],"uv_size":[4,12]},"east":{"uv":[0,116],"uv_size":[4,12]},"south":{"uv":[12,116],"uv_size":[4,12]},"west":{"uv":[8,116],"uv_size":[4,12]},"up":{"uv":[12,117],"uv_size":[-4,-1]},"down":{"uv":[12,117],"uv_size":[-4,-1]}}}]},{"name":"Blocks2","parent":"bone3","pivot":[-37,32,13]},{"name":"1","parent":"Blocks2","pivot":[-29,40.11765,21.47059],"cubes":[{"origin":[-37,32,14.05],"size":[16,16,16],"pivot":[-29,40.11765,21.47059],"rotation":[0,180,0],"uv":{"north":{"uv":[32,0],"uv_size":[16,16]},"east":{"uv":[32,0],"uv_size":[16,16]},"south":{"uv":[32,0],"uv_size":[16,16]},"west":{"uv":[32,0],"uv_size":[16,16]},"up":{"uv":[48,16],"uv_size":[-16,-16]},"down":{"uv":[48,16],"uv_size":[-16,-16]}}}]},{"name":"2","parent":"Blocks2","pivot":[-29,40.11765,21.47059],"cubes":[{"origin":[-37,32,14.05],"size":[16,16,16],"pivot":[-29,40.11765,21.47059],"rotation":[0,180,0],"uv":{"north":{"uv":[32,16],"uv_size":[16,16]},"east":{"uv":[32,16],"uv_size":[16,16]},"south":{"uv":[32,16],"uv_size":[16,16]},"west":{"uv":[32,16],"uv_size":[16,16]},"up":{"uv":[48,32],"uv_size":[-16,-16]},"down":{"uv":[48,32],"uv_size":[-16,-16]}}}]},{"name":"3","parent":"Blocks2","pivot":[-29,40.11765,21.47059],"cubes":[{"origin":[-37,32,14.05],"size":[16,16,16],"pivot":[-29,40.11765,21.47059],"rotation":[0,180,0],"uv":{"north":{"uv":[32,32],"uv_size":[16,16]},"east":{"uv":[32,32],"uv_size":[16,16]},"south":{"uv":[32,32],"uv_size":[16,16]},"west":{"uv":[32,32],"uv_size":[16,16]},"up":{"uv":[48,48],"uv_size":[-16,-16]},"down":{"uv":[48,48],"uv_size":[-16,-16]}}}]},{"name":"4","parent":"Blocks2","pivot":[-29,40.11765,21.47059],"cubes":[{"origin":[-37,32,14.05],"size":[16,16,16],"pivot":[-29,40.11765,21.47059],"rotation":[0,180,0],"uv":{"north":{"uv":[32,48],"uv_size":[16,16]},"east":{"uv":[32,48],"uv_size":[16,16]},"south":{"uv":[32,48],"uv_size":[16,16]},"west":{"uv":[32,48],"uv_size":[16,16]},"up":{"uv":[48,64],"uv_size":[-16,-16]},"down":{"uv":[48,64],"uv_size":[-16,-16]}}}]},{"name":"5","parent":"Blocks2","pivot":[-29,40.11765,21.47059],"cubes":[{"origin":[-37,32,14.05],"size":[16,16,16],"pivot":[-29,40.11765,21.47059],"rotation":[0,180,0],"uv":{"north":{"uv":[48,0],"uv_size":[16,16]},"east":{"uv":[48,0],"uv_size":[16,16]},"south":{"uv":[48,0],"uv_size":[16,16]},"west":{"uv":[48,0],"uv_size":[16,16]},"up":{"uv":[64,16],"uv_size":[-16,-16]},"down":{"uv":[64,16],"uv_size":[-16,-16]}}}]},{"name":"6","parent":"Blocks2","pivot":[-29,40.11765,21.47059],"cubes":[{"origin":[-37,32,14.05],"size":[16,16,16],"pivot":[-29,40.11765,21.47059],"rotation":[0,180,0],"uv":{"north":{"uv":[48,16],"uv_size":[16,16]},"east":{"uv":[48,16],"uv_size":[16,16]},"south":{"uv":[48,16],"uv_size":[16,16]},"west":{"uv":[48,16],"uv_size":[16,16]},"up":{"uv":[64,32],"uv_size":[-16,-16]},"down":{"uv":[64,32],"uv_size":[-16,-16]}}}]},{"name":"7","parent":"Blocks2","pivot":[-29,40.11765,21.47059],"cubes":[{"origin":[-37,32,14.05],"size":[16,16,16],"pivot":[-29,40.11765,21.47059],"rotation":[0,180,0],"uv":{"north":{"uv":[0,25],"uv_size":[16,16]},"east":{"uv":[0,25],"uv_size":[16,16]},"south":{"uv":[0,25],"uv_size":[16,16]},"west":{"uv":[0,25],"uv_size":[16,16]},"up":{"uv":[16,41],"uv_size":[-16,-16]},"down":{"uv":[16,41],"uv_size":[-16,-16]}}}]},{"name":"8","parent":"Blocks2","pivot":[-29,40.11765,21.47059],"cubes":[{"origin":[-37,32,14.05],"size":[16,16,16],"pivot":[-29,40.11765,21.47059],"rotation":[0,180,0],"uv":{"north":{"uv":[48,32],"uv_size":[16,16]},"east":{"uv":[48,32],"uv_size":[16,16]},"south":{"uv":[48,32],"uv_size":[16,16]},"west":{"uv":[48,32],"uv_size":[16,16]},"up":{"uv":[64,48],"uv_size":[-16,-16]},"down":{"uv":[64,48],"uv_size":[-16,-16]}}}]},{"name":"9","parent":"Blocks2","pivot":[-29,40.11765,21.47059],"cubes":[{"origin":[-37,32,14.05],"size":[16,16,16],"pivot":[-29,40.11765,21.47059],"rotation":[0,180,0],"uv":{"north":{"uv":[48,48],"uv_size":[16,16]},"east":{"uv":[48,48],"uv_size":[16,16]},"south":{"uv":[48,48],"uv_size":[16,16]},"west":{"uv":[48,48],"uv_size":[16,16]},"up":{"uv":[64,64],"uv_size":[-16,-16]},"down":{"uv":[64,64],"uv_size":[-16,-16]}}}]},{"name":"10","parent":"Blocks2","pivot":[-29,40.11765,21.47059],"cubes":[{"origin":[-37,32,14.05],"size":[16,16,16],"pivot":[-29,40.11765,21.47059],"rotation":[0,180,0],"uv":{"north":{"uv":[0,41],"uv_size":[16,16]},"east":{"uv":[0,41],"uv_size":[16,16]},"south":{"uv":[0,41],"uv_size":[16,16]},"west":{"uv":[0,41],"uv_size":[16,16]},"up":{"uv":[16,57],"uv_size":[-16,-16]},"down":{"uv":[16,57],"uv_size":[-16,-16]}}}]},{"name":"bone6","parent":"Blocks2","pivot":[-29.05882,40.11765,5.47059],"cubes":[{"origin":[-37,32,-2],"size":[16,16,16],"pivot":[-29.05882,40.11765,5.47059],"rotation":[0,180,0],"uv":{"north":{"uv":[16,25],"uv_size":[16,16]},"east":{"uv":[16,25],"uv_size":[16,16]},"south":{"uv":[16,25],"uv_size":[16,16]},"west":{"uv":[16,25],"uv_size":[16,16]},"up":{"uv":[32,41],"uv_size":[-16,-16]},"down":{"uv":[32,41],"uv_size":[-16,-16]}}}]},{"name":"bone14","parent":"Blocks2","pivot":[-29.05882,40.11765,5.47059],"cubes":[{"origin":[-37,32,-2],"size":[16,16,16],"pivot":[-29.05882,40.11765,5.47059],"rotation":[0,180,0],"uv":{"north":{"uv":[16,25],"uv_size":[16,16]},"east":{"uv":[16,25],"uv_size":[16,16]},"south":{"uv":[16,25],"uv_size":[16,16]},"west":{"uv":[16,25],"uv_size":[16,16]},"up":{"uv":[32,41],"uv_size":[-16,-16]},"down":{"uv":[32,41],"uv_size":[-16,-16]}}}]},{"name":"bone13","parent":"Blocks2","pivot":[-29.05882,40.11765,5.47059],"cubes":[{"origin":[-37,32,-2],"size":[16,16,16],"pivot":[-29.05882,40.11765,5.47059],"rotation":[0,180,0],"uv":{"north":{"uv":[16,25],"uv_size":[16,16]},"east":{"uv":[16,25],"uv_size":[16,16]},"south":{"uv":[16,25],"uv_size":[16,16]},"west":{"uv":[16,25],"uv_size":[16,16]},"up":{"uv":[32,41],"uv_size":[-16,-16]},"down":{"uv":[32,41],"uv_size":[-16,-16]}}}]},{"name":"bone12","parent":"Blocks2","pivot":[-29.05882,40.11765,5.47059],"cubes":[{"origin":[-37,32,-2],"size":[16,16,16],"pivot":[-29.05882,40.11765,5.47059],"rotation":[0,180,0],"uv":{"north":{"uv":[16,25],"uv_size":[16,16]},"east":{"uv":[16,25],"uv_size":[16,16]},"south":{"uv":[16,25],"uv_size":[16,16]},"west":{"uv":[16,25],"uv_size":[16,16]},"up":{"uv":[32,41],"uv_size":[-16,-16]},"down":{"uv":[32,41],"uv_size":[-16,-16]}}}]},{"name":"bone11","parent":"Blocks2","pivot":[-29.05882,40.11765,5.47059],"cubes":[{"origin":[-37,32,-2],"size":[16,16,16],"pivot":[-29.05882,40.11765,5.47059],"rotation":[0,180,0],"uv":{"north":{"uv":[16,25],"uv_size":[16,16]},"east":{"uv":[16,25],"uv_size":[16,16]},"south":{"uv":[16,25],"uv_size":[16,16]},"west":{"uv":[16,25],"uv_size":[16,16]},"up":{"uv":[32,41],"uv_size":[-16,-16]},"down":{"uv":[32,41],"uv_size":[-16,-16]}}}]},{"name":"bone10","parent":"Blocks2","pivot":[-29.05882,40.11765,5.47059],"cubes":[{"origin":[-37,32,-2],"size":[16,16,16],"pivot":[-29.05882,40.11765,5.47059],"rotation":[0,180,0],"uv":{"north":{"uv":[16,25],"uv_size":[16,16]},"east":{"uv":[16,25],"uv_size":[16,16]},"south":{"uv":[16,25],"uv_size":[16,16]},"west":{"uv":[16,25],"uv_size":[16,16]},"up":{"uv":[32,41],"uv_size":[-16,-16]},"down":{"uv":[32,41],"uv_size":[-16,-16]}}}]},{"name":"bone9","parent":"Blocks2","pivot":[-29.05882,40.11765,5.47059],"cubes":[{"origin":[-37,32,-2],"size":[16,16,16],"pivot":[-29.05882,40.11765,5.47059],"rotation":[0,180,0],"uv":{"north":{"uv":[16,25],"uv_size":[16,16]},"east":{"uv":[16,25],"uv_size":[16,16]},"south":{"uv":[16,25],"uv_size":[16,16]},"west":{"uv":[16,25],"uv_size":[16,16]},"up":{"uv":[32,41],"uv_size":[-16,-16]},"down":{"uv":[32,41],"uv_size":[-16,-16]}}}]},{"name":"bone8","parent":"Blocks2","pivot":[-29.05882,40.11765,5.47059],"cubes":[{"origin":[-37,32,-2],"size":[16,16,16],"pivot":[-29.05882,40.11765,5.47059],"rotation":[0,180,0],"uv":{"north":{"uv":[16,25],"uv_size":[16,16]},"east":{"uv":[16,25],"uv_size":[16,16]},"south":{"uv":[16,25],"uv_size":[16,16]},"west":{"uv":[16,25],"uv_size":[16,16]},"up":{"uv":[32,41],"uv_size":[-16,-16]},"down":{"uv":[32,41],"uv_size":[-16,-16]}}}]},{"name":"bone5","parent":"Blocks2","pivot":[-29.05882,40.11765,5.47059]},{"name":"bone7","parent":"Blocks2","pivot":[-29.05882,40.11765,5.47059]},{"name":"Player2","parent":"bone3","pivot":[-53,48,6],"rotation":[0,52.5,0]},{"name":"body2","parent":"Player2","pivot":[-52.22566,66.09476,4.745],"rotation":[-10,0,0],"cubes":[{"origin":[-56.22566,60.09476,2.745],"size":[8,12,4],"uv":{"north":{"uv":[96,20],"uv_size":[8,12]},"east":{"uv":[92,20],"uv_size":[4,12]},"south":{"uv":[84,20],"uv_size":[8,12]},"west":{"uv":[80,20],"uv_size":[4,12]},"up":{"uv":[92,20],"uv_size":[-8,-4]},"down":{"uv":[100,20],"uv_size":[-8,-4]}}},{"origin":[-56.22566,60.09476,2.745],"size":[8,12,4],"inflate":0.25,"uv":{"north":{"uv":[96,36],"uv_size":[8,12]},"east":{"uv":[92,36],"uv_size":[4,12]},"south":{"uv":[84,36],"uv_size":[8,12]},"west":{"uv":[80,36],"uv_size":[4,12]},"up":{"uv":[92,38],"uv_size":[-8,-3]},"down":{"uv":[92,38],"uv_size":[-8,-3]}}}]},{"name":"head2","parent":"Player2","pivot":[-52.22566,76.09472,6.745],"rotation":[-12.5,0,0],"cubes":[{"origin":[-56.22566,72.09472,2.745],"size":[8,8,8],"uv":{"north":{"uv":[88,8],"uv_size":[8,8]},"east":{"uv":[80,8],"uv_size":[8,8]},"south":{"uv":[72,8],"uv_size":[8,8]},"west":{"uv":[64,8],"uv_size":[8,8]},"up":{"uv":[80,8],"uv_size":[-8,-8]},"down":{"uv":[88,8],"uv_size":[-8,-8]}}},{"origin":[-56.22566,72.09472,2.745],"size":[8,8,8],"inflate":0.25,"uv":{"north":{"uv":[120,8],"uv_size":[8,8]},"east":{"uv":[113,8],"uv_size":[8,8]},"south":{"uv":[104,8],"uv_size":[8,8]},"west":{"uv":[96,8],"uv_size":[8,8]},"up":{"uv":[112,8],"uv_size":[-8,-8]},"down":{"uv":[120,8],"uv_size":[-8,-8]}}}]},{"name":"leftArm2","parent":"Player2","pivot":[-58.02571,70.32822,4.62813],"rotation":[-47.18477,-8.51711,0.80812],"cubes":[{"origin":[-59.52571,64.32822,8.62813],"size":[3,12,4],"pivot":[-58.02571,70.32822,10.62813],"rotation":[85,-2.5,0],"uv":{"north":{"uv":[107,52],"uv_size":[3,12]},"east":{"uv":[103,52],"uv_size":[4,12]},"south":{"uv":[100,52],"uv_size":[3,12]},"west":{"uv":[96,52],"uv_size":[4,12]},"up":{"uv":[103,52],"uv_size":[-3,-4]},"down":{"uv":[106,52],"uv_size":[-3,-4]}}},{"origin":[-59.52571,64.32822,8.62813],"size":[3,12,4],"inflate":0.25,"pivot":[-58.02571,70.32822,10.62813],"rotation":[85,-2.5,0],"uv":{"north":{"uv":[123,52],"uv_size":[3,12]},"east":{"uv":[119,52],"uv_size":[4,12]},"south":{"uv":[115,52],"uv_size":[3,12]},"west":{"uv":[112,52],"uv_size":[4,12]},"up":{"uv":[124,53],"uv_size":[-3,-2]},"down":{"uv":[124,53],"uv_size":[-3,-2]}}}]},{"name":"pickaxe2","parent":"leftArm2","pivot":[-58.52571,68.32822,14.47023],"rotation":[-37.5,180,0],"cubes":[{"origin":[-59.02571,67.85963,13.35592],"size":[1,1,2],"uv":{"north":{"uv":[0,9],"uv_size":[2,1]},"east":{"uv":[0,9],"uv_size":[2,1]},"south":{"uv":[0,9],"uv_size":[2,1]},"west":{"uv":[0,9],"uv_size":[2,1]},"up":{"uv":[2,10],"uv_size":[-2,-1]},"down":{"uv":[2,10],"uv_size":[-2,-1]}}},{"origin":[-59.02571,68.85963,12.35592],"size":[1,1,3],"uv":{"north":{"uv":[2,10],"uv_size":[1,1]},"east":{"uv":[0,10],"uv_size":[3,1]},"south":{"uv":[0,10],"uv_size":[1,1]},"west":{"uv":[3,10],"uv_size":[-3,1]},"up":{"uv":[5,9],"uv_size":[-1,3]},"down":{"uv":[5,12],"uv_size":[-1,-3]}}},{"origin":[-59.02571,69.85963,11.35592],"size":[1,1,3],"uv":{"north":{"uv":[2,11],"uv_size":[1,1]},"east":{"uv":[0,11],"uv_size":[3,1]},"south":{"uv":[0,11],"uv_size":[1,1]},"west":{"uv":[3,11],"uv_size":[-3,1]},"up":{"uv":[4,9],"uv_size":[-1,3]},"down":{"uv":[4,12],"uv_size":[-1,-3]}}},{"origin":[-59.02571,71.85963,9.35592],"size":[1,1,3],"uv":{"north":{"uv":[2,11],"uv_size":[1,1]},"east":{"uv":[0,11],"uv_size":[3,1]},"south":{"uv":[0,11],"uv_size":[1,1]},"west":{"uv":[3,11],"uv_size":[-3,1]},"up":{"uv":[4,9],"uv_size":[-1,3]},"down":{"uv":[4,12],"uv_size":[-1,-3]}}},{"origin":[-59.02571,70.85963,10.35592],"size":[1,1,3],"uv":{"north":{"uv":[2,10],"uv_size":[1,1]},"east":{"uv":[0,10],"uv_size":[3,1]},"south":{"uv":[0,10],"uv_size":[1,1]},"west":{"uv":[3,10],"uv_size":[-3,1]},"up":{"uv":[5,9],"uv_size":[-1,3]},"down":{"uv":[5,12],"uv_size":[-1,-3]}}},{"origin":[-59.02571,75.85963,5.35592],"size":[1,1,3],"uv":{"north":{"uv":[2,11],"uv_size":[1,1]},"east":{"uv":[0,11],"uv_size":[3,1]},"south":{"uv":[0,11],"uv_size":[1,1]},"west":{"uv":[3,11],"uv_size":[-3,1]},"up":{"uv":[4,9],"uv_size":[-1,3]},"down":{"uv":[4,12],"uv_size":[-1,-3]}}},{"origin":[-59.02571,76.85963,6.35592],"size":[1,1,1],"uv":{"north":{"uv":[0,11],"uv_size":[1,1]},"east":{"uv":[0,11],"uv_size":[1,1]},"south":{"uv":[0,11],"uv_size":[1,1]},"west":{"uv":[0,11],"uv_size":[1,1]},"up":{"uv":[1,12],"uv_size":[-1,-1]},"down":{"uv":[1,12],"uv_size":[-1,-1]}}},{"origin":[-59.02571,76.85963,5.35592],"size":[1,1,1],"uv":{"north":{"uv":[2,9],"uv_size":[1,1]},"east":{"uv":[2,9],"uv_size":[1,1]},"south":{"uv":[2,9],"uv_size":[1,1]},"west":{"uv":[2,9],"uv_size":[1,1]},"up":{"uv":[3,10],"uv_size":[-1,-1]},"down":{"uv":[3,10],"uv_size":[-1,-1]}}},{"origin":[-59.02571,77.85963,5.35592],"size":[1,1,6],"uv":{"north":{"uv":[2,9],"uv_size":[1,1]},"east":{"uv":[0,13],"uv_size":[6,1]},"south":{"uv":[0,13],"uv_size":[1,1]},"west":{"uv":[6,13],"uv_size":[-6,1]},"up":{"uv":[2,14],"uv_size":[-1,-1]},"down":{"uv":[1,21],"uv_size":[-1,-6]}}},{"origin":[-59.02571,79.85963,6.35592],"size":[1,1,5],"uv":{"north":{"uv":[0,13],"uv_size":[1,1]},"east":{"uv":[0,13],"uv_size":[1,1]},"south":{"uv":[0,13],"uv_size":[1,1]},"west":{"uv":[0,13],"uv_size":[1,1]},"up":{"uv":[1,14],"uv_size":[-1,-1]},"down":{"uv":[1,14],"uv_size":[-1,-1]}}},{"origin":[-59.02571,78.85963,5.35592],"size":[1,1,7],"uv":{"north":{"uv":[2,9],"uv_size":[1,1]},"east":{"uv":[0,12],"uv_size":[7,1]},"south":{"uv":[0,13],"uv_size":[1,1]},"west":{"uv":[7,12],"uv_size":[-7,1]},"up":{"uv":[2,14],"uv_size":[-1,-1]},"down":{"uv":[1,13],"uv_size":[-1,-1]}}},{"origin":[-59.02571,71.85963,3.35592],"size":[1,6,2],"uv":{"north":{"uv":[1,14],"uv_size":[1,6]},"east":{"uv":[0,14],"uv_size":[2,6]},"south":{"uv":[0,14],"uv_size":[1,6]},"west":{"uv":[2,14],"uv_size":[-2,6]},"up":{"uv":[2,16],"uv_size":[-1,-2]},"down":{"uv":[2,16],"uv_size":[-1,-2]}}},{"origin":[-59.02571,70.85963,3.35592],"size":[1,1,1],"uv":{"north":{"uv":[1,14],"uv_size":[1,1]},"east":{"uv":[1,14],"uv_size":[1,1]},"south":{"uv":[1,14],"uv_size":[1,1]},"west":{"uv":[1,14],"uv_size":[1,1]},"up":{"uv":[2,15],"uv_size":[-1,-1]},"down":{"uv":[2,15],"uv_size":[-1,-1]}}},{"origin":[-59.02571,71.85963,2.35592],"size":[1,5,1],"uv":{"north":{"uv":[1,14],"uv_size":[1,1]},"east":{"uv":[1,14],"uv_size":[1,1]},"south":{"uv":[1,14],"uv_size":[1,1]},"west":{"uv":[1,14],"uv_size":[1,1]},"up":{"uv":[2,15],"uv_size":[-1,-1]},"down":{"uv":[2,15],"uv_size":[-1,-1]}}},{"origin":[-59.02571,74.85963,6.35592],"size":[1,1,3],"uv":{"north":{"uv":[2,10],"uv_size":[1,1]},"east":{"uv":[0,10],"uv_size":[3,1]},"south":{"uv":[0,10],"uv_size":[1,1]},"west":{"uv":[3,10],"uv_size":[-3,1]},"up":{"uv":[5,9],"uv_size":[-1,3]},"down":{"uv":[5,12],"uv_size":[-1,-3]}}},{"origin":[-59.02571,78.85963,3.35592],"size":[1,1,2],"uv":{"north":{"uv":[1,11],"uv_size":[1,1]},"east":{"uv":[0,11],"uv_size":[2,1]},"south":{"uv":[0,11],"uv_size":[1,1]},"west":{"uv":[2,11],"uv_size":[-2,1]},"up":{"uv":[4,9],"uv_size":[-1,2]},"down":{"uv":[4,11],"uv_size":[-1,-2]}}},{"origin":[-59.02571,77.85963,3.35592],"size":[1,1,2],"uv":{"north":{"uv":[2,10],"uv_size":[1,1]},"east":{"uv":[1,10],"uv_size":[2,1]},"south":{"uv":[1,10],"uv_size":[1,1]},"west":{"uv":[3,10],"uv_size":[-2,1]},"up":{"uv":[5,10],"uv_size":[-1,2]},"down":{"uv":[5,12],"uv_size":[-1,-2]}}},{"origin":[-59.02571,73.85963,7.35592],"size":[1,1,3],"uv":{"north":{"uv":[2,11],"uv_size":[1,1]},"east":{"uv":[0,11],"uv_size":[3,1]},"south":{"uv":[0,11],"uv_size":[1,1]},"west":{"uv":[3,11],"uv_size":[-3,1]},"up":{"uv":[4,9],"uv_size":[-1,3]},"down":{"uv":[4,12],"uv_size":[-1,-3]}}},{"origin":[-59.02571,72.85963,8.35592],"size":[1,1,3],"uv":{"north":{"uv":[2,10],"uv_size":[1,1]},"east":{"uv":[0,10],"uv_size":[3,1]},"south":{"uv":[0,10],"uv_size":[1,1]},"west":{"uv":[3,10],"uv_size":[-3,1]},"up":{"uv":[5,9],"uv_size":[-1,3]},"down":{"uv":[5,12],"uv_size":[-1,-3]}}}]},{"name":"rightArm2","parent":"Player2","pivot":[-46.70173,72.44213,4.31446],"rotation":[-88.40995,15.88056,-63.37614],"cubes":[{"origin":[-52.92979,64.99814,5.85852],"size":[3,12,4],"pivot":[-51.42979,70.99814,7.85852],"rotation":[82.5,-50,0],"uv":{"north":{"uv":[115,20],"uv_size":[3,12]},"east":{"uv":[111,20],"uv_size":[4,12]},"south":{"uv":[108,20],"uv_size":[3,12]},"west":{"uv":[104,20],"uv_size":[4,12]},"up":{"uv":[111,20],"uv_size":[-3,-4]},"down":{"uv":[114,20],"uv_size":[-3,-4]}}},{"origin":[-52.92979,64.99814,5.85852],"size":[3,12,4],"inflate":0.25,"pivot":[-51.42979,70.99814,7.85852],"rotation":[82.5,-50,0],"uv":{"north":{"uv":[115,36],"uv_size":[3,12]},"east":{"uv":[111,36],"uv_size":[4,12]},"south":{"uv":[108,36],"uv_size":[3,12]},"west":{"uv":[104,36],"uv_size":[4,12]},"up":{"uv":[111,37],"uv_size":[-4,-3]},"down":{"uv":[111,37],"uv_size":[-4,-3]}}}]},{"name":"leftLeg2","parent":"Player2","pivot":[-54.12566,59.66624,4.33005],"rotation":[-37.5,0,0],"cubes":[{"origin":[-56.12566,72.66624,7.33005],"size":[4,12,4],"pivot":[-66.52917,66.22457,34.66848],"rotation":[47.5,0,0],"uv":{"north":{"uv":[92,52],"uv_size":[4,12]},"east":{"uv":[88,52],"uv_size":[4,12]},"south":{"uv":[84,52],"uv_size":[4,12]},"west":{"uv":[80,52],"uv_size":[4,12]},"up":{"uv":[88,52],"uv_size":[-4,-4]},"down":{"uv":[92,52],"uv_size":[-4,-4]}}},{"origin":[-56.12566,72.66624,7.33005],"size":[4,12,4],"inflate":0.25,"pivot":[-66.52917,66.22457,34.66848],"rotation":[47.5,0,0],"uv":{"north":{"uv":[76,52],"uv_size":[4,12]},"east":{"uv":[72,52],"uv_size":[4,12]},"south":{"uv":[68,52],"uv_size":[4,12]},"west":{"uv":[64,52],"uv_size":[4,12]},"up":{"uv":[72,52],"uv_size":[-4,-4]},"down":{"uv":[76,52],"uv_size":[-4,-4]}}}]},{"name":"rightLeg2","parent":"Player2","pivot":[-50.32566,59.99465,4.66721],"rotation":[22.5,0,0],"cubes":[{"origin":[-52.32566,33.99465,8.66721],"size":[4,12,4],"pivot":[-66.52917,64.82457,34.36849],"rotation":[-30,0,0],"uv":{"north":{"uv":[72,20],"uv_size":[4,12]},"east":{"uv":[76,20],"uv_size":[4,12]},"south":{"uv":[68,20],"uv_size":[4,12]},"west":{"uv":[64,20],"uv_size":[4,12]},"up":{"uv":[72,20],"uv_size":[-4,-4]},"down":{"uv":[76,20],"uv_size":[-4,-4]}}},{"origin":[-52.32566,33.99465,8.66721],"size":[4,12,4],"inflate":0.25,"pivot":[-66.52917,64.82457,34.36849],"rotation":[-30,0,0],"uv":{"north":{"uv":[72,36],"uv_size":[4,12]},"east":{"uv":[76,36],"uv_size":[4,12]},"south":{"uv":[68,36],"uv_size":[4,12]},"west":{"uv":[64,36],"uv_size":[4,12]},"up":{"uv":[72,36],"uv_size":[-4,-4]},"down":{"uv":[76,36],"uv_size":[-4,-4]}}}]},{"name":"bone","pivot":[54.87208,50.33074,-26.23797],"rotation":[-170,-10,92.5],"cubes":[{"origin":[52.87208,38.33074,-28.23797],"size":[4,12,4],"uv":{"north":{"uv":[36,116],"uv_size":[4,12]},"east":{"uv":[32,116],"uv_size":[4,12]},"south":{"uv":[44,116],"uv_size":[4,12]},"west":{"uv":[40,116],"uv_size":[4,12]},"up":{"uv":[40,116],"uv_size":[-4,-4]},"down":{"uv":[44,116],"uv_size":[-4,-4]}}},{"origin":[52.87208,38.33074,-28.23797],"size":[4,12,4],"inflate":0.25,"uv":{"north":{"uv":[52,116],"uv_size":[4,12]},"east":{"uv":[48,116],"uv_size":[4,12]},"south":{"uv":[60,116],"uv_size":[4,12]},"west":{"uv":[56,116],"uv_size":[4,12]},"up":{"uv":[57,116],"uv_size":[-4,-4]},"down":{"uv":[57,116],"uv_size":[-4,-4]}}}]},{"name":"bone15","parent":"bone","pivot":[52.7743,38.99248,-28.14233],"cubes":[{"origin":[50.3743,37.19248,-30.54233],"size":[4.8,4.8,4.8],"pivot":[52.7743,38.99248,-28.14233],"rotation":[0,180,0],"uv":{"north":{"uv":[16,25],"uv_size":[16,16]},"east":{"uv":[16,25],"uv_size":[16,16]},"south":{"uv":[16,25],"uv_size":[16,16]},"west":{"uv":[16,25],"uv_size":[16,16]},"up":{"uv":[32,41],"uv_size":[-16,-16]},"down":{"uv":[32,41],"uv_size":[-16,-16]}}}]},{"name":"TossedRock","pivot":[13.77334,54.87192,30.67398],"cubes":[{"origin":[11.37334,52.47192,28.27398],"size":[4.8,4.8,4.8],"uv":{"north":{"uv":[16,25],"uv_size":[16,16]},"east":{"uv":[16,25],"uv_size":[16,16]},"south":{"uv":[16,25],"uv_size":[16,16]},"west":{"uv":[16,25],"uv_size":[16,16]},"up":{"uv":[32,41],"uv_size":[-16,-16]},"down":{"uv":[32,41],"uv_size":[-16,-16]}}}]},{"name":"HollaHolla","pivot":[17.25,56.15,-32.75],"cubes":[{"origin":[17,54.4,-33],"size":[0.5,0.5,0.5],"uv":{"north":{"uv":[19,18],"uv_size":[1,1]},"east":{"uv":[19,18],"uv_size":[1,1]},"south":{"uv":[19,18],"uv_size":[1,1]},"west":{"uv":[19,18],"uv_size":[1,1]},"up":{"uv":[20,19],"uv_size":[-1,-1]},"down":{"uv":[20,19],"uv_size":[-1,-1]}}},{"origin":[17,57.4,-33],"size":[0.5,0.5,0.5],"uv":{"north":{"uv":[19,18],"uv_size":[1,1]},"east":{"uv":[19,18],"uv_size":[1,1]},"south":{"uv":[19,18],"uv_size":[1,1]},"west":{"uv":[19,18],"uv_size":[1,1]},"up":{"uv":[20,19],"uv_size":[-1,-1]},"down":{"uv":[20,19],"uv_size":[-1,-1]}}},{"origin":[17,54.9,-33],"size":[0.5,0.5,0.5],"uv":{"north":{"uv":[19,18],"uv_size":[1,1]},"east":{"uv":[19,18],"uv_size":[1,1]},"south":{"uv":[19,18],"uv_size":[1,1]},"west":{"uv":[19,18],"uv_size":[1,1]},"up":{"uv":[20,19],"uv_size":[-1,-1]},"down":{"uv":[20,19],"uv_size":[-1,-1]}}},{"origin":[17.5,55.4,-33],"size":[0.5,0.5,0.5],"uv":{"north":{"uv":[19,18],"uv_size":[1,1]},"east":{"uv":[19,18],"uv_size":[1,1]},"south":{"uv":[19,18],"uv_size":[1,1]},"west":{"uv":[19,18],"uv_size":[1,1]},"up":{"uv":[20,19],"uv_size":[-1,-1]},"down":{"uv":[20,19],"uv_size":[-1,-1]}}},{"origin":[17.5,54.9,-33],"size":[0.5,0.5,0.5],"uv":{"north":{"uv":[19,18],"uv_size":[1,1]},"east":{"uv":[19,18],"uv_size":[1,1]},"south":{"uv":[19,18],"uv_size":[1,1]},"west":{"uv":[19,18],"uv_size":[1,1]},"up":{"uv":[20,19],"uv_size":[-1,-1]},"down":{"uv":[20,19],"uv_size":[-1,-1]}}},{"origin":[16.5,54.9,-33],"size":[0.5,0.5,0.5],"uv":{"north":{"uv":[19,18],"uv_size":[1,1]},"east":{"uv":[19,18],"uv_size":[1,1]},"south":{"uv":[19,18],"uv_size":[1,1]},"west":{"uv":[19,18],"uv_size":[1,1]},"up":{"uv":[20,19],"uv_size":[-1,-1]},"down":{"uv":[20,19],"uv_size":[-1,-1]}}},{"origin":[16.5,56.9,-33],"size":[0.5,0.5,0.5],"uv":{"north":{"uv":[19,18],"uv_size":[1,1]},"east":{"uv":[19,18],"uv_size":[1,1]},"south":{"uv":[19,18],"uv_size":[1,1]},"west":{"uv":[19,18],"uv_size":[1,1]},"up":{"uv":[20,19],"uv_size":[-1,-1]},"down":{"uv":[20,19],"uv_size":[-1,-1]}}},{"origin":[17,56.9,-33],"size":[0.5,0.5,0.5],"uv":{"north":{"uv":[19,18],"uv_size":[1,1]},"east":{"uv":[19,18],"uv_size":[1,1]},"south":{"uv":[19,18],"uv_size":[1,1]},"west":{"uv":[19,18],"uv_size":[1,1]},"up":{"uv":[20,19],"uv_size":[-1,-1]},"down":{"uv":[20,19],"uv_size":[-1,-1]}}},{"origin":[17.5,56.9,-33],"size":[0.5,0.5,0.5],"uv":{"north":{"uv":[19,18],"uv_size":[1,1]},"east":{"uv":[19,18],"uv_size":[1,1]},"south":{"uv":[19,18],"uv_size":[1,1]},"west":{"uv":[19,18],"uv_size":[1,1]},"up":{"uv":[20,19],"uv_size":[-1,-1]},"down":{"uv":[20,19],"uv_size":[-1,-1]}}},{"origin":[16.5,56.4,-33],"size":[0.5,0.5,0.5],"uv":{"north":{"uv":[19,18],"uv_size":[1,1]},"east":{"uv":[19,18],"uv_size":[1,1]},"south":{"uv":[19,18],"uv_size":[1,1]},"west":{"uv":[19,18],"uv_size":[1,1]},"up":{"uv":[20,19],"uv_size":[-1,-1]},"down":{"uv":[20,19],"uv_size":[-1,-1]}}},{"origin":[17.5,55.9,-33],"size":[0.5,0.5,0.5],"uv":{"north":{"uv":[19,18],"uv_size":[1,1]},"east":{"uv":[19,18],"uv_size":[1,1]},"south":{"uv":[19,18],"uv_size":[1,1]},"west":{"uv":[19,18],"uv_size":[1,1]},"up":{"uv":[20,19],"uv_size":[-1,-1]},"down":{"uv":[20,19],"uv_size":[-1,-1]}}},{"origin":[17,55.9,-33],"size":[0.5,0.5,0.5],"uv":{"north":{"uv":[19,18],"uv_size":[1,1]},"east":{"uv":[19,18],"uv_size":[1,1]},"south":{"uv":[19,18],"uv_size":[1,1]},"west":{"uv":[19,18],"uv_size":[1,1]},"up":{"uv":[20,19],"uv_size":[-1,-1]},"down":{"uv":[20,19],"uv_size":[-1,-1]}}},{"origin":[16.5,55.9,-33],"size":[0.5,0.5,0.5],"uv":{"north":{"uv":[19,18],"uv_size":[1,1]},"east":{"uv":[19,18],"uv_size":[1,1]},"south":{"uv":[19,18],"uv_size":[1,1]},"west":{"uv":[19,18],"uv_size":[1,1]},"up":{"uv":[20,19],"uv_size":[-1,-1]},"down":{"uv":[20,19],"uv_size":[-1,-1]}}}]}]}]}