{"format_version":"1.12.0","minecraft:geometry":[{"description":{"identifier":"geometry.sm_statue","texture_width":128,"texture_height":128,"visible_bounds_width":5,"visible_bounds_height":4,"visible_bounds_offset":[0,1,0]},"bones":[{"name":"bone5","pivot":[-3.2,6,-5.5]},{"name":"bone2","parent":"bone5","pivot":[-3.9,6,-7.5],"rotation":[0,90,0]},{"name":"bone11","parent":"bone2","pivot":[-4.9,7,-7.2]},{"name":"bod3","parent":"bone11","pivot":[-4.9,7,-7],"cubes":[{"origin":[-5.9,7,-7.5],"size":[2,3,1],"uv":{"north":{"uv":[32,20],"uv_size":[8,12]},"east":{"uv":[28,20],"uv_size":[4,12]},"south":{"uv":[20,20],"uv_size":[8,12]},"west":{"uv":[16,20],"uv_size":[4,12]},"up":{"uv":[28,20],"uv_size":[-8,-4]},"down":{"uv":[36,20],"uv_size":[-8,-4]}}},{"origin":[-5.9,7,-7.5],"size":[2,3,1],"inflate":0.062,"uv":{"north":{"uv":[32,36],"uv_size":[8,12]},"east":{"uv":[28,36],"uv_size":[4,12]},"south":{"uv":[20,36],"uv_size":[8,12]},"west":{"uv":[16,36],"uv_size":[4,12]},"up":{"uv":[28,36],"uv_size":[-8,-4]},"down":{"uv":[36,36],"uv_size":[-8,-4]}}}]},{"name":"headd3","parent":"bone11","pivot":[-4.9,10,-7],"cubes":[{"origin":[-5.9,10,-8],"size":[2,2,2],"uv":{"north":{"uv":[24,8],"uv_size":[8,8]},"east":{"uv":[16,8],"uv_size":[8,8]},"south":{"uv":[8,8],"uv_size":[8,8]},"west":{"uv":[0,8],"uv_size":[8,8]},"up":{"uv":[16,8],"uv_size":[-8,-8]},"down":{"uv":[24,8],"uv_size":[-8,-8]}}},{"origin":[-5.9,10,-8],"size":[2,2,2],"inflate":0.062,"uv":{"north":{"uv":[56,8],"uv_size":[8,8]},"east":{"uv":[48,8],"uv_size":[8,8]},"south":{"uv":[40,8],"uv_size":[8,8]},"west":{"uv":[32,8],"uv_size":[8,8]},"up":{"uv":[48,8],"uv_size":[-8,-8]},"down":{"uv":[56,8],"uv_size":[-8,-8]}}}]},{"name":"Rh2","parent":"bone11","pivot":[-3.6,9.5,-7],"rotation":[-65,0,0],"cubes":[{"origin":[-3.85,7,-7.5],"size":[0.75,3,1],"pivot":[-3.6,9.5,-7],"rotation":[90,0,0],"uv":{"north":{"uv":[47,20],"uv_size":[-3,12]},"east":{"uv":[51,20],"uv_size":[-4,12]},"south":{"uv":[54,20],"uv_size":[-3,12]},"west":{"uv":[44,20],"uv_size":[-4,12]},"up":{"uv":[44,20],"uv_size":[3,-4]},"down":{"uv":[47,20],"uv_size":[3,-4]}}},{"origin":[-3.85,7,-7.5],"size":[0.75,3,1],"inflate":0.062,"pivot":[-3.6,9.5,-7],"rotation":[90,0,0],"uv":{"north":{"uv":[47,36],"uv_size":[-3,12]},"east":{"uv":[51,36],"uv_size":[-4,12]},"south":{"uv":[54,36],"uv_size":[-3,12]},"west":{"uv":[44,36],"uv_size":[-4,12]},"up":{"uv":[44,36],"uv_size":[3,-4]},"down":{"uv":[47,36],"uv_size":[3,-4]}}}]},{"name":"bone8","parent":"Rh2","pivot":[-3.3,9.8,-4.9],"rotation":[42.5,0,0],"cubes":[{"origin":[-3.6,9.9,-6],"size":[0.2,3,3],"pivot":[-3.3,10.6,-4.9],"rotation":[-90,0,0],"uv":{"north":{"uv":[75,2],"uv_size":[-4,12]},"east":{"uv":[75,2],"uv_size":[-4,12]},"south":{"uv":[75,2],"uv_size":[-4,12]},"west":{"uv":[97,50],"uv_size":[14,14]},"up":{"uv":[71,14],"uv_size":[4,-12]},"down":{"uv":[71,14],"uv_size":[4,-12]}}}]},{"name":"Lh2","parent":"bone11","pivot":[-6.4,9.5,-7],"cubes":[{"origin":[-6.65,7,-7.5],"size":[0.75,3,1],"uv":{"north":{"uv":[39,52],"uv_size":[-3,12]},"east":{"uv":[43,52],"uv_size":[-4,12]},"south":{"uv":[46,52],"uv_size":[-3,12]},"west":{"uv":[36,52],"uv_size":[-4,12]},"up":{"uv":[36,52],"uv_size":[3,-4]},"down":{"uv":[39,52],"uv_size":[3,-4]}}},{"origin":[-6.65,7,-7.5],"size":[0.75,3,1],"inflate":0.062,"uv":{"north":{"uv":[55,52],"uv_size":[-3,12]},"east":{"uv":[59,52],"uv_size":[-4,12]},"south":{"uv":[62,52],"uv_size":[-3,12]},"west":{"uv":[52,52],"uv_size":[-4,12]},"up":{"uv":[52,52],"uv_size":[3,-4]},"down":{"uv":[55,52],"uv_size":[3,-4]}}}]},{"name":"Ll4","parent":"bone2","pivot":[-5.4,7,-7],"cubes":[{"origin":[-5.9,4,-7.5],"size":[1,3,1],"uv":{"north":{"uv":[12,20],"uv_size":[-4,12]},"east":{"uv":[16,20],"uv_size":[-4,12]},"south":{"uv":[4,20],"uv_size":[4,12]},"west":{"uv":[0,20],"uv_size":[4,12]},"up":{"uv":[8,20],"uv_size":[-4,-4]},"down":{"uv":[8,20],"uv_size":[4,-4]}}},{"origin":[-5.9,4,-7.5],"size":[1,3,1],"inflate":0.062,"uv":{"north":{"uv":[12,36],"uv_size":[-4,12]},"east":{"uv":[16,36],"uv_size":[-4,12]},"south":{"uv":[4,36],"uv_size":[4,12]},"west":{"uv":[0,36],"uv_size":[4,12]},"up":{"uv":[8,36],"uv_size":[-4,-4]},"down":{"uv":[8,36],"uv_size":[4,-4]}}}]},{"name":"Rl4","parent":"bone2","pivot":[-4.4,7,-7],"cubes":[{"origin":[-4.9,4,-7.5],"size":[1,3,1],"uv":{"north":{"uv":[28,52],"uv_size":[-4,12]},"east":{"uv":[32,52],"uv_size":[-4,12]},"south":{"uv":[20,52],"uv_size":[4,12]},"west":{"uv":[16,52],"uv_size":[4,12]},"up":{"uv":[24,52],"uv_size":[-4,-4]},"down":{"uv":[24,52],"uv_size":[4,-4]}}},{"origin":[-4.9,4,-7.5],"size":[1,3,1],"inflate":0.062,"uv":{"north":{"uv":[12,52],"uv_size":[-4,12]},"east":{"uv":[16,52],"uv_size":[-4,12]},"south":{"uv":[4,52],"uv_size":[4,12]},"west":{"uv":[0,52],"uv_size":[4,12]},"up":{"uv":[8,52],"uv_size":[-4,-4]},"down":{"uv":[8,52],"uv_size":[4,-4]}}}]},{"name":"bone3","parent":"bone5","pivot":[7.1,8,2.5],"rotation":[0,90,0]},{"name":"bone4","parent":"bone3","pivot":[6.1,7,3.8],"rotation":[12.5,0,0]},{"name":"bod2","parent":"bone4","pivot":[6.1,7,4],"cubes":[{"origin":[5.1,7,3.5],"size":[2,3,1],"uv":{"north":{"uv":[32,84],"uv_size":[8,12]},"east":{"uv":[28,84],"uv_size":[4,12]},"south":{"uv":[20,84],"uv_size":[8,12]},"west":{"uv":[16,84],"uv_size":[4,12]},"up":{"uv":[28,84],"uv_size":[-8,-4]},"down":{"uv":[36,84],"uv_size":[-8,-4]}}},{"origin":[5.1,7,3.5],"size":[2,3,1],"inflate":0.062,"uv":{"north":{"uv":[32,100],"uv_size":[8,12]},"east":{"uv":[28,100],"uv_size":[4,12]},"south":{"uv":[20,100],"uv_size":[8,12]},"west":{"uv":[16,100],"uv_size":[4,12]},"up":{"uv":[28,100],"uv_size":[-8,-4]},"down":{"uv":[36,100],"uv_size":[-8,-4]}}}]},{"name":"headd2","parent":"bone4","pivot":[6.1,10,4],"cubes":[{"origin":[5.1,10,3],"size":[2,2,2],"uv":{"north":{"uv":[24,72],"uv_size":[8,8]},"east":{"uv":[16,72],"uv_size":[8,8]},"south":{"uv":[8,72],"uv_size":[8,8]},"west":{"uv":[0,72],"uv_size":[8,8]},"up":{"uv":[16,72],"uv_size":[-8,-8]},"down":{"uv":[24,72],"uv_size":[-8,-8]}}},{"origin":[5.1,10,3],"size":[2,2,2],"inflate":0.062,"uv":{"north":{"uv":[56,72],"uv_size":[8,8]},"east":{"uv":[48,72],"uv_size":[8,8]},"south":{"uv":[40,72],"uv_size":[8,8]},"west":{"uv":[32,72],"uv_size":[8,8]},"up":{"uv":[48,72],"uv_size":[-8,-8]},"down":{"uv":[56,72],"uv_size":[-8,-8]}}}]},{"name":"Rh3","parent":"bone4","pivot":[7.5,9.5,4],"rotation":[97.5,-5,17.5],"cubes":[{"origin":[6.90499,6.99568,3.4691],"size":[1,3,1],"pivot":[7.40499,9.49568,3.9691],"rotation":[90,0,0],"uv":{"north":{"uv":[48,84],"uv_size":[-4,12]},"east":{"uv":[52,84],"uv_size":[-4,12]},"south":{"uv":[56,84],"uv_size":[-4,12]},"west":{"uv":[44,84],"uv_size":[-4,12]},"up":{"uv":[44,84],"uv_size":[4,-4]},"down":{"uv":[52,84],"uv_size":[-4,-4]}}},{"origin":[6.90499,6.99568,3.4691],"size":[1,3,1],"inflate":0.062,"pivot":[7.40499,9.49568,3.9691],"rotation":[90,0,0],"uv":{"north":{"uv":[48,100],"uv_size":[-4,12]},"east":{"uv":[52,100],"uv_size":[-4,12]},"south":{"uv":[56,100],"uv_size":[-4,12]},"west":{"uv":[44,100],"uv_size":[-4,12]},"up":{"uv":[44,100],"uv_size":[3,-4]},"down":{"uv":[47,100],"uv_size":[3,-4]}}}]},{"name":"bone6","parent":"Rh3","pivot":[7.70499,9.79568,6.0691],"rotation":[42.5,0,0]},{"name":"Lh3","parent":"bone4","pivot":[4.6,9.5,4],"rotation":[-170,-5,-17.5],"cubes":[{"origin":[4.1,7,3.5],"size":[1,3,1],"uv":{"north":{"uv":[40,116],"uv_size":[-4,12]},"east":{"uv":[44,116],"uv_size":[-4,12]},"south":{"uv":[48,116],"uv_size":[-4,12]},"west":{"uv":[36,116],"uv_size":[-4,12]},"up":{"uv":[36,116],"uv_size":[4,-4]},"down":{"uv":[44,112],"uv_size":[-4,4]}}},{"origin":[4.1,7,3.5],"size":[1,3,1],"inflate":0.062,"uv":{"north":{"uv":[56,116],"uv_size":[-4,12]},"east":{"uv":[60,116],"uv_size":[-4,12]},"south":{"uv":[64,116],"uv_size":[-4,12]},"west":{"uv":[52,116],"uv_size":[-4,12]},"up":{"uv":[52,116],"uv_size":[3,-4]},"down":{"uv":[55,116],"uv_size":[3,-4]}}}]},{"name":"Ll2","parent":"bone3","pivot":[5.6,7,4],"cubes":[{"origin":[5.1,4,3.5],"size":[1,3,1],"uv":{"north":{"uv":[12,84],"uv_size":[-4,12]},"east":{"uv":[16,84],"uv_size":[-4,12]},"south":{"uv":[4,84],"uv_size":[4,12]},"west":{"uv":[0,84],"uv_size":[4,12]},"up":{"uv":[8,84],"uv_size":[-4,-4]},"down":{"uv":[8,84],"uv_size":[4,-4]}}},{"origin":[5.1,4,3.5],"size":[1,3,1],"inflate":0.062,"uv":{"north":{"uv":[12,100],"uv_size":[-4,12]},"east":{"uv":[16,100],"uv_size":[-4,12]},"south":{"uv":[4,100],"uv_size":[4,12]},"west":{"uv":[0,100],"uv_size":[4,12]},"up":{"uv":[8,100],"uv_size":[-4,-4]},"down":{"uv":[8,100],"uv_size":[4,-4]}}}]},{"name":"Rl2","parent":"bone3","pivot":[6.6,7,4],"cubes":[{"origin":[6.1,4,3.5],"size":[1,3,1],"uv":{"north":{"uv":[28,116],"uv_size":[-4,12]},"east":{"uv":[32,116],"uv_size":[-4,12]},"south":{"uv":[20,116],"uv_size":[4,12]},"west":{"uv":[16,116],"uv_size":[4,12]},"up":{"uv":[24,116],"uv_size":[-4,-4]},"down":{"uv":[24,116],"uv_size":[4,-4]}}},{"origin":[6.1,4,3.5],"size":[1,3,1],"inflate":0.062,"uv":{"north":{"uv":[12,116],"uv_size":[-4,12]},"east":{"uv":[16,116],"uv_size":[-4,12]},"south":{"uv":[4,116],"uv_size":[4,12]},"west":{"uv":[0,116],"uv_size":[4,12]},"up":{"uv":[8,116],"uv_size":[-4,-4]},"down":{"uv":[8,116],"uv_size":[4,-4]}}}]},{"name":"bone7","parent":"bone5","pivot":[7.1,8,2.5],"rotation":[0,90,0]},{"name":"bone9","parent":"bone7","pivot":[6.1,7,3.8],"rotation":[2.5,0,0]},{"name":"bod4","parent":"bone9","pivot":[6.1,7,4],"cubes":[{"origin":[5.1,7,3.5],"size":[2,3,1],"uv":{"north":{"uv":[96,116],"uv_size":[8,12]},"east":{"uv":[92,116],"uv_size":[4,12]},"south":{"uv":[84,116],"uv_size":[8,12]},"west":{"uv":[80,116],"uv_size":[4,12]},"up":{"uv":[92,116],"uv_size":[-8,-4]},"down":{"uv":[100,116],"uv_size":[-8,-4]}}}]},{"name":"headd4","parent":"bone9","pivot":[6.1,10,4],"cubes":[{"origin":[5.1,10,3],"size":[2,2,2],"uv":{"north":{"uv":[88,104],"uv_size":[8,8]},"east":{"uv":[80,104],"uv_size":[8,8]},"south":{"uv":[72,104],"uv_size":[8,8]},"west":{"uv":[64,104],"uv_size":[8,8]},"up":{"uv":[80,104],"uv_size":[-8,-8]},"down":{"uv":[88,104],"uv_size":[-8,-8]}}},{"origin":[5.1,10,3],"size":[2,2,2],"inflate":0.062,"uv":{"north":{"uv":[120,104],"uv_size":[8,8]},"east":{"uv":[112,104],"uv_size":[8,8]},"south":{"uv":[104,104],"uv_size":[8,8]},"west":{"uv":[96,104],"uv_size":[8,8]},"up":{"uv":[112,104],"uv_size":[-8,-8]},"down":{"uv":[120,104],"uv_size":[-8,-8]}}}]},{"name":"Rh4","parent":"bone9","pivot":[7.5,9.5,4],"cubes":[{"origin":[6.90499,7.99568,4.4691],"size":[1,3,1],"pivot":[7.40499,9.49568,4.9691],"rotation":[90,0,0],"uv":{"north":{"uv":[112,116],"uv_size":[-4,12]},"east":{"uv":[116,116],"uv_size":[-4,12]},"south":{"uv":[120,116],"uv_size":[-4,12]},"west":{"uv":[104,116],"uv_size":[4,12]},"up":{"uv":[108,116],"uv_size":[4,-4]},"down":{"uv":[116,116],"uv_size":[-4,-4]}}}]},{"name":"bone10","parent":"Rh4","pivot":[7.5,10.92363,6.2985],"rotation":[42.5,0,0],"cubes":[{"origin":[7.4,9.49226,4.68134],"size":[0.2,3,3],"uv":{"north":{"uv":[75,2],"uv_size":[-4,12]},"east":{"uv":[75,14],"uv_size":[-4,-12]},"south":{"uv":[75,2],"uv_size":[-4,12]},"west":{"uv":[96,32],"uv_size":[16,16]},"up":{"uv":[71,14],"uv_size":[4,-12]},"down":{"uv":[71,14],"uv_size":[4,-12]}}}]},{"name":"Lh4","parent":"bone9","pivot":[4.6,9.5,4],"rotation":[90,0,0],"cubes":[{"origin":[4.1,7,3.5],"size":[1,3,1],"pivot":[4.6,8.5,4],"rotation":[0,180,0],"uv":{"north":{"uv":[112,116],"uv_size":[-4,12]},"east":{"uv":[116,116],"uv_size":[-4,12]},"south":{"uv":[120,116],"uv_size":[-4,12]},"west":{"uv":[108,116],"uv_size":[-4,12]},"up":{"uv":[108,116],"uv_size":[4,-4]},"down":{"uv":[116,116],"uv_size":[-4,-4]}}}]},{"name":"Ll3","parent":"bone7","pivot":[5.6,7,4],"cubes":[{"origin":[5.1,4,3.5],"size":[1,3,1],"uv":{"north":{"uv":[76,116],"uv_size":[-4,12]},"east":{"uv":[68,116],"uv_size":[-4,12]},"south":{"uv":[72,116],"uv_size":[-4,12]},"west":{"uv":[76,116],"uv_size":[4,12]},"up":{"uv":[72,116],"uv_size":[-4,-4]},"down":{"uv":[72,116],"uv_size":[4,-4]}}}]},{"name":"Rl3","parent":"bone7","pivot":[6.6,7,4],"cubes":[{"origin":[6.1,4,3.5],"size":[1,3,1],"uv":{"north":{"uv":[76,116],"uv_size":[-4,12]},"east":{"uv":[80,116],"uv_size":[-4,12]},"south":{"uv":[68,116],"uv_size":[4,12]},"west":{"uv":[64,116],"uv_size":[4,12]},"up":{"uv":[72,116],"uv_size":[-4,-4]},"down":{"uv":[72,116],"uv_size":[4,-4]}}}]},{"name":"unknown_bone","parent":"bone5","pivot":[12,4,-8],"cubes":[{"origin":[4,4,-3],"size":[4,4,0],"uv":{"north":{"uv":[96,0],"uv_size":[16,16]}}},{"origin":[-12,4,-7],"size":[4,4,0],"uv":{"south":{"uv":[96,0],"uv_size":[16,16]}}},{"origin":[6,4,-5],"size":[0,4,4],"uv":{"west":{"uv":[96,0],"uv_size":[16,16]}}},{"origin":[-10,4,-9],"size":[0,4,4],"uv":{"west":{"uv":[96,0],"uv_size":[16,16]}}},{"origin":[-14,4,-1],"size":[0,4,4],"uv":{"east":{"uv":[80,16],"uv_size":[16,16]}}},{"origin":[-14,4,3],"size":[0,4,4],"uv":{"east":{"uv":[80,16],"uv_size":[16,16]}}},{"origin":[-14,8,3],"size":[0,4,4],"uv":{"east":{"uv":[80,16],"uv_size":[16,16]}}},{"origin":[-14,8,-1],"size":[0,4,4],"uv":{"east":{"uv":[80,16],"uv_size":[16,16]}}},{"origin":[-14,12,3],"size":[0,4,4],"uv":{"east":{"uv":[80,16],"uv_size":[16,16]}}},{"origin":[-14,12,-1],"size":[0,4,4],"uv":{"east":{"uv":[80,16],"uv_size":[16,16]}}},{"origin":[4,0,-5],"size":[4,4,4],"uv":{"north":{"uv":[112,0],"uv_size":[16,16]},"east":{"uv":[112,0],"uv_size":[16,16]},"south":{"uv":[112,0],"uv_size":[16,16]},"west":{"uv":[112,0],"uv_size":[16,16]},"up":{"uv":[128,32],"uv_size":[-16,-16]},"down":{"uv":[128,64],"uv_size":[-16,-16]}}},{"origin":[4,0,-1],"size":[4,4,4],"uv":{"north":{"uv":[112,0],"uv_size":[16,16]},"east":{"uv":[112,0],"uv_size":[16,16]},"south":{"uv":[112,0],"uv_size":[16,16]},"west":{"uv":[112,0],"uv_size":[16,16]},"up":{"uv":[128,32],"uv_size":[-16,-16]},"down":{"uv":[128,64],"uv_size":[-16,-16]}}},{"origin":[4,0,3],"size":[4,4,4],"uv":{"north":{"uv":[112,0],"uv_size":[16,16]},"east":{"uv":[112,0],"uv_size":[16,16]},"south":{"uv":[112,0],"uv_size":[16,16]},"west":{"uv":[112,0],"uv_size":[16,16]},"up":{"uv":[128,32],"uv_size":[-16,-16]},"down":{"uv":[128,64],"uv_size":[-16,-16]}}},{"origin":[0,0,-9],"size":[4,4,4],"uv":{"north":{"uv":[112,48],"uv_size":[16,16]},"east":{"uv":[112,48],"uv_size":[16,16]},"south":{"uv":[112,48],"uv_size":[16,16]},"west":{"uv":[112,48],"uv_size":[16,16]},"up":{"uv":[128,64],"uv_size":[-16,-16]},"down":{"uv":[128,64],"uv_size":[-16,-16]}}},{"origin":[0,0,-5],"size":[4,4,4],"uv":{"up":{"uv":[128,32],"uv_size":[-16,-16]},"down":{"uv":[128,64],"uv_size":[-16,-16]}}},{"origin":[0,0,-1],"size":[4,4,4],"uv":{"up":{"uv":[128,32],"uv_size":[-16,-16]},"down":{"uv":[128,64],"uv_size":[-16,-16]}}},{"origin":[0,0,3],"size":[4,4,4],"uv":{"up":{"uv":[128,32],"uv_size":[-16,-16]},"down":{"uv":[128,64],"uv_size":[-16,-16]}}},{"origin":[0,0,7],"size":[4,4,4],"uv":{"north":{"uv":[112,0],"uv_size":[16,16]},"east":{"uv":[112,0],"uv_size":[16,16]},"south":{"uv":[112,0],"uv_size":[16,16]},"west":{"uv":[112,0],"uv_size":[16,16]},"up":{"uv":[128,32],"uv_size":[-16,-16]},"down":{"uv":[128,64],"uv_size":[-16,-16]}}},{"origin":[-4,0,-9],"size":[4,4,4],"uv":{"north":{"uv":[112,0],"uv_size":[16,16]},"east":{"uv":[112,0],"uv_size":[16,16]},"south":{"uv":[112,0],"uv_size":[16,16]},"west":{"uv":[112,0],"uv_size":[16,16]},"up":{"uv":[128,32],"uv_size":[-16,-16]},"down":{"uv":[128,64],"uv_size":[-16,-16]}}},{"origin":[-4,0,-5],"size":[4,4,4],"uv":{"up":{"uv":[128,32],"uv_size":[-16,-16]},"down":{"uv":[128,64],"uv_size":[-16,-16]}}},{"origin":[-4,0,-1],"size":[4,4,4],"uv":{"up":{"uv":[128,32],"uv_size":[-16,-16]},"down":{"uv":[128,64],"uv_size":[-16,-16]}}},{"origin":[-4,0,3],"size":[4,4,4],"uv":{"up":{"uv":[128,32],"uv_size":[-16,-16]},"down":{"uv":[128,64],"uv_size":[-16,-16]}}},{"origin":[-4,0,7],"size":[4,4,4],"uv":{"north":{"uv":[112,0],"uv_size":[16,16]},"east":{"uv":[112,0],"uv_size":[16,16]},"south":{"uv":[112,0],"uv_size":[16,16]},"west":{"uv":[112,0],"uv_size":[16,16]},"up":{"uv":[128,32],"uv_size":[-16,-16]},"down":{"uv":[128,64],"uv_size":[-16,-16]}}},{"origin":[-12,0,-9],"size":[4,4,4],"uv":{"north":{"uv":[112,0],"uv_size":[16,16]},"east":{"uv":[112,0],"uv_size":[16,16]},"south":{"uv":[112,0],"uv_size":[16,16]},"west":{"uv":[112,0],"uv_size":[16,16]},"up":{"uv":[128,32],"uv_size":[-16,-16]},"down":{"uv":[128,64],"uv_size":[-16,-16]}}},{"origin":[-12,0,-5],"size":[4,4,4],"uv":{"up":{"uv":[128,32],"uv_size":[-16,-16]},"down":{"uv":[128,64],"uv_size":[-16,-16]}}},{"origin":[-12,0,-1],"size":[4,4,4],"uv":{"up":{"uv":[128,32],"uv_size":[-16,-16]},"down":{"uv":[128,64],"uv_size":[-16,-16]}}},{"origin":[-12,0,3],"size":[4,4,4],"uv":{"up":{"uv":[128,32],"uv_size":[-16,-16]},"down":{"uv":[128,64],"uv_size":[-16,-16]}}},{"origin":[-12,0,7],"size":[4,4,4],"uv":{"north":{"uv":[112,0],"uv_size":[16,16]},"east":{"uv":[112,0],"uv_size":[16,16]},"south":{"uv":[112,0],"uv_size":[16,16]},"west":{"uv":[112,0],"uv_size":[16,16]},"up":{"uv":[128,32],"uv_size":[-16,-16]},"down":{"uv":[128,64],"uv_size":[-16,-16]}}},{"origin":[-8,0,-9],"size":[4,4,4],"uv":{"north":{"uv":[112,0],"uv_size":[16,16]},"east":{"uv":[112,0],"uv_size":[16,16]},"south":{"uv":[112,0],"uv_size":[16,16]},"west":{"uv":[112,0],"uv_size":[16,16]},"up":{"uv":[128,32],"uv_size":[-16,-16]},"down":{"uv":[128,64],"uv_size":[-16,-16]}}},{"origin":[-8,0,-5],"size":[4,4,4],"uv":{"up":{"uv":[128,32],"uv_size":[-16,-16]},"down":{"uv":[128,64],"uv_size":[-16,-16]}}},{"origin":[-8,0,-1],"size":[4,4,4],"uv":{"up":{"uv":[128,32],"uv_size":[-16,-16]},"down":{"uv":[128,64],"uv_size":[-16,-16]}}},{"origin":[-8,0,3],"size":[4,4,4],"uv":{"up":{"uv":[128,32],"uv_size":[-16,-16]},"down":{"uv":[128,64],"uv_size":[-16,-16]}}},{"origin":[-8,0,7],"size":[4,4,4],"uv":{"north":{"uv":[112,0],"uv_size":[16,16]},"east":{"uv":[112,0],"uv_size":[16,16]},"south":{"uv":[112,0],"uv_size":[16,16]},"west":{"uv":[112,0],"uv_size":[16,16]},"up":{"uv":[128,32],"uv_size":[-16,-16]},"down":{"uv":[128,64],"uv_size":[-16,-16]}}},{"origin":[-16,0,-1],"size":[4,4,4],"uv":{"north":{"uv":[80,0],"uv_size":[16,16]},"east":{"uv":[80,0],"uv_size":[16,16]},"south":{"uv":[80,0],"uv_size":[16,16]},"west":{"uv":[80,0],"uv_size":[16,16]},"up":{"uv":[96,16],"uv_size":[-16,-16]},"down":{"uv":[96,16],"uv_size":[-16,-16]}}},{"origin":[-16,0,-5],"size":[4,4,4],"uv":{"north":{"uv":[80,0],"uv_size":[16,16]},"east":{"uv":[80,0],"uv_size":[16,16]},"south":{"uv":[80,0],"uv_size":[16,16]},"west":{"uv":[80,0],"uv_size":[16,16]},"up":{"uv":[96,16],"uv_size":[-16,-16]},"down":{"uv":[96,16],"uv_size":[-16,-16]}}},{"origin":[-16,0,3],"size":[4,4,4],"uv":{"north":{"uv":[80,0],"uv_size":[16,16]},"east":{"uv":[80,0],"uv_size":[16,16]},"south":{"uv":[80,0],"uv_size":[16,16]},"west":{"uv":[80,0],"uv_size":[16,16]},"up":{"uv":[96,16],"uv_size":[-16,-16]},"down":{"uv":[96,16],"uv_size":[-16,-16]}}},{"origin":[-16,0,7],"size":[4,4,4],"uv":{"north":{"uv":[80,0],"uv_size":[16,16]},"east":{"uv":[80,0],"uv_size":[16,16]},"south":{"uv":[80,0],"uv_size":[16,16]},"west":{"uv":[80,0],"uv_size":[16,16]},"up":{"uv":[96,16],"uv_size":[-16,-16]},"down":{"uv":[96,16],"uv_size":[-16,-16]}}},{"origin":[-16,4,7],"size":[4,4,4],"uv":{"north":{"uv":[80,0],"uv_size":[16,16]},"east":{"uv":[80,0],"uv_size":[16,16]},"south":{"uv":[80,0],"uv_size":[16,16]},"west":{"uv":[80,0],"uv_size":[16,16]},"up":{"uv":[96,16],"uv_size":[-16,-16]},"down":{"uv":[96,16],"uv_size":[-16,-16]}}},{"origin":[-16,4,-5],"size":[4,4,4],"uv":{"north":{"uv":[80,0],"uv_size":[16,16]},"east":{"uv":[80,0],"uv_size":[16,16]},"south":{"uv":[80,0],"uv_size":[16,16]},"west":{"uv":[80,0],"uv_size":[16,16]},"up":{"uv":[96,16],"uv_size":[-16,-16]},"down":{"uv":[96,16],"uv_size":[-16,-16]}}},{"origin":[-16,8,7],"size":[4,4,4],"uv":{"north":{"uv":[80,0],"uv_size":[16,16]},"east":{"uv":[80,0],"uv_size":[16,16]},"south":{"uv":[80,0],"uv_size":[16,16]},"west":{"uv":[80,0],"uv_size":[16,16]},"up":{"uv":[96,16],"uv_size":[-16,-16]},"down":{"uv":[96,16],"uv_size":[-16,-16]}}},{"origin":[-16,8,-5],"size":[4,4,4],"uv":{"north":{"uv":[80,0],"uv_size":[16,16]},"east":{"uv":[80,0],"uv_size":[16,16]},"south":{"uv":[80,0],"uv_size":[16,16]},"west":{"uv":[80,0],"uv_size":[16,16]},"up":{"uv":[96,16],"uv_size":[-16,-16]},"down":{"uv":[96,16],"uv_size":[-16,-16]}}},{"origin":[-16,12,7],"size":[4,4,4],"uv":{"north":{"uv":[80,0],"uv_size":[16,16]},"east":{"uv":[80,0],"uv_size":[16,16]},"south":{"uv":[80,0],"uv_size":[16,16]},"west":{"uv":[80,0],"uv_size":[16,16]},"up":{"uv":[96,16],"uv_size":[-16,-16]},"down":{"uv":[96,16],"uv_size":[-16,-16]}}},{"origin":[-16,12,-5],"size":[4,4,4],"uv":{"north":{"uv":[80,0],"uv_size":[16,16]},"east":{"uv":[80,0],"uv_size":[16,16]},"south":{"uv":[80,0],"uv_size":[16,16]},"west":{"uv":[80,0],"uv_size":[16,16]},"up":{"uv":[96,16],"uv_size":[-16,-16]},"down":{"uv":[96,16],"uv_size":[-16,-16]}}},{"origin":[-16,16,7],"size":[4,4,4],"uv":{"north":{"uv":[80,0],"uv_size":[16,16]},"east":{"uv":[80,0],"uv_size":[16,16]},"south":{"uv":[80,0],"uv_size":[16,16]},"west":{"uv":[80,0],"uv_size":[16,16]},"up":{"uv":[96,16],"uv_size":[-16,-16]},"down":{"uv":[96,16],"uv_size":[-16,-16]}}},{"origin":[-16,16,3],"size":[4,4,4],"uv":{"north":{"uv":[80,0],"uv_size":[16,16]},"east":{"uv":[80,0],"uv_size":[16,16]},"south":{"uv":[80,0],"uv_size":[16,16]},"west":{"uv":[80,0],"uv_size":[16,16]},"up":{"uv":[96,16],"uv_size":[-16,-16]},"down":{"uv":[96,16],"uv_size":[-16,-16]}}},{"origin":[-16,16,-1],"size":[4,4,4],"uv":{"north":{"uv":[80,0],"uv_size":[16,16]},"east":{"uv":[80,0],"uv_size":[16,16]},"south":{"uv":[80,0],"uv_size":[16,16]},"west":{"uv":[80,0],"uv_size":[16,16]},"up":{"uv":[96,16],"uv_size":[-16,-16]},"down":{"uv":[96,16],"uv_size":[-16,-16]}}},{"origin":[-16,16,-5],"size":[4,4,4],"uv":{"north":{"uv":[80,0],"uv_size":[16,16]},"east":{"uv":[80,0],"uv_size":[16,16]},"south":{"uv":[80,0],"uv_size":[16,16]},"west":{"uv":[80,0],"uv_size":[16,16]},"up":{"uv":[96,16],"uv_size":[-16,-16]},"down":{"uv":[96,16],"uv_size":[-16,-16]}}},{"origin":[-16,0,-1],"size":[4,4,4],"uv":{"north":{"uv":[80,0],"uv_size":[16,16]},"east":{"uv":[80,0],"uv_size":[16,16]},"south":{"uv":[80,0],"uv_size":[16,16]},"west":{"uv":[80,0],"uv_size":[16,16]},"up":{"uv":[96,16],"uv_size":[-16,-16]},"down":{"uv":[96,16],"uv_size":[-16,-16]}}},{"origin":[-16,0,3],"size":[4,4,4],"uv":{"north":{"uv":[80,0],"uv_size":[16,16]},"east":{"uv":[80,0],"uv_size":[16,16]},"south":{"uv":[80,0],"uv_size":[16,16]},"west":{"uv":[80,0],"uv_size":[16,16]},"up":{"uv":[96,16],"uv_size":[-16,-16]},"down":{"uv":[96,16],"uv_size":[-16,-16]}}},{"origin":[-16,0,-5],"size":[4,4,4],"uv":{"north":{"uv":[80,0],"uv_size":[16,16]},"east":{"uv":[80,0],"uv_size":[16,16]},"south":{"uv":[80,0],"uv_size":[16,16]},"west":{"uv":[80,0],"uv_size":[16,16]},"up":{"uv":[96,16],"uv_size":[-16,-16]},"down":{"uv":[96,16],"uv_size":[-16,-16]}}},{"origin":[-16,0,7],"size":[4,4,4],"uv":{"north":{"uv":[80,0],"uv_size":[16,16]},"east":{"uv":[80,0],"uv_size":[16,16]},"south":{"uv":[80,0],"uv_size":[16,16]},"west":{"uv":[80,0],"uv_size":[16,16]},"up":{"uv":[96,16],"uv_size":[-16,-16]},"down":{"uv":[96,16],"uv_size":[-16,-16]}}},{"origin":[-16,4,-5],"size":[4,4,4],"uv":{"north":{"uv":[80,0],"uv_size":[16,16]},"east":{"uv":[80,0],"uv_size":[16,16]},"south":{"uv":[80,0],"uv_size":[16,16]},"west":{"uv":[80,0],"uv_size":[16,16]},"up":{"uv":[96,16],"uv_size":[-16,-16]},"down":{"uv":[96,16],"uv_size":[-16,-16]}}},{"origin":[-16,4,7],"size":[4,4,4],"uv":{"north":{"uv":[80,0],"uv_size":[16,16]},"east":{"uv":[80,0],"uv_size":[16,16]},"south":{"uv":[80,0],"uv_size":[16,16]},"west":{"uv":[80,0],"uv_size":[16,16]},"up":{"uv":[96,16],"uv_size":[-16,-16]},"down":{"uv":[96,16],"uv_size":[-16,-16]}}},{"origin":[-16,8,-5],"size":[4,4,4],"uv":{"north":{"uv":[80,0],"uv_size":[16,16]},"east":{"uv":[80,0],"uv_size":[16,16]},"south":{"uv":[80,0],"uv_size":[16,16]},"west":{"uv":[80,0],"uv_size":[16,16]},"up":{"uv":[96,16],"uv_size":[-16,-16]},"down":{"uv":[96,16],"uv_size":[-16,-16]}}},{"origin":[-16,8,7],"size":[4,4,4],"uv":{"north":{"uv":[80,0],"uv_size":[16,16]},"east":{"uv":[80,0],"uv_size":[16,16]},"south":{"uv":[80,0],"uv_size":[16,16]},"west":{"uv":[80,0],"uv_size":[16,16]},"up":{"uv":[96,16],"uv_size":[-16,-16]},"down":{"uv":[96,16],"uv_size":[-16,-16]}}},{"origin":[-16,12,-5],"size":[4,4,4],"uv":{"north":{"uv":[80,0],"uv_size":[16,16]},"east":{"uv":[80,0],"uv_size":[16,16]},"south":{"uv":[80,0],"uv_size":[16,16]},"west":{"uv":[80,0],"uv_size":[16,16]},"up":{"uv":[96,16],"uv_size":[-16,-16]},"down":{"uv":[96,16],"uv_size":[-16,-16]}}},{"origin":[-16,12,7],"size":[4,4,4],"uv":{"north":{"uv":[80,0],"uv_size":[16,16]},"east":{"uv":[80,0],"uv_size":[16,16]},"south":{"uv":[80,0],"uv_size":[16,16]},"west":{"uv":[80,0],"uv_size":[16,16]},"up":{"uv":[96,16],"uv_size":[-16,-16]},"down":{"uv":[96,16],"uv_size":[-16,-16]}}},{"origin":[-16,16,-5],"size":[4,4,4],"uv":{"north":{"uv":[80,0],"uv_size":[16,16]},"east":{"uv":[80,0],"uv_size":[16,16]},"south":{"uv":[80,0],"uv_size":[16,16]},"west":{"uv":[80,0],"uv_size":[16,16]},"up":{"uv":[96,16],"uv_size":[-16,-16]},"down":{"uv":[96,16],"uv_size":[-16,-16]}}},{"origin":[-16,16,-1],"size":[4,4,4],"uv":{"north":{"uv":[80,0],"uv_size":[16,16]},"east":{"uv":[80,0],"uv_size":[16,16]},"south":{"uv":[80,0],"uv_size":[16,16]},"west":{"uv":[80,0],"uv_size":[16,16]},"up":{"uv":[96,16],"uv_size":[-16,-16]},"down":{"uv":[96,16],"uv_size":[-16,-16]}}},{"origin":[-16,16,3],"size":[4,4,4],"uv":{"north":{"uv":[80,0],"uv_size":[16,16]},"east":{"uv":[80,0],"uv_size":[16,16]},"south":{"uv":[80,0],"uv_size":[16,16]},"west":{"uv":[80,0],"uv_size":[16,16]},"up":{"uv":[96,16],"uv_size":[-16,-16]},"down":{"uv":[96,16],"uv_size":[-16,-16]}}},{"origin":[-16,16,7],"size":[4,4,4],"uv":{"north":{"uv":[80,0],"uv_size":[16,16]},"east":{"uv":[80,0],"uv_size":[16,16]},"south":{"uv":[80,0],"uv_size":[16,16]},"west":{"uv":[80,0],"uv_size":[16,16]},"up":{"uv":[96,16],"uv_size":[-16,-16]},"down":{"uv":[96,16],"uv_size":[-16,-16]}}},{"origin":[-16,0,-1],"size":[4,4,4],"uv":{"north":{"uv":[80,0],"uv_size":[16,16]},"east":{"uv":[80,0],"uv_size":[16,16]},"south":{"uv":[80,0],"uv_size":[16,16]},"west":{"uv":[80,0],"uv_size":[16,16]},"up":{"uv":[96,16],"uv_size":[-16,-16]},"down":{"uv":[96,16],"uv_size":[-16,-16]}}},{"origin":[-16,0,3],"size":[4,4,4],"uv":{"north":{"uv":[80,0],"uv_size":[16,16]},"east":{"uv":[80,0],"uv_size":[16,16]},"south":{"uv":[80,0],"uv_size":[16,16]},"west":{"uv":[80,0],"uv_size":[16,16]},"up":{"uv":[96,16],"uv_size":[-16,-16]},"down":{"uv":[96,16],"uv_size":[-16,-16]}}},{"origin":[-16,0,-5],"size":[4,4,4],"uv":{"north":{"uv":[80,0],"uv_size":[16,16]},"east":{"uv":[80,0],"uv_size":[16,16]},"south":{"uv":[80,0],"uv_size":[16,16]},"west":{"uv":[80,0],"uv_size":[16,16]},"up":{"uv":[96,16],"uv_size":[-16,-16]},"down":{"uv":[96,16],"uv_size":[-16,-16]}}},{"origin":[-16,0,7],"size":[4,4,4],"uv":{"north":{"uv":[80,0],"uv_size":[16,16]},"east":{"uv":[80,0],"uv_size":[16,16]},"south":{"uv":[80,0],"uv_size":[16,16]},"west":{"uv":[80,0],"uv_size":[16,16]},"up":{"uv":[96,16],"uv_size":[-16,-16]},"down":{"uv":[96,16],"uv_size":[-16,-16]}}},{"origin":[-16,4,-5],"size":[4,4,4],"uv":{"north":{"uv":[80,0],"uv_size":[16,16]},"east":{"uv":[80,0],"uv_size":[16,16]},"south":{"uv":[80,0],"uv_size":[16,16]},"west":{"uv":[80,0],"uv_size":[16,16]},"up":{"uv":[96,16],"uv_size":[-16,-16]},"down":{"uv":[96,16],"uv_size":[-16,-16]}}},{"origin":[-16,4,7],"size":[4,4,4],"uv":{"north":{"uv":[80,0],"uv_size":[16,16]},"east":{"uv":[80,0],"uv_size":[16,16]},"south":{"uv":[80,0],"uv_size":[16,16]},"west":{"uv":[80,0],"uv_size":[16,16]},"up":{"uv":[96,16],"uv_size":[-16,-16]},"down":{"uv":[96,16],"uv_size":[-16,-16]}}},{"origin":[-16,8,-5],"size":[4,4,4],"uv":{"north":{"uv":[80,0],"uv_size":[16,16]},"east":{"uv":[80,0],"uv_size":[16,16]},"south":{"uv":[80,0],"uv_size":[16,16]},"west":{"uv":[80,0],"uv_size":[16,16]},"up":{"uv":[96,16],"uv_size":[-16,-16]},"down":{"uv":[96,16],"uv_size":[-16,-16]}}},{"origin":[-16,8,7],"size":[4,4,4],"uv":{"north":{"uv":[80,0],"uv_size":[16,16]},"east":{"uv":[80,0],"uv_size":[16,16]},"south":{"uv":[80,0],"uv_size":[16,16]},"west":{"uv":[80,0],"uv_size":[16,16]},"up":{"uv":[96,16],"uv_size":[-16,-16]},"down":{"uv":[96,16],"uv_size":[-16,-16]}}},{"origin":[-16,12,-5],"size":[4,4,4],"uv":{"north":{"uv":[80,0],"uv_size":[16,16]},"east":{"uv":[80,0],"uv_size":[16,16]},"south":{"uv":[80,0],"uv_size":[16,16]},"west":{"uv":[80,0],"uv_size":[16,16]},"up":{"uv":[96,16],"uv_size":[-16,-16]},"down":{"uv":[96,16],"uv_size":[-16,-16]}}},{"origin":[-16,12,7],"size":[4,4,4],"uv":{"north":{"uv":[80,0],"uv_size":[16,16]},"east":{"uv":[80,0],"uv_size":[16,16]},"south":{"uv":[80,0],"uv_size":[16,16]},"west":{"uv":[80,0],"uv_size":[16,16]},"up":{"uv":[96,16],"uv_size":[-16,-16]},"down":{"uv":[96,16],"uv_size":[-16,-16]}}},{"origin":[-16,16,-5],"size":[4,4,4],"uv":{"north":{"uv":[80,0],"uv_size":[16,16]},"east":{"uv":[80,0],"uv_size":[16,16]},"south":{"uv":[80,0],"uv_size":[16,16]},"west":{"uv":[80,0],"uv_size":[16,16]},"up":{"uv":[96,16],"uv_size":[-16,-16]},"down":{"uv":[96,16],"uv_size":[-16,-16]}}},{"origin":[-16,16,-1],"size":[4,4,4],"uv":{"north":{"uv":[80,0],"uv_size":[16,16]},"east":{"uv":[80,0],"uv_size":[16,16]},"south":{"uv":[80,0],"uv_size":[16,16]},"west":{"uv":[80,0],"uv_size":[16,16]},"up":{"uv":[96,16],"uv_size":[-16,-16]},"down":{"uv":[96,16],"uv_size":[-16,-16]}}},{"origin":[-16,16,3],"size":[4,4,4],"uv":{"north":{"uv":[80,0],"uv_size":[16,16]},"east":{"uv":[80,0],"uv_size":[16,16]},"south":{"uv":[80,0],"uv_size":[16,16]},"west":{"uv":[80,0],"uv_size":[16,16]},"up":{"uv":[96,16],"uv_size":[-16,-16]},"down":{"uv":[96,16],"uv_size":[-16,-16]}}},{"origin":[-16,16,7],"size":[4,4,4],"uv":{"north":{"uv":[80,0],"uv_size":[16,16]},"east":{"uv":[80,0],"uv_size":[16,16]},"south":{"uv":[80,0],"uv_size":[16,16]},"west":{"uv":[80,0],"uv_size":[16,16]},"up":{"uv":[96,16],"uv_size":[-16,-16]},"down":{"uv":[96,16],"uv_size":[-16,-16]}}},{"origin":[-14,4,-1],"size":[0,4,4],"uv":{"east":{"uv":[80,16],"uv_size":[16,16]}}},{"origin":[-14,4,3],"size":[0,4,4],"uv":{"east":{"uv":[80,16],"uv_size":[16,16]}}},{"origin":[-14,8,-1],"size":[0,4,4],"uv":{"east":{"uv":[80,16],"uv_size":[16,16]}}},{"origin":[-14,8,3],"size":[0,4,4],"uv":{"east":{"uv":[80,16],"uv_size":[16,16]}}},{"origin":[-14,12,-1],"size":[0,4,4],"uv":{"east":{"uv":[80,16],"uv_size":[16,16]}}},{"origin":[-14,12,3],"size":[0,4,4],"uv":{"east":{"uv":[80,16],"uv_size":[16,16]}}},{"origin":[-16,16,7],"size":[4,4,4],"uv":{"north":{"uv":[80,0],"uv_size":[16,16]},"east":{"uv":[80,0],"uv_size":[16,16]},"south":{"uv":[80,0],"uv_size":[16,16]},"west":{"uv":[80,0],"uv_size":[16,16]},"up":{"uv":[96,16],"uv_size":[-16,-16]},"down":{"uv":[96,16],"uv_size":[-16,-16]}}},{"origin":[-16,16,3],"size":[4,4,4],"uv":{"north":{"uv":[80,0],"uv_size":[16,16]},"east":{"uv":[80,0],"uv_size":[16,16]},"south":{"uv":[80,0],"uv_size":[16,16]},"west":{"uv":[80,0],"uv_size":[16,16]},"up":{"uv":[96,16],"uv_size":[-16,-16]},"down":{"uv":[96,16],"uv_size":[-16,-16]}}},{"origin":[-16,16,-1],"size":[4,4,4],"uv":{"north":{"uv":[80,0],"uv_size":[16,16]},"east":{"uv":[80,0],"uv_size":[16,16]},"south":{"uv":[80,0],"uv_size":[16,16]},"west":{"uv":[80,0],"uv_size":[16,16]},"up":{"uv":[96,16],"uv_size":[-16,-16]},"down":{"uv":[96,16],"uv_size":[-16,-16]}}},{"origin":[-16,16,-5],"size":[4,4,4],"uv":{"north":{"uv":[80,0],"uv_size":[16,16]},"east":{"uv":[80,0],"uv_size":[16,16]},"south":{"uv":[80,0],"uv_size":[16,16]},"west":{"uv":[80,0],"uv_size":[16,16]},"up":{"uv":[96,16],"uv_size":[-16,-16]},"down":{"uv":[96,16],"uv_size":[-16,-16]}}},{"origin":[-16,12,7],"size":[4,4,4],"uv":{"north":{"uv":[80,0],"uv_size":[16,16]},"east":{"uv":[80,0],"uv_size":[16,16]},"south":{"uv":[80,0],"uv_size":[16,16]},"west":{"uv":[80,0],"uv_size":[16,16]},"up":{"uv":[96,16],"uv_size":[-16,-16]},"down":{"uv":[96,16],"uv_size":[-16,-16]}}},{"origin":[-16,12,-5],"size":[4,4,4],"uv":{"north":{"uv":[80,0],"uv_size":[16,16]},"east":{"uv":[80,0],"uv_size":[16,16]},"south":{"uv":[80,0],"uv_size":[16,16]},"west":{"uv":[80,0],"uv_size":[16,16]},"up":{"uv":[96,16],"uv_size":[-16,-16]},"down":{"uv":[96,16],"uv_size":[-16,-16]}}},{"origin":[-16,8,7],"size":[4,4,4],"uv":{"north":{"uv":[80,0],"uv_size":[16,16]},"east":{"uv":[80,0],"uv_size":[16,16]},"south":{"uv":[80,0],"uv_size":[16,16]},"west":{"uv":[80,0],"uv_size":[16,16]},"up":{"uv":[96,16],"uv_size":[-16,-16]},"down":{"uv":[96,16],"uv_size":[-16,-16]}}},{"origin":[-16,8,-5],"size":[4,4,4],"uv":{"north":{"uv":[80,0],"uv_size":[16,16]},"east":{"uv":[80,0],"uv_size":[16,16]},"south":{"uv":[80,0],"uv_size":[16,16]},"west":{"uv":[80,0],"uv_size":[16,16]},"up":{"uv":[96,16],"uv_size":[-16,-16]},"down":{"uv":[96,16],"uv_size":[-16,-16]}}},{"origin":[-16,4,7],"size":[4,4,4],"uv":{"north":{"uv":[80,0],"uv_size":[16,16]},"east":{"uv":[80,0],"uv_size":[16,16]},"south":{"uv":[80,0],"uv_size":[16,16]},"west":{"uv":[80,0],"uv_size":[16,16]},"up":{"uv":[96,16],"uv_size":[-16,-16]},"down":{"uv":[96,16],"uv_size":[-16,-16]}}},{"origin":[-16,4,-5],"size":[4,4,4],"uv":{"north":{"uv":[80,0],"uv_size":[16,16]},"east":{"uv":[80,0],"uv_size":[16,16]},"south":{"uv":[80,0],"uv_size":[16,16]},"west":{"uv":[80,0],"uv_size":[16,16]},"up":{"uv":[96,16],"uv_size":[-16,-16]},"down":{"uv":[96,16],"uv_size":[-16,-16]}}},{"origin":[-16,0,7],"size":[4,4,4],"uv":{"north":{"uv":[80,0],"uv_size":[16,16]},"east":{"uv":[80,0],"uv_size":[16,16]},"south":{"uv":[80,0],"uv_size":[16,16]},"west":{"uv":[80,0],"uv_size":[16,16]},"up":{"uv":[96,16],"uv_size":[-16,-16]},"down":{"uv":[96,16],"uv_size":[-16,-16]}}},{"origin":[-16,0,-5],"size":[4,4,4],"uv":{"north":{"uv":[80,0],"uv_size":[16,16]},"east":{"uv":[80,0],"uv_size":[16,16]},"south":{"uv":[80,0],"uv_size":[16,16]},"west":{"uv":[80,0],"uv_size":[16,16]},"up":{"uv":[96,16],"uv_size":[-16,-16]},"down":{"uv":[96,16],"uv_size":[-16,-16]}}},{"origin":[-16,0,3],"size":[4,4,4],"uv":{"north":{"uv":[80,0],"uv_size":[16,16]},"east":{"uv":[80,0],"uv_size":[16,16]},"south":{"uv":[80,0],"uv_size":[16,16]},"west":{"uv":[80,0],"uv_size":[16,16]},"up":{"uv":[96,16],"uv_size":[-16,-16]},"down":{"uv":[96,16],"uv_size":[-16,-16]}}},{"origin":[-16,0,-1],"size":[4,4,4],"uv":{"north":{"uv":[80,0],"uv_size":[16,16]},"east":{"uv":[80,0],"uv_size":[16,16]},"south":{"uv":[80,0],"uv_size":[16,16]},"west":{"uv":[80,0],"uv_size":[16,16]},"up":{"uv":[96,16],"uv_size":[-16,-16]},"down":{"uv":[96,16],"uv_size":[-16,-16]}}}]},{"name":"bone","parent":"unknown_bone","pivot":[2,17.75,-7],"cubes":[{"origin":[4,16,-5],"size":[4,4,4],"uv":{"north":{"uv":[112,32],"uv_size":[-16,-16]},"east":{"uv":[112,32],"uv_size":[-16,-16]},"south":{"uv":[112,32],"uv_size":[-16,-16]},"west":{"uv":[112,32],"uv_size":[-16,-16]},"up":{"uv":[96,16],"uv_size":[16,16]},"down":{"uv":[96,16],"uv_size":[16,16]}}},{"origin":[4,24,-5],"size":[4,4,4],"uv":{"north":{"uv":[112,32],"uv_size":[-16,-16]},"east":{"uv":[112,32],"uv_size":[-16,-16]},"south":{"uv":[112,32],"uv_size":[-16,-16]},"west":{"uv":[112,32],"uv_size":[-16,-16]},"up":{"uv":[96,16],"uv_size":[16,16]},"down":{"uv":[96,16],"uv_size":[16,16]}}},{"origin":[4,16,-1],"size":[4,4,4],"uv":{"north":{"uv":[112,32],"uv_size":[-16,-16]},"east":{"uv":[112,32],"uv_size":[-16,-16]},"south":{"uv":[112,32],"uv_size":[-16,-16]},"west":{"uv":[112,32],"uv_size":[-16,-16]},"up":{"uv":[96,16],"uv_size":[16,16]},"down":{"uv":[96,16],"uv_size":[16,16]}}},{"origin":[0,16,-5],"size":[4,4,4],"uv":{"north":{"uv":[112,32],"uv_size":[-16,-16]},"east":{"uv":[112,32],"uv_size":[-16,-16]},"south":{"uv":[112,32],"uv_size":[-16,-16]},"west":{"uv":[112,32],"uv_size":[-16,-16]},"up":{"uv":[96,16],"uv_size":[16,16]},"down":{"uv":[96,16],"uv_size":[16,16]}}},{"origin":[0,16,-1],"size":[4,4,4],"uv":{"north":{"uv":[112,32],"uv_size":[-16,-16]},"east":{"uv":[112,32],"uv_size":[-16,-16]},"south":{"uv":[112,32],"uv_size":[-16,-16]},"west":{"uv":[112,32],"uv_size":[-16,-16]},"up":{"uv":[96,16],"uv_size":[16,16]},"down":{"uv":[96,16],"uv_size":[16,16]}}},{"origin":[-4,16,-5],"size":[4,4,4],"uv":{"north":{"uv":[112,32],"uv_size":[-16,-16]},"east":{"uv":[112,32],"uv_size":[-16,-16]},"south":{"uv":[112,32],"uv_size":[-16,-16]},"west":{"uv":[112,32],"uv_size":[-16,-16]},"up":{"uv":[96,16],"uv_size":[16,16]},"down":{"uv":[96,16],"uv_size":[16,16]}}},{"origin":[-4,24,-5],"size":[4,4,4],"uv":{"north":{"uv":[112,32],"uv_size":[-16,-16]},"east":{"uv":[112,32],"uv_size":[-16,-16]},"south":{"uv":[112,32],"uv_size":[-16,-16]},"west":{"uv":[112,32],"uv_size":[-16,-16]},"up":{"uv":[96,16],"uv_size":[16,16]},"down":{"uv":[96,16],"uv_size":[16,16]}}},{"origin":[-4,16,-1],"size":[4,4,4],"uv":{"north":{"uv":[112,32],"uv_size":[-16,-16]},"east":{"uv":[112,32],"uv_size":[-16,-16]},"south":{"uv":[112,32],"uv_size":[-16,-16]},"west":{"uv":[112,32],"uv_size":[-16,-16]},"up":{"uv":[96,16],"uv_size":[16,16]},"down":{"uv":[96,16],"uv_size":[16,16]}}},{"origin":[-8,16,-5],"size":[4,4,4],"uv":{"north":{"uv":[112,32],"uv_size":[-16,-16]},"east":{"uv":[112,32],"uv_size":[-16,-16]},"south":{"uv":[112,32],"uv_size":[-16,-16]},"west":{"uv":[112,32],"uv_size":[-16,-16]},"up":{"uv":[96,16],"uv_size":[16,16]},"down":{"uv":[96,16],"uv_size":[16,16]}}},{"origin":[-8,16,-9],"size":[4,4,4],"uv":{"north":{"uv":[112,32],"uv_size":[-16,-16]},"east":{"uv":[112,32],"uv_size":[-16,-16]},"south":{"uv":[112,32],"uv_size":[-16,-16]},"west":{"uv":[112,32],"uv_size":[-16,-16]},"up":{"uv":[96,16],"uv_size":[16,16]},"down":{"uv":[96,16],"uv_size":[16,16]}}},{"origin":[-8,16,-13],"size":[4,4,4],"uv":{"north":{"uv":[112,32],"uv_size":[-16,-16]},"east":{"uv":[112,32],"uv_size":[-16,-16]},"south":{"uv":[112,32],"uv_size":[-16,-16]},"west":{"uv":[112,32],"uv_size":[-16,-16]},"up":{"uv":[96,16],"uv_size":[16,16]},"down":{"uv":[96,16],"uv_size":[16,16]}}},{"origin":[-4,24,-9],"size":[4,4,4],"uv":{"north":{"uv":[112,32],"uv_size":[-16,-16]},"east":{"uv":[112,32],"uv_size":[-16,-16]},"south":{"uv":[112,32],"uv_size":[-16,-16]},"west":{"uv":[112,32],"uv_size":[-16,-16]},"up":{"uv":[96,16],"uv_size":[16,16]},"down":{"uv":[96,16],"uv_size":[16,16]}}},{"origin":[0,24,-5],"size":[4,4,4],"uv":{"north":{"uv":[112,32],"uv_size":[-16,-16]},"east":{"uv":[112,32],"uv_size":[-16,-16]},"south":{"uv":[112,32],"uv_size":[-16,-16]},"west":{"uv":[112,32],"uv_size":[-16,-16]},"up":{"uv":[96,16],"uv_size":[16,16]},"down":{"uv":[96,16],"uv_size":[16,16]}}},{"origin":[4,24,-9],"size":[4,4,4],"uv":{"north":{"uv":[112,32],"uv_size":[-16,-16]},"east":{"uv":[112,32],"uv_size":[-16,-16]},"south":{"uv":[112,32],"uv_size":[-16,-16]},"west":{"uv":[112,32],"uv_size":[-16,-16]},"up":{"uv":[96,16],"uv_size":[16,16]},"down":{"uv":[96,16],"uv_size":[16,16]}}},{"origin":[4,16,-9],"size":[4,4,4],"uv":{"north":{"uv":[112,32],"uv_size":[-16,-16]},"east":{"uv":[112,32],"uv_size":[-16,-16]},"south":{"uv":[112,32],"uv_size":[-16,-16]},"west":{"uv":[112,32],"uv_size":[-16,-16]},"up":{"uv":[96,16],"uv_size":[16,16]},"down":{"uv":[96,16],"uv_size":[16,16]}}},{"origin":[4,16,-13],"size":[4,4,4],"uv":{"north":{"uv":[112,32],"uv_size":[-16,-16]},"east":{"uv":[112,32],"uv_size":[-16,-16]},"south":{"uv":[112,32],"uv_size":[-16,-16]},"west":{"uv":[112,32],"uv_size":[-16,-16]},"up":{"uv":[96,16],"uv_size":[16,16]},"down":{"uv":[96,16],"uv_size":[16,16]}}},{"origin":[8,16,-13],"size":[4,4,4],"uv":{"north":{"uv":[112,32],"uv_size":[-16,-16]},"east":{"uv":[112,32],"uv_size":[-16,-16]},"south":{"uv":[112,32],"uv_size":[-16,-16]},"west":{"uv":[112,32],"uv_size":[-16,-16]},"up":{"uv":[96,16],"uv_size":[16,16]},"down":{"uv":[96,16],"uv_size":[16,16]}}},{"origin":[8,16,-9],"size":[4,4,4],"uv":{"north":{"uv":[112,32],"uv_size":[-16,-16]},"east":{"uv":[112,32],"uv_size":[-16,-16]},"south":{"uv":[112,32],"uv_size":[-16,-16]},"west":{"uv":[112,32],"uv_size":[-16,-16]},"up":{"uv":[96,16],"uv_size":[16,16]},"down":{"uv":[96,16],"uv_size":[16,16]}}},{"origin":[8,16,-5],"size":[4,4,4],"uv":{"north":{"uv":[112,32],"uv_size":[-16,-16]},"east":{"uv":[112,32],"uv_size":[-16,-16]},"south":{"uv":[112,32],"uv_size":[-16,-16]},"west":{"uv":[112,32],"uv_size":[-16,-16]},"up":{"uv":[96,16],"uv_size":[16,16]},"down":{"uv":[96,16],"uv_size":[16,16]}}},{"origin":[0,12,-9],"size":[4,4,4],"uv":{"north":{"uv":[112,32],"uv_size":[16,16]},"east":{"uv":[112,32],"uv_size":[16,16]},"south":{"uv":[112,32],"uv_size":[16,16]},"west":{"uv":[112,32],"uv_size":[16,16]},"up":{"uv":[128,48],"uv_size":[-16,-16]},"down":{"uv":[128,48],"uv_size":[-16,-16]}}},{"origin":[0,16,-9],"size":[4,4,4],"uv":{"north":{"uv":[112,32],"uv_size":[16,16]},"east":{"uv":[112,32],"uv_size":[16,16]},"south":{"uv":[112,32],"uv_size":[16,16]},"west":{"uv":[112,32],"uv_size":[16,16]},"up":{"uv":[128,48],"uv_size":[-16,-16]},"down":{"uv":[128,48],"uv_size":[-16,-16]}}},{"origin":[0,8,-9],"size":[4,4,4],"uv":{"north":{"uv":[112,32],"uv_size":[16,16]},"east":{"uv":[112,32],"uv_size":[16,16]},"south":{"uv":[112,32],"uv_size":[16,16]},"west":{"uv":[112,32],"uv_size":[16,16]},"up":{"uv":[128,48],"uv_size":[-16,-16]},"down":{"uv":[128,48],"uv_size":[-16,-16]}}},{"origin":[0,4,-9],"size":[4,4,4],"uv":{"north":{"uv":[112,32],"uv_size":[16,16]},"east":{"uv":[112,32],"uv_size":[16,16]},"south":{"uv":[112,32],"uv_size":[16,16]},"west":{"uv":[112,32],"uv_size":[16,16]},"up":{"uv":[128,48],"uv_size":[-16,-16]},"down":{"uv":[128,48],"uv_size":[-16,-16]}}},{"origin":[0,24,-13],"size":[4,4,4],"uv":{"north":{"uv":[112,32],"uv_size":[-16,-16]},"east":{"uv":[112,32],"uv_size":[-16,-16]},"south":{"uv":[112,32],"uv_size":[-16,-16]},"west":{"uv":[112,32],"uv_size":[-16,-16]},"up":{"uv":[96,16],"uv_size":[16,16]},"down":{"uv":[96,16],"uv_size":[16,16]}}},{"origin":[0,16,-13],"size":[4,4,4],"uv":{"north":{"uv":[112,32],"uv_size":[-16,-16]},"east":{"uv":[112,32],"uv_size":[-16,-16]},"south":{"uv":[112,32],"uv_size":[-16,-16]},"west":{"uv":[112,32],"uv_size":[-16,-16]},"up":{"uv":[96,16],"uv_size":[16,16]},"down":{"uv":[96,16],"uv_size":[16,16]}}},{"origin":[-4,16,-13],"size":[4,4,4],"uv":{"north":{"uv":[112,32],"uv_size":[-16,-16]},"east":{"uv":[112,32],"uv_size":[-16,-16]},"south":{"uv":[112,32],"uv_size":[-16,-16]},"west":{"uv":[112,32],"uv_size":[-16,-16]},"up":{"uv":[96,16],"uv_size":[16,16]},"down":{"uv":[96,16],"uv_size":[16,16]}}},{"origin":[-4,24,-13],"size":[4,4,4],"uv":{"north":{"uv":[112,32],"uv_size":[-16,-16]},"east":{"uv":[112,32],"uv_size":[-16,-16]},"south":{"uv":[112,32],"uv_size":[-16,-16]},"west":{"uv":[112,32],"uv_size":[-16,-16]},"up":{"uv":[96,16],"uv_size":[16,16]},"down":{"uv":[96,16],"uv_size":[16,16]}}},{"origin":[-4,16,-17],"size":[4,4,4],"uv":{"north":{"uv":[112,32],"uv_size":[-16,-16]},"east":{"uv":[112,32],"uv_size":[-16,-16]},"south":{"uv":[112,32],"uv_size":[-16,-16]},"west":{"uv":[112,32],"uv_size":[-16,-16]},"up":{"uv":[96,16],"uv_size":[16,16]},"down":{"uv":[96,16],"uv_size":[16,16]}}},{"origin":[0,16,-17],"size":[4,4,4],"uv":{"north":{"uv":[112,32],"uv_size":[-16,-16]},"east":{"uv":[112,32],"uv_size":[-16,-16]},"south":{"uv":[112,32],"uv_size":[-16,-16]},"west":{"uv":[112,32],"uv_size":[-16,-16]},"up":{"uv":[96,16],"uv_size":[16,16]},"down":{"uv":[96,16],"uv_size":[16,16]}}},{"origin":[4,16,-17],"size":[4,4,4],"uv":{"north":{"uv":[112,32],"uv_size":[-16,-16]},"east":{"uv":[112,32],"uv_size":[-16,-16]},"south":{"uv":[112,32],"uv_size":[-16,-16]},"west":{"uv":[112,32],"uv_size":[-16,-16]},"up":{"uv":[96,16],"uv_size":[16,16]},"down":{"uv":[96,16],"uv_size":[16,16]}}},{"origin":[0,24,-9],"size":[4,4,4],"uv":{"north":{"uv":[112,32],"uv_size":[-16,-16]},"east":{"uv":[112,32],"uv_size":[-16,-16]},"south":{"uv":[112,32],"uv_size":[-16,-16]},"west":{"uv":[112,32],"uv_size":[-16,-16]},"up":{"uv":[96,16],"uv_size":[16,16]},"down":{"uv":[96,16],"uv_size":[16,16]}}},{"origin":[0,28,-5],"size":[4,4,4],"uv":{"north":{"uv":[112,32],"uv_size":[-16,-16]},"east":{"uv":[112,32],"uv_size":[-16,-16]},"south":{"uv":[112,32],"uv_size":[-16,-16]},"west":{"uv":[112,32],"uv_size":[-16,-16]},"up":{"uv":[96,16],"uv_size":[16,16]},"down":{"uv":[96,16],"uv_size":[16,16]}}},{"origin":[4,28,-9],"size":[4,4,4],"uv":{"north":{"uv":[112,32],"uv_size":[-16,-16]},"east":{"uv":[112,32],"uv_size":[-16,-16]},"south":{"uv":[112,32],"uv_size":[-16,-16]},"west":{"uv":[112,32],"uv_size":[-16,-16]},"up":{"uv":[96,16],"uv_size":[16,16]},"down":{"uv":[96,16],"uv_size":[16,16]}}},{"origin":[0,28,-13],"size":[4,4,4],"uv":{"north":{"uv":[112,32],"uv_size":[-16,-16]},"east":{"uv":[112,32],"uv_size":[-16,-16]},"south":{"uv":[112,32],"uv_size":[-16,-16]},"west":{"uv":[112,32],"uv_size":[-16,-16]},"up":{"uv":[96,16],"uv_size":[16,16]},"down":{"uv":[96,16],"uv_size":[16,16]}}},{"origin":[0,28,-9],"size":[4,4,4],"uv":{"north":{"uv":[112,32],"uv_size":[-16,-16]},"east":{"uv":[112,32],"uv_size":[-16,-16]},"south":{"uv":[112,32],"uv_size":[-16,-16]},"west":{"uv":[112,32],"uv_size":[-16,-16]},"up":{"uv":[96,16],"uv_size":[16,16]},"down":{"uv":[96,16],"uv_size":[16,16]}}},{"origin":[-4,28,-9],"size":[4,4,4],"uv":{"north":{"uv":[112,32],"uv_size":[-16,-16]},"east":{"uv":[112,32],"uv_size":[-16,-16]},"south":{"uv":[112,32],"uv_size":[-16,-16]},"west":{"uv":[112,32],"uv_size":[-16,-16]},"up":{"uv":[96,16],"uv_size":[16,16]},"down":{"uv":[96,16],"uv_size":[16,16]}}},{"origin":[-4,16,-9],"size":[4,4,4],"uv":{"north":{"uv":[112,32],"uv_size":[-16,-16]},"east":{"uv":[112,32],"uv_size":[-16,-16]},"south":{"uv":[112,32],"uv_size":[-16,-16]},"west":{"uv":[112,32],"uv_size":[-16,-16]},"up":{"uv":[96,16],"uv_size":[16,16]},"down":{"uv":[96,16],"uv_size":[16,16]}}},{"origin":[4,20,-5],"size":[4,4,4],"uv":{"north":{"uv":[112,32],"uv_size":[-16,-16]},"east":{"uv":[112,32],"uv_size":[-16,-16]},"south":{"uv":[112,32],"uv_size":[-16,-16]},"west":{"uv":[112,32],"uv_size":[-16,-16]},"up":{"uv":[96,16],"uv_size":[16,16]},"down":{"uv":[96,16],"uv_size":[16,16]}}},{"origin":[0,20,-5],"size":[4,4,4],"uv":{"north":{"uv":[112,32],"uv_size":[-16,-16]},"east":{"uv":[112,32],"uv_size":[-16,-16]},"south":{"uv":[112,32],"uv_size":[-16,-16]},"west":{"uv":[112,32],"uv_size":[-16,-16]},"up":{"uv":[96,16],"uv_size":[16,16]},"down":{"uv":[96,16],"uv_size":[16,16]}}},{"origin":[-4,20,-5],"size":[4,4,4],"uv":{"north":{"uv":[112,32],"uv_size":[-16,-16]},"east":{"uv":[112,32],"uv_size":[-16,-16]},"south":{"uv":[112,32],"uv_size":[-16,-16]},"west":{"uv":[112,32],"uv_size":[-16,-16]},"up":{"uv":[96,16],"uv_size":[16,16]},"down":{"uv":[96,16],"uv_size":[16,16]}}},{"origin":[4,20,-9],"size":[4,4,4],"uv":{"north":{"uv":[112,32],"uv_size":[-16,-16]},"east":{"uv":[112,32],"uv_size":[-16,-16]},"south":{"uv":[112,32],"uv_size":[-16,-16]},"west":{"uv":[112,32],"uv_size":[-16,-16]},"up":{"uv":[96,16],"uv_size":[16,16]},"down":{"uv":[96,16],"uv_size":[16,16]}}},{"origin":[4,20,-13],"size":[4,4,4],"uv":{"north":{"uv":[112,32],"uv_size":[-16,-16]},"east":{"uv":[112,32],"uv_size":[-16,-16]},"south":{"uv":[112,32],"uv_size":[-16,-16]},"west":{"uv":[112,32],"uv_size":[-16,-16]},"up":{"uv":[96,16],"uv_size":[16,16]},"down":{"uv":[96,16],"uv_size":[16,16]}}},{"origin":[0,20,-13],"size":[4,4,4],"uv":{"north":{"uv":[112,32],"uv_size":[-16,-16]},"east":{"uv":[112,32],"uv_size":[-16,-16]},"south":{"uv":[112,32],"uv_size":[-16,-16]},"west":{"uv":[112,32],"uv_size":[-16,-16]},"up":{"uv":[96,16],"uv_size":[16,16]},"down":{"uv":[96,16],"uv_size":[16,16]}}},{"origin":[-4,20,-13],"size":[4,4,4],"uv":{"north":{"uv":[112,32],"uv_size":[-16,-16]},"east":{"uv":[112,32],"uv_size":[-16,-16]},"south":{"uv":[112,32],"uv_size":[-16,-16]},"west":{"uv":[112,32],"uv_size":[-16,-16]},"up":{"uv":[96,16],"uv_size":[16,16]},"down":{"uv":[96,16],"uv_size":[16,16]}}},{"origin":[-4,20,-9],"size":[4,4,4],"uv":{"north":{"uv":[112,32],"uv_size":[-16,-16]},"east":{"uv":[112,32],"uv_size":[-16,-16]},"south":{"uv":[112,32],"uv_size":[-16,-16]},"west":{"uv":[112,32],"uv_size":[-16,-16]},"up":{"uv":[96,16],"uv_size":[16,16]},"down":{"uv":[96,16],"uv_size":[16,16]}}},{"origin":[-8,20,-5],"size":[4,4,4],"uv":{"north":{"uv":[112,32],"uv_size":[-16,-16]},"east":{"uv":[112,32],"uv_size":[-16,-16]},"south":{"uv":[112,32],"uv_size":[-16,-16]},"west":{"uv":[112,32],"uv_size":[-16,-16]},"up":{"uv":[96,16],"uv_size":[16,16]},"down":{"uv":[96,16],"uv_size":[16,16]}}},{"origin":[-8,20,-9],"size":[4,4,4],"uv":{"north":{"uv":[112,32],"uv_size":[-16,-16]},"east":{"uv":[112,32],"uv_size":[-16,-16]},"south":{"uv":[112,32],"uv_size":[-16,-16]},"west":{"uv":[112,32],"uv_size":[-16,-16]},"up":{"uv":[96,16],"uv_size":[16,16]},"down":{"uv":[96,16],"uv_size":[16,16]}}},{"origin":[-8,20,-13],"size":[4,4,4],"uv":{"north":{"uv":[112,32],"uv_size":[-16,-16]},"east":{"uv":[112,32],"uv_size":[-16,-16]},"south":{"uv":[112,32],"uv_size":[-16,-16]},"west":{"uv":[112,32],"uv_size":[-16,-16]},"up":{"uv":[96,16],"uv_size":[16,16]},"down":{"uv":[96,16],"uv_size":[16,16]}}},{"origin":[-4,20,-17],"size":[4,4,4],"uv":{"north":{"uv":[112,32],"uv_size":[-16,-16]},"east":{"uv":[112,32],"uv_size":[-16,-16]},"south":{"uv":[112,32],"uv_size":[-16,-16]},"west":{"uv":[112,32],"uv_size":[-16,-16]},"up":{"uv":[96,16],"uv_size":[16,16]},"down":{"uv":[96,16],"uv_size":[16,16]}}},{"origin":[0,20,-17],"size":[4,4,4],"uv":{"north":{"uv":[112,32],"uv_size":[-16,-16]},"east":{"uv":[112,32],"uv_size":[-16,-16]},"south":{"uv":[112,32],"uv_size":[-16,-16]},"west":{"uv":[112,32],"uv_size":[-16,-16]},"up":{"uv":[96,16],"uv_size":[16,16]},"down":{"uv":[96,16],"uv_size":[16,16]}}},{"origin":[4,20,-17],"size":[4,4,4],"uv":{"north":{"uv":[112,32],"uv_size":[-16,-16]},"east":{"uv":[112,32],"uv_size":[-16,-16]},"south":{"uv":[112,32],"uv_size":[-16,-16]},"west":{"uv":[112,32],"uv_size":[-16,-16]},"up":{"uv":[96,16],"uv_size":[16,16]},"down":{"uv":[96,16],"uv_size":[16,16]}}},{"origin":[8,20,-13],"size":[4,4,4],"uv":{"north":{"uv":[112,32],"uv_size":[-16,-16]},"east":{"uv":[112,32],"uv_size":[-16,-16]},"south":{"uv":[112,32],"uv_size":[-16,-16]},"west":{"uv":[112,32],"uv_size":[-16,-16]},"up":{"uv":[96,16],"uv_size":[16,16]},"down":{"uv":[96,16],"uv_size":[16,16]}}},{"origin":[8,20,-9],"size":[4,4,4],"uv":{"north":{"uv":[112,32],"uv_size":[-16,-16]},"east":{"uv":[112,32],"uv_size":[-16,-16]},"south":{"uv":[112,32],"uv_size":[-16,-16]},"west":{"uv":[112,32],"uv_size":[-16,-16]},"up":{"uv":[96,16],"uv_size":[16,16]},"down":{"uv":[96,16],"uv_size":[16,16]}}},{"origin":[8,20,-5],"size":[4,4,4],"uv":{"north":{"uv":[112,32],"uv_size":[-16,-16]},"east":{"uv":[112,32],"uv_size":[-16,-16]},"south":{"uv":[112,32],"uv_size":[-16,-16]},"west":{"uv":[112,32],"uv_size":[-16,-16]},"up":{"uv":[96,16],"uv_size":[16,16]},"down":{"uv":[96,16],"uv_size":[16,16]}}},{"origin":[0,20,-1],"size":[4,4,4],"uv":{"north":{"uv":[112,32],"uv_size":[-16,-16]},"east":{"uv":[112,32],"uv_size":[-16,-16]},"south":{"uv":[112,32],"uv_size":[-16,-16]},"west":{"uv":[112,32],"uv_size":[-16,-16]},"up":{"uv":[96,16],"uv_size":[16,16]},"down":{"uv":[96,16],"uv_size":[16,16]}}},{"origin":[-4,20,-1],"size":[4,4,4],"uv":{"north":{"uv":[112,32],"uv_size":[-16,-16]},"east":{"uv":[112,32],"uv_size":[-16,-16]},"south":{"uv":[112,32],"uv_size":[-16,-16]},"west":{"uv":[112,32],"uv_size":[-16,-16]},"up":{"uv":[96,16],"uv_size":[16,16]},"down":{"uv":[96,16],"uv_size":[16,16]}}},{"origin":[0,20,-9],"size":[4,4,4],"uv":{"north":{"uv":[112,32],"uv_size":[16,16]},"east":{"uv":[112,32],"uv_size":[16,16]},"south":{"uv":[112,32],"uv_size":[16,16]},"west":{"uv":[112,32],"uv_size":[16,16]},"up":{"uv":[128,48],"uv_size":[-16,-16]},"down":{"uv":[128,48],"uv_size":[-16,-16]}}}]}]}]}