{"format_version":"1.20.0","minecraft:geometry":[{"description":{"identifier":"geometry.lifeboat_worldBorder","texture_width":144,"texture_height":144,"visible_bounds_width":181,"visible_bounds_height":181,"visible_bounds_offset":[0,0.5,0]},"bones":[{"name":"plane","pivot":[0,-648,0],"cubes":[{"origin":[-128,-768,-1],"size":[256,256,1],"uv":{"south":{"uv":[0,0],"uv_size":[128,128]}}},{"origin":[128,-768,-1],"size":[256,256,1],"uv":{"south":{"uv":[0,0],"uv_size":[128,128]}}},{"origin":[128,-1024,-1],"size":[256,256,1],"uv":{"south":{"uv":[0,0],"uv_size":[128,128]}}},{"origin":[-128,-1024,-1],"size":[256,256,1],"uv":{"south":{"uv":[0,0],"uv_size":[128,128]}}},{"origin":[-384,-1024,-1],"size":[256,256,1],"uv":{"south":{"uv":[0,0],"uv_size":[128,128]}}},{"origin":[-384,-768,-1],"size":[256,256,1],"uv":{"south":{"uv":[0,0],"uv_size":[128,128]}}},{"origin":[-384,-512,-1],"size":[256,256,1],"uv":{"south":{"uv":[0,0],"uv_size":[128,128]}}},{"origin":[-128,-512,-1],"size":[256,256,1],"uv":{"south":{"uv":[0,0],"uv_size":[128,128]}}},{"origin":[128,-512,-1],"size":[256,256,1],"uv":{"south":{"uv":[0,0],"uv_size":[128,128]}}},{"origin":[384,-512,-1],"size":[256,256,1],"uv":{"south":{"uv":[0,0],"uv_size":[128,128]}}},{"origin":[384,-768,-1],"size":[256,256,1],"uv":{"south":{"uv":[0,0],"uv_size":[128,128]}}},{"origin":[384,-1024,-1],"size":[256,256,1],"uv":{"south":{"uv":[0,0],"uv_size":[128,128]}}},{"origin":[384,-1280,-1],"size":[256,256,1],"uv":{"south":{"uv":[0,0],"uv_size":[128,128]}}},{"origin":[128,-1280,-1],"size":[256,256,1],"uv":{"south":{"uv":[0,0],"uv_size":[128,128]}}},{"origin":[-128,-1280,-1],"size":[256,256,1],"uv":{"south":{"uv":[0,0],"uv_size":[128,128]}}},{"origin":[-384,-1280,-1],"size":[256,256,1],"uv":{"south":{"uv":[0,0],"uv_size":[128,128]}}},{"origin":[-640,-1280,-1],"size":[256,256,1],"uv":{"south":{"uv":[0,0],"uv_size":[128,128]}}},{"origin":[-640,-1024,-1],"size":[256,256,1],"uv":{"south":{"uv":[0,0],"uv_size":[128,128]}}},{"origin":[-640,-768,-1],"size":[256,256,1],"uv":{"south":{"uv":[0,0],"uv_size":[128,128]}}},{"origin":[-640,-512,-1],"size":[256,256,1],"uv":{"south":{"uv":[0,0],"uv_size":[128,128]}}},{"origin":[-640,-256,-1],"size":[256,256,1],"uv":{"south":{"uv":[0,0],"uv_size":[128,128]}}},{"origin":[-384,-256,-1],"size":[256,256,1],"uv":{"south":{"uv":[0,0],"uv_size":[128,128]}}},{"origin":[-128,-256,-1],"size":[256,256,1],"uv":{"south":{"uv":[0,0],"uv_size":[128,128]}}},{"origin":[128,-256,-1],"size":[256,256,1],"uv":{"south":{"uv":[0,0],"uv_size":[128,128]}}},{"origin":[384,-256,-1],"size":[256,256,1],"uv":{"south":{"uv":[0,0],"uv_size":[128,128]}}}]}]}]}