{"format_version":"1.12.0","minecraft:geometry":[{"description":{"identifier":"geometry.za_statue","texture_width":128,"texture_height":128,"visible_bounds_width":5,"visible_bounds_height":5,"visible_bounds_offset":[0,1.5,0]},"bones":[{"name":"waist","pivot":[0,11,19]},{"name":"body","parent":"waist","pivot":[0,25,17]},{"name":"bone5","parent":"body","pivot":[0,11.60313,19.022],"cubes":[{"origin":[-5,7.88743,10.12735],"size":[10,8,6],"pivot":[0,19.63743,13.12735],"rotation":[40,0,0],"uv":{"north":{"uv":[70,81],"uv_size":[10,8]},"east":{"uv":[64,81],"uv_size":[6,8]},"south":{"uv":[86,81],"uv_size":[10,8]},"west":{"uv":[80,81],"uv_size":[6,8]},"up":{"uv":[70,75],"uv_size":[10,6]},"down":{"uv":[80,81],"uv_size":[10,-6]}}},{"origin":[-4,15.28743,8.62735],"size":[8,5,5],"pivot":[0,21.43743,11.62735],"rotation":[40,0,0],"uv":{"north":{"uv":[107,106],"uv_size":[8,5]},"east":{"uv":[102,106],"uv_size":[5,5]},"south":{"uv":[120,106],"uv_size":[8,5]},"west":{"uv":[115,106],"uv_size":[5,5]},"up":{"uv":[107,101],"uv_size":[8,5]},"down":{"uv":[115,106],"uv_size":[8,-5]}}},{"origin":[4,19.15604,3.56657],"size":[5,7,9],"pivot":[6.5,22.65604,8.06657],"rotation":[57.89618,5.35355,8.45862],"uv":{"north":{"uv":[114,93],"uv_size":[-5,7]},"east":{"uv":[123,93],"uv_size":[-9,7]},"south":{"uv":[128,93],"uv_size":[-5,7]},"west":{"uv":[109,93],"uv_size":[-9,7]},"up":{"uv":[114,84],"uv_size":[-5,9]},"down":{"uv":[119,93],"uv_size":[-5,-9]}}},{"origin":[-9,19.15604,3.56657],"size":[5,7,9],"pivot":[-6.5,22.65604,8.06657],"rotation":[57.89618,-5.35355,-8.45862],"uv":{"north":{"uv":[74,98],"uv_size":[5,7]},"east":{"uv":[65,98],"uv_size":[9,7]},"south":{"uv":[88,98],"uv_size":[5,7]},"west":{"uv":[79,98],"uv_size":[9,7]},"up":{"uv":[74,89],"uv_size":[5,9]},"down":{"uv":[79,98],"uv_size":[5,-9]}}},{"origin":[-1,14.63505,18.30636],"size":[2,2,3],"pivot":[0,15.63505,20.20636],"rotation":[32.5,0,0],"uv":{"north":{"uv":[10,48],"uv_size":[2,2]},"east":{"uv":[7,48],"uv_size":[3,2]},"south":{"uv":[15,48],"uv_size":[2,2]},"west":{"uv":[12,48],"uv_size":[3,2]},"up":{"uv":[10,45],"uv_size":[2,3]},"down":{"uv":[12,48],"uv_size":[2,-3]}}},{"origin":[-1,16.66182,16.49453],"size":[2,2,3],"pivot":[0,17.66182,17.99453],"rotation":[47.5,0,0],"uv":{"north":{"uv":[10,38],"uv_size":[2,2]},"east":{"uv":[7,38],"uv_size":[3,2]},"south":{"uv":[15,38],"uv_size":[2,2]},"west":{"uv":[12,38],"uv_size":[3,2]},"up":{"uv":[10,35],"uv_size":[2,3]},"down":{"uv":[12,38],"uv_size":[2,-3]}}},{"origin":[-1,19.00456,14.10997],"size":[2,2,3],"pivot":[0,20.00456,16.10997],"rotation":[35,0,0],"uv":{"north":{"uv":[11,43],"uv_size":[2,2]},"east":{"uv":[8,43],"uv_size":[3,2]},"south":{"uv":[16,43],"uv_size":[2,2]},"west":{"uv":[13,43],"uv_size":[3,2]},"up":{"uv":[11,40],"uv_size":[2,3]},"down":{"uv":[13,43],"uv_size":[2,-3]}}},{"origin":[-1,22.98937,12.17916],"size":[2,2,3],"pivot":[0,24.48937,13.87916],"rotation":[52.5,0,0],"uv":{"north":{"uv":[3,41],"uv_size":[2,2]},"east":{"uv":[0,41],"uv_size":[3,2]},"south":{"uv":[8,41],"uv_size":[2,2]},"west":{"uv":[5,41],"uv_size":[3,2]},"up":{"uv":[3,38],"uv_size":[2,3]},"down":{"uv":[5,41],"uv_size":[2,-3]}}},{"origin":[-1,25.63299,9.8426],"size":[2,2,3],"pivot":[0,26.63299,11.7426],"rotation":[65,0,0],"uv":{"north":{"uv":[3,46],"uv_size":[2,2]},"east":{"uv":[0,46],"uv_size":[3,2]},"south":{"uv":[8,46],"uv_size":[2,2]},"west":{"uv":[5,46],"uv_size":[3,2]},"up":{"uv":[3,43],"uv_size":[2,3]},"down":{"uv":[5,46],"uv_size":[2,-3]}}},{"origin":[-1,24.82274,7.90172],"size":[2,2,3],"pivot":[0,26.12274,8.30172],"rotation":[80,0,0],"uv":{"north":{"uv":[3,51],"uv_size":[2,2]},"east":{"uv":[0,51],"uv_size":[3,2]},"south":{"uv":[8,51],"uv_size":[2,2]},"west":{"uv":[5,51],"uv_size":[3,2]},"up":{"uv":[3,48],"uv_size":[2,3]},"down":{"uv":[5,51],"uv_size":[2,-3]}}},{"origin":[-7,17.10313,6.022],"size":[14,9,8],"pivot":[0,21.60313,10.022],"rotation":[57.5,0,0],"uv":{"north":{"uv":[92,119],"uv_size":[14,9]},"east":{"uv":[84,119],"uv_size":[8,9]},"south":{"uv":[114,119],"uv_size":[14,9]},"west":{"uv":[106,119],"uv_size":[8,9]},"up":{"uv":[92,111],"uv_size":[14,8]},"down":{"uv":[106,119],"uv_size":[14,-8]}}}]},{"name":"head","parent":"bone5","pivot":[0,22,7],"rotation":[10,0,0],"cubes":[{"origin":[-4,18.2915,-4.7619],"size":[8,8,8],"uv":{"north":{"uv":[8,8],"uv_size":[8,8]},"east":{"uv":[0,8],"uv_size":[8,8]},"south":{"uv":[24,8],"uv_size":[8,8]},"west":{"uv":[16,8],"uv_size":[8,8]},"up":{"uv":[8,0],"uv_size":[8,8]},"down":{"uv":[16,8],"uv_size":[8,-8]}}},{"origin":[3.28865,23.83622,-7.41341],"size":[3,3,4],"pivot":[4.75532,26.20105,-8.5446],"rotation":[-6.13943,-24.35944,-4.90099],"uv":{"north":{"uv":[40,58],"uv_size":[3,3]},"east":{"uv":[36,58],"uv_size":[4,3]},"south":{"uv":[47,58],"uv_size":[3,3]},"west":{"uv":[43,58],"uv_size":[4,3]},"up":{"uv":[40,54],"uv_size":[3,4]},"down":{"uv":[43,58],"uv_size":[3,-4]}}},{"origin":[3.46563,24.9139,-10.71015],"size":[3,3,4],"pivot":[4.96563,26.1139,-8.91015],"rotation":[-32.31923,-25.28571,-8.04499],"uv":{"north":{"uv":[54,58],"uv_size":[3,3]},"east":{"uv":[50,58],"uv_size":[4,3]},"south":{"uv":[61,58],"uv_size":[3,3]},"west":{"uv":[57,58],"uv_size":[4,3]},"up":{"uv":[54,54],"uv_size":[3,4]},"down":{"uv":[57,58],"uv_size":[3,-4]}}},{"origin":[4.78321,29.02548,-13.15222],"size":[2,2,4],"pivot":[5.78321,28.62548,-11.15222],"rotation":[-78.63943,-24.35944,-4.90099],"uv":{"north":{"uv":[57,52],"uv_size":[2,2]},"east":{"uv":[53,52],"uv_size":[4,2]},"south":{"uv":[63,52],"uv_size":[2,2]},"west":{"uv":[59,52],"uv_size":[4,2]},"up":{"uv":[57,48],"uv_size":[2,4]},"down":{"uv":[59,52],"uv_size":[2,-4]}}},{"origin":[4.96597,32.61177,-13.466],"size":[1,1,3],"pivot":[2.56597,31.91177,-11.966],"rotation":[-106.13943,-24.35944,-4.90099],"uv":{"north":{"uv":[47,53],"uv_size":[1,1]},"east":{"uv":[44,53],"uv_size":[3,1]},"south":{"uv":[51,53],"uv_size":[1,1]},"west":{"uv":[48,53],"uv_size":[3,1]},"up":{"uv":[47,50],"uv_size":[1,3]},"down":{"uv":[48,53],"uv_size":[1,-3]}}},{"origin":[-3,19.2915,3.2381],"size":[6,6,5],"uv":{"north":{"uv":[45,121],"uv_size":[6,6]},"east":{"uv":[40,121],"uv_size":[5,6]},"south":{"uv":[56,121],"uv_size":[6,6]},"west":{"uv":[51,121],"uv_size":[5,6]},"up":{"uv":[45,116],"uv_size":[6,5]},"down":{"uv":[51,121],"uv_size":[6,-5]}}},{"origin":[-0.5,24.2915,3.7381],"size":[1,2,1],"uv":{"north":{"uv":[1,58],"uv_size":[1,2]},"east":{"uv":[0,58],"uv_size":[1,2]},"south":{"uv":[3,58],"uv_size":[1,2]},"west":{"uv":[2,58],"uv_size":[1,2]},"up":{"uv":[1,57],"uv_size":[1,1]},"down":{"uv":[2,58],"uv_size":[1,-1]}}},{"origin":[-0.5,24.0915,5.7381],"size":[1,2,1],"pivot":[0,25.2915,6.2381],"rotation":[-9,0,0],"uv":{"north":{"uv":[1,55],"uv_size":[1,2]},"east":{"uv":[0,55],"uv_size":[1,2]},"south":{"uv":[3,55],"uv_size":[1,2]},"west":{"uv":[2,55],"uv_size":[1,2]},"up":{"uv":[1,54],"uv_size":[1,1]},"down":{"uv":[2,55],"uv_size":[1,-1]}}}]},{"name":"bone","parent":"head","pivot":[0,18.2915,-0.4619],"rotation":[17.5,0,0],"cubes":[{"origin":[-3,16.2915,-4.9619],"size":[6,4,5],"uv":{"north":{"uv":[27,112],"uv_size":[6,4]},"east":{"uv":[22,112],"uv_size":[5,4]},"south":{"uv":[38,112],"uv_size":[6,4]},"west":{"uv":[33,112],"uv_size":[5,4]},"up":{"uv":[27,107],"uv_size":[6,5]},"down":{"uv":[33,112],"uv_size":[6,-5]}}}]},{"name":"bone2","parent":"bone5","pivot":[5.50944,17.0977,10.41014],"rotation":[32.5,0,10],"cubes":[{"origin":[5.67365,13.18019,1.45002],"size":[1,0,9],"pivot":[8.17365,15.68019,5.95002],"rotation":[57.89618,-5.35355,-8.45862],"uv":{"north":{"uv":[106,89],"uv_size":[1,0]},"east":{"uv":[97,89],"uv_size":[9,0]},"south":{"uv":[116,89],"uv_size":[1,0]},"west":{"uv":[107,89],"uv_size":[9,0]},"up":{"uv":[106,80],"uv_size":[1,9]},"down":{"uv":[107,89],"uv_size":[1,-9]}}}]},{"name":"bone3","parent":"bone5","pivot":[-3.49056,18.0977,8.41014],"rotation":[32.5,0,10],"cubes":[{"origin":[-3.32635,14.18019,-0.54998],"size":[1,0,9],"pivot":[-0.82635,16.68019,3.95002],"rotation":[57.89618,-5.35355,-8.45862],"uv":{"north":{"uv":[109,88],"uv_size":[1,0]},"east":{"uv":[100,88],"uv_size":[9,0]},"south":{"uv":[119,88],"uv_size":[1,0]},"west":{"uv":[110,88],"uv_size":[9,0]},"up":{"uv":[109,81],"uv_size":[1,9]},"down":{"uv":[110,90],"uv_size":[1,-9]}}}]},{"name":"rightArm2","parent":"bone5","pivot":[-9,23.4,10.1],"rotation":[0,17.5,132.5],"cubes":[{"origin":[-12.94111,14.72094,9.48478],"size":[4,9,4],"pivot":[-11.24111,19.22094,11.48478],"rotation":[22.5,0,0],"uv":{"north":{"uv":[44,116],"uv_size":[4,9]},"east":{"uv":[40,116],"uv_size":[4,9]},"south":{"uv":[52,116],"uv_size":[4,9]},"west":{"uv":[48,116],"uv_size":[4,9]},"up":{"uv":[44,112],"uv_size":[4,4]},"down":{"uv":[48,116],"uv_size":[4,-4]}}}]},{"name":"bone4","parent":"rightArm2","pivot":[-11.06915,15.23283,13.2529],"rotation":[-30,0,0],"cubes":[{"origin":[-13.17721,7.20853,10.43124],"size":[4,9,4],"pivot":[-11.17721,10.70853,12.43124],"rotation":[-59.51189,-75.4534,58.68934],"uv":{"north":{"uv":[51,79],"uv_size":[4,9]},"east":{"uv":[47,79],"uv_size":[4,9]},"south":{"uv":[59,79],"uv_size":[4,9]},"west":{"uv":[55,79],"uv_size":[4,9]},"up":{"uv":[51,75],"uv_size":[4,4]},"down":{"uv":[55,79],"uv_size":[4,-4]}}},{"origin":[-11.67859,6.05399,9.73601],"size":[3,3,2],"pivot":[-10.17859,7.55399,10.73601],"rotation":[-153.73318,-77.38982,149.27311],"uv":{"north":{"uv":[45,118],"uv_size":[3,3]},"east":{"uv":[43,118],"uv_size":[2,3]},"south":{"uv":[50,118],"uv_size":[3,3]},"west":{"uv":[48,118],"uv_size":[2,3]},"up":{"uv":[45,116],"uv_size":[3,2]},"down":{"uv":[48,118],"uv_size":[3,-2]}}},{"origin":[-12.53406,5.95447,12.88042],"size":[3,3,2],"pivot":[-11.03406,6.55447,13.88042],"rotation":[74.48906,-59.84816,-83.16495],"uv":{"north":{"uv":[47,117],"uv_size":[3,3]},"east":{"uv":[45,117],"uv_size":[2,3]},"south":{"uv":[52,117],"uv_size":[3,3]},"west":{"uv":[50,117],"uv_size":[2,3]},"up":{"uv":[47,115],"uv_size":[3,2]},"down":{"uv":[50,117],"uv_size":[3,-2]}}},{"origin":[-13.86915,5.93283,9.2529],"size":[3,3,2],"pivot":[-13.06915,7.43283,10.2529],"rotation":[-8.28665,-70.78845,3.37479],"uv":{"north":{"uv":[48,118],"uv_size":[3,3]},"east":{"uv":[46,118],"uv_size":[2,3]},"south":{"uv":[53,118],"uv_size":[3,3]},"west":{"uv":[51,118],"uv_size":[2,3]},"up":{"uv":[48,116],"uv_size":[3,2]},"down":{"uv":[51,118],"uv_size":[3,-2]}}}]},{"name":"rightArm","parent":"bone5","pivot":[-9,21.1,6.1],"rotation":[0,0,7.5],"cubes":[{"origin":[-14.24111,12.30679,5.76175],"size":[5,10,5],"pivot":[-11.17763,17.9245,9.6],"rotation":[22.5,0,0],"uv":{"north":{"uv":[5,79],"uv_size":[5,10]},"east":{"uv":[0,79],"uv_size":[5,10]},"south":{"uv":[15,79],"uv_size":[5,10]},"west":{"uv":[10,79],"uv_size":[5,10]},"up":{"uv":[5,74],"uv_size":[5,5]},"down":{"uv":[10,79],"uv_size":[5,-5]}}},{"origin":[-15.24111,16.42198,4.69001],"size":[7,6,6],"pivot":[-12.24111,19.42198,7.69001],"rotation":[21.80633,5.68422,-13.9042],"uv":{"north":{"uv":[71,112],"uv_size":[7,6]},"east":{"uv":[65,112],"uv_size":[6,6]},"south":{"uv":[84,112],"uv_size":[7,6]},"west":{"uv":[78,112],"uv_size":[6,6]},"up":{"uv":[71,106],"uv_size":[7,6]},"down":{"uv":[78,112],"uv_size":[7,-6]}}}]},{"name":"bone7","parent":"rightArm","pivot":[-11.06221,13.96761,10.58449],"cubes":[{"origin":[-14.78191,4.98976,4],"size":[7,9,7],"pivot":[-11.62074,3.04539,7.46858],"rotation":[-59.51189,-75.4534,58.68934],"uv":{"north":{"uv":[38,119],"uv_size":[7,9]},"east":{"uv":[31,119],"uv_size":[7,9]},"south":{"uv":[52,119],"uv_size":[7,9]},"west":{"uv":[45,119],"uv_size":[7,9]},"up":{"uv":[38,112],"uv_size":[7,7]},"down":{"uv":[45,119],"uv_size":[7,-7]}}},{"origin":[-14.78191,-0.01024,4],"size":[7,6,7],"pivot":[-11.62074,3.04539,7.46858],"rotation":[-1.23219,-85.17764,-0.39105],"uv":{"north":{"uv":[40,122],"uv_size":[7,6]},"east":{"uv":[33,122],"uv_size":[7,6]},"south":{"uv":[54,122],"uv_size":[7,6]},"west":{"uv":[47,122],"uv_size":[7,6]},"up":{"uv":[40,115],"uv_size":[7,7]},"down":{"uv":[47,122],"uv_size":[7,-7]}}},{"origin":[-10.88123,-0.02235,2.85932],"size":[4,4,3],"pivot":[-9.78123,0.47765,4.35932],"rotation":[-56.69685,-83.36172,51.5086],"uv":{"north":{"uv":[45,114],"uv_size":[4,4]},"east":{"uv":[42,114],"uv_size":[3,4]},"south":{"uv":[52,114],"uv_size":[4,4]},"west":{"uv":[49,114],"uv_size":[3,4]},"up":{"uv":[45,111],"uv_size":[4,3]},"down":{"uv":[49,114],"uv_size":[4,-3]}}},{"origin":[-15.7238,-0.40666,3.77865],"size":[4,4,3],"pivot":[-13.7238,1.29334,5.67865],"rotation":[-22.6744,-82.93326,18.06315],"uv":{"north":{"uv":[51,79],"uv_size":[4,4]},"east":{"uv":[48,79],"uv_size":[3,4]},"south":{"uv":[58,79],"uv_size":[4,4]},"west":{"uv":[55,79],"uv_size":[3,4]},"up":{"uv":[51,76],"uv_size":[4,3]},"down":{"uv":[55,79],"uv_size":[4,-3]}}},{"origin":[-12.96221,-0.23239,9.08449],"size":[3,3,3],"pivot":[-11.06221,0.96761,10.58449],"rotation":[28.59327,-81.2002,-35.53885],"uv":{"north":{"uv":[51,79],"uv_size":[3,3]},"east":{"uv":[48,79],"uv_size":[3,3]},"south":{"uv":[57,79],"uv_size":[3,3]},"west":{"uv":[54,79],"uv_size":[3,3]},"up":{"uv":[51,76],"uv_size":[3,3]},"down":{"uv":[54,79],"uv_size":[3,-3]}}}]},{"name":"leftArm","parent":"bone5","pivot":[9,21.1,6.1],"rotation":[0,0,-7.5],"cubes":[{"origin":[9.24111,12.30679,5.76175],"size":[5,10,5],"pivot":[11.17763,17.9245,9.6],"rotation":[22.5,0,0],"uv":{"north":{"uv":[10,79],"uv_size":[-5,10]},"east":{"uv":[15,79],"uv_size":[-5,10]},"south":{"uv":[20,79],"uv_size":[-5,10]},"west":{"uv":[5,79],"uv_size":[-5,10]},"up":{"uv":[10,74],"uv_size":[-5,5]},"down":{"uv":[15,79],"uv_size":[-5,-5]}}},{"origin":[8.24111,16.42198,4.69001],"size":[7,6,6],"pivot":[12.24111,19.42198,7.69001],"rotation":[21.80633,-5.68422,13.9042],"uv":{"north":{"uv":[78,112],"uv_size":[-7,6]},"east":{"uv":[84,112],"uv_size":[-6,6]},"south":{"uv":[91,112],"uv_size":[-7,6]},"west":{"uv":[71,112],"uv_size":[-6,6]},"up":{"uv":[78,106],"uv_size":[-7,6]},"down":{"uv":[85,112],"uv_size":[-7,-6]}}},{"origin":[9.25935,20.77202,2.26096],"size":[9,4,8],"pivot":[13.75935,22.87202,6.26096],"rotation":[22.5,0,0],"uv":{"north":{"uv":[45,42],"uv_size":[-9,4]},"east":{"uv":[53,42],"uv_size":[-8,4]},"south":{"uv":[62,42],"uv_size":[-9,4]},"west":{"uv":[63,36],"uv_size":[-8,4]},"up":{"uv":[45,34],"uv_size":[-9,8]},"down":{"uv":[54,42],"uv_size":[-9,-8]}}}]},{"name":"bone6","parent":"leftArm","pivot":[11.06221,13.96761,10.58449],"cubes":[{"origin":[7.78191,4.98976,4],"size":[7,9,7],"pivot":[11.62074,3.04539,7.46858],"rotation":[-59.51189,75.4534,-58.68934],"uv":{"north":{"uv":[35,82],"uv_size":[-7,9]},"east":{"uv":[42,82],"uv_size":[-7,9]},"south":{"uv":[49,82],"uv_size":[-7,9]},"west":{"uv":[28,82],"uv_size":[-7,9]},"up":{"uv":[35,75],"uv_size":[-7,7]},"down":{"uv":[42,82],"uv_size":[-7,-7]}}},{"origin":[7.78191,-0.01024,4],"size":[7,6,7],"pivot":[11.62074,3.04539,7.46858],"rotation":[-1.23219,85.17764,0.39105],"uv":{"north":{"uv":[35,82],"uv_size":[-7,6]},"east":{"uv":[42,82],"uv_size":[-7,6]},"south":{"uv":[49,82],"uv_size":[-7,6]},"west":{"uv":[28,82],"uv_size":[-7,6]},"up":{"uv":[35,75],"uv_size":[-7,7]},"down":{"uv":[42,82],"uv_size":[-7,-7]}}},{"origin":[11.7238,-0.40666,3.77865],"size":[4,4,3],"pivot":[13.7238,1.29334,5.67865],"rotation":[-22.6744,82.93326,-18.06315],"uv":{"north":{"uv":[54,77],"uv_size":[-4,4]},"east":{"uv":[57,77],"uv_size":[-3,4]},"south":{"uv":[61,77],"uv_size":[-4,4]},"west":{"uv":[50,77],"uv_size":[-3,4]},"up":{"uv":[54,74],"uv_size":[-4,3]},"down":{"uv":[58,77],"uv_size":[-4,-3]}}},{"origin":[6.88123,-0.02235,2.85932],"size":[4,4,3],"pivot":[9.78123,0.47765,4.35932],"rotation":[-56.69685,83.36172,-51.5086],"uv":{"north":{"uv":[49,123],"uv_size":[-4,4]},"east":{"uv":[52,123],"uv_size":[-3,4]},"south":{"uv":[56,123],"uv_size":[-4,4]},"west":{"uv":[45,123],"uv_size":[-3,4]},"up":{"uv":[49,120],"uv_size":[-4,3]},"down":{"uv":[53,123],"uv_size":[-4,-3]}}},{"origin":[9.96221,-0.23239,9.08449],"size":[3,3,3],"pivot":[11.06221,0.96761,10.58449],"rotation":[28.59327,81.2002,35.53885],"uv":{"north":{"uv":[52,78],"uv_size":[-3,3]},"east":{"uv":[55,78],"uv_size":[-3,3]},"south":{"uv":[58,78],"uv_size":[-3,3]},"west":{"uv":[49,78],"uv_size":[-3,3]},"up":{"uv":[52,75],"uv_size":[-3,3]},"down":{"uv":[55,78],"uv_size":[-3,-3]}}}]},{"name":"rightLeg","parent":"body","pivot":[-2.5,12,18.6],"rotation":[-28.07555,11.0311,19.7339],"cubes":[{"origin":[-4.49779,-1.80001,18.10039],"size":[5,8,5],"pivot":[-2.5,3,18.6],"rotation":[30.48124,9.84655,-17.49524],"uv":{"north":{"uv":[26,66],"uv_size":[5,8]},"east":{"uv":[21,66],"uv_size":[5,8]},"south":{"uv":[36,66],"uv_size":[5,8]},"west":{"uv":[31,66],"uv_size":[5,8]},"up":{"uv":[26,61],"uv_size":[5,5]},"down":{"uv":[31,66],"uv_size":[5,-5]}}},{"origin":[-5.14958,5.19927,16.6866],"size":[5,7,5],"uv":{"north":{"uv":[41,99],"uv_size":[5,7]},"east":{"uv":[36,99],"uv_size":[5,7]},"south":{"uv":[51,99],"uv_size":[5,7]},"west":{"uv":[46,99],"uv_size":[5,7]},"up":{"uv":[41,94],"uv_size":[5,5]},"down":{"uv":[46,99],"uv_size":[5,-5]}}},{"origin":[-0.10569,-2.50241,18.5104],"size":[3,3,3],"pivot":[-1.6919,-1.3203,18.47914],"rotation":[31.93488,2.86313,-22.32648],"uv":{"north":{"uv":[25,39],"uv_size":[3,3]},"east":{"uv":[22,39],"uv_size":[3,3]},"south":{"uv":[31,39],"uv_size":[3,3]},"west":{"uv":[28,39],"uv_size":[3,3]},"up":{"uv":[25,36],"uv_size":[3,3]},"down":{"uv":[28,39],"uv_size":[3,-3]}}},{"origin":[-3.98893,-2.60895,19.06188],"size":[3,3,4],"pivot":[-1.6919,-1.3203,18.47914],"rotation":[32.89781,13.42771,-15.56684],"uv":{"north":{"uv":[25,56],"uv_size":[3,3]},"east":{"uv":[21,56],"uv_size":[4,3]},"south":{"uv":[32,56],"uv_size":[3,3]},"west":{"uv":[28,56],"uv_size":[4,3]},"up":{"uv":[25,52],"uv_size":[3,4]},"down":{"uv":[28,56],"uv_size":[3,-4]}}}]},{"name":"leftLeg","parent":"body","pivot":[2.5,12,18.6],"rotation":[-28.07555,-11.0311,-19.7339],"cubes":[{"origin":[-0.50221,-1.80001,18.10039],"size":[5,8,5],"pivot":[2.5,3,18.6],"rotation":[30.48124,-9.84655,17.49524],"uv":{"north":{"uv":[10,66],"uv_size":[-5,8]},"east":{"uv":[15,66],"uv_size":[-5,8]},"south":{"uv":[20,66],"uv_size":[-5,8]},"west":{"uv":[5,66],"uv_size":[-5,8]},"up":{"uv":[10,61],"uv_size":[-5,5]},"down":{"uv":[15,66],"uv_size":[-5,-5]}}},{"origin":[0.14958,5.19927,16.6866],"size":[5,7,5],"uv":{"north":{"uv":[11,108],"uv_size":[-5,7]},"east":{"uv":[16,108],"uv_size":[-5,7]},"south":{"uv":[21,108],"uv_size":[-5,7]},"west":{"uv":[6,108],"uv_size":[-5,7]},"up":{"uv":[11,103],"uv_size":[-5,5]},"down":{"uv":[16,108],"uv_size":[-5,-5]}}},{"origin":[-1.98831,-0.31705,18.23414],"size":[3,3,4],"pivot":[-0.78177,0.97596,20.20192],"rotation":[31.95709,3.50352,26.2929],"uv":{"north":{"uv":[28,47],"uv_size":[-3,3]},"east":{"uv":[32,47],"uv_size":[-4,3]},"south":{"uv":[35,47],"uv_size":[-3,3]},"west":{"uv":[25,47],"uv_size":[-4,3]},"up":{"uv":[28,43],"uv_size":[-3,4]},"down":{"uv":[31,47],"uv_size":[-3,-4]}}},{"origin":[0.95896,-1.61186,19.67309],"size":[3,3,4],"pivot":[3.00773,-0.78464,20.99651],"rotation":[34.13062,-19.68391,11.24872],"uv":{"north":{"uv":[28,56],"uv_size":[-3,3]},"east":{"uv":[32,56],"uv_size":[-4,3]},"south":{"uv":[35,56],"uv_size":[-3,3]},"west":{"uv":[25,56],"uv_size":[-4,3]},"up":{"uv":[28,52],"uv_size":[-3,4]},"down":{"uv":[31,56],"uv_size":[-3,-4]}}}]},{"name":"1","pivot":[0,0,5]},{"name":"leftLeg2","parent":"1","pivot":[-0.9,6,-18.7],"rotation":[30,0,0],"cubes":[{"origin":[-1.9,0,-19.7],"size":[2,6,2],"uv":{"north":{"uv":[92,52],"uv_size":[4,12]},"east":{"uv":[88,52],"uv_size":[4,12]},"south":{"uv":[84,52],"uv_size":[4,12]},"west":{"uv":[80,52],"uv_size":[4,12]},"up":{"uv":[88,52],"uv_size":[-4,-4]},"down":{"uv":[92,52],"uv_size":[-4,-4]}}},{"origin":[-1.9,0,-19.7],"size":[2,6,2],"uv":{"north":{"uv":[76,52],"uv_size":[4,12]},"east":{"uv":[72,52],"uv_size":[4,12]},"south":{"uv":[68,52],"uv_size":[4,12]},"west":{"uv":[64,52],"uv_size":[4,12]},"up":{"uv":[72,64],"uv_size":[-4,-12]},"down":{"uv":[76,52],"uv_size":[-4,-4]}}}]},{"name":"rightLeg2","parent":"1","pivot":[0.9,6,-19.4],"rotation":[-22.5,0,0],"cubes":[{"origin":[-0.1,0,-20.4],"size":[2,6,2],"uv":{"north":{"uv":[76,20],"uv_size":[4,12]},"east":{"uv":[76,20],"uv_size":[-4,12]},"south":{"uv":[68,20],"uv_size":[4,12]},"west":{"uv":[68,20],"uv_size":[-4,12]},"up":{"uv":[72,16],"uv_size":[-4,4]},"down":{"uv":[76,16],"uv_size":[-4,4]}}},{"origin":[-0.1,0,-20.4],"size":[2,6,2],"uv":{"north":{"uv":[76,36],"uv_size":[4,12]},"east":{"uv":[76,36],"uv_size":[-4,12]},"south":{"uv":[68,36],"uv_size":[4,12]},"west":{"uv":[68,36],"uv_size":[-4,12]},"up":{"uv":[72,16],"uv_size":[-4,4]},"down":{"uv":[76,32],"uv_size":[-4,4]}}}]},{"name":"bone8","parent":"1","pivot":[0,6,-19],"rotation":[-12.5,0,0]},{"name":"rightArm3","parent":"bone8","pivot":[2,11,-19],"rotation":[0,112.5,-55],"cubes":[{"origin":[1,5,-20],"size":[2,6,2],"uv":{"north":{"uv":[112,20],"uv_size":[-4,12]},"east":{"uv":[116,20],"uv_size":[-4,12]},"south":{"uv":[120,20],"uv_size":[-4,12]},"west":{"uv":[108,20],"uv_size":[-4,12]},"up":{"uv":[112,16],"uv_size":[-4,4]},"down":{"uv":[116,16],"uv_size":[-4,4]}}},{"origin":[1,5,-20],"size":[2,6,2],"uv":{"north":{"uv":[116,36],"uv_size":[4,12]},"east":{"uv":[116,36],"uv_size":[-4,12]},"south":{"uv":[108,36],"uv_size":[4,12]},"west":{"uv":[104,36],"uv_size":[4,12]},"up":{"uv":[116,16],"uv_size":[4,4]},"down":{"uv":[116,16],"uv_size":[4,4]}}}]},{"name":"Sword4","parent":"rightArm3","pivot":[1.83689,6.57127,-14.87214],"rotation":[-37.43433,-4.35944,-12.07731],"cubes":[{"origin":[1.58689,8.95285,-11.34582],"size":[0.5,1.5,0.5],"uv":{"north":{"uv":[106,64],"uv_size":[1,2]},"east":{"uv":[103,64],"uv_size":[1,3]},"south":{"uv":[103,64],"uv_size":[1,3]},"west":{"uv":[103,64],"uv_size":[1,3]},"up":{"uv":[101,65],"uv_size":[-1,-1]},"down":{"uv":[99,71],"uv_size":[-1,-1]}}},{"origin":[1.58689,3.45285,-14.84582],"size":[0.5,1.5,0.5],"uv":{"north":{"uv":[98,68],"uv_size":[1,3]},"east":{"uv":[98,68],"uv_size":[1,3]},"south":{"uv":[98,68],"uv_size":[1,3]},"west":{"uv":[98,68],"uv_size":[1,3]},"up":{"uv":[99,69],"uv_size":[-1,-1]},"down":{"uv":[99,71],"uv_size":[-1,-1]}}},{"origin":[1.58689,4.95285,-16.34582],"size":[0.5,2,0.5],"uv":{"north":{"uv":[103,66],"uv_size":[1,4]},"east":{"uv":[103,66],"uv_size":[1,4]},"south":{"uv":[103,66],"uv_size":[1,4]},"west":{"uv":[103,66],"uv_size":[1,4]},"up":{"uv":[104,67],"uv_size":[-1,-1]},"down":{"uv":[104,70],"uv_size":[-1,-1]}}},{"origin":[1.58689,4.45285,-16.84582],"size":[0.5,3,0.5],"uv":{"north":{"uv":[96,64],"uv_size":[1,6]},"east":{"uv":[96,64],"uv_size":[1,6]},"south":{"uv":[96,64],"uv_size":[1,6]},"west":{"uv":[96,64],"uv_size":[1,6]},"up":{"uv":[97,65],"uv_size":[-1,-1]},"down":{"uv":[97,70],"uv_size":[-1,-1]}}},{"origin":[1.58689,3.95285,-17.34582],"size":[0.5,1.5,0.5],"uv":{"north":{"uv":[101,69],"uv_size":[1,3]},"east":{"uv":[101,69],"uv_size":[1,3]},"south":{"uv":[101,69],"uv_size":[1,3]},"west":{"uv":[101,69],"uv_size":[1,3]},"up":{"uv":[102,70],"uv_size":[-1,-1]},"down":{"uv":[102,72],"uv_size":[-1,-1]}}},{"origin":[1.58689,2.95285,-17.84582],"size":[0.5,2,0.5],"uv":{"north":{"uv":[100,69],"uv_size":[1,4]},"east":{"uv":[100,69],"uv_size":[1,4]},"south":{"uv":[100,69],"uv_size":[1,4]},"west":{"uv":[100,69],"uv_size":[1,4]},"up":{"uv":[101,70],"uv_size":[-1,-1]},"down":{"uv":[101,73],"uv_size":[-1,-1]}}},{"origin":[1.58689,2.95285,-18.84582],"size":[0.5,1.5,1],"uv":{"north":{"uv":[98,71],"uv_size":[1,3]},"east":{"uv":[98,71],"uv_size":[2,3]},"south":{"uv":[99,71],"uv_size":[1,3]},"west":{"uv":[98,71],"uv_size":[2,3]},"up":{"uv":[100,72],"uv_size":[-2,-1]},"down":{"uv":[100,74],"uv_size":[-2,-1]}}},{"origin":[1.58689,5.95285,-17.34582],"size":[0.5,2,0.5],"uv":{"north":{"uv":[102,68],"uv_size":[1,4]},"east":{"uv":[102,68],"uv_size":[1,4]},"south":{"uv":[102,68],"uv_size":[1,4]},"west":{"uv":[102,68],"uv_size":[1,4]},"up":{"uv":[103,72],"uv_size":[-1,-1]},"down":{"uv":[103,72],"uv_size":[-1,-1]}}},{"origin":[1.58689,6.95285,-17.84582],"size":[0.5,1,0.5],"uv":{"north":{"uv":[102,70],"uv_size":[1,2]},"east":{"uv":[102,70],"uv_size":[1,2]},"south":{"uv":[102,70],"uv_size":[1,2]},"west":{"uv":[102,70],"uv_size":[1,2]},"up":{"uv":[103,71],"uv_size":[-1,-1]},"down":{"uv":[103,71],"uv_size":[-1,-1]}}},{"origin":[1.58689,3.45285,-14.34582],"size":[0.5,1,0.5],"uv":{"north":{"uv":[103,65],"uv_size":[1,2]},"east":{"uv":[103,65],"uv_size":[1,2]},"south":{"uv":[103,65],"uv_size":[1,2]},"west":{"uv":[103,65],"uv_size":[1,2]},"up":{"uv":[104,67],"uv_size":[-1,-2]},"down":{"uv":[104,67],"uv_size":[-1,-2]}}},{"origin":[1.58689,8.45285,-11.84582],"size":[0.5,2,0.5],"uv":{"north":{"uv":[106,64],"uv_size":[1,3]},"east":{"uv":[102,64],"uv_size":[1,4]},"south":{"uv":[102,64],"uv_size":[1,4]},"west":{"uv":[102,64],"uv_size":[1,4]},"up":{"uv":[101,65],"uv_size":[-1,-1]},"down":{"uv":[99,71],"uv_size":[-1,-1]}}},{"origin":[1.58689,7.95285,-12.34582],"size":[0.5,2.5,0.5],"uv":{"north":{"uv":[101,64],"uv_size":[1,5]},"east":{"uv":[101,64],"uv_size":[1,5]},"south":{"uv":[102,64],"uv_size":[1,4]},"west":{"uv":[101,64],"uv_size":[1,5]},"up":{"uv":[101,65],"uv_size":[-1,-1]},"down":{"uv":[99,71],"uv_size":[-1,-1]}}},{"origin":[1.58689,7.45285,-12.84582],"size":[0.5,2.5,0.5],"uv":{"north":{"uv":[100,64],"uv_size":[1,5]},"east":{"uv":[100,64],"uv_size":[1,5]},"south":{"uv":[100,64],"uv_size":[1,5]},"west":{"uv":[100,64],"uv_size":[1,5]},"up":{"uv":[101,65],"uv_size":[-1,-1]},"down":{"uv":[101,65],"uv_size":[-1,-1]}}},{"origin":[1.58689,6.95285,-13.34582],"size":[0.5,2.5,0.5],"uv":{"north":{"uv":[100,64],"uv_size":[1,5]},"east":{"uv":[100,64],"uv_size":[1,5]},"south":{"uv":[100,64],"uv_size":[1,5]},"west":{"uv":[100,64],"uv_size":[1,5]},"up":{"uv":[101,65],"uv_size":[-1,-1]},"down":{"uv":[101,65],"uv_size":[-1,-1]}}},{"origin":[1.58689,6.45285,-13.84582],"size":[0.5,2.5,0.5],"uv":{"north":{"uv":[100,64],"uv_size":[1,5]},"east":{"uv":[100,64],"uv_size":[1,5]},"south":{"uv":[100,64],"uv_size":[1,5]},"west":{"uv":[100,64],"uv_size":[1,5]},"up":{"uv":[101,65],"uv_size":[-1,-1]},"down":{"uv":[101,65],"uv_size":[-1,-1]}}},{"origin":[1.58689,5.95285,-14.34582],"size":[0.5,2.5,0.5],"uv":{"north":{"uv":[99,64],"uv_size":[1,5]},"east":{"uv":[99,64],"uv_size":[1,5]},"south":{"uv":[99,64],"uv_size":[1,5]},"west":{"uv":[99,64],"uv_size":[1,5]},"up":{"uv":[101,65],"uv_size":[-1,-1]},"down":{"uv":[101,65],"uv_size":[-1,-1]}}},{"origin":[1.58689,5.45285,-14.84582],"size":[0.5,2.5,0.5],"uv":{"north":{"uv":[99,64],"uv_size":[1,5]},"east":{"uv":[99,64],"uv_size":[1,5]},"south":{"uv":[99,64],"uv_size":[1,5]},"west":{"uv":[99,64],"uv_size":[1,5]},"up":{"uv":[101,65],"uv_size":[-1,-1]},"down":{"uv":[101,65],"uv_size":[-1,-1]}}},{"origin":[1.58689,3.95285,-15.34582],"size":[0.5,3.5,0.5],"uv":{"north":{"uv":[98,64],"uv_size":[1,7]},"east":{"uv":[98,64],"uv_size":[1,7]},"south":{"uv":[98,64],"uv_size":[1,7]},"west":{"uv":[98,64],"uv_size":[1,7]},"up":{"uv":[99,65],"uv_size":[-1,-1]},"down":{"uv":[99,71],"uv_size":[-1,-1]}}},{"origin":[1.58689,3.95285,-15.84582],"size":[0.5,3,0.5],"uv":{"north":{"uv":[97,64],"uv_size":[1,6]},"east":{"uv":[97,64],"uv_size":[1,6]},"south":{"uv":[97,64],"uv_size":[1,6]},"west":{"uv":[97,64],"uv_size":[1,6]},"up":{"uv":[98,65],"uv_size":[-1,-1]},"down":{"uv":[98,70],"uv_size":[-1,-1]}}}]},{"name":"bone9","parent":"Sword4","pivot":[-31.9227,-45.47314,17.46783]},{"name":"LeftLeg6","parent":"bone9","pivot":[-30.0227,-33.47314,17.46783],"rotation":[-10,0,-2]},{"name":"RightLeg6","parent":"bone9","pivot":[-33.8227,-33.47314,17.46783],"rotation":[11,0,2]},{"name":"Body7","parent":"bone9","pivot":[-31.9227,-21.47314,17.46783]},{"name":"LeftArm7","parent":"bone9","pivot":[-26.9227,-23.47314,17.46783],"rotation":[12,0,0]},{"name":"RightArm7","parent":"bone9","pivot":[-36.9227,-23.47314,17.46783],"rotation":[-10,0,0]},{"name":"Head7","parent":"bone9","pivot":[-31.9227,-21.47314,17.46783],"rotation":[-6,5,0]},{"name":"leftArm2","parent":"bone8","pivot":[-3,11,-20],"rotation":[100,-17.5,0],"cubes":[{"origin":[-4,5,-21],"size":[2,6,2],"uv":{"north":{"uv":[108,52],"uv_size":[4,12]},"east":{"uv":[104,52],"uv_size":[4,12]},"south":{"uv":[100,52],"uv_size":[4,12]},"west":{"uv":[96,52],"uv_size":[4,12]},"up":{"uv":[100,52],"uv_size":[4,-4]},"down":{"uv":[104,52],"uv_size":[4,-4]}}},{"origin":[-4,5,-21],"size":[2,6,2],"uv":{"north":{"uv":[108,36],"uv_size":[4,12]},"east":{"uv":[104,36],"uv_size":[4,12]},"south":{"uv":[116,36],"uv_size":[4,12]},"west":{"uv":[112,36],"uv_size":[4,12]},"up":{"uv":[116,16],"uv_size":[4,4]},"down":{"uv":[116,16],"uv_size":[4,4]}}}]},{"name":"body2","parent":"bone8","pivot":[0,24,5],"cubes":[{"origin":[-2,6,-20],"size":[4,6,2],"uv":{"north":{"uv":[104,20],"uv_size":[-8,12]},"east":{"uv":[96,20],"uv_size":[-4,12]},"south":{"uv":[92,20],"uv_size":[-8,12]},"west":{"uv":[84,20],"uv_size":[-4,12]},"up":{"uv":[92,48],"uv_size":[-8,4]},"down":{"uv":[100,52],"uv_size":[-8,-4]}}}]},{"name":"head2","parent":"bone8","pivot":[0,12,-19],"rotation":[22.5,0,0],"cubes":[{"origin":[-2,12,-21],"size":[4,4,4],"uv":{"north":{"uv":[96,8],"uv_size":[-8,8]},"east":{"uv":[88,8],"uv_size":[-8,8]},"south":{"uv":[80,8],"uv_size":[-8,8]},"west":{"uv":[72,8],"uv_size":[-8,8]},"up":{"uv":[72,8],"uv_size":[8,-8]},"down":{"uv":[80,8],"uv_size":[8,-8]}}},{"origin":[-2,12,-21],"size":[4,4,4],"inflate":0.25,"uv":{"north":{"uv":[120,8],"uv_size":[8,8]},"east":{"uv":[112,8],"uv_size":[8,8]},"south":{"uv":[104,8],"uv_size":[8,8]},"west":{"uv":[96,8],"uv_size":[8,8]},"up":{"uv":[112,8],"uv_size":[-8,-8]},"down":{"uv":[120,0],"uv_size":[-8,8]}}}]}]}]}