{"format_version":"1.12.0","minecraft:geometry":[{"description":{"identifier":"geometry.iron_hologram","texture_width":32,"texture_height":32,"visible_bounds_width":2,"visible_bounds_height":2.5,"visible_bounds_offset":[0,0.75,0]},"bones":[{"name":"all","pivot":[0,0,0]},{"name":"body","parent":"all","pivot":[0,9,0],"cubes":[{"origin":[-4,17,-1],"size":[3,1,1],"uv":[12,26]},{"origin":[-1,9,-1],"size":[3,1,1],"uv":[4,26]},{"origin":[4,18,-1],"size":[1,1,1],"uv":[4,30]},{"origin":[5,11,-1],"size":[2,1,1],"uv":[4,28]},{"origin":[7,12,-1],"size":[1,4,1],"uv":[20,26]},{"origin":[5,17,-1],"size":[1,1,1],"uv":[28,29]},{"origin":[2,19,-1],"size":[2,1,1],"uv":[24,27]},{"origin":[-5,8,-1],"size":[4,1,1],"uv":[0,24]},{"origin":[-6,9,-1],"size":[1,1,1],"uv":[24,29]},{"origin":[-7,10,-1],"size":[1,1,1],"uv":[14,28]},{"origin":[-8,11,-1],"size":[1,5,1],"uv":[0,26]},{"origin":[6,16,-1],"size":[1,1,1],"uv":[10,28]},{"origin":[2,10,-1],"size":[3,1,1],"uv":[25,25]},{"origin":[-1,18,-1],"size":[3,1,1],"uv":[18,24]},{"origin":[-7,16,-1],"size":[3,1,1],"uv":[10,24]},{"origin":[-8,8,-1.001],"size":[16,12,0],"uv":[0,12]},{"origin":[-8,8,0.001],"size":[16,12,0],"uv":[0,12]}],"locators":{"iron_holo":[0,14,0]}}]}]}