{
	"format_version": "1.8.0",
	"animations": {
		"animation.hagrid.idle": {
			"loop": true,
			"animation_length": 3,
			"bones": {
				"leftArm": {
					"rotation": {
						"0.0": [2.5, 0, 0],
						"1.5": [0, 0, 0],
						"3.0": [2.5, 0, 0]
					}
				},
				"rightArm": {
					"rotation": {
						"0.0": [2.5, 0, 0],
						"1.5": [0, 0, 0],
						"3.0": [2.5, 0, 0]
					}
				},
				"lamp": {
					"rotation": {
						"0.0": [2.5, 0, 0],
						"1.5": [0, 0, 0],
						"3.0": [2.5, 0, 0]
					}
				}
			}
		}
	}
}