{"format_version":"1.12.0","minecraft:geometry":[{"description":{"identifier":"geometry.lava_survival","texture_width":128,"texture_height":128,"visible_bounds_width":9,"visible_bounds_height":13,"visible_bounds_offset":[0,5.5,0]},"bones":[{"name":"all","pivot":[0,0,0]},{"name":"lava","parent":"all","pivot":[0,0,0],"cubes":[{"origin":[-48,0,16],"size":[16,16,16],"uv":{"east":{"uv":[96,112],"uv_size":[16,16]},"down":{"uv":[112,128],"uv_size":[-16,-16]}}},{"origin":[-48,0,32],"size":[16,16,16],"uv":{"east":{"uv":[96,112],"uv_size":[16,16]},"south":{"uv":[96,112],"uv_size":[16,16]},"down":{"uv":[112,128],"uv_size":[-16,-16]}}},{"origin":[-48,0,0],"size":[16,16,16],"uv":{"east":{"uv":[96,112],"uv_size":[16,16]},"down":{"uv":[112,128],"uv_size":[-16,-16]}}},{"origin":[-48,0,-16],"size":[16,16,16],"uv":{"east":{"uv":[96,112],"uv_size":[16,16]},"down":{"uv":[112,128],"uv_size":[-16,-16]}}},{"origin":[-48,0,-32],"size":[16,16,16],"uv":{"east":{"uv":[96,112],"uv_size":[16,16]},"down":{"uv":[112,128],"uv_size":[-16,-16]}}},{"origin":[-48,0,-48],"size":[16,16,16],"uv":{"north":{"uv":[96,112],"uv_size":[16,16]},"east":{"uv":[96,112],"uv_size":[16,16]},"down":{"uv":[112,128],"uv_size":[-16,-16]}}},{"origin":[-32,0,16],"size":[16,16,16],"uv":{"down":{"uv":[112,128],"uv_size":[-16,-16]}}},{"origin":[-32,0,0],"size":[16,16,16],"uv":{"down":{"uv":[112,128],"uv_size":[-16,-16]}}},{"origin":[-32,0,-16],"size":[16,16,16],"uv":{"down":{"uv":[112,128],"uv_size":[-16,-16]}}},{"origin":[-32,0,-32],"size":[16,16,16],"uv":{"down":{"uv":[112,128],"uv_size":[-16,-16]}}},{"origin":[-32,0,-48],"size":[16,16,16],"uv":{"north":{"uv":[96,112],"uv_size":[16,16]},"down":{"uv":[112,128],"uv_size":[-16,-16]}}},{"origin":[-32,0,32],"size":[16,16,16],"uv":{"south":{"uv":[96,112],"uv_size":[16,16]},"down":{"uv":[112,128],"uv_size":[-16,-16]}}},{"origin":[-16,0,32],"size":[16,16,16],"uv":{"south":{"uv":[96,112],"uv_size":[16,16]},"down":{"uv":[112,128],"uv_size":[-16,-16]}}},{"origin":[-16,0,-48],"size":[16,16,16],"uv":{"north":{"uv":[96,112],"uv_size":[16,16]},"down":{"uv":[112,128],"uv_size":[-16,-16]}}},{"origin":[-16,0,-32],"size":[16,16,16],"uv":{"down":{"uv":[112,128],"uv_size":[-16,-16]}}},{"origin":[-16,0,-16],"size":[16,16,16],"uv":{"down":{"uv":[112,128],"uv_size":[-16,-16]}}},{"origin":[-16,0,0],"size":[16,16,16],"uv":{"down":{"uv":[112,128],"uv_size":[-16,-16]}}},{"origin":[-16,0,16],"size":[16,16,16],"uv":{"down":{"uv":[112,128],"uv_size":[-16,-16]}}},{"origin":[0,0,32],"size":[16,16,16],"uv":{"south":{"uv":[96,112],"uv_size":[16,16]},"down":{"uv":[112,128],"uv_size":[-16,-16]}}},{"origin":[0,0,-48],"size":[16,16,16],"uv":{"north":{"uv":[96,112],"uv_size":[16,16]},"down":{"uv":[112,128],"uv_size":[-16,-16]}}},{"origin":[0,0,-32],"size":[16,16,16],"uv":{"down":{"uv":[112,128],"uv_size":[-16,-16]}}},{"origin":[0,0,-16],"size":[16,16,16],"uv":{"down":{"uv":[112,128],"uv_size":[-16,-16]}}},{"origin":[0,0,0],"size":[16,16,16],"uv":{"down":{"uv":[112,128],"uv_size":[-16,-16]}}},{"origin":[0,0,16],"size":[16,16,16],"uv":{"down":{"uv":[112,128],"uv_size":[-16,-16]}}},{"origin":[16,0,32],"size":[16,16,16],"uv":{"south":{"uv":[96,112],"uv_size":[16,16]},"down":{"uv":[112,128],"uv_size":[-16,-16]}}},{"origin":[16,0,-48],"size":[16,16,16],"uv":{"north":{"uv":[96,112],"uv_size":[16,16]},"down":{"uv":[112,128],"uv_size":[-16,-16]}}},{"origin":[16,0,-32],"size":[16,16,16],"uv":{"down":{"uv":[112,128],"uv_size":[-16,-16]}}},{"origin":[16,0,-16],"size":[16,16,16],"uv":{"down":{"uv":[112,128],"uv_size":[-16,-16]}}},{"origin":[16,0,0],"size":[16,16,16],"uv":{"down":{"uv":[112,128],"uv_size":[-16,-16]}}},{"origin":[16,0,16],"size":[16,16,16],"uv":{"down":{"uv":[112,128],"uv_size":[-16,-16]}}},{"origin":[32,0,32],"size":[16,16,16],"uv":{"south":{"uv":[96,112],"uv_size":[16,16]},"west":{"uv":[96,112],"uv_size":[16,16]},"down":{"uv":[112,128],"uv_size":[-16,-16]}}},{"origin":[32,0,-48],"size":[16,16,16],"uv":{"north":{"uv":[96,112],"uv_size":[16,16]},"west":{"uv":[96,112],"uv_size":[16,16]},"down":{"uv":[112,128],"uv_size":[-16,-16]}}},{"origin":[32,0,-32],"size":[16,16,16],"uv":{"west":{"uv":[96,112],"uv_size":[16,16]},"down":{"uv":[112,128],"uv_size":[-16,-16]}}},{"origin":[32,0,-16],"size":[16,16,16],"uv":{"west":{"uv":[96,112],"uv_size":[16,16]},"down":{"uv":[112,128],"uv_size":[-16,-16]}}},{"origin":[32,0,0],"size":[16,16,16],"uv":{"west":{"uv":[96,112],"uv_size":[16,16]},"down":{"uv":[112,128],"uv_size":[-16,-16]}}},{"origin":[32,0,16],"size":[16,16,16],"uv":{"west":{"uv":[96,112],"uv_size":[16,16]},"down":{"uv":[112,128],"uv_size":[-16,-16]}}},{"origin":[32,16,16],"size":[16,16,16],"uv":{"west":{"uv":[0,95],"uv_size":[16,16]}}},{"origin":[32,16,0],"size":[16,16,16],"uv":{"west":{"uv":[0,95],"uv_size":[16,16]}}},{"origin":[32,16,-16],"size":[16,16,16],"uv":{"west":{"uv":[96,112],"uv_size":[16,16]}}},{"origin":[32,16,-32],"size":[16,16,16],"uv":{"west":{"uv":[96,112],"uv_size":[16,16]}}},{"origin":[32,16,-48],"size":[16,16,16],"uv":{"north":{"uv":[96,112],"uv_size":[16,16]},"west":{"uv":[96,112],"uv_size":[16,16]}}},{"origin":[32,16,32],"size":[16,16,16],"uv":{"south":{"uv":[0,95],"uv_size":[16,16]},"west":{"uv":[0,95],"uv_size":[16,16]}}},{"origin":[16,16,16],"size":[16,16,16],"uv":{"up":{"uv":[128,112],"uv_size":[-16,-16]}}},{"origin":[16,16,-32],"size":[16,16,16],"uv":{}},{"origin":[0,16,16],"size":[16,16,16],"uv":{"up":{"uv":[16,128],"uv_size":[-16,-16]}}},{"origin":[0,16,-32],"size":[16,16,16],"uv":{}},{"origin":[0,16,-48],"size":[16,16,16],"uv":{"north":{"uv":[96,112],"uv_size":[16,16]}}},{"origin":[0,16,32],"size":[16,16,16],"uv":{"south":{"uv":[0,95],"uv_size":[16,16]}}},{"origin":[-16,16,-48],"size":[16,16,16],"uv":{"north":{"uv":[96,112],"uv_size":[16,16]}}},{"origin":[-16,16,32],"size":[16,16,16],"uv":{"south":{"uv":[96,112],"uv_size":[16,16]}}},{"origin":[-32,16,32],"size":[16,16,16],"uv":{"south":{"uv":[96,112],"uv_size":[16,16]}}},{"origin":[-32,16,-48],"size":[16,16,16],"uv":{"north":{"uv":[96,112],"uv_size":[16,16]}}},{"origin":[-32,16,-32],"size":[16,16,16],"uv":{}},{"origin":[-48,16,-48],"size":[16,16,16],"uv":{"north":{"uv":[96,112],"uv_size":[16,16]},"east":{"uv":[96,112],"uv_size":[16,16]}}},{"origin":[-48,16,-32],"size":[16,16,16],"uv":{"east":{"uv":[96,112],"uv_size":[16,16]}}},{"origin":[-48,16,-16],"size":[16,16,16],"uv":{"east":{"uv":[96,112],"uv_size":[16,16]}}},{"origin":[32,32,-48],"size":[16,16,16],"uv":{"north":{"uv":[96,112],"uv_size":[16,16]},"west":{"uv":[96,112],"uv_size":[16,16]},"up":{"uv":[112,128],"uv_size":[-16,-16]}}},{"origin":[32,32,-32],"size":[16,16,16],"uv":{"west":{"uv":[96,112],"uv_size":[16,16]},"up":{"uv":[112,128],"uv_size":[-16,-16]}}},{"origin":[32,32,-16],"size":[16,16,16],"uv":{"south":{"uv":[96,112],"uv_size":[16,16]},"west":{"uv":[96,112],"uv_size":[16,16]},"up":{"uv":[112,128],"uv_size":[-16,-16]}}},{"origin":[31.7,28.68629,-8],"size":[16,16,16],"pivot":[40,36.68629,0],"rotation":[-45,0,0],"uv":{"west":{"uv":[80,96],"uv_size":[16,16]},"up":{"uv":[96,112],"uv_size":[-16,-16]}}},{"origin":[31.7,28.68629,8],"size":[16,16,16],"pivot":[40,36.68629,0],"rotation":[-45,0,0],"uv":{"west":{"uv":[80,96],"uv_size":[16,16]},"up":{"uv":[96,112],"uv_size":[-16,-16]}}},{"origin":[-0.3,28.68629,-8],"size":[16,16,16],"pivot":[40,36.68629,0],"rotation":[-45,0,0],"uv":{"up":{"uv":[96,112],"uv_size":[-16,-16]}}},{"origin":[-0.3,28.68629,8],"size":[16,16,16],"pivot":[40,36.68629,0],"rotation":[-45,0,0],"uv":{"up":{"uv":[96,112],"uv_size":[-16,-16]}}},{"origin":[15.7,28.68629,-8],"size":[16,16,16],"pivot":[40,36.68629,0],"rotation":[-45,0,0],"uv":{"up":{"uv":[96,112],"uv_size":[-16,-16]}}},{"origin":[15.7,28.68629,8],"size":[16,16,16],"pivot":[40,36.68629,0],"rotation":[-45,0,0],"uv":{"up":{"uv":[96,112],"uv_size":[-16,-16]}}},{"origin":[-15.8,28.68629,-8],"size":[16,16,16],"pivot":[40,36.68629,0],"rotation":[-45,0,0],"uv":{"up":{"uv":[96,112],"uv_size":[-16,-16]}}},{"origin":[-31.8,28.68629,-8],"size":[16,16,16],"pivot":[40,36.68629,0],"rotation":[-45,0,0],"uv":{"up":{"uv":[96,112],"uv_size":[-16,-16]}}},{"origin":[-15.8,28.68629,8],"size":[16,16,16],"pivot":[40,36.68629,0],"rotation":[-45,0,0],"uv":{"up":{"uv":[96,112],"uv_size":[-16,-16]}}},{"origin":[-31.8,28.68629,8],"size":[16,16,16],"pivot":[40,36.68629,0],"rotation":[-45,0,0],"uv":{"up":{"uv":[96,112],"uv_size":[-16,-16]}}},{"origin":[0,32,-16],"size":[16,16,16],"uv":{"south":{"uv":[96,112],"uv_size":[16,16]},"up":{"uv":[112,128],"uv_size":[-16,-16]}}},{"origin":[16,32,-16],"size":[16,16,16],"uv":{"south":{"uv":[96,112],"uv_size":[16,16]},"up":{"uv":[112,128],"uv_size":[-16,-16]}}},{"origin":[16,32,-32],"size":[16,16,16],"uv":{"up":{"uv":[112,128],"uv_size":[-16,-16]}}},{"origin":[0,32,-32],"size":[16,16,16],"uv":{"up":{"uv":[112,128],"uv_size":[-16,-16]}}},{"origin":[0,32,-48],"size":[16,16,16],"uv":{"north":{"uv":[96,112],"uv_size":[16,16]},"up":{"uv":[112,128],"uv_size":[-16,-16]}}},{"origin":[-16,32,-32],"size":[16,16,16],"uv":{"up":{"uv":[112,128],"uv_size":[-16,-16]}}},{"origin":[-16,32,-48],"size":[16,16,16],"uv":{"north":{"uv":[96,112],"uv_size":[16,16]},"up":{"uv":[112,128],"uv_size":[-16,-16]}}},{"origin":[-32,32,-32],"size":[16,16,16],"uv":{"up":{"uv":[112,128],"uv_size":[-16,-16]}}},{"origin":[-32,32,-48],"size":[16,16,16],"uv":{"north":{"uv":[96,112],"uv_size":[16,16]},"up":{"uv":[112,128],"uv_size":[-16,-16]}}},{"origin":[-48,32,-32],"size":[16,16,16],"uv":{"east":{"uv":[96,112],"uv_size":[16,16]},"up":{"uv":[112,128],"uv_size":[-16,-16]}}},{"origin":[-48,32,-48],"size":[16,16,16],"uv":{"north":{"uv":[96,112],"uv_size":[16,16]},"east":{"uv":[96,112],"uv_size":[16,16]},"up":{"uv":[112,128],"uv_size":[-16,-16]}}},{"origin":[-16,32,32],"size":[16,16,16],"uv":{"south":{"uv":[96,112],"uv_size":[16,16]},"up":{"uv":[112,128],"uv_size":[-16,-16]}}},{"origin":[-32,32,32],"size":[16,16,16],"uv":{"south":{"uv":[96,112],"uv_size":[16,16]}}},{"origin":[0,32,32],"size":[16,16,16],"uv":{"north":{"uv":[96,112],"uv_size":[16,16]},"east":{"uv":[96,112],"uv_size":[16,16]},"south":{"uv":[96,112],"uv_size":[16,16]},"west":{"uv":[96,112],"uv_size":[16,16]},"up":{"uv":[112,128],"uv_size":[-16,-16]},"down":{"uv":[112,128],"uv_size":[-16,-16]}}},{"origin":[32,32,32],"size":[16,16,16],"uv":{"north":{"uv":[96,112],"uv_size":[16,16]},"south":{"uv":[96,112],"uv_size":[16,16]},"west":{"uv":[96,112],"uv_size":[16,16]},"up":{"uv":[112,128],"uv_size":[-16,-16]}}},{"origin":[-48,32,-16],"size":[16,16,16],"uv":{"east":{"uv":[96,112],"uv_size":[16,16]},"up":{"uv":[112,128],"uv_size":[-16,-16]}}},{"origin":[-48,32,16],"size":[16,16,16],"uv":{"east":{"uv":[96,112],"uv_size":[16,16]},"west":{"uv":[96,112],"uv_size":[16,16]}}},{"origin":[-48,32,0],"size":[16,16,16],"uv":{"east":{"uv":[96,112],"uv_size":[16,16]},"west":{"uv":[96,112],"uv_size":[16,16]},"up":{"uv":[112,128],"uv_size":[-16,-16]}}},{"origin":[-16,32,-16],"size":[16,16,16],"uv":{"south":{"uv":[96,112],"uv_size":[16,16]},"up":{"uv":[112,128],"uv_size":[-16,-16]}}},{"origin":[-48,16,0],"size":[16,16,16],"uv":{"east":{"uv":[96,112],"uv_size":[16,16]}}},{"origin":[-48,16,16],"size":[16,16,16],"uv":{"east":{"uv":[96,112],"uv_size":[16,16]}}}]},{"name":"bone11","parent":"lava","pivot":[7.5,36.68629,32],"rotation":[0,180,0],"cubes":[{"origin":[-0.8,28.68629,24],"size":[16,16,16],"pivot":[7.5,36.68629,32],"rotation":[-45,0,0],"uv":{"east":{"uv":[80,96],"uv_size":[16,16]},"up":{"uv":[96,112],"uv_size":[-16,-16]}}},{"origin":[-32.8,28.68629,24],"size":[16,16,16],"pivot":[7.5,36.68629,32],"rotation":[-45,0,0],"uv":{"east":{"uv":[80,96],"uv_size":[16,16]},"west":{"uv":[80,96],"uv_size":[16,16]},"up":{"uv":[96,112],"uv_size":[-16,-16]}}},{"origin":[-0.8,28.68629,40],"size":[16,16,16],"pivot":[7.5,36.68629,32],"rotation":[-45,0,0],"uv":{"east":{"uv":[80,96],"uv_size":[16,16]},"up":{"uv":[96,112],"uv_size":[-16,-16]}}},{"origin":[-32.8,28.68629,40],"size":[16,16,16],"pivot":[7.5,36.68629,32],"rotation":[-45,0,0],"uv":{"east":{"uv":[80,96],"uv_size":[16,16]},"west":{"uv":[80,96],"uv_size":[16,16]},"up":{"uv":[96,112],"uv_size":[-16,-16]}}},{"origin":[14.8,28.68629,40],"size":[16,16,16],"pivot":[7.5,36.68629,32],"rotation":[-45,0,0],"uv":{"up":{"uv":[96,112],"uv_size":[-16,-16]}}},{"origin":[14.8,28.68629,24],"size":[16,16,16],"pivot":[7.5,36.68629,32],"rotation":[-45,0,0],"uv":{"up":{"uv":[96,112],"uv_size":[-16,-16]}}},{"origin":[30.8,28.68629,24],"size":[16,16,16],"pivot":[7.5,36.68629,32],"rotation":[-45,0,0],"uv":{"up":{"uv":[96,112],"uv_size":[-16,-16]}}},{"origin":[30.8,28.68629,40],"size":[16,16,16],"pivot":[7.5,36.68629,32],"rotation":[-45,0,0],"uv":{"up":{"uv":[96,112],"uv_size":[-16,-16]}}}]},{"name":"bone10","parent":"all","pivot":[64,16,0]},{"name":"dirt","parent":"all","pivot":[0,0,0],"cubes":[{"origin":[16,32,32],"size":[16,16,16],"uv":{"north":{"uv":[0,112],"uv_size":[16,16]},"south":{"uv":[0,112],"uv_size":[16,16]}}},{"origin":[16,16,32],"size":[16,16,16],"uv":{"south":{"uv":[0,112],"uv_size":[16,16]}}},{"origin":[16,48,32],"size":[16,16,16],"uv":{"north":{"uv":[0,112],"uv_size":[16,16]},"east":{"uv":[0,112],"uv_size":[16,16]},"south":{"uv":[0,112],"uv_size":[16,16]},"west":{"uv":[0,112],"uv_size":[16,16]}}},{"origin":[16,64,32],"size":[16,16,16],"uv":{"east":{"uv":[64,112],"uv_size":[16,16]},"south":{"uv":[64,112],"uv_size":[16,16]},"west":{"uv":[64,112],"uv_size":[16,16]},"up":{"uv":[80,128],"uv_size":[-16,-16]}}},{"origin":[16,64,16],"size":[16,16,16],"uv":{"north":{"uv":[64,112],"uv_size":[16,16]},"east":{"uv":[64,112],"uv_size":[16,16]},"west":{"uv":[64,112],"uv_size":[16,16]},"down":{"uv":[80,128],"uv_size":[-16,-16]}}},{"origin":[16,80,16],"size":[16,16,16],"uv":{"north":{"uv":[0,112],"uv_size":[16,16]},"east":{"uv":[0,112],"uv_size":[16,16]},"south":{"uv":[0,112],"uv_size":[16,16]},"west":{"uv":[0,112],"uv_size":[16,16]},"up":{"uv":[16,128],"uv_size":[-16,-16]}}},{"origin":[16,80,16],"size":[16,16,16],"uv":{"north":{"uv":[0,112],"uv_size":[16,16]},"east":{"uv":[0,112],"uv_size":[16,16]},"south":{"uv":[0,112],"uv_size":[16,16]},"west":{"uv":[0,112],"uv_size":[16,16]},"up":{"uv":[16,128],"uv_size":[-16,-16]},"down":{"uv":[16,128],"uv_size":[-16,-16]}}},{"origin":[16,64,-48],"size":[16,16,16],"uv":{"north":{"uv":[64,112],"uv_size":[16,16]},"east":{"uv":[64,112],"uv_size":[16,16]},"south":{"uv":[64,112],"uv_size":[16,16]},"west":{"uv":[64,112],"uv_size":[16,16]}}},{"origin":[16,48,-48],"size":[16,16,16],"uv":{"north":{"uv":[64,112],"uv_size":[16,16]},"east":{"uv":[64,112],"uv_size":[16,16]},"south":{"uv":[64,112],"uv_size":[16,16]},"west":{"uv":[64,112],"uv_size":[16,16]}}},{"origin":[16,96,-48],"size":[16,16,16],"uv":{"north":{"uv":[0,112],"uv_size":[16,16]},"east":{"uv":[0,112],"uv_size":[16,16]},"west":{"uv":[0,112],"uv_size":[16,16]},"up":{"uv":[16,128],"uv_size":[-16,-16]}}},{"origin":[16,112,-32],"size":[16,16,16],"uv":{"north":{"uv":[0,112],"uv_size":[16,16]},"east":{"uv":[0,112],"uv_size":[16,16]},"south":{"uv":[0,112],"uv_size":[16,16]},"west":{"uv":[0,112],"uv_size":[16,16]},"up":{"uv":[16,128],"uv_size":[-16,-16]}}},{"origin":[16,96,-32],"size":[16,16,16],"uv":{"east":{"uv":[0,112],"uv_size":[16,16]},"south":{"uv":[0,112],"uv_size":[16,16]},"west":{"uv":[0,112],"uv_size":[16,16]},"up":{"uv":[16,128],"uv_size":[-16,-16]},"down":{"uv":[16,128],"uv_size":[-16,-16]}}},{"origin":[-32,96,-32],"size":[16,16,16],"uv":{"north":{"uv":[0,112],"uv_size":[16,16]},"east":{"uv":[0,112],"uv_size":[16,16]},"south":{"uv":[0,112],"uv_size":[16,16]},"west":{"uv":[0,112],"uv_size":[16,16]},"up":{"uv":[16,128],"uv_size":[-16,-16]}}},{"origin":[-32,80,-32],"size":[16,16,16],"uv":{"north":{"uv":[0,112],"uv_size":[16,16]},"east":{"uv":[0,112],"uv_size":[16,16]},"south":{"uv":[0,112],"uv_size":[16,16]},"west":{"uv":[0,112],"uv_size":[16,16]},"down":{"uv":[16,128],"uv_size":[-16,-16]}}},{"origin":[-32,48,0],"size":[16,16,16],"uv":{"east":{"uv":[64,112],"uv_size":[16,16]},"west":{"uv":[64,112],"uv_size":[16,16]},"up":{"uv":[80,128],"uv_size":[-16,-16]}}},{"origin":[-32,48,-16],"size":[16,16,16],"uv":{"north":{"uv":[64,112],"uv_size":[16,16]},"east":{"uv":[64,112],"uv_size":[16,16]},"west":{"uv":[64,112],"uv_size":[16,16]},"up":{"uv":[80,128],"uv_size":[-16,-16]}}},{"origin":[16,80,-48],"size":[16,16,16],"uv":{"north":{"uv":[0,112],"uv_size":[16,16]},"east":{"uv":[0,112],"uv_size":[16,16]},"south":{"uv":[0,112],"uv_size":[16,16]},"west":{"uv":[0,112],"uv_size":[16,16]}}},{"origin":[16,32,-48],"size":[16,16,16],"uv":{"north":{"uv":[0,112],"uv_size":[16,16]}}},{"origin":[16,16,-48],"size":[16,16,16],"uv":{"north":{"uv":[0,112],"uv_size":[16,16]}}},{"origin":[-48,32,32],"size":[16,16,16],"uv":{"east":{"uv":[0,112],"uv_size":[16,16]},"south":{"uv":[0,112],"uv_size":[16,16]}}},{"origin":[-48,16,32],"size":[16,16,16],"uv":{"east":{"uv":[0,112],"uv_size":[16,16]},"south":{"uv":[0,112],"uv_size":[16,16]}}},{"origin":[-48,48,32],"size":[16,16,16],"uv":{"east":{"uv":[0,112],"uv_size":[16,16]},"south":{"uv":[0,112],"uv_size":[16,16]},"up":{"uv":[16,128],"uv_size":[-16,-16]}}},{"origin":[-48,48,16],"size":[16,16,16],"uv":{"north":{"uv":[0,112],"uv_size":[16,16]},"east":{"uv":[0,112],"uv_size":[16,16]},"up":{"uv":[16,128],"uv_size":[-16,-16]}}},{"origin":[-32,48,16],"size":[16,16,16],"uv":{"west":{"uv":[0,112],"uv_size":[16,16]},"up":{"uv":[16,128],"uv_size":[-16,-16]}}},{"origin":[-32,48,32],"size":[16,16,16],"uv":{"north":{"uv":[0,112],"uv_size":[16,16]},"east":{"uv":[0,112],"uv_size":[16,16]},"south":{"uv":[0,112],"uv_size":[16,16]},"west":{"uv":[0,112],"uv_size":[16,16]},"up":{"uv":[16,128],"uv_size":[-16,-16]}}}]},{"name":"arrows","parent":"all","pivot":[0,0,0]},{"name":"arrow4","parent":"arrows","pivot":[-36,81,28],"rotation":[-51.81406,31.36036,-148.9075],"cubes":[{"origin":[-36,79,25.5],"size":[0,16,5],"uv":[49,50]},{"origin":[-36,79,25.5],"size":[0,16,5],"pivot":[-36,87,28],"rotation":[0,90,0],"uv":[49,50]}]},{"name":"arrow5","parent":"arrows","pivot":[-43,95,34],"rotation":[-31.41686,57.4145,-94.64565],"cubes":[{"origin":[-43,93,31.5],"size":[0,16,5],"uv":[49,50]},{"origin":[-43,93,31.5],"size":[0,16,5],"pivot":[-43,101,34],"rotation":[0,90,0],"uv":[49,50]}]},{"name":"arrow3","parent":"arrows","pivot":[-36,72,23],"rotation":[-31.41686,57.4145,-94.64565],"cubes":[{"origin":[-36,70,20.5],"size":[0,16,5],"uv":[49,50]},{"origin":[-36,70,20.5],"size":[0,16,5],"pivot":[-36,78,23],"rotation":[0,90,0],"uv":[49,50]}]},{"name":"arrow7","parent":"arrows","pivot":[25,125,8],"rotation":[50,0,0],"cubes":[{"origin":[25,123,5.5],"size":[0,16,5],"uv":[49,50]},{"origin":[25,123,5.5],"size":[0,16,5],"pivot":[25,131,8],"rotation":[0,90,0],"uv":[49,50]}]},{"name":"arrow6","parent":"arrows","pivot":[18,96,27],"rotation":[25.68482,10.17781,-20.17393],"cubes":[{"origin":[18,94,24.5],"size":[0,16,5],"uv":[49,50]},{"origin":[18,94,24.5],"size":[0,16,5],"pivot":[18,102,27],"rotation":[0,90,0],"uv":[49,50]}]},{"name":"arrow","parent":"arrows","pivot":[30,96,17],"rotation":[57.5,0,0],"cubes":[{"origin":[30,94,14.5],"size":[0,16,5],"uv":[49,50]},{"origin":[30,94,14.5],"size":[0,16,5],"pivot":[30,102,17],"rotation":[0,90,0],"uv":[49,50]}]},{"name":"proghe","parent":"all","pivot":[0,9,0]},{"name":"bone7","parent":"proghe","pivot":[15,44,24],"cubes":[{"origin":[13,42,24],"size":[4,4,0],"uv":[14,65]},{"origin":[13,42,24],"size":[4,4,0],"pivot":[15,44,24],"rotation":[0,90,0],"uv":[14,65]}]},{"name":"bone6","parent":"proghe","pivot":[33,43,16],"cubes":[{"origin":[31,41,16],"size":[4,4,0],"uv":[14,65]},{"origin":[31,41,16],"size":[4,4,0],"pivot":[33,43,16],"rotation":[0,90,0],"uv":[14,65]}]},{"name":"bone8","parent":"proghe","pivot":[24,43,14],"cubes":[{"origin":[22.5,41,13.5],"size":[3,3,0],"uv":[16,61]},{"origin":[23,41,14],"size":[3,3,0],"pivot":[24,43,14],"rotation":[0,90,0],"uv":[16,61]}]},{"name":"bone5","parent":"proghe","pivot":[24,47,19],"rotation":[0,35,0],"cubes":[{"origin":[22,45,19],"size":[4,4,0],"uv":[14,65]},{"origin":[22,45,19],"size":[4,4,0],"pivot":[24,47,19],"rotation":[0,90,0],"uv":[14,65]}]},{"name":"peoples","parent":"all","pivot":[0,0,0]},{"name":"people_1","parent":"peoples","pivot":[-39,93,32],"rotation":[0,-40,0]},{"name":"body","parent":"people_1","pivot":[-39,95,32],"rotation":[22.5,0,0],"cubes":[{"origin":[-43,85,30],"size":[8,12,4],"uv":[0,16]}]},{"name":"rightLeg","parent":"body","pivot":[-41,85,32],"rotation":[-86.50703,10.54529,10.72858],"cubes":[{"origin":[-43,73,30],"size":[4,12,4],"uv":[16,32],"mirror":true}]},{"name":"leftLeg","parent":"body","pivot":[-37,85,32],"rotation":[20.98084,-11.43563,-9.77243],"cubes":[{"origin":[-39,73,30],"size":[4,12,4],"uv":[16,32]}]},{"name":"head","parent":"body","pivot":[-39,97,32],"rotation":[20.07031,-4.69776,-1.71394],"cubes":[{"origin":[-43,97,28],"size":[8,8,8],"uv":[0,0]}]},{"name":"rightArm","parent":"people_1","pivot":[-44,94.5,32],"rotation":[-146.24329,28.14346,-27.1698],"cubes":[{"origin":[-46,84.5,30],"size":[3,12,4],"uv":[1,32],"mirror":true}]},{"name":"bone9","parent":"rightArm","pivot":[-44,85.5,29],"cubes":[{"origin":[-45,85.5,20],"size":[1,1,24],"uv":[49,50]},{"origin":[-47,85.5,39],"size":[1,1,4],"uv":[60,62]},{"origin":[-46,85.5,38],"size":[1,1,2],"uv":[60,68]},{"origin":[-43,85.5,39],"size":[1,1,4],"uv":[60,62]},{"origin":[-44,85.5,38],"size":[1,1,2],"uv":[60,68]}]},{"name":"leftArm","parent":"people_1","pivot":[-34,94.5,32],"rotation":[-43.15876,-58.55233,-19.81792],"cubes":[{"origin":[-35,84.5,30],"size":[3,12,4],"uv":[1,32]}]},{"name":"people_2","parent":"peoples","pivot":[-28,81.5,22],"rotation":[-135,62.5,180]},{"name":"body2","parent":"people_2","pivot":[-30,61.5,22],"cubes":[{"origin":[-32,73.5,20],"size":[8,12,4],"uv":[32,16]}]},{"name":"rightLeg2","parent":"body2","pivot":[-30,73.5,22],"rotation":[-47.50435,-0.67557,0.73731],"cubes":[{"origin":[-32,61.5,20],"size":[4,12,4],"uv":[48,32],"mirror":true}]},{"name":"leftLeg2","parent":"body2","pivot":[-26,73.5,22],"rotation":[-42.50436,-0.70709,0.70714],"cubes":[{"origin":[-28,61.5,20],"size":[4,12,4],"uv":[48,32]}]},{"name":"head2","parent":"body2","pivot":[-28,85.5,22],"rotation":[-76.93855,7.05302,-7.10708],"cubes":[{"origin":[-32,85.5,18],"size":[8,8,8],"uv":[32,0]}]},{"name":"rightArm2","parent":"people_2","pivot":[-33,83.5,22],"rotation":[-176.52884,31.85857,-43.50759],"cubes":[{"origin":[-36,73.5,20],"size":[4,12,4],"uv":[32,32]}]},{"name":"bone","parent":"rightArm2","pivot":[-33.5,75,25],"cubes":[{"origin":[-34,73.5,10],"size":[1,3,8],"uv":[0,48]},{"origin":[-34,74.5,9],"size":[1,1,1],"uv":[3,53]},{"origin":[-34,71.5,18],"size":[1,7,2],"uv":[0,59]},{"origin":[-34,73.5,23.5],"size":[1,3,3],"pivot":[-33.5,75,25],"rotation":[-45,0,0],"uv":[6,59]},{"origin":[-34,74,20],"size":[1,2,4],"uv":[11,49]}]},{"name":"leftArm2","parent":"people_2","pivot":[-23,83.5,22],"rotation":[-96.49169,38.38461,-29.58821],"cubes":[{"origin":[-24,73.5,20],"size":[4,12,4],"uv":[32,32],"mirror":true},{"origin":[-28,70.5,11],"size":[12,1,22],"pivot":[-22,73,22],"rotation":[-39.69405,-24.52769,-39.47276],"uv":[2,50],"mirror":true},{"origin":[-21.5,71.5,17.5],"size":[2,6,6],"pivot":[-22,73,22],"rotation":[-39.69405,-24.52769,-39.47276],"uv":[0,74],"mirror":true}]},{"name":"people_3","parent":"peoples","pivot":[24,100,37],"rotation":[20,0,0]},{"name":"body3","parent":"people_3","pivot":[22,102,37],"cubes":[{"origin":[20,92,35],"size":[8,12,4],"uv":[49,93]}]},{"name":"rightLeg3","parent":"body3","pivot":[22,92,37],"rotation":[17.5,0,0],"cubes":[{"origin":[20,80,35],"size":[4,12,4],"uv":[85,79],"mirror":true}]},{"name":"leftLeg3","parent":"body3","pivot":[26,92,37],"rotation":[-35,0,0],"cubes":[{"origin":[24,80,35],"size":[4,12,4],"uv":[85,79]}]},{"name":"head3","parent":"body3","pivot":[24,104,37],"rotation":[-37.52635,1.98315,-1.52251],"cubes":[{"origin":[20,104,33],"size":[8,8,8],"uv":[52,76]}]},{"name":"rightArm3","parent":"people_3","pivot":[19,101.5,37],"rotation":[-23.49507,16.47928,17.21256],"cubes":[{"origin":[17,91.5,35],"size":[3,12,4],"uv":[103,79],"mirror":true}]},{"name":"bone2","parent":"rightArm3","pivot":[17,94.5,32],"rotation":[30,0,0],"cubes":[{"origin":[13.94689,89.5019,28.93079],"size":[6,6,6],"pivot":[17,94.5,32],"rotation":[0,-37.5,0],"uv":{"north":{"uv":[0,112],"uv_size":[16,16]},"east":{"uv":[0,112],"uv_size":[16,16]},"south":{"uv":[0,112],"uv_size":[16,16]},"west":{"uv":[0,112],"uv_size":[16,16]},"up":{"uv":[16,128],"uv_size":[-16,-16]},"down":{"uv":[16,128],"uv_size":[-16,-16]}}}]},{"name":"leftArm3","parent":"people_3","pivot":[29,101.5,37],"rotation":[-67.5,0,0],"cubes":[{"origin":[28,91.5,35],"size":[3,12,4],"uv":[103,79]}]},{"name":"people_6","parent":"peoples","pivot":[24,53.75,28]},{"name":"body6","parent":"people_6","pivot":[22,55.75,28],"cubes":[{"origin":[20,45.75,26],"size":[8,12,4],"uv":[19,90]}]},{"name":"rightLeg6","parent":"body6","pivot":[22,45.75,28],"rotation":[-14.78217,2.57594,12.1658],"cubes":[{"origin":[20,33.75,26],"size":[4,12,4],"uv":[35,106]}]},{"name":"leftLeg6","parent":"body6","pivot":[26,45.75,28],"rotation":[-14.7127,-2.68507,-12.2127],"cubes":[{"origin":[24,33.75,26],"size":[4,12,4],"uv":[35,106],"mirror":true}]},{"name":"head6","parent":"body6","pivot":[24,57.75,28],"rotation":[55.02563,-1.43364,-2.04831],"cubes":[{"origin":[20,57.75,24],"size":[8,8,8],"uv":[19,74]}]},{"name":"rightArm6","parent":"people_6","pivot":[19,54.75,28],"rotation":[30,0,20],"cubes":[{"origin":[17,44.75,26],"size":[3,12,4],"uv":[20,106]}]},{"name":"leftArm6","parent":"people_6","pivot":[29,54.75,28],"rotation":[37.16569,4.20854,-9.07947],"cubes":[{"origin":[28,44.75,26],"size":[3,12,4],"uv":[20,106],"mirror":true}]},{"name":"people_5","parent":"peoples","pivot":[-41,94,-3],"rotation":[-27.46273,-60.91427,-40.4603]},{"name":"body5","parent":"people_5","pivot":[-43,96,-3],"cubes":[{"origin":[-45,86,-5],"size":[8,12,4],"uv":[64,16]}]},{"name":"rightLeg5","parent":"body5","pivot":[-43,86,-3],"rotation":[-41.33456,-0.65502,29.12871],"cubes":[{"origin":[-45,74,-5],"size":[4,12,4],"uv":[80,32]}]},{"name":"leftLeg5","parent":"body5","pivot":[-39,86,-3],"rotation":[-28.20867,-21.63471,-34.50269],"cubes":[{"origin":[-41,74,-5],"size":[4,12,4],"uv":[80,32],"mirror":true}]},{"name":"head5","parent":"body5","pivot":[-41,98,-3],"rotation":[-12.54624,-4.88119,1.08482],"cubes":[{"origin":[-45,98,-7],"size":[8,8,8],"uv":[64,0]}]},{"name":"rightArm5","parent":"people_5","pivot":[-46,96,-3],"rotation":[-59.09186,25.15,22.54979],"cubes":[{"origin":[-49,86,-5],"size":[4,12,4],"uv":[64,32]}]},{"name":"bone4","parent":"rightArm5","pivot":[-16,109,-42],"rotation":[30,0,0],"cubes":[{"origin":[-47,69.5,-17.5],"size":[1,3,3],"pivot":[-46.5,71,-16],"rotation":[-45,0,0],"uv":[6,59]},{"origin":[-47,70,-21],"size":[1,2,4],"uv":[11,49]},{"origin":[-47,70,-21],"size":[1,2,4],"uv":[11,49]},{"origin":[-47,67.5,-23],"size":[1,7,2],"uv":[0,59]},{"origin":[-47,69.5,-31],"size":[1,3,8],"uv":[0,48]},{"origin":[-47,70.5,-32],"size":[1,1,1],"uv":[3,53]}]},{"name":"leftArm5","parent":"people_5","pivot":[-36,96,-3],"rotation":[-58.48697,-42.934,-22.66667],"cubes":[{"origin":[-37,86,-5],"size":[4,12,4],"uv":[64,32],"mirror":true}]},{"name":"arrow2","parent":"people_5","pivot":[-39,93,-5],"rotation":[89.29875,-16.20863,23.35008],"cubes":[{"origin":[-39,91,-7.5],"size":[0,16,5],"uv":[49,50]},{"origin":[-39,91,-7.5],"size":[0,16,5],"pivot":[-39,99,-5],"rotation":[0,90,0],"uv":[49,50]}]},{"name":"people_4","parent":"peoples","pivot":[24,145,-21]},{"name":"body4","parent":"people_4","pivot":[24,146,-21],"rotation":[-147.5,0,-180],"cubes":[{"origin":[20,137,-23],"size":[8,12,4],"uv":[96,16]}]},{"name":"rightLeg4","parent":"body4","pivot":[22,137,-21],"rotation":[-62.5,0,0],"cubes":[{"origin":[20,125,-23],"size":[4,12,4],"uv":[112,32]}]},{"name":"leftLeg4","parent":"body4","pivot":[26,137,-21],"rotation":[-5,0,0],"cubes":[{"origin":[24,125,-23],"size":[4,12,4],"uv":[112,32],"mirror":true}]},{"name":"head4","parent":"body4","pivot":[24,149,-21],"rotation":[7.50452,1.98288,0.26116],"cubes":[{"origin":[20,149,-25],"size":[8,8,8],"uv":[96,0]}]},{"name":"rightArm4","parent":"people_4","pivot":[19,146,-20],"rotation":[50.71918,13.99545,-14.43276],"cubes":[{"origin":[16,136,-22],"size":[4,12,4],"uv":[96,32],"mirror":true}]},{"name":"leftArm4","parent":"people_4","pivot":[29,146,-20],"rotation":[53.6453,-12.80911,12.02501],"cubes":[{"origin":[28,136,-22],"size":[4,12,4],"uv":[96,32],"mirror":true}]},{"name":"bone3","parent":"leftArm4","pivot":[29,135.76244,-19.90744],"rotation":[0,0,-27.5],"cubes":[{"origin":[28.5,133.49706,-17.8],"size":[1,3,8],"inflate":0.2,"pivot":[29,134.49706,-16.8],"rotation":[45,0,0],"uv":[75,59],"mirror":true},{"origin":[28.5,134.49706,-9.4],"size":[1,1,1],"inflate":0.2,"pivot":[29,134.49706,-16.8],"rotation":[45,0,0],"uv":[76,62],"mirror":true},{"origin":[28.5,133,-23],"size":[1,3,6],"inflate":0.21,"uv":[76,49],"mirror":true},{"origin":[28.5,140.2,-28.7],"size":[1,1,17],"uv":[87,48],"mirror":true},{"origin":[28.5,134.17103,-30.0113],"size":[1,3,8],"inflate":0.2,"pivot":[29,135.17103,-24.0113],"rotation":[-42.5,0,0],"uv":[75,59],"mirror":true},{"origin":[28.5,135.17103,-31.4113],"size":[1,1,1],"inflate":0.2,"pivot":[29,135.17103,-24.0113],"rotation":[-42.5,0,0],"uv":[76,62],"mirror":true}]}]}]}