{"format_version":"1.12.0","minecraft:geometry":[{"description":{"identifier":"geometry.brick_hologram","texture_width":32,"texture_height":32,"visible_bounds_width":2,"visible_bounds_height":2.5,"visible_bounds_offset":[0,0.75,0]},"bones":[{"name":"all","pivot":[0,0,0]},{"name":"body","parent":"all","pivot":[0,9,0],"cubes":[{"origin":[-4,14,-1],"size":[3,1,1],"uv":[7,17]},{"origin":[-1,6,-1],"size":[3,1,1],"uv":[0,16]},{"origin":[4,15,-1],"size":[1,1,1],"uv":[4,21]},{"origin":[5,8,-1],"size":[2,1,1],"uv":[4,19]},{"origin":[7,9,-1],"size":[1,4,1],"uv":[0,18]},{"origin":[5,14,-1],"size":[1,1,1],"uv":[19,19]},{"origin":[2,16,-1],"size":[2,1,1],"uv":[17,13]},{"origin":[-5,5,-1],"size":[4,1,1],"uv":[0,12]},{"origin":[-6,6,-1],"size":[1,1,1],"uv":[19,17]},{"origin":[-7,7,-1],"size":[1,1,1],"uv":[19,15]},{"origin":[-8,8,-1],"size":[1,5,1],"uv":[15,15]},{"origin":[6,13,-1],"size":[1,1,1],"uv":[10,19]},{"origin":[2,7,-1],"size":[3,1,1],"uv":[8,14]},{"origin":[-1,15,-1],"size":[3,1,1],"uv":[0,14]},{"origin":[-7,13,-1],"size":[3,1,1],"uv":[10,12]},{"origin":[-8,5,-1.001],"size":[16,12,0],"uv":[0,0]},{"origin":[-8,5,0.001],"size":[16,12,0],"uv":[0,0]}],"locators":{"brick_holo":[0,11,0]}}]}]}