{"format_version":"1.12.0","minecraft:geometry":[{"description":{"identifier":"geometry.nether","texture_width":128,"texture_height":128,"visible_bounds_width":8,"visible_bounds_height":9.5,"visible_bounds_offset":[0,4.25,0]},"bones":[{"name":"root","pivot":[0,0,0]},{"name":"ground","parent":"root","pivot":[0,0,0],"cubes":[{"origin":[-8,0,-8],"size":[16,16,16],"uv":{"north":{"uv":[0,0],"uv_size":[16,16]},"east":{"uv":[0,0],"uv_size":[16,16]},"south":{"uv":[0,0],"uv_size":[16,16]},"west":{"uv":[0,0],"uv_size":[16,16]},"up":{"uv":[16,0],"uv_size":[16,16]},"down":{"uv":[0,16],"uv_size":[16,-16]}}},{"origin":[-8,0,8],"size":[16,16,16],"uv":{"north":{"uv":[0,0],"uv_size":[16,16]},"east":{"uv":[0,0],"uv_size":[16,16]},"south":{"uv":[0,0],"uv_size":[16,16]},"west":{"uv":[0,0],"uv_size":[16,16]},"up":{"uv":[16,0],"uv_size":[16,16]},"down":{"uv":[0,16],"uv_size":[16,-16]}}},{"origin":[-24,0,8],"size":[16,16,16],"uv":{"north":{"uv":[0,0],"uv_size":[16,16]},"east":{"uv":[0,0],"uv_size":[16,16]},"south":{"uv":[0,0],"uv_size":[16,16]},"west":{"uv":[0,0],"uv_size":[16,16]},"up":{"uv":[16,0],"uv_size":[16,16]},"down":{"uv":[0,16],"uv_size":[16,-16]}}},{"origin":[-24,0,-8],"size":[16,16,16],"uv":{"north":{"uv":[0,0],"uv_size":[16,16]},"east":{"uv":[0,0],"uv_size":[16,16]},"south":{"uv":[0,0],"uv_size":[16,16]},"west":{"uv":[0,0],"uv_size":[16,16]},"up":{"uv":[16,0],"uv_size":[16,16]},"down":{"uv":[0,16],"uv_size":[16,-16]}}},{"origin":[-24,0,-24],"size":[16,16,16],"uv":{"north":{"uv":[0,0],"uv_size":[16,16]},"east":{"uv":[0,0],"uv_size":[16,16]},"south":{"uv":[0,0],"uv_size":[16,16]},"west":{"uv":[0,0],"uv_size":[16,16]},"up":{"uv":[16,0],"uv_size":[16,16]},"down":{"uv":[0,16],"uv_size":[16,-16]}}},{"origin":[-8,0,-24],"size":[16,16,16],"uv":{"north":{"uv":[0,0],"uv_size":[16,16]},"east":{"uv":[0,0],"uv_size":[16,16]},"south":{"uv":[0,0],"uv_size":[16,16]},"west":{"uv":[0,0],"uv_size":[16,16]},"up":{"uv":[16,0],"uv_size":[16,16]},"down":{"uv":[0,16],"uv_size":[16,-16]}}},{"origin":[8,0,-24],"size":[16,16,16],"uv":{"north":{"uv":[0,0],"uv_size":[16,16]},"east":{"uv":[0,0],"uv_size":[16,16]},"south":{"uv":[0,0],"uv_size":[16,16]},"west":{"uv":[0,0],"uv_size":[16,16]},"up":{"uv":[16,0],"uv_size":[16,16]},"down":{"uv":[0,16],"uv_size":[16,-16]}}},{"origin":[24,0,-24],"size":[16,16,16],"uv":{"north":{"uv":[0,0],"uv_size":[16,16]},"east":{"uv":[0,0],"uv_size":[16,16]},"south":{"uv":[0,0],"uv_size":[16,16]},"west":{"uv":[0,0],"uv_size":[16,16]},"up":{"uv":[16,0],"uv_size":[16,16]},"down":{"uv":[0,16],"uv_size":[16,-16]}}},{"origin":[24,0,-8],"size":[16,16,16],"uv":{"north":{"uv":[0,0],"uv_size":[16,16]},"east":{"uv":[0,0],"uv_size":[16,16]},"south":{"uv":[0,0],"uv_size":[16,16]},"west":{"uv":[0,0],"uv_size":[16,16]},"up":{"uv":[16,0],"uv_size":[16,16]},"down":{"uv":[0,16],"uv_size":[16,-16]}}},{"origin":[24,0,8],"size":[16,16,16],"uv":{"north":{"uv":[0,0],"uv_size":[16,16]},"east":{"uv":[0,0],"uv_size":[16,16]},"south":{"uv":[0,0],"uv_size":[16,16]},"west":{"uv":[0,0],"uv_size":[16,16]},"up":{"uv":[16,0],"uv_size":[16,16]},"down":{"uv":[0,16],"uv_size":[16,-16]}}},{"origin":[24,0,24],"size":[16,16,16],"uv":{"north":{"uv":[0,0],"uv_size":[16,16]},"east":{"uv":[0,0],"uv_size":[16,16]},"south":{"uv":[0,0],"uv_size":[16,16]},"west":{"uv":[0,0],"uv_size":[16,16]},"up":{"uv":[16,0],"uv_size":[16,16]},"down":{"uv":[0,16],"uv_size":[16,-16]}}},{"origin":[8,0,24],"size":[16,16,16],"uv":{"north":{"uv":[0,0],"uv_size":[16,16]},"east":{"uv":[0,0],"uv_size":[16,16]},"south":{"uv":[0,0],"uv_size":[16,16]},"west":{"uv":[0,0],"uv_size":[16,16]},"up":{"uv":[16,0],"uv_size":[16,16]},"down":{"uv":[0,16],"uv_size":[16,-16]}}},{"origin":[-8,0,24],"size":[16,16,16],"uv":{"north":{"uv":[0,0],"uv_size":[16,16]},"east":{"uv":[0,0],"uv_size":[16,16]},"south":{"uv":[0,0],"uv_size":[16,16]},"west":{"uv":[0,0],"uv_size":[16,16]},"up":{"uv":[16,0],"uv_size":[16,16]},"down":{"uv":[0,16],"uv_size":[16,-16]}}},{"origin":[-24,0,24],"size":[16,16,16],"uv":{"north":{"uv":[0,0],"uv_size":[16,16]},"east":{"uv":[0,0],"uv_size":[16,16]},"south":{"uv":[0,0],"uv_size":[16,16]},"west":{"uv":[0,0],"uv_size":[16,16]},"up":{"uv":[16,0],"uv_size":[16,16]},"down":{"uv":[0,16],"uv_size":[16,-16]}}},{"origin":[-40,0,24],"size":[16,16,16],"uv":{"north":{"uv":[0,0],"uv_size":[16,16]},"east":{"uv":[0,0],"uv_size":[16,16]},"south":{"uv":[0,0],"uv_size":[16,16]},"west":{"uv":[0,0],"uv_size":[16,16]},"up":{"uv":[16,0],"uv_size":[16,16]},"down":{"uv":[0,16],"uv_size":[16,-16]}}},{"origin":[-40,0,8],"size":[16,16,16],"uv":{"north":{"uv":[0,0],"uv_size":[16,16]},"east":{"uv":[0,0],"uv_size":[16,16]},"south":{"uv":[0,0],"uv_size":[16,16]},"west":{"uv":[0,0],"uv_size":[16,16]},"up":{"uv":[16,0],"uv_size":[16,16]},"down":{"uv":[0,16],"uv_size":[16,-16]}}},{"origin":[-40,0,-8],"size":[16,16,16],"uv":{"north":{"uv":[0,0],"uv_size":[16,16]},"east":{"uv":[0,0],"uv_size":[16,16]},"south":{"uv":[0,0],"uv_size":[16,16]},"west":{"uv":[0,0],"uv_size":[16,16]},"up":{"uv":[16,0],"uv_size":[16,16]},"down":{"uv":[0,16],"uv_size":[16,-16]}}},{"origin":[-40,0,-24],"size":[16,16,16],"uv":{"north":{"uv":[0,0],"uv_size":[16,16]},"east":{"uv":[0,0],"uv_size":[16,16]},"south":{"uv":[0,0],"uv_size":[16,16]},"west":{"uv":[0,0],"uv_size":[16,16]},"up":{"uv":[16,0],"uv_size":[16,16]},"down":{"uv":[0,16],"uv_size":[16,-16]}}},{"origin":[-40,0,-40],"size":[16,16,16],"uv":{"north":{"uv":[0,0],"uv_size":[16,16]},"east":{"uv":[0,0],"uv_size":[16,16]},"south":{"uv":[0,0],"uv_size":[16,16]},"west":{"uv":[0,0],"uv_size":[16,16]},"up":{"uv":[16,0],"uv_size":[16,16]},"down":{"uv":[0,16],"uv_size":[16,-16]}}},{"origin":[-24,0,-40],"size":[16,16,16],"uv":{"north":{"uv":[0,0],"uv_size":[16,16]},"east":{"uv":[0,0],"uv_size":[16,16]},"south":{"uv":[0,0],"uv_size":[16,16]},"west":{"uv":[0,0],"uv_size":[16,16]},"up":{"uv":[16,0],"uv_size":[16,16]},"down":{"uv":[0,16],"uv_size":[16,-16]}}},{"origin":[-8,0,-40],"size":[16,16,16],"uv":{"north":{"uv":[0,0],"uv_size":[16,16]},"east":{"uv":[0,0],"uv_size":[16,16]},"south":{"uv":[0,0],"uv_size":[16,16]},"west":{"uv":[0,0],"uv_size":[16,16]},"up":{"uv":[16,0],"uv_size":[16,16]},"down":{"uv":[0,16],"uv_size":[16,-16]}}},{"origin":[8,0,-40],"size":[16,16,16],"uv":{"north":{"uv":[0,0],"uv_size":[16,16]},"east":{"uv":[0,0],"uv_size":[16,16]},"south":{"uv":[0,0],"uv_size":[16,16]},"west":{"uv":[0,0],"uv_size":[16,16]},"up":{"uv":[16,0],"uv_size":[16,16]},"down":{"uv":[0,16],"uv_size":[16,-16]}}},{"origin":[24,0,-40],"size":[16,16,16],"uv":{"north":{"uv":[0,0],"uv_size":[16,16]},"east":{"uv":[0,0],"uv_size":[16,16]},"south":{"uv":[0,0],"uv_size":[16,16]},"west":{"uv":[0,0],"uv_size":[16,16]},"up":{"uv":[16,0],"uv_size":[16,16]},"down":{"uv":[0,16],"uv_size":[16,-16]}}},{"origin":[8,0,-8],"size":[16,16,16],"uv":{"north":{"uv":[0,0],"uv_size":[16,16]},"east":{"uv":[0,0],"uv_size":[16,16]},"south":{"uv":[0,0],"uv_size":[16,16]},"west":{"uv":[0,0],"uv_size":[16,16]},"up":{"uv":[16,0],"uv_size":[16,16]},"down":{"uv":[0,16],"uv_size":[16,-16]}}},{"origin":[8,0,8],"size":[16,16,16],"uv":{"north":{"uv":[0,0],"uv_size":[16,16]},"east":{"uv":[0,0],"uv_size":[16,16]},"south":{"uv":[0,0],"uv_size":[16,16]},"west":{"uv":[0,0],"uv_size":[16,16]},"up":{"uv":[16,0],"uv_size":[16,16]},"down":{"uv":[0,16],"uv_size":[16,-16]}}}]},{"name":"tree","parent":"root","pivot":[0,16,0],"cubes":[{"origin":[8,32,8],"size":[16,16,16],"uv":{"north":{"uv":[32,0],"uv_size":[16,16]},"east":{"uv":[32,0],"uv_size":[16,16]},"south":{"uv":[32,0],"uv_size":[16,16]},"west":{"uv":[32,0],"uv_size":[16,16]},"up":{"uv":[48,0],"uv_size":[16,16]},"down":{"uv":[48,16],"uv_size":[16,-16]}}},{"origin":[8,16,8],"size":[16,16,16],"uv":{"north":{"uv":[32,0],"uv_size":[16,16]},"east":{"uv":[32,0],"uv_size":[16,16]},"south":{"uv":[32,0],"uv_size":[16,16]},"west":{"uv":[32,0],"uv_size":[16,16]},"up":{"uv":[48,0],"uv_size":[16,16]},"down":{"uv":[48,16],"uv_size":[16,-16]}}},{"origin":[8,48,8],"size":[16,16,16],"uv":{"north":{"uv":[32,0],"uv_size":[16,16]},"east":{"uv":[32,0],"uv_size":[16,16]},"south":{"uv":[32,0],"uv_size":[16,16]},"west":{"uv":[32,0],"uv_size":[16,16]},"up":{"uv":[48,0],"uv_size":[16,16]},"down":{"uv":[48,16],"uv_size":[16,-16]}}},{"origin":[8,64,8],"size":[16,16,16],"uv":{"north":{"uv":[32,0],"uv_size":[16,16]},"east":{"uv":[32,0],"uv_size":[16,16]},"south":{"uv":[32,0],"uv_size":[16,16]},"west":{"uv":[32,0],"uv_size":[16,16]},"up":{"uv":[48,0],"uv_size":[16,16]},"down":{"uv":[48,16],"uv_size":[16,-16]}}},{"origin":[8,80,8],"size":[16,16,16],"uv":{"north":{"uv":[32,0],"uv_size":[16,16]},"east":{"uv":[32,0],"uv_size":[16,16]},"south":{"uv":[32,0],"uv_size":[16,16]},"west":{"uv":[32,0],"uv_size":[16,16]},"up":{"uv":[48,0],"uv_size":[16,16]},"down":{"uv":[48,16],"uv_size":[16,-16]}}},{"origin":[8,80,-8],"size":[16,16,16],"uv":{"north":{"uv":[64,0],"uv_size":[16,16]},"east":{"uv":[64,0],"uv_size":[16,16]},"south":{"uv":[64,0],"uv_size":[16,16]},"west":{"uv":[64,0],"uv_size":[16,16]},"up":{"uv":[64,0],"uv_size":[16,16]},"down":{"uv":[64,16],"uv_size":[16,-16]}}},{"origin":[24,80,-8],"size":[16,16,16],"uv":{"north":{"uv":[64,0],"uv_size":[16,16]},"east":{"uv":[64,0],"uv_size":[16,16]},"south":{"uv":[64,0],"uv_size":[16,16]},"west":{"uv":[64,0],"uv_size":[16,16]},"up":{"uv":[64,0],"uv_size":[16,16]},"down":{"uv":[64,16],"uv_size":[16,-16]}}},{"origin":[24,80,8],"size":[16,16,16],"uv":{"north":{"uv":[64,0],"uv_size":[16,16]},"east":{"uv":[64,0],"uv_size":[16,16]},"south":{"uv":[64,0],"uv_size":[16,16]},"west":{"uv":[64,0],"uv_size":[16,16]},"up":{"uv":[64,0],"uv_size":[16,16]},"down":{"uv":[64,16],"uv_size":[16,-16]}}},{"origin":[24,80,24],"size":[16,16,16],"uv":{"north":{"uv":[64,0],"uv_size":[16,16]},"east":{"uv":[64,0],"uv_size":[16,16]},"south":{"uv":[64,0],"uv_size":[16,16]},"west":{"uv":[64,0],"uv_size":[16,16]},"up":{"uv":[64,0],"uv_size":[16,16]},"down":{"uv":[64,16],"uv_size":[16,-16]}}},{"origin":[8,80,24],"size":[16,16,16],"uv":{"north":{"uv":[64,0],"uv_size":[16,16]},"east":{"uv":[64,0],"uv_size":[16,16]},"south":{"uv":[64,0],"uv_size":[16,16]},"west":{"uv":[64,0],"uv_size":[16,16]},"up":{"uv":[64,0],"uv_size":[16,16]},"down":{"uv":[64,16],"uv_size":[16,-16]}}},{"origin":[-8,80,24],"size":[16,16,16],"uv":{"north":{"uv":[64,0],"uv_size":[16,16]},"east":{"uv":[64,0],"uv_size":[16,16]},"south":{"uv":[64,0],"uv_size":[16,16]},"west":{"uv":[64,0],"uv_size":[16,16]},"up":{"uv":[64,0],"uv_size":[16,16]},"down":{"uv":[64,16],"uv_size":[16,-16]}}},{"origin":[-8,80,8],"size":[16,16,16],"uv":{"north":{"uv":[64,0],"uv_size":[16,16]},"east":{"uv":[64,0],"uv_size":[16,16]},"south":{"uv":[64,0],"uv_size":[16,16]},"west":{"uv":[64,0],"uv_size":[16,16]},"up":{"uv":[64,0],"uv_size":[16,16]},"down":{"uv":[64,16],"uv_size":[16,-16]}}},{"origin":[8,96,8],"size":[16,16,16],"uv":{"north":{"uv":[64,0],"uv_size":[16,16]},"east":{"uv":[64,0],"uv_size":[16,16]},"south":{"uv":[64,0],"uv_size":[16,16]},"west":{"uv":[64,0],"uv_size":[16,16]},"up":{"uv":[64,0],"uv_size":[16,16]},"down":{"uv":[64,16],"uv_size":[16,-16]}}},{"origin":[8,96,-8],"size":[16,16,16],"uv":{"north":{"uv":[64,0],"uv_size":[16,16]},"east":{"uv":[64,0],"uv_size":[16,16]},"south":{"uv":[64,0],"uv_size":[16,16]},"west":{"uv":[64,0],"uv_size":[16,16]},"up":{"uv":[64,0],"uv_size":[16,16]},"down":{"uv":[64,16],"uv_size":[16,-16]}}},{"origin":[-8,96,-8],"size":[16,16,16],"uv":{"north":{"uv":[64,0],"uv_size":[16,16]},"east":{"uv":[64,0],"uv_size":[16,16]},"south":{"uv":[64,0],"uv_size":[16,16]},"west":{"uv":[64,0],"uv_size":[16,16]},"up":{"uv":[64,0],"uv_size":[16,16]},"down":{"uv":[64,16],"uv_size":[16,-16]}}},{"origin":[-8,96,8],"size":[16,16,16],"uv":{"north":{"uv":[64,0],"uv_size":[16,16]},"east":{"uv":[64,0],"uv_size":[16,16]},"south":{"uv":[64,0],"uv_size":[16,16]},"west":{"uv":[64,0],"uv_size":[16,16]},"up":{"uv":[64,0],"uv_size":[16,16]},"down":{"uv":[64,16],"uv_size":[16,-16]}}},{"origin":[-8,96,24],"size":[16,16,16],"uv":{"north":{"uv":[64,0],"uv_size":[16,16]},"east":{"uv":[64,0],"uv_size":[16,16]},"south":{"uv":[64,0],"uv_size":[16,16]},"west":{"uv":[64,0],"uv_size":[16,16]},"up":{"uv":[64,0],"uv_size":[16,16]},"down":{"uv":[64,16],"uv_size":[16,-16]}}},{"origin":[8,96,24],"size":[16,16,16],"uv":{"north":{"uv":[64,0],"uv_size":[16,16]},"east":{"uv":[64,0],"uv_size":[16,16]},"south":{"uv":[64,0],"uv_size":[16,16]},"west":{"uv":[64,0],"uv_size":[16,16]},"up":{"uv":[64,0],"uv_size":[16,16]},"down":{"uv":[64,16],"uv_size":[16,-16]}}},{"origin":[24,96,24],"size":[16,16,16],"uv":{"north":{"uv":[64,0],"uv_size":[16,16]},"east":{"uv":[64,0],"uv_size":[16,16]},"south":{"uv":[64,0],"uv_size":[16,16]},"west":{"uv":[64,0],"uv_size":[16,16]},"up":{"uv":[64,0],"uv_size":[16,16]},"down":{"uv":[64,16],"uv_size":[16,-16]}}},{"origin":[24,96,8],"size":[16,16,16],"uv":{"north":{"uv":[64,0],"uv_size":[16,16]},"east":{"uv":[64,0],"uv_size":[16,16]},"south":{"uv":[64,0],"uv_size":[16,16]},"west":{"uv":[64,0],"uv_size":[16,16]},"up":{"uv":[64,0],"uv_size":[16,16]},"down":{"uv":[64,16],"uv_size":[16,-16]}}},{"origin":[24,96,-8],"size":[16,16,16],"uv":{"north":{"uv":[64,0],"uv_size":[16,16]},"east":{"uv":[64,0],"uv_size":[16,16]},"south":{"uv":[64,0],"uv_size":[16,16]},"west":{"uv":[64,0],"uv_size":[16,16]},"up":{"uv":[64,0],"uv_size":[16,16]},"down":{"uv":[64,16],"uv_size":[16,-16]}}},{"origin":[8,112,8],"size":[16,16,16],"uv":{"north":{"uv":[64,0],"uv_size":[16,16]},"east":{"uv":[64,0],"uv_size":[16,16]},"south":{"uv":[64,0],"uv_size":[16,16]},"west":{"uv":[64,0],"uv_size":[16,16]},"up":{"uv":[64,0],"uv_size":[16,16]},"down":{"uv":[64,16],"uv_size":[16,-16]}}},{"origin":[8,112,-8],"size":[16,16,16],"uv":{"north":{"uv":[64,0],"uv_size":[16,16]},"east":{"uv":[64,0],"uv_size":[16,16]},"south":{"uv":[64,0],"uv_size":[16,16]},"west":{"uv":[64,0],"uv_size":[16,16]},"up":{"uv":[64,0],"uv_size":[16,16]},"down":{"uv":[64,16],"uv_size":[16,-16]}}},{"origin":[-8,112,8],"size":[16,16,16],"uv":{"north":{"uv":[64,0],"uv_size":[16,16]},"east":{"uv":[64,0],"uv_size":[16,16]},"south":{"uv":[64,0],"uv_size":[16,16]},"west":{"uv":[64,0],"uv_size":[16,16]},"up":{"uv":[64,0],"uv_size":[16,16]},"down":{"uv":[64,16],"uv_size":[16,-16]}}},{"origin":[8,112,24],"size":[16,16,16],"uv":{"north":{"uv":[64,0],"uv_size":[16,16]},"east":{"uv":[64,0],"uv_size":[16,16]},"south":{"uv":[64,0],"uv_size":[16,16]},"west":{"uv":[64,0],"uv_size":[16,16]},"up":{"uv":[64,0],"uv_size":[16,16]},"down":{"uv":[64,16],"uv_size":[16,-16]}}},{"origin":[24,112,8],"size":[16,16,16],"uv":{"north":{"uv":[64,0],"uv_size":[16,16]},"east":{"uv":[64,0],"uv_size":[16,16]},"south":{"uv":[64,0],"uv_size":[16,16]},"west":{"uv":[64,0],"uv_size":[16,16]},"up":{"uv":[64,0],"uv_size":[16,16]},"down":{"uv":[64,16],"uv_size":[16,-16]}}},{"origin":[-8,80,-8],"size":[16,16,16],"uv":{"north":{"uv":[64,0],"uv_size":[16,16]},"east":{"uv":[64,0],"uv_size":[16,16]},"south":{"uv":[64,0],"uv_size":[16,16]},"west":{"uv":[64,0],"uv_size":[16,16]},"up":{"uv":[64,0],"uv_size":[16,16]},"down":{"uv":[64,16],"uv_size":[16,-16]}}},{"origin":[-24,80,-8],"size":[16,16,16],"uv":{"north":{"uv":[64,0],"uv_size":[16,16]},"east":{"uv":[64,0],"uv_size":[16,16]},"south":{"uv":[64,0],"uv_size":[16,16]},"west":{"uv":[64,0],"uv_size":[16,16]},"up":{"uv":[64,0],"uv_size":[16,16]},"down":{"uv":[64,16],"uv_size":[16,-16]}}},{"origin":[-24,80,8],"size":[16,16,16],"uv":{"north":{"uv":[64,0],"uv_size":[16,16]},"east":{"uv":[64,0],"uv_size":[16,16]},"south":{"uv":[64,0],"uv_size":[16,16]},"west":{"uv":[64,0],"uv_size":[16,16]},"up":{"uv":[64,0],"uv_size":[16,16]},"down":{"uv":[64,16],"uv_size":[16,-16]}}},{"origin":[-24,80,24],"size":[16,16,16],"uv":{"north":{"uv":[64,0],"uv_size":[16,16]},"east":{"uv":[64,0],"uv_size":[16,16]},"south":{"uv":[64,0],"uv_size":[16,16]},"west":{"uv":[64,0],"uv_size":[16,16]},"up":{"uv":[64,0],"uv_size":[16,16]},"down":{"uv":[64,16],"uv_size":[16,-16]}}},{"origin":[8,64,40],"size":[16,16,16],"uv":{"north":{"uv":[64,0],"uv_size":[16,16]},"east":{"uv":[64,0],"uv_size":[16,16]},"south":{"uv":[64,0],"uv_size":[16,16]},"west":{"uv":[64,0],"uv_size":[16,16]},"up":{"uv":[64,0],"uv_size":[16,16]},"down":{"uv":[64,16],"uv_size":[16,-16]}}},{"origin":[8,64,24],"size":[16,16,16],"uv":{"north":{"uv":[64,0],"uv_size":[16,16]},"east":{"uv":[64,0],"uv_size":[16,16]},"south":{"uv":[64,0],"uv_size":[16,16]},"west":{"uv":[64,0],"uv_size":[16,16]},"up":{"uv":[64,0],"uv_size":[16,16]},"down":{"uv":[64,16],"uv_size":[16,-16]}}},{"origin":[24,64,40],"size":[16,16,16],"uv":{"north":{"uv":[64,0],"uv_size":[16,16]},"east":{"uv":[64,0],"uv_size":[16,16]},"south":{"uv":[64,0],"uv_size":[16,16]},"west":{"uv":[64,0],"uv_size":[16,16]},"up":{"uv":[64,0],"uv_size":[16,16]},"down":{"uv":[64,16],"uv_size":[16,-16]}}},{"origin":[40,64,40],"size":[16,16,16],"uv":{"north":{"uv":[64,0],"uv_size":[16,16]},"east":{"uv":[64,0],"uv_size":[16,16]},"south":{"uv":[64,0],"uv_size":[16,16]},"west":{"uv":[64,0],"uv_size":[16,16]},"up":{"uv":[64,0],"uv_size":[16,16]},"down":{"uv":[64,16],"uv_size":[16,-16]}}},{"origin":[40,64,24],"size":[16,16,16],"uv":{"north":{"uv":[64,0],"uv_size":[16,16]},"east":{"uv":[64,0],"uv_size":[16,16]},"south":{"uv":[64,0],"uv_size":[16,16]},"west":{"uv":[64,0],"uv_size":[16,16]},"up":{"uv":[64,0],"uv_size":[16,16]},"down":{"uv":[64,16],"uv_size":[16,-16]}}},{"origin":[24,64,24],"size":[16,16,16],"uv":{"north":{"uv":[64,0],"uv_size":[16,16]},"east":{"uv":[64,0],"uv_size":[16,16]},"south":{"uv":[64,0],"uv_size":[16,16]},"west":{"uv":[64,0],"uv_size":[16,16]},"up":{"uv":[64,0],"uv_size":[16,16]},"down":{"uv":[64,16],"uv_size":[16,-16]}}},{"origin":[-8,80,40],"size":[16,16,16],"uv":{"north":{"uv":[64,0],"uv_size":[16,16]},"east":{"uv":[64,0],"uv_size":[16,16]},"south":{"uv":[64,0],"uv_size":[16,16]},"west":{"uv":[64,0],"uv_size":[16,16]},"up":{"uv":[64,0],"uv_size":[16,16]},"down":{"uv":[64,16],"uv_size":[16,-16]}}},{"origin":[8,80,40],"size":[16,16,16],"uv":{"north":{"uv":[64,0],"uv_size":[16,16]},"east":{"uv":[64,0],"uv_size":[16,16]},"south":{"uv":[64,0],"uv_size":[16,16]},"west":{"uv":[64,0],"uv_size":[16,16]},"up":{"uv":[64,0],"uv_size":[16,16]},"down":{"uv":[64,16],"uv_size":[16,-16]}}},{"origin":[24,80,40],"size":[16,16,16],"uv":{"north":{"uv":[64,0],"uv_size":[16,16]},"east":{"uv":[64,0],"uv_size":[16,16]},"south":{"uv":[64,0],"uv_size":[16,16]},"west":{"uv":[64,0],"uv_size":[16,16]},"up":{"uv":[64,0],"uv_size":[16,16]},"down":{"uv":[64,16],"uv_size":[16,-16]}}},{"origin":[40,64,8],"size":[16,16,16],"uv":{"north":{"uv":[64,0],"uv_size":[16,16]},"east":{"uv":[64,0],"uv_size":[16,16]},"south":{"uv":[64,0],"uv_size":[16,16]},"west":{"uv":[64,0],"uv_size":[16,16]},"up":{"uv":[64,0],"uv_size":[16,16]},"down":{"uv":[64,16],"uv_size":[16,-16]}}},{"origin":[24,64,8],"size":[16,16,16],"uv":{"north":{"uv":[64,0],"uv_size":[16,16]},"east":{"uv":[64,0],"uv_size":[16,16]},"south":{"uv":[64,0],"uv_size":[16,16]},"west":{"uv":[64,0],"uv_size":[16,16]},"up":{"uv":[64,0],"uv_size":[16,16]},"down":{"uv":[64,16],"uv_size":[16,-16]}}},{"origin":[40,64,-8],"size":[16,16,16],"uv":{"north":{"uv":[64,0],"uv_size":[16,16]},"east":{"uv":[64,0],"uv_size":[16,16]},"south":{"uv":[64,0],"uv_size":[16,16]},"west":{"uv":[64,0],"uv_size":[16,16]},"up":{"uv":[64,0],"uv_size":[16,16]},"down":{"uv":[64,16],"uv_size":[16,-16]}}},{"origin":[40,64,-24],"size":[16,16,16],"uv":{"north":{"uv":[64,0],"uv_size":[16,16]},"east":{"uv":[64,0],"uv_size":[16,16]},"south":{"uv":[64,0],"uv_size":[16,16]},"west":{"uv":[64,0],"uv_size":[16,16]},"up":{"uv":[64,0],"uv_size":[16,16]},"down":{"uv":[64,16],"uv_size":[16,-16]}}},{"origin":[40,80,24],"size":[16,16,16],"uv":{"north":{"uv":[64,0],"uv_size":[16,16]},"east":{"uv":[64,0],"uv_size":[16,16]},"south":{"uv":[64,0],"uv_size":[16,16]},"west":{"uv":[64,0],"uv_size":[16,16]},"up":{"uv":[64,0],"uv_size":[16,16]},"down":{"uv":[64,16],"uv_size":[16,-16]}}},{"origin":[40,80,8],"size":[16,16,16],"uv":{"north":{"uv":[64,0],"uv_size":[16,16]},"east":{"uv":[64,0],"uv_size":[16,16]},"south":{"uv":[64,0],"uv_size":[16,16]},"west":{"uv":[64,0],"uv_size":[16,16]},"up":{"uv":[64,0],"uv_size":[16,16]},"down":{"uv":[64,16],"uv_size":[16,-16]}}},{"origin":[40,80,-8],"size":[16,16,16],"uv":{"north":{"uv":[64,0],"uv_size":[16,16]},"east":{"uv":[64,0],"uv_size":[16,16]},"south":{"uv":[64,0],"uv_size":[16,16]},"west":{"uv":[64,0],"uv_size":[16,16]},"up":{"uv":[64,0],"uv_size":[16,16]},"down":{"uv":[64,16],"uv_size":[16,-16]}}},{"origin":[24,64,-24],"size":[16,16,16],"uv":{"north":{"uv":[64,0],"uv_size":[16,16]},"east":{"uv":[64,0],"uv_size":[16,16]},"south":{"uv":[64,0],"uv_size":[16,16]},"west":{"uv":[64,0],"uv_size":[16,16]},"up":{"uv":[64,0],"uv_size":[16,16]},"down":{"uv":[64,16],"uv_size":[16,-16]}}},{"origin":[24,64,-8],"size":[16,16,16],"uv":{"north":{"uv":[64,0],"uv_size":[16,16]},"east":{"uv":[64,0],"uv_size":[16,16]},"south":{"uv":[64,0],"uv_size":[16,16]},"west":{"uv":[64,0],"uv_size":[16,16]},"up":{"uv":[64,0],"uv_size":[16,16]},"down":{"uv":[64,16],"uv_size":[16,-16]}}},{"origin":[8,64,-24],"size":[16,16,16],"uv":{"north":{"uv":[64,0],"uv_size":[16,16]},"east":{"uv":[64,0],"uv_size":[16,16]},"south":{"uv":[64,0],"uv_size":[16,16]},"west":{"uv":[64,0],"uv_size":[16,16]},"up":{"uv":[64,0],"uv_size":[16,16]},"down":{"uv":[64,16],"uv_size":[16,-16]}}},{"origin":[8,64,-8],"size":[16,16,16],"uv":{"north":{"uv":[64,0],"uv_size":[16,16]},"east":{"uv":[64,0],"uv_size":[16,16]},"south":{"uv":[64,0],"uv_size":[16,16]},"west":{"uv":[64,0],"uv_size":[16,16]},"up":{"uv":[64,0],"uv_size":[16,16]},"down":{"uv":[64,16],"uv_size":[16,-16]}}},{"origin":[-8,64,-24],"size":[16,16,16],"uv":{"north":{"uv":[64,0],"uv_size":[16,16]},"east":{"uv":[64,0],"uv_size":[16,16]},"south":{"uv":[64,0],"uv_size":[16,16]},"west":{"uv":[64,0],"uv_size":[16,16]},"up":{"uv":[64,0],"uv_size":[16,16]},"down":{"uv":[64,16],"uv_size":[16,-16]}}},{"origin":[-8,64,-8],"size":[16,16,16],"uv":{"north":{"uv":[64,0],"uv_size":[16,16]},"east":{"uv":[64,0],"uv_size":[16,16]},"south":{"uv":[64,0],"uv_size":[16,16]},"west":{"uv":[64,0],"uv_size":[16,16]},"up":{"uv":[64,0],"uv_size":[16,16]},"down":{"uv":[64,16],"uv_size":[16,-16]}}},{"origin":[-24,64,-24],"size":[16,16,16],"uv":{"north":{"uv":[64,0],"uv_size":[16,16]},"east":{"uv":[64,0],"uv_size":[16,16]},"south":{"uv":[64,0],"uv_size":[16,16]},"west":{"uv":[64,0],"uv_size":[16,16]},"up":{"uv":[64,0],"uv_size":[16,16]},"down":{"uv":[64,16],"uv_size":[16,-16]}}},{"origin":[-24,64,-8],"size":[16,16,16],"uv":{"north":{"uv":[64,0],"uv_size":[16,16]},"east":{"uv":[64,0],"uv_size":[16,16]},"south":{"uv":[64,0],"uv_size":[16,16]},"west":{"uv":[64,0],"uv_size":[16,16]},"up":{"uv":[64,0],"uv_size":[16,16]},"down":{"uv":[64,16],"uv_size":[16,-16]}}},{"origin":[-24,64,8],"size":[16,16,16],"uv":{"north":{"uv":[64,0],"uv_size":[16,16]},"east":{"uv":[64,0],"uv_size":[16,16]},"south":{"uv":[64,0],"uv_size":[16,16]},"west":{"uv":[64,0],"uv_size":[16,16]},"up":{"uv":[64,0],"uv_size":[16,16]},"down":{"uv":[64,16],"uv_size":[16,-16]}}},{"origin":[-8,64,8],"size":[16,16,16],"uv":{"north":{"uv":[64,0],"uv_size":[16,16]},"east":{"uv":[64,0],"uv_size":[16,16]},"south":{"uv":[64,0],"uv_size":[16,16]},"west":{"uv":[64,0],"uv_size":[16,16]},"up":{"uv":[64,0],"uv_size":[16,16]},"down":{"uv":[64,16],"uv_size":[16,-16]}}},{"origin":[-24,64,24],"size":[16,16,16],"uv":{"north":{"uv":[64,0],"uv_size":[16,16]},"east":{"uv":[64,0],"uv_size":[16,16]},"south":{"uv":[64,0],"uv_size":[16,16]},"west":{"uv":[64,0],"uv_size":[16,16]},"up":{"uv":[64,0],"uv_size":[16,16]},"down":{"uv":[64,16],"uv_size":[16,-16]}}},{"origin":[-24,64,40],"size":[16,16,16],"uv":{"north":{"uv":[64,0],"uv_size":[16,16]},"east":{"uv":[64,0],"uv_size":[16,16]},"south":{"uv":[64,0],"uv_size":[16,16]},"west":{"uv":[64,0],"uv_size":[16,16]},"up":{"uv":[64,0],"uv_size":[16,16]},"down":{"uv":[64,16],"uv_size":[16,-16]}}},{"origin":[-8,64,40],"size":[16,16,16],"uv":{"north":{"uv":[64,0],"uv_size":[16,16]},"east":{"uv":[64,0],"uv_size":[16,16]},"south":{"uv":[64,0],"uv_size":[16,16]},"west":{"uv":[64,0],"uv_size":[16,16]},"up":{"uv":[64,0],"uv_size":[16,16]},"down":{"uv":[64,16],"uv_size":[16,-16]}}},{"origin":[-8,64,24],"size":[16,16,16],"uv":{"north":{"uv":[64,0],"uv_size":[16,16]},"east":{"uv":[64,0],"uv_size":[16,16]},"south":{"uv":[64,0],"uv_size":[16,16]},"west":{"uv":[64,0],"uv_size":[16,16]},"up":{"uv":[64,0],"uv_size":[16,16]},"down":{"uv":[64,16],"uv_size":[16,-16]}}},{"origin":[24,80,-24],"size":[16,16,16],"uv":{"north":{"uv":[64,0],"uv_size":[16,16]},"east":{"uv":[64,0],"uv_size":[16,16]},"south":{"uv":[64,0],"uv_size":[16,16]},"west":{"uv":[64,0],"uv_size":[16,16]},"up":{"uv":[64,0],"uv_size":[16,16]},"down":{"uv":[64,16],"uv_size":[16,-16]}}},{"origin":[8,80,-24],"size":[16,16,16],"uv":{"north":{"uv":[64,0],"uv_size":[16,16]},"east":{"uv":[64,0],"uv_size":[16,16]},"south":{"uv":[64,0],"uv_size":[16,16]},"west":{"uv":[64,0],"uv_size":[16,16]},"up":{"uv":[64,0],"uv_size":[16,16]},"down":{"uv":[64,16],"uv_size":[16,-16]}}},{"origin":[-8,80,-24],"size":[16,16,16],"uv":{"north":{"uv":[64,0],"uv_size":[16,16]},"east":{"uv":[64,0],"uv_size":[16,16]},"south":{"uv":[64,0],"uv_size":[16,16]},"west":{"uv":[64,0],"uv_size":[16,16]},"up":{"uv":[64,0],"uv_size":[16,16]},"down":{"uv":[64,16],"uv_size":[16,-16]}}}]},{"name":"piglin","parent":"root","pivot":[16,-10,5]},{"name":"body","parent":"piglin","pivot":[16,14,5],"cubes":[{"origin":[12,18,3],"size":[8,12,4],"uv":[16,80]},{"origin":[12,18,3],"size":[8,12,4],"inflate":0.25,"uv":[16,96]}]},{"name":"head","parent":"body","pivot":[16,14,5],"cubes":[{"origin":[11,30,1],"size":[10,8,8],"inflate":-0.02,"uv":[0,64]},{"origin":[14,30,0],"size":[4,4,1],"uv":[31,65]},{"origin":[18,30,0],"size":[1,2,1],"uv":[2,68]},{"origin":[13,30,0],"size":[1,2,1],"uv":[2,64]}]},{"name":"leftear","parent":"head","pivot":[21,20,5],"rotation":[0,0,-30],"cubes":[{"origin":[28,28.85641,3],"size":[1,5,4],"uv":[51,70]}]},{"name":"rightear","parent":"head","pivot":[11,20,5],"rotation":[0,0,30],"cubes":[{"origin":[3,28.85641,3],"size":[1,5,4],"uv":[39,70]}]},{"name":"hat","parent":"head","pivot":[16,14,5]},{"name":"rightarm","parent":"body","pivot":[12,30,5],"cubes":[{"origin":[8,18,3],"size":[4,12,4],"uv":[40,80]},{"origin":[8,18,3],"size":[4,12,4],"inflate":0.25,"uv":[40,96]}]},{"name":"rightItem","parent":"rightarm","pivot":[10,5,6]},{"name":"leftarm","parent":"body","pivot":[20,30,5],"cubes":[{"origin":[20,18,3],"size":[4,12,4],"uv":[32,112]},{"origin":[20,18,3],"size":[4,12,4],"inflate":0.25,"uv":[48,112]}]},{"name":"rightleg","parent":"body","pivot":[14,18,5],"rotation":[-90,5,0],"cubes":[{"origin":[12,6,3],"size":[4,12,4],"uv":[0,80]},{"origin":[12,6,3],"size":[4,12,4],"inflate":0.25,"uv":[0,96]}]},{"name":"leftleg","parent":"body","pivot":[18,18,5],"rotation":[-90,-5,0],"cubes":[{"origin":[16,6,3],"size":[4,12,4],"uv":[16,112]},{"origin":[16,6,3],"size":[4,12,4],"inflate":0.25,"uv":[0,112]}]},{"name":"strider","parent":"root","pivot":[-22,34,19]},{"name":"root2","parent":"strider","pivot":[0,16,0]},{"name":"body2","parent":"root2","pivot":[0,16,0],"cubes":[{"origin":[-30,30,11],"size":[16,14,16],"uv":[64,47]}],"locators":{"lead":[-22,31,18]}},{"name":"bristle5","parent":"body2","pivot":[8,19,0],"cubes":[{"origin":[-14,35,11],"size":[12,0,16],"pivot":[-14,35,19],"rotation":[0,0,70],"uv":[80,112]}]},{"name":"bristle4","parent":"body2","pivot":[8,24,0],"cubes":[{"origin":[-14,40,11],"size":[12,0,16],"pivot":[-14,40,19],"rotation":[0,0,65],"uv":[80,96]}]},{"name":"bristle3","parent":"body2","pivot":[8,28,0],"cubes":[{"origin":[-14,44,11],"size":[12,0,16],"pivot":[-14,44,19],"rotation":[0,0,50],"uv":[80,80]}]},{"name":"bristle2","parent":"body2","pivot":[-8,28,0],"cubes":[{"origin":[-42,44,11],"size":[12,0,16],"pivot":[-30,44,19],"rotation":[0,0,-50],"uv":[80,80],"mirror":true}]},{"name":"bristle1","parent":"body2","pivot":[-8,24,0],"cubes":[{"origin":[-42,40,11],"size":[12,0,16],"pivot":[-30,40,19],"rotation":[0,0,-65],"uv":[80,96],"mirror":true}]},{"name":"bristle0","parent":"body2","pivot":[-8,19,0],"cubes":[{"origin":[-42,35,11],"size":[12,0,16],"pivot":[-30,35,19],"rotation":[0,0,-70],"uv":[80,112],"mirror":true}]},{"name":"left_leg","parent":"root2","pivot":[-18,30,19],"cubes":[{"origin":[-20,16,17],"size":[4,16,4],"uv":[64,102]}]},{"name":"right_leg","parent":"root2","pivot":[-26,30,19],"cubes":[{"origin":[-28,16,17],"size":[4,16,4],"uv":[64,79]}]},{"name":"apple","parent":"root","pivot":[16.25,72.0625,5.5],"cubes":[{"origin":[13,65,5],"size":[6,1,1],"uv":[0,16]},{"origin":[12,66,5],"size":[8,1,1],"uv":[0,18]},{"origin":[11,67,5],"size":[10,2,1],"uv":[0,20]},{"origin":[10,69,5],"size":[12,5,1],"uv":[0,23]},{"origin":[11,74,5],"size":[10,1,1],"uv":[0,29]},{"origin":[13,75,5],"size":[6,1,1],"uv":[0,31]},{"origin":[16,76,5],"size":[1,2,1],"uv":[0,33]},{"origin":[17,77,5],"size":[1,2,1],"uv":[4,33]}]}]}]}