{"geometry.acid.plant":{"texturewidth":64,"textureheight":64,"visible_bounds_width":3,"visible_bounds_height":4,"visible_bounds_offset":[0,2,0],"bones":[{"name":"leftArm","pivot":[0,4,0],"cubes":[{"origin":[-3,12,1],"size":[1,1,4],"uv":[44,49]},{"origin":[-4,11,5],"size":[1,2,4],"uv":[44,49]},{"origin":[-3,13,1],"size":[1,2,6],"uv":[0,33]},{"origin":[-4,13,4],"size":[1,2,6],"uv":[0,33]},{"origin":[-4,9,9],"size":[1,4,1],"uv":[44,49]},{"origin":[-5,6,10],"size":[1,8,1],"uv":[44,49]},{"origin":[-6,4,11],"size":[1,8,1],"uv":[47,48]},{"origin":[-10,0,15],"size":[1,2,1],"uv":[46,59]},{"origin":[-9,1,14],"size":[1,2,1],"uv":[46,59]},{"origin":[-8,2,13],"size":[1,2,1],"uv":[46,59]},{"origin":[-7,3,12],"size":[1,2,1],"uv":[46,59]},{"origin":[5,12,0],"size":[4,1,1],"uv":[43,49]},{"origin":[9,11,0],"size":[4,2,1],"uv":[43,49]},{"origin":[3,13,0],"size":[11,2,1],"uv":[0,33]},{"origin":[13,9,0],"size":[1,4,1],"uv":[43,49]},{"origin":[14,6,0],"size":[1,8,1],"uv":[43,49]},{"origin":[15,4,0],"size":[1,8,1],"uv":[47,48]},{"origin":[19,0,0],"size":[1,2,1],"uv":[47,58]},{"origin":[18,1,0],"size":[1,2,1],"uv":[47,58]},{"origin":[17,2,0],"size":[1,2,1],"uv":[47,58]},{"origin":[16,3,0],"size":[1,2,1],"uv":[47,58]},{"origin":[3,12,-4],"size":[1,1,4],"uv":[43,49]},{"origin":[4,11,-8],"size":[1,2,4],"uv":[43,49]},{"origin":[3,13,-6],"size":[1,2,6],"uv":[0,33]},{"origin":[4,13,-9],"size":[1,2,6],"uv":[0,33]},{"origin":[4,9,-9],"size":[1,4,1],"uv":[43,49]},{"origin":[5,6,-10],"size":[1,8,1],"uv":[43,49]},{"origin":[6,4,-11],"size":[1,8,1],"uv":[47,48]},{"origin":[10,0,-15],"size":[1,2,1],"uv":[47,59]},{"origin":[9,1,-14],"size":[1,2,1],"uv":[47,59]},{"origin":[8,2,-13],"size":[1,2,1],"uv":[47,59]},{"origin":[7,3,-12],"size":[1,2,1],"uv":[47,59]},{"origin":[0,12,-8],"size":[1,1,4],"uv":[44,49]},{"origin":[0,11,-12],"size":[1,2,4],"uv":[44,49]},{"origin":[0,13,-13],"size":[1,2,11],"uv":[0,33]},{"origin":[0,9,-13],"size":[1,4,1],"uv":[44,49]},{"origin":[0,6,-14],"size":[1,8,1],"uv":[44,49]},{"origin":[0,4,-15],"size":[1,8,1],"uv":[47,48]},{"origin":[0,0,-19],"size":[1,2,1],"uv":[48,59]},{"origin":[0,1,-18],"size":[1,2,1],"uv":[48,59]},{"origin":[0,2,-17],"size":[1,2,1],"uv":[48,59]},{"origin":[0,3,-16],"size":[1,2,1],"uv":[48,59]}]},{"name":"rightArm","pivot":[0,4,0],"cubes":[{"origin":[-8,12,0],"size":[4,1,1],"uv":[44,49]},{"origin":[-12,11,0],"size":[4,2,1],"uv":[44,49]},{"origin":[-13,13,0],"size":[11,2,1],"uv":[0,33]},{"origin":[-13,9,0],"size":[1,4,1],"uv":[44,49]},{"origin":[-14,6,0],"size":[1,8,1],"uv":[44,49]},{"origin":[-15,4,0],"size":[1,8,1],"uv":[47,48]},{"origin":[-19,0,0],"size":[1,2,1],"uv":[48,58]},{"origin":[-18,1,0],"size":[1,2,1],"uv":[48,58]},{"origin":[-17,2,0],"size":[1,2,1],"uv":[48,58]},{"origin":[-16,3,0],"size":[1,2,1],"uv":[48,58]},{"origin":[-3,12,-4],"size":[1,1,4],"uv":[44,49]},{"origin":[-4,11,-8],"size":[1,2,4],"uv":[44,49]},{"origin":[-3,13,-6],"size":[1,2,6],"uv":[0,33]},{"origin":[-4,13,-9],"size":[1,2,6],"uv":[0,33]},{"origin":[-4,9,-9],"size":[1,4,1],"uv":[44,49]},{"origin":[-5,6,-10],"size":[1,8,1],"uv":[44,49]},{"origin":[-6,4,-11],"size":[1,8,1],"uv":[47,48]},{"origin":[-10,0,-15],"size":[1,2,1],"uv":[45,59]},{"origin":[-9,1,-14],"size":[1,2,1],"uv":[45,59]},{"origin":[-8,2,-13],"size":[1,2,1],"uv":[45,59]},{"origin":[-7,3,-12],"size":[1,2,1],"uv":[45,59]},{"origin":[3,12,1],"size":[1,1,4],"uv":[45,50]},{"origin":[4,11,5],"size":[1,2,4],"uv":[43,49]},{"origin":[3,13,1],"size":[1,2,6],"uv":[0,34]},{"origin":[4,13,4],"size":[1,2,6],"uv":[0,33]},{"origin":[4,9,9],"size":[1,4,1],"uv":[45,50]},{"origin":[5,6,10],"size":[1,8,1],"uv":[45,50]},{"origin":[6,4,11],"size":[1,8,1],"uv":[47,48]},{"origin":[10,0,15],"size":[1,2,1],"uv":[55,59]},{"origin":[9,1,14],"size":[1,2,1],"uv":[55,59]},{"origin":[8,2,13],"size":[1,2,1],"uv":[55,59]},{"origin":[7,3,12],"size":[1,2,1],"uv":[55,59]},{"origin":[0,12,5],"size":[1,1,4],"uv":[44,49]},{"origin":[0,11,9],"size":[1,2,4],"uv":[44,49]},{"origin":[0,13,3],"size":[1,2,11],"uv":[0,33]},{"origin":[0,9,13],"size":[1,4,1],"uv":[44,49]},{"origin":[0,6,14],"size":[1,8,1],"uv":[44,49]},{"origin":[0,4,15],"size":[1,8,1],"uv":[47,48]},{"origin":[0,0,19],"size":[1,2,1],"uv":[49,58]},{"origin":[0,1,18],"size":[1,2,1],"uv":[49,58]},{"origin":[0,2,17],"size":[1,2,1],"uv":[49,58]},{"origin":[0,3,16],"size":[1,2,1],"uv":[49,58]}]},{"name":"body","pivot":[0,4,0],"cubes":[{"origin":[-7,18,3],"size":[1,9,2],"uv":[0,0]},{"origin":[6,18,3],"size":[1,9,2],"uv":[0,0]},{"origin":[6,18,-3],"size":[1,9,2],"uv":[0,0]},{"origin":[-7,18,-3],"size":[1,9,2],"uv":[0,0]},{"origin":[-8,18,-1],"size":[2,9,4],"uv":[0,0]},{"origin":[6,18,-1],"size":[2,9,4],"uv":[0,0]},{"origin":[4,17,-3],"size":[2,11,9],"uv":[0,0]},{"origin":[-6,17,-3],"size":[2,11,9],"uv":[0,0]},{"origin":[-6,18,-7],"size":[2,9,4],"uv":[2,40]},{"origin":[4,18,-7],"size":[2,9,4],"uv":[2,40]},{"origin":[-4,26,-7],"size":[8,2,4],"uv":[2,40]},{"origin":[-5,17,-7],"size":[1,1,4],"uv":[2,40]},{"origin":[-5,27,-7],"size":[1,1,4],"uv":[2,40]},{"origin":[4,17,-7],"size":[1,1,4],"uv":[2,40]},{"origin":[4,27,-7],"size":[1,1,4],"uv":[2,40]},{"origin":[3,25,-7],"size":[1,1,4],"uv":[2,40]},{"origin":[-4,25,-7],"size":[1,1,4],"uv":[2,40]},{"origin":[-4,19,-7],"size":[1,1,4],"uv":[2,40]},{"origin":[3,19,-7],"size":[1,1,4],"uv":[2,40]},{"origin":[-4,17,-7],"size":[8,2,4],"uv":[2,40]},{"origin":[-3,18,5],"size":[6,1,3],"uv":[0,0]},{"origin":[-3,27,6],"size":[6,1,1],"uv":[0,0]},{"origin":[-3,17,6],"size":[6,1,1],"uv":[0,0]},{"origin":[-3,16,5],"size":[6,2,1],"uv":[0,0]},{"origin":[-3,27,5],"size":[6,2,1],"uv":[0,0]},{"origin":[-3,26,5],"size":[6,1,3],"uv":[0,0]},{"origin":[-4,19,5],"size":[8,1,4],"uv":[0,0]},{"origin":[-4,25,5],"size":[8,1,4],"uv":[0,0]},{"origin":[-3,33,-2],"size":[6,1,6],"uv":[47,19]},{"origin":[-2,32,-1],"size":[4,1,4],"uv":[47,19]},{"origin":[-1,31,0],"size":[2,1,2],"uv":[47,19]},{"origin":[-3,30,-2],"size":[6,1,6],"uv":[0,0]},{"origin":[-4,25,-3],"size":[8,5,8],"uv":[0,0]},{"origin":[-6,59,-1],"size":[4,1,4],"uv":[47,6]},{"origin":[-5,58,0],"size":[2,1,2],"uv":[47,6]},{"origin":[-1,35,-1],"size":[4,1,4],"uv":[47,19]},{"origin":[0,34,0],"size":[2,1,2],"uv":[47,19]},{"origin":[-2,36,-2],"size":[6,1,6],"uv":[47,19]},{"origin":[-7,60,-2],"size":[6,1,6],"uv":[47,6]},{"origin":[-1,42,-2],"size":[6,1,6],"uv":[47,19]},{"origin":[0,41,-1],"size":[4,1,4],"uv":[47,19]},{"origin":[1,40,0],"size":[2,1,2],"uv":[47,19]},{"origin":[0,38,-1],"size":[4,1,4],"uv":[47,19]},{"origin":[-3,48,-2],"size":[6,1,6],"uv":[47,6]},{"origin":[-2,47,-1],"size":[4,1,4],"uv":[47,6]},{"origin":[-1,46,0],"size":[2,1,2],"uv":[47,6]},{"origin":[-4,51,-2],"size":[6,1,6],"uv":[47,6]},{"origin":[-3,50,-1],"size":[4,1,4],"uv":[47,6]},{"origin":[-2,49,0],"size":[2,1,2],"uv":[47,6]},{"origin":[1,37,0],"size":[2,1,2],"uv":[47,19]},{"origin":[-5,54,-2],"size":[6,1,6],"uv":[47,6]},{"origin":[-4,53,-1],"size":[4,1,4],"uv":[47,6]},{"origin":[-3,52,0],"size":[2,1,2],"uv":[47,6]},{"origin":[-6,57,-2],"size":[6,1,6],"uv":[47,6]},{"origin":[-5,56,-1],"size":[4,1,4],"uv":[47,6]},{"origin":[-4,55,0],"size":[2,1,2],"uv":[47,6]},{"origin":[-2,45,-2],"size":[6,1,6],"uv":[47,19]},{"origin":[-1,39,-2],"size":[6,1,6],"uv":[47,19]},{"origin":[12,63,18],"size":[1,1,2],"uv":[0,0]},{"origin":[11,63,17],"size":[1,1,3],"uv":[0,0]},{"origin":[10,63,16],"size":[1,1,4],"uv":[0,0]},{"origin":[9,63,15],"size":[1,1,5],"uv":[0,0]},{"origin":[8,63,14],"size":[1,1,6],"uv":[0,0]},{"origin":[6,64,12],"size":[1,1,6],"uv":[0,0]},{"origin":[7,63.5,13],"size":[1,1,6],"uv":[0,0]},{"origin":[14,63,19],"size":[1,1,1],"uv":[0,0]},{"origin":[-1,63,5],"size":[1,1,6],"uv":[0,0]},{"origin":[-3,61,3],"size":[1,1,6],"uv":[0,0]},{"origin":[-2,62,4],"size":[1,1,6],"uv":[0,0]},{"origin":[0,63,4],"size":[6,1,1],"uv":[0,0]},{"origin":[-1,62,3],"size":[6,1,1],"uv":[0,0]},{"origin":[-2,61,2],"size":[6,1,1],"uv":[0,0]},{"origin":[13,63,18],"size":[1,1,1],"uv":[0,0]},{"origin":[2,66,8],"size":[1,1,6],"uv":[0,0]},{"origin":[0,64,6],"size":[1,1,6],"uv":[0,0]},{"origin":[1,65,7],"size":[1,1,6],"uv":[0,0]},{"origin":[3,66,7],"size":[6,1,1],"uv":[0,0]},{"origin":[2,65,6],"size":[6,1,1],"uv":[0,0]},{"origin":[5,65,11],"size":[1,1,6],"uv":[0,0]},{"origin":[3,66,9],"size":[1,1,6],"uv":[0,0]},{"origin":[4,65.5,10],"size":[1,1,6],"uv":[0,0]},{"origin":[6,65,10],"size":[6,1,1],"uv":[0,0]},{"origin":[5,65.5,9],"size":[6,1,1],"uv":[0,0]},{"origin":[4,66,8],"size":[6,1,1],"uv":[0,0]},{"origin":[1,64,5],"size":[6,1,1],"uv":[0,0]},{"origin":[13,63,17],"size":[2,1,1],"uv":[0,0]},{"origin":[12,63,16],"size":[3,1,1],"uv":[0,0]},{"origin":[11,63,15],"size":[4,1,1],"uv":[0,0]},{"origin":[10,63,14],"size":[5,1,1],"uv":[0,0]},{"origin":[9,63,13],"size":[6,1,1],"uv":[0,0]},{"origin":[8,63.5,12],"size":[6,1,1],"uv":[0,0]},{"origin":[7,64,11],"size":[6,1,1],"uv":[0,0]},{"origin":[12,63,-17],"size":[1,1,2],"uv":[0,0]},{"origin":[11,63,-17],"size":[1,1,3],"uv":[0,0]},{"origin":[10,63,-17],"size":[1,1,4],"uv":[0,0]},{"origin":[9,63,-17],"size":[1,1,5],"uv":[0,0]},{"origin":[8,63,-17],"size":[1,1,6],"uv":[0,0]},{"origin":[6,64,-15],"size":[1,1,6],"uv":[0,0]},{"origin":[7,63.5,-16],"size":[1,1,6],"uv":[0,0]},{"origin":[14,63,-17],"size":[1,1,1],"uv":[0,0]},{"origin":[-1,63,-8],"size":[1,1,6],"uv":[0,0]},{"origin":[-3,61,-6],"size":[1,1,6],"uv":[0,0]},{"origin":[-2,62,-7],"size":[1,1,6],"uv":[0,0]},{"origin":[0,63,-2],"size":[6,1,1],"uv":[0,0]},{"origin":[-1,62,-1],"size":[6,1,1],"uv":[0,0]},{"origin":[-2,61,0],"size":[6,1,1],"uv":[0,0]},{"origin":[13,63,-16],"size":[1,1,1],"uv":[0,0]},{"origin":[2,66,-11],"size":[1,1,6],"uv":[0,0]},{"origin":[0,64,-9],"size":[1,1,6],"uv":[0,0]},{"origin":[1,65,-10],"size":[1,1,6],"uv":[0,0]},{"origin":[3,66,-5],"size":[6,1,1],"uv":[0,0]},{"origin":[2,65,-4],"size":[6,1,1],"uv":[0,0]},{"origin":[5,65,-14],"size":[1,1,6],"uv":[0,0]},{"origin":[3,66,-12],"size":[1,1,6],"uv":[0,0]},{"origin":[4,65.5,-13],"size":[1,1,6],"uv":[0,0]},{"origin":[6,65,-8],"size":[6,1,1],"uv":[0,0]},{"origin":[5,65.5,-7],"size":[6,1,1],"uv":[0,0]},{"origin":[4,66,-6],"size":[6,1,1],"uv":[0,0]},{"origin":[1,64,-3],"size":[6,1,1],"uv":[0,0]},{"origin":[-20,63,-17],"size":[1,1,2],"uv":[0,0]},{"origin":[-19,63,-17],"size":[1,1,3],"uv":[0,0]},{"origin":[-18,63,-17],"size":[1,1,4],"uv":[0,0]},{"origin":[-17,63,-17],"size":[1,1,5],"uv":[0,0]},{"origin":[-16,63,-17],"size":[1,1,6],"uv":[0,0]},{"origin":[-14,64,-15],"size":[1,1,6],"uv":[0,0]},{"origin":[-15,63.5,-16],"size":[1,1,6],"uv":[0,0]},{"origin":[-22,63,-17],"size":[1,1,1],"uv":[0,0]},{"origin":[-7,63,-8],"size":[1,1,6],"uv":[0,0]},{"origin":[-5,61,-6],"size":[1,1,6],"uv":[0,0]},{"origin":[-6,62,-7],"size":[1,1,6],"uv":[0,0]},{"origin":[-13,63,-2],"size":[6,1,1],"uv":[0,0]},{"origin":[-12,62,-1],"size":[6,1,1],"uv":[0,0]},{"origin":[-11,61,0],"size":[6,1,1],"uv":[0,0]},{"origin":[-21,63,-16],"size":[1,1,1],"uv":[0,0]},{"origin":[-10,66,-11],"size":[1,1,6],"uv":[0,0]},{"origin":[-8,64,-9],"size":[1,1,6],"uv":[0,0]},{"origin":[-9,65,-10],"size":[1,1,6],"uv":[0,0]},{"origin":[-16,66,-5],"size":[6,1,1],"uv":[0,0]},{"origin":[-15,65,-4],"size":[6,1,1],"uv":[0,0]},{"origin":[-13,65,-14],"size":[1,1,6],"uv":[0,0]},{"origin":[-11,66,-12],"size":[1,1,6],"uv":[0,0]},{"origin":[-12,65.5,-13],"size":[1,1,6],"uv":[0,0]},{"origin":[-19,65,-8],"size":[6,1,1],"uv":[0,0]},{"origin":[-18,65.5,-7],"size":[6,1,1],"uv":[0,0]},{"origin":[-17,66,-6],"size":[6,1,1],"uv":[0,0]},{"origin":[-14,64,-3],"size":[6,1,1],"uv":[0,0]},{"origin":[-22,63,-15],"size":[2,1,1],"uv":[0,0]},{"origin":[-22,63,-14],"size":[3,1,1],"uv":[0,0]},{"origin":[-22,63,-13],"size":[4,1,1],"uv":[0,0]},{"origin":[-22,63,-12],"size":[5,1,1],"uv":[0,0]},{"origin":[-22,63,-11],"size":[6,1,1],"uv":[0,0]},{"origin":[-21,63.5,-10],"size":[6,1,1],"uv":[0,0]},{"origin":[-20,64,-9],"size":[6,1,1],"uv":[0,0]},{"origin":[13,63,-15],"size":[2,1,1],"uv":[0,0]},{"origin":[12,63,-14],"size":[3,1,1],"uv":[0,0]},{"origin":[11,63,-13],"size":[4,1,1],"uv":[0,0]},{"origin":[10,63,-12],"size":[5,1,1],"uv":[0,0]},{"origin":[-20,63,18],"size":[1,1,2],"uv":[0,0]},{"origin":[-19,63,17],"size":[1,1,3],"uv":[0,0]},{"origin":[-18,63,16],"size":[1,1,4],"uv":[0,0]},{"origin":[-17,63,15],"size":[1,1,5],"uv":[0,0]},{"origin":[-16,63,14],"size":[1,1,6],"uv":[0,0]},{"origin":[-14,64,12],"size":[1,1,6],"uv":[0,0]},{"origin":[-15,63.5,13],"size":[1,1,6],"uv":[0,0]},{"origin":[-22,63,19],"size":[1,1,1],"uv":[0,0]},{"origin":[-7,63,5],"size":[1,1,6],"uv":[0,0]},{"origin":[-5,61,3],"size":[1,1,6],"uv":[0,0]},{"origin":[-6,62,4],"size":[1,1,6],"uv":[0,0]},{"origin":[-13,63,4],"size":[6,1,1],"uv":[0,0]},{"origin":[-12,62,3],"size":[6,1,1],"uv":[0,0]},{"origin":[-11,61,2],"size":[6,1,1],"uv":[0,0]},{"origin":[-21,63,18],"size":[1,1,1],"uv":[0,0]},{"origin":[-10,66,8],"size":[1,1,6],"uv":[0,0]},{"origin":[-8,64,6],"size":[1,1,6],"uv":[0,0]},{"origin":[-9,65,7],"size":[1,1,6],"uv":[0,0]},{"origin":[-16,66,7],"size":[6,1,1],"uv":[0,0]},{"origin":[-15,65,6],"size":[6,1,1],"uv":[0,0]},{"origin":[-13,65,11],"size":[1,1,6],"uv":[0,0]},{"origin":[-11,66,9],"size":[1,1,6],"uv":[0,0]},{"origin":[-12,65.5,10],"size":[1,1,6],"uv":[0,0]},{"origin":[-19,65,10],"size":[6,1,1],"uv":[0,0]},{"origin":[-18,65.5,9],"size":[6,1,1],"uv":[0,0]},{"origin":[-17,66,8],"size":[6,1,1],"uv":[0,0]},{"origin":[-14,64,5],"size":[6,1,1],"uv":[0,0]},{"origin":[-22,63,17],"size":[2,1,1],"uv":[0,0]},{"origin":[-22,63,16],"size":[3,1,1],"uv":[0,0]},{"origin":[-22,63,15],"size":[4,1,1],"uv":[0,0]},{"origin":[-22,63,14],"size":[5,1,1],"uv":[0,0]},{"origin":[-22,63,13],"size":[6,1,1],"uv":[0,0]},{"origin":[-21,63.5,12],"size":[6,1,1],"uv":[0,0]},{"origin":[-20,64,11],"size":[6,1,1],"uv":[0,0]},{"origin":[9,63,-11],"size":[6,1,1],"uv":[0,0]},{"origin":[8,63.5,-10],"size":[6,1,1],"uv":[0,0]},{"origin":[7,64,-9],"size":[6,1,1],"uv":[0,0]},{"origin":[0,43,0],"size":[2,1,2],"uv":[47,6]},{"origin":[-1,44,-1],"size":[4,1,4],"uv":[47,19]},{"origin":[-4,20,-1],"size":[8,5,11],"uv":[0,0]},{"origin":[-4,15,-3],"size":[8,5,8],"uv":[0,0]}]}]}}