{"format_version":"1.10.0","geometry.eye":{"texturewidth":512,"textureheight":512,"visible_bounds_width":16,"visible_bounds_height":9,"visible_bounds_offset":[0,4.5,0],"bones":[{"name":"all","pivot":[0,0,0]},{"name":"leg3","parent":"all","pivot":[0,0,0]},{"name":"Hand","parent":"leg3","pivot":[30,106,21]},{"name":"arm_2","parent":"Hand","pivot":[52.805,64.95,-0.64],"cubes":[{"origin":[46.8,29.3,-10.15],"size":[14.85,40.9,13.2],"uv":[286,299],"mirror":true}]},{"name":"pr_zap1","parent":"arm_2","pivot":[54.75,-8.1,-1.8],"rotation":[0,-10,-5],"cubes":[{"origin":[50.36889,8.73711,-9.35],"size":[8.4,22.2,9.9],"uv":[334,204],"mirror":true}]},{"name":"pr_zap","parent":"arm_2","pivot":[54.75,-8.1,-1.8],"rotation":[0,-20,5],"cubes":[{"origin":[49.89188,8.04251,-8.05],"size":[6.4,22.2,10.7],"uv":[334,204],"mirror":true}]},{"name":"bone22","parent":"arm_2","pivot":[65.5,65.65,-0.425],"rotation":[0,0,-15]},{"name":"zap","parent":"arm_2","pivot":[53.80556,4.64444,-3.51111],"rotation":[-85,0,-90],"cubes":[{"origin":[55.20014,-2.25495,-13.03618],"size":[3.2,13.2,18.7],"uv":[344,140],"mirror":true},{"origin":[51.20014,0.74505,-13.03618],"size":[4.2,10.2,18.7],"uv":[344,140],"mirror":true},{"origin":[51.20014,0.74505,-18.03618],"size":[5.2,10.2,6.7],"uv":[344,140],"mirror":true},{"origin":[55.20014,-10.25495,-13.03618],"size":[3.2,8.2,3.7],"uv":[344,140],"mirror":true},{"origin":[55.20014,-10.25495,-8.03618],"size":[3.2,8.2,3.7],"uv":[344,140],"mirror":true},{"origin":[55.20014,-10.25495,-3.03618],"size":[3.2,8.2,3.7],"uv":[344,140],"mirror":true},{"origin":[55.20014,-10.25495,1.96382],"size":[3.2,8.2,3.7],"uv":[344,140],"mirror":true}]},{"name":"big","parent":"zap","pivot":[-28.44986,-97.05495,-14.88618],"cubes":[{"origin":[53.20014,-3.25495,-18.03618],"size":[3.2,6.2,3.7],"uv":[344,140],"mirror":true}]},{"name":"big_0","parent":"big","pivot":[74.80014,-26.15495,-16.18618],"rotation":[15,0,0],"cubes":[{"origin":[53.20014,-9.74088,-12.10688],"size":[3.2,6.2,3.7],"uv":[344,140],"mirror":true}]},{"name":"bone6","parent":"zap","pivot":[76.80014,-38.15495,-3.68618],"rotation":[0,0,20],"cubes":[{"origin":[46.51376,-25.66334,1.96382],"size":[3.2,8.2,3.7],"uv":[344,140],"mirror":true},{"origin":[46.51376,-25.66334,-3.03618],"size":[3.2,8.2,3.7],"uv":[344,140],"mirror":true},{"origin":[46.51376,-25.66334,-8.03618],"size":[3.2,8.2,3.7],"uv":[344,140],"mirror":true},{"origin":[46.51376,-25.66334,-13.03618],"size":[3.2,8.2,3.7],"uv":[344,140],"mirror":true}]},{"name":"plecho","parent":"Hand","pivot":[38.67188,64.07813,0],"rotation":[-26,-17,0],"cubes":[{"origin":[36.26969,59.6469,-20.39535],"size":[27.64062,44.39063,26.15625],"uv":[104,217]},{"origin":[33.625,91.75,-13.48437],"size":[23.28125,21,22.95313],"uv":[107,136]}]},{"name":"body","parent":"all","pivot":[0,99.09375,18.84375],"rotation":[-48,0,0],"cubes":[{"origin":[-32.67187,77.53377,4.72454],"size":[68.64063,36.34375,39.625],"uv":[86,212]}]},{"name":"bone2","parent":"body","pivot":[0,99.09375,18.84375],"rotation":[-1,0,0],"cubes":[{"origin":[-22.32812,81.36189,23.33391],"size":[47.45313,29.45313,38.98438],"uv":[193,208]}]},{"name":"bone3","parent":"body","pivot":[0,99.09375,18.84375],"rotation":[1,0,0],"cubes":[{"origin":[-18.15625,84.62752,33.94329],"size":[39.03125,23.20313,42.125],"uv":[115,180]}]},{"name":"bone4","parent":"body","pivot":[0,50.59375,59.09375],"rotation":[5,0,0],"cubes":[{"origin":[-11.29687,87.88752,77.09325],"size":[25.14063,18.6875,18.42187],"uv":[112,252]}]},{"name":"leg1","parent":"all","pivot":[19.04688,49.64063,60.39063],"rotation":[-33,-16,0],"cubes":[{"origin":[13.6875,25.00663,50.88397],"size":[17.48438,36.64063,12.82813],"uv":[182,209]}]},{"name":"bone19","parent":"leg1","pivot":[19.04688,49.64063,60.39063],"rotation":[-2,1,0],"cubes":[{"origin":[16.58893,28.33883,58.73845],"size":[8.5625,8.03125,28.54687],"uv":[139,156]}]},{"name":"bone20","parent":"leg1","pivot":[19.04688,15.5625,70.42188],"rotation":[10,4,0],"cubes":[{"origin":[15.12168,12.12345,84.89717],"size":[11.40625,22.5625,5.5625],"uv":[177,211]}]},{"name":"bone21","parent":"leg1","pivot":[19.04688,15.5625,70.42188],"rotation":[30,-3,0],"cubes":[{"origin":[15.79647,1.41875,75.12788],"size":[14.76563,8.75,15.20313],"uv":[348,472]}]},{"name":"leg2","parent":"all","pivot":[-15.1875,44.64063,60.39063],"rotation":[-33,23,0],"cubes":[{"origin":[-29.34181,21.24226,51.6263],"size":[17.48437,36.64062,12.82813],"uv":[99,224]}]},{"name":"bone23","parent":"leg2","pivot":[-17.25,19.125,60.39063],"rotation":[4,0,0],"cubes":[{"origin":[-26.01545,22.10228,53.25458],"size":[8.5625,8.03125,28.54687],"uv":[193,185]}]},{"name":"bone24","parent":"leg2","pivot":[-37.75,10.5625,70.42188],"rotation":[11,0,0],"cubes":[{"origin":[-27.04442,8.13897,79.4601],"size":[11.40625,22.5625,5.5625],"uv":[180,244]}]},{"name":"bone25","parent":"leg2","pivot":[-24.25,10.5625,70.42188],"rotation":[31,2,1],"cubes":[{"origin":[-29.02059,1.35291,71.76755],"size":[14.76563,7.85937,15.20313],"uv":[342,473]}]},{"name":"sheya","parent":"all","pivot":[0,0,0],"cubes":[{"origin":[-14.4,53.78865,-1.69932],"size":[37.7,38.5,19.6],"uv":[137,249]}]},{"name":"bone10","parent":"sheya","pivot":[4.45,60.03865,13.10068],"cubes":[{"origin":[-14.9,53.48865,-1.89932],"size":[38.95,12.8,38.8],"uv":[99,264]}]},{"name":"head","parent":"sheya","pivot":[4.5,70.78865,1.80068],"cubes":[{"origin":[-0.1,68.08865,-18.69932],"size":[9.2,9.4,13.4],"uv":[348,456]}]},{"name":"eye_all","parent":"sheya","pivot":[3,146.28865,2.20068]},{"name":"bone","parent":"eye_all","pivot":[3,146.28865,2.20068]},{"name":"eye10","parent":"bone","pivot":[4.5,146.7887,2.20068],"rotation":[0,0,-135]},{"name":"bone48","parent":"eye10","pivot":[3,146.28865,2.20068],"rotation":[0,-25,0],"cubes":[{"origin":[-48.42337,194.61455,4.81457],"size":[9,8,3],"uv":[345,78]}]},{"name":"bone51","parent":"eye10","pivot":[3,146.28865,2.20068],"rotation":[0,-50,0],"cubes":[{"origin":[-34.63444,194.61455,22.78465],"size":[9,8,3],"uv":[345,78]}]},{"name":"bone54","parent":"eye10","pivot":[3,146.28865,2.20068],"rotation":[0,-75,0],"cubes":[{"origin":[-14.54294,194.61455,33.24362],"size":[9,8,3],"uv":[345,78]}]},{"name":"eye7","parent":"bone","pivot":[4.5,146.7887,2.20068],"rotation":[0,0,-45]},{"name":"bone41","parent":"eye7","pivot":[3,146.28865,2.20068],"rotation":[0,-25,0],"cubes":[{"origin":[-48.42337,89.96275,4.81457],"size":[9,8,3],"uv":[345,78]}]},{"name":"bone44","parent":"eye7","pivot":[3,146.28865,2.20068],"rotation":[0,-50,0],"cubes":[{"origin":[-34.63444,89.96275,22.78465],"size":[9,8,3],"uv":[345,78]}]},{"name":"bone47","parent":"eye7","pivot":[3,146.28865,2.20068],"rotation":[0,-75,0],"cubes":[{"origin":[-14.54294,89.96275,33.24362],"size":[9,8,3],"uv":[345,78]}]},{"name":"eye5","parent":"bone","pivot":[4.5,146.7887,2.20068],"rotation":[0,0,-63]},{"name":"bone42","parent":"eye5","pivot":[3,146.28865,2.20068],"rotation":[0,-50,0],"cubes":[{"origin":[-43.38187,108.69336,33.20943],"size":[9,8,3],"uv":[345,78]}]},{"name":"bone43","parent":"eye5","pivot":[3,146.28865,2.20068],"rotation":[0,-75,0],"cubes":[{"origin":[-18.0651,108.69336,46.3885],"size":[9,8,3],"uv":[345,78]}]},{"name":"eye8","parent":"bone","pivot":[4.5,146.7887,2.20068],"rotation":[0,0,-153]},{"name":"bone49","parent":"eye8","pivot":[3,146.28865,2.20068],"rotation":[0,-50,0],"cubes":[{"origin":[-22.59464,208.22314,8.43618],"size":[9,8,3],"uv":[345,78]}]},{"name":"bone50","parent":"eye8","pivot":[3,146.28865,2.20068],"rotation":[0,-75,0],"cubes":[{"origin":[-9.6951,208.22314,15.15125],"size":[9,8,3],"uv":[345,78]}]},{"name":"eye9","parent":"bone","pivot":[4.5,146.7887,2.20068],"rotation":[0,0,-117]},{"name":"bone52","parent":"eye9","pivot":[3,146.28865,2.20068],"rotation":[0,-50,0],"cubes":[{"origin":[-43.38187,175.88395,33.20943],"size":[9,8,3],"uv":[345,78]}]},{"name":"bone53","parent":"eye9","pivot":[3,146.28865,2.20068],"rotation":[0,-75,0],"cubes":[{"origin":[-18.0651,175.88395,46.3885],"size":[9,8,3],"uv":[345,78]}]},{"name":"eye2","parent":"bone","pivot":[4.5,146.7887,2.20068],"rotation":[0,0,-90]},{"name":"bone18","parent":"eye2","pivot":[3,146.28865,2.20068],"rotation":[0,-25,0],"cubes":[{"origin":[-68.06678,142.28865,13.97444],"size":[9,8,3],"uv":[345,78]}]},{"name":"bone26","parent":"eye2","pivot":[3,146.28865,2.20068],"rotation":[0,-50,0],"cubes":[{"origin":[-48.56628,142.28865,39.38797],"size":[9,8,3],"uv":[345,78]}]},{"name":"bone27","parent":"eye2","pivot":[3,146.28865,2.20068],"rotation":[0,-75,0],"cubes":[{"origin":[-20.15261,142.28865,54.1792],"size":[9,8,3],"uv":[345,78]}]},{"name":"eye6","parent":"bone","pivot":[4.5,146.7887,2.20068],"rotation":[0,0,-27]},{"name":"bone45","parent":"eye6","pivot":[3,146.28865,2.20068],"rotation":[0,-50,0],"cubes":[{"origin":[-22.59464,76.35417,8.43618],"size":[9,8,3],"uv":[345,78]}]},{"name":"bone46","parent":"eye6","pivot":[3,146.28865,2.20068],"rotation":[0,-75,0],"cubes":[{"origin":[-9.6951,76.35417,15.15125],"size":[9,8,3],"uv":[345,78]}]},{"name":"bone55","parent":"eye_all","pivot":[6,147.28865,2.20068],"rotation":[0,0,180]},{"name":"eye11","parent":"bone55","pivot":[7.5,147.7887,2.20068],"rotation":[0,0,-135]},{"name":"bone56","parent":"eye11","pivot":[6,147.28865,2.20068],"rotation":[0,-25,0],"cubes":[{"origin":[49.42337,90.96275,-39.4132],"size":[9,8,3],"uv":[345,78]}]},{"name":"bone57","parent":"eye11","pivot":[6,147.28865,2.20068],"rotation":[0,-50,0],"cubes":[{"origin":[35.63444,90.96275,-57.38328],"size":[9,8,3],"uv":[345,78]}]},{"name":"bone58","parent":"eye11","pivot":[6,147.28865,2.20068],"rotation":[0,-75,0],"cubes":[{"origin":[15.54294,90.96275,-67.84226],"size":[9,8,3],"uv":[345,78]}]},{"name":"eye12","parent":"bone55","pivot":[7.5,147.7887,2.20068],"rotation":[0,0,-45]},{"name":"bone59","parent":"eye12","pivot":[6,147.28865,2.20068],"rotation":[0,-25,0],"cubes":[{"origin":[49.42337,195.61455,-39.4132],"size":[9,8,3],"uv":[345,78]}]},{"name":"bone60","parent":"eye12","pivot":[6,147.28865,2.20068],"rotation":[0,-50,0],"cubes":[{"origin":[35.63444,195.61455,-57.38328],"size":[9,8,3],"uv":[345,78]}]},{"name":"bone61","parent":"eye12","pivot":[6,147.28865,2.20068],"rotation":[0,-75,0],"cubes":[{"origin":[15.54294,195.61455,-67.84226],"size":[9,8,3],"uv":[345,78]}]},{"name":"eye13","parent":"bone55","pivot":[7.5,147.7887,2.20068]},{"name":"bone62","parent":"eye13","pivot":[6,147.28865,2.20068],"rotation":[0,-25,0],"cubes":[{"origin":[2,217.28865,-17.29932],"size":[9,8,3],"uv":[345,78]}]},{"name":"bone63","parent":"eye13","pivot":[6,147.28865,2.20068],"rotation":[0,-50,0],"cubes":[{"origin":[2,217.28865,-17.29932],"size":[9,8,3],"uv":[345,78]}]},{"name":"bone64","parent":"eye13","pivot":[6,147.28865,2.20068],"rotation":[0,-75,0],"cubes":[{"origin":[2,217.28865,-17.29932],"size":[9,8,3],"uv":[345,78]}]},{"name":"eye14","parent":"bone55","pivot":[7.5,147.7887,2.20068],"rotation":[0,0,-63]},{"name":"bone65","parent":"eye14","pivot":[6,147.28865,2.20068],"rotation":[0,-50,0],"cubes":[{"origin":[44.38187,176.88395,-67.80806],"size":[9,8,3],"uv":[345,78]}]},{"name":"bone66","parent":"eye14","pivot":[6,147.28865,2.20068],"rotation":[0,-75,0],"cubes":[{"origin":[19.0651,176.88395,-80.98714],"size":[9,8,3],"uv":[345,78]}]},{"name":"eye15","parent":"bone55","pivot":[7.5,147.7887,2.20068],"rotation":[0,0,-153]},{"name":"bone67","parent":"eye15","pivot":[6,147.28865,2.20068],"rotation":[0,-50,0],"cubes":[{"origin":[23.59464,77.35417,-43.03481],"size":[9,8,3],"uv":[345,78]}]},{"name":"bone68","parent":"eye15","pivot":[6,147.28865,2.20068],"rotation":[0,-75,0],"cubes":[{"origin":[10.6951,77.35417,-49.74988],"size":[9,8,3],"uv":[345,78]}]},{"name":"eye16","parent":"bone55","pivot":[7.5,147.7887,2.20068],"rotation":[0,0,-117]},{"name":"bone69","parent":"eye16","pivot":[6,147.28865,2.20068],"rotation":[0,-50,0],"cubes":[{"origin":[44.38187,109.69336,-67.80806],"size":[9,8,3],"uv":[345,78]}]},{"name":"bone70","parent":"eye16","pivot":[6,147.28865,2.20068],"rotation":[0,-75,0],"cubes":[{"origin":[19.0651,109.69336,-80.98714],"size":[9,8,3],"uv":[345,78]}]},{"name":"eye17","parent":"bone55","pivot":[7.5,147.7887,2.20068],"rotation":[0,0,-90],"cubes":[{"origin":[77,143.28865,-17.29932],"size":[9,8,3],"uv":[345,78]}]},{"name":"bone71","parent":"eye17","pivot":[6,147.28865,2.20068],"rotation":[0,-25,0],"cubes":[{"origin":[69.06678,143.28865,-48.57307],"size":[9,8,3],"uv":[345,78]}]},{"name":"bone72","parent":"eye17","pivot":[6,147.28865,2.20068],"rotation":[0,-50,0],"cubes":[{"origin":[49.56628,143.28865,-73.9866],"size":[9,8,3],"uv":[345,78]}]},{"name":"bone73","parent":"eye17","pivot":[6,147.28865,2.20068],"rotation":[0,-75,0],"cubes":[{"origin":[21.15261,143.28865,-88.77783],"size":[9,8,3],"uv":[345,78]}]},{"name":"eye18","parent":"bone55","pivot":[7.5,147.7887,2.20068],"rotation":[0,0,180]},{"name":"bone74","parent":"eye18","pivot":[6,147.28865,2.20068],"rotation":[0,-25,0],"cubes":[{"origin":[2,69.28865,-17.29932],"size":[9,8,3],"uv":[345,78]}]},{"name":"bone75","parent":"eye18","pivot":[6,147.28865,2.20068],"rotation":[0,-50,0],"cubes":[{"origin":[2,69.28865,-17.29932],"size":[9,8,3],"uv":[345,78]}]},{"name":"bone76","parent":"eye18","pivot":[6,147.28865,2.20068],"rotation":[0,-75,0],"cubes":[{"origin":[2,69.28865,-17.29932],"size":[9,8,3],"uv":[345,78]}]},{"name":"eye19","parent":"bone55","pivot":[7.5,147.7887,2.20068],"rotation":[0,0,-27]},{"name":"bone77","parent":"eye19","pivot":[6,147.28865,2.20068],"rotation":[0,-50,0],"cubes":[{"origin":[23.59464,209.22314,-43.03481],"size":[9,8,3],"uv":[345,78]}]},{"name":"bone78","parent":"eye19","pivot":[6,147.28865,2.20068],"rotation":[0,-75,0],"cubes":[{"origin":[10.6951,209.22314,-49.74988],"size":[9,8,3],"uv":[345,78]}]},{"name":"bone9","parent":"eye_all","pivot":[5,90.28865,-2.29932],"rotation":[0,0,-30]},{"name":"bone12","parent":"eye_all","pivot":[5,54.28865,-2.29932]},{"name":"bone28","parent":"eye_all","pivot":[5,54.28865,-2.29932]},{"name":"top","parent":"sheya","pivot":[3,103,5],"rotation":[10,0,0]},{"name":"bone8","parent":"top","pivot":[1,113.2556,4.58465],"cubes":[{"origin":[-14,102.7556,-2.91535],"size":[30,21,15],"uv":[94,254]}]},{"name":"bone16","parent":"top","pivot":[1.76667,105.13133,-9.80424],"cubes":[{"origin":[-13,102.7783,-11.91535],"size":[2,6,3],"uv":[476,68],"mirror":true},{"origin":[-10,102.7783,-11.91535],"size":[2,5,3],"uv":[476,68],"mirror":true},{"origin":[-5,102.7783,-11.91535],"size":[2,6.4,3],"uv":[476,68],"mirror":true},{"origin":[0,102.7783,-11.91535],"size":[2,4.2,3],"uv":[476,68],"mirror":true},{"origin":[3.1,102.7783,-11.91535],"size":[2,6.6,3],"uv":[476,68],"mirror":true},{"origin":[7.1,102.7783,-11.91535],"size":[2,5.7,3],"uv":[476,68],"mirror":true},{"origin":[11.1,102.7783,-11.91535],"size":[2,8,3],"uv":[476,68],"mirror":true},{"origin":[13.6,102.7783,-11.91535],"size":[2,6.2,3],"uv":[476,68],"mirror":true},{"origin":[-14,97.0556,-12.91535],"size":[30,5.7,16],"uv":[195,172]}]},{"name":"bone13","parent":"top","pivot":[1.76667,121.32227,-9.30424],"cubes":[{"origin":[-13,117.7556,-11.91535],"size":[2,6,3],"uv":[476,68]},{"origin":[-10,118.7556,-11.91535],"size":[2,5,3],"uv":[476,68]},{"origin":[-5,117.3556,-11.91535],"size":[2,6.4,3],"uv":[476,68]},{"origin":[0,119.5556,-11.91535],"size":[2,4.2,3],"uv":[476,68]},{"origin":[3.1,117.1556,-11.91535],"size":[2,6.6,3],"uv":[476,68]},{"origin":[7.1,118.0556,-11.91535],"size":[2,5.7,3],"uv":[476,68]},{"origin":[11.1,115.7556,-11.91535],"size":[2,8,3],"uv":[476,68]},{"origin":[13.6,117.5556,-11.91535],"size":[2,6.2,3],"uv":[476,68]},{"origin":[-14,123.7556,-12.91535],"size":[30,4.3,25],"uv":[212,153]}]},{"name":"obedin","parent":"all","pivot":[-31,102,13]},{"name":"arm_1","parent":"obedin","pivot":[-43,8,-5],"rotation":[-70,10,90]},{"name":"fist","parent":"arm_1","pivot":[38.775,-82,-35.95833],"cubes":[{"origin":[-55.5,-22,-22.6],"size":[18.3,36,35.7],"uv":[123,97]}]},{"name":"claws","parent":"fist","pivot":[12.9,-71,-24.55],"rotation":[0,-15,0],"cubes":[{"origin":[-43.78962,-12,-41.32968],"size":[3.3,10,31],"uv":[408,48]},{"origin":[-49.59184,-14,-18.10613],"size":[14.3,13,22.6],"uv":[256,180]}]},{"name":"bone30","parent":"claws","pivot":[14.8,-82,-52.6],"rotation":[-35,0,0],"cubes":[{"origin":[-43.18962,-39.99642,-89.27375],"size":[2,30,8],"uv":[473,65]}]},{"name":"claws2","parent":"fist","pivot":[12.9,-89,-20.55],"rotation":[0,70,-100],"cubes":[{"origin":[35.50039,-49.1379,17.71599],"size":[3.8,13,32],"uv":[56,97]}]},{"name":"bone31","parent":"claws2","pivot":[5.65,-84.5,-22.8],"rotation":[0,10,0],"cubes":[{"origin":[3.30426,-47.1379,40.01657],"size":[26.3,13,21.6],"uv":[256,180]}]},{"name":"bone32","parent":"claws2","pivot":[26.22753,-89.44808,-26.03391],"rotation":[-70,0,0],"cubes":[{"origin":[36.20039,-78.8642,-60.1991],"size":[2.2,49,11],"uv":[470,36]}]},{"name":"claws3","parent":"fist","pivot":[12.9,-91,-2.55],"rotation":[0,90,-100],"cubes":[{"origin":[13.1,-51.1379,39.13681],"size":[3.8,13,32],"uv":[54,92]},{"origin":[-4.5,-52.1379,58.13681],"size":[15.3,15,19.6],"uv":[256,180]}]},{"name":"bone33","parent":"claws3","pivot":[14.8,-102,-30.6],"rotation":[-80,0,0],"cubes":[{"origin":[13.8,-71.2148,-81.069],"size":[2.2,49,11],"uv":[440,40]}]},{"name":"claws4","parent":"fist","pivot":[12.9,-91,9.45],"rotation":[0,110,-100],"cubes":[{"origin":[-12.11947,-51.1379,46.68993],"size":[3.8,13,32],"uv":[40,75]}]},{"name":"bone34","parent":"claws4","pivot":[14.8,-102,-18.6],"rotation":[-85,0,0],"cubes":[{"origin":[-11.41947,-78.90704,-75.75672],"size":[2.2,49,11],"uv":[460,32]}]},{"name":"claws5","parent":"fist","pivot":[12.9,-53,12.45],"rotation":[0,110,-100],"cubes":[{"origin":[-12.11947,-5.2379,49.68993],"size":[3.8,4,8.75],"uv":[299,49]}]},{"name":"bone35","parent":"claws5","pivot":[14.8,-64,-15.6],"rotation":[-45,-20,0],"cubes":[{"origin":[13.8,16.15499,-9.07539],"size":[2.2,15,2.3],"uv":[464,75]}]},{"name":"bone36","parent":"claws5","pivot":[61,-124,-29],"rotation":[0,5,0],"cubes":[{"origin":[-20.66252,-8.1379,51.22824],"size":[14.3,11,19.6],"uv":[256,180]}]},{"name":"leg4","parent":"obedin","pivot":[0,0,0],"cubes":[{"origin":[-54.09375,91.75,3.51563],"size":[23.28125,21,22.95313],"uv":[110,115]}]},{"name":"bone7","parent":"leg4","pivot":[-41.84375,64.07813,0],"rotation":[-20,21,0],"cubes":[{"origin":[-61.85937,60.42188,-17.85937],"size":[27.64063,44.39063,26.15625],"uv":[121,217]}]},{"name":"bone15","parent":"leg4","pivot":[-51.57812,45.29688,0],"rotation":[-2,7,-8]},{"name":"bone17","parent":"leg4","pivot":[-23.3125,-0.25,0],"rotation":[0,9,1]},{"name":"bone14","parent":"leg4","pivot":[-44.67187,64.07813,0],"rotation":[-3,12,0],"cubes":[{"origin":[-54.60016,42.43278,-11.3959],"size":[13.73437,29.59375,13.60937],"uv":[134,88]}]},{"name":"bone5","parent":"leg4","pivot":[-38.67187,64.07813,0],"rotation":[-2,9,3],"cubes":[{"origin":[-63.33219,17.89378,-17.16097],"size":[38.60937,37.95625,24.10938],"uv":[136,265],"mirror":true}]}]}}