{"geometry.fire.worm":{"texturewidth":64,"textureheight":64,"visible_bounds_width":4,"visible_bounds_height":4,"visible_bounds_offset":[0,2,0],"bones":[{"name":"head","pivot":[0,45,-10],"cubes":[{"origin":[-6,58,-13],"size":[1,1,5],"uv":[10,7]},{"origin":[-5,41,-14],"size":[10,1,8],"uv":[12,17]},{"origin":[3,43,-16],"size":[1,2,1],"uv":[9,9]},{"origin":[1,43,-16],"size":[1,2,1],"uv":[9,9]},{"origin":[-2,43,-16],"size":[1,2,1],"uv":[9,9]},{"origin":[-4,43,-16],"size":[1,2,1],"uv":[9,9]},{"origin":[-6,44,-16],"size":[1,2,1],"uv":[9,9]},{"origin":[-8,45,-16],"size":[1,3,2],"uv":[33,50]},{"origin":[-8,48,-17],"size":[1,3,2],"uv":[9,11]},{"origin":[-6,47,-18],"size":[1,2,1],"uv":[9,9]},{"origin":[-5,49,-19],"size":[2,1,2],"uv":[9,11]},{"origin":[-4,47,-19],"size":[1,2,1],"uv":[9,9]},{"origin":[-2,47,-19],"size":[1,2,1],"uv":[9,9]},{"origin":[-6,49,-18],"size":[1,1,2],"uv":[9,11]},{"origin":[-7,49,-17],"size":[1,2,1],"uv":[8,9]},{"origin":[-2,49,-21],"size":[4,1,1],"uv":[9,11]},{"origin":[1,47,-19],"size":[1,2,1],"uv":[9,9]},{"origin":[3,47,-19],"size":[1,2,1],"uv":[9,9]},{"origin":[5,47,-18],"size":[1,2,1],"uv":[9,9]},{"origin":[3,49,-19],"size":[2,1,2],"uv":[9,11]},{"origin":[-7,47,-13],"size":[14,5,1],"uv":[0,32]},{"origin":[-7,43,-13],"size":[14,4,1],"uv":[0,59]},{"origin":[5,42,-14],"size":[1,1,8],"uv":[20,55]},{"origin":[-5,42,-16],"size":[10,1,5],"uv":[34,49]},{"origin":[5,43,-13],"size":[2,1,7],"uv":[6,28]},{"origin":[6,44,-16],"size":[1,1,5],"uv":[7,8]},{"origin":[5,43,-16],"size":[1,1,5],"uv":[7,8]},{"origin":[5,44,-16],"size":[1,2,1],"uv":[9,9]},{"origin":[7,45,-16],"size":[1,3,2],"uv":[33,49]},{"origin":[7,48,-17],"size":[1,3,2],"uv":[9,11]},{"origin":[7,48,-15],"size":[1,4,1],"uv":[9,11]},{"origin":[7,44,-14],"size":[1,12,8],"uv":[40,40]},{"origin":[-5,42,-6],"size":[10,2,1],"uv":[28,61]},{"origin":[-6,44,-6],"size":[12,2,1],"uv":[26,51]},{"origin":[-7,44,-7],"size":[14,2,1],"uv":[30,50]},{"origin":[-6,46,-5],"size":[12,10,1],"uv":[37,48]},{"origin":[-5,47,-4],"size":[10,8,1],"uv":[30,48]},{"origin":[6,46,-6],"size":[1,8,1],"uv":[31,44]},{"origin":[6,54,-7],"size":[1,2,1],"uv":[10,7]},{"origin":[5,54,-6],"size":[1,2,1],"uv":[10,7]},{"origin":[-6,54,-6],"size":[1,2,1],"uv":[10,7]},{"origin":[-7,54,-7],"size":[1,2,1],"uv":[10,7]},{"origin":[-7,46,-6],"size":[1,8,1],"uv":[34,47]},{"origin":[-7,43,-9],"size":[1,1,3],"uv":[0,59]},{"origin":[-6,42,-14],"size":[1,2,8],"uv":[3,38]},{"origin":[-6,43,-16],"size":[1,1,5],"uv":[5,10]},{"origin":[-7,44,-16],"size":[1,1,5],"uv":[5,10]},{"origin":[-7,43,-14],"size":[1,1,5],"uv":[0,59]},{"origin":[-8,44,-14],"size":[1,12,8],"uv":[45,40]},{"origin":[-8,52,-16],"size":[1,3,2],"uv":[10,7]},{"origin":[-3,49,-20],"size":[6,1,2],"uv":[6,11]},{"origin":[5,49,-18],"size":[1,1,2],"uv":[8,9]},{"origin":[6,49,-17],"size":[1,2,1],"uv":[8,9]},{"origin":[7,52,-16],"size":[1,3,2],"uv":[10,7]},{"origin":[6,50,-16],"size":[1,2,1],"uv":[10,10]},{"origin":[6,51,-15],"size":[1,4,1],"uv":[10,10]},{"origin":[5,51,-15],"size":[1,1,1],"uv":[10,10]},{"origin":[3,51,-16],"size":[2,1,1],"uv":[10,10]},{"origin":[3,51,-15],"size":[2,1,2],"uv":[10,10]},{"origin":[2,51,-17],"size":[1,1,3],"uv":[10,10]},{"origin":[3,50,-17],"size":[2,1,1],"uv":[10,10]},{"origin":[5,50,-16],"size":[1,1,1],"uv":[10,10]},{"origin":[2,50,-18],"size":[1,1,1],"uv":[10,10]},{"origin":[1,51,-18],"size":[1,1,1],"uv":[10,10]},{"origin":[1,52,-17],"size":[1,1,3],"uv":[10,10]},{"origin":[1,50,-19],"size":[1,1,1],"uv":[10,10]},{"origin":[-1,50,-20],"size":[2,1,1],"uv":[10,10]},{"origin":[-1,51,-19],"size":[2,1,1],"uv":[10,10]},{"origin":[-1,52,-18],"size":[2,1,1],"uv":[10,10]},{"origin":[-1,53,-17],"size":[2,1,1],"uv":[10,10]},{"origin":[-1,54,-16],"size":[2,1,3],"uv":[10,7]},{"origin":[-1,53,-16],"size":[2,1,2],"uv":[10,7]},{"origin":[1,52,-14],"size":[5,4,1],"uv":[9,46]},{"origin":[5,55,-15],"size":[1,1,1],"uv":[10,7]},{"origin":[2,56,-15],"size":[3,1,2],"uv":[10,7]},{"origin":[6,55,-16],"size":[1,1,5],"uv":[10,7]},{"origin":[5,56,-16],"size":[1,1,5],"uv":[10,7]},{"origin":[2,57,-16],"size":[3,1,5],"uv":[10,7]},{"origin":[5,56,-14],"size":[1,2,8],"uv":[10,7]},{"origin":[6,56,-14],"size":[1,1,5],"uv":[10,7]},{"origin":[5,58,-13],"size":[1,1,5],"uv":[10,7]},{"origin":[4,59,-13],"size":[1,1,5],"uv":[10,7]},{"origin":[2,58,-14],"size":[3,1,8],"uv":[10,7]},{"origin":[1,55,-16],"size":[1,2,5],"uv":[10,7]},{"origin":[-1,55,-16],"size":[2,1,5],"uv":[10,7]},{"origin":[-1,56,-14],"size":[2,1,9],"uv":[10,7]},{"origin":[1,57,-14],"size":[1,1,5],"uv":[10,7]},{"origin":[-2,57,-14],"size":[1,1,5],"uv":[10,7]},{"origin":[-5,58,-14],"size":[3,1,8],"uv":[10,7]},{"origin":[-5,57,-16],"size":[3,1,5],"uv":[10,7]},{"origin":[-6,56,-16],"size":[1,1,5],"uv":[10,7]},{"origin":[-7,55,-16],"size":[1,1,5],"uv":[10,7]},{"origin":[-3,50,-18],"size":[1,1,1],"uv":[10,10]},{"origin":[-5,50,-17],"size":[2,1,1],"uv":[10,10]},{"origin":[-3,51,-17],"size":[1,1,1],"uv":[10,10]},{"origin":[-3,51,-16],"size":[1,1,2],"uv":[10,10]},{"origin":[-5,51,-16],"size":[2,1,1],"uv":[10,10]},{"origin":[-5,51,-15],"size":[2,1,2],"uv":[10,10]},{"origin":[-6,52,-14],"size":[5,4,1],"uv":[6,48]},{"origin":[-7,52,-15],"size":[1,3,2],"uv":[10,7]},{"origin":[-6,55,-15],"size":[1,1,1],"uv":[10,7]},{"origin":[-5,56,-15],"size":[3,1,2],"uv":[10,7]},{"origin":[-6,51,-15],"size":[1,1,1],"uv":[10,10]},{"origin":[-6,50,-16],"size":[1,1,1],"uv":[10,10]},{"origin":[-7,50,-16],"size":[1,2,1],"uv":[10,10]},{"origin":[-8,48,-15],"size":[1,4,1],"uv":[9,11]},{"origin":[1,57,-9],"size":[1,1,3],"uv":[12,5]},{"origin":[1,56,-6],"size":[4,2,1],"uv":[10,7]},{"origin":[6,56,-9],"size":[1,1,3],"uv":[10,7]},{"origin":[6,57,-13],"size":[1,1,5],"uv":[10,7]},{"origin":[-2,57,-9],"size":[1,1,3],"uv":[10,7]},{"origin":[-5,56,-6],"size":[4,2,1],"uv":[10,7]},{"origin":[-6,56,-7],"size":[1,2,1],"uv":[10,7]},{"origin":[-6,57,-9],"size":[1,1,2],"uv":[10,7]},{"origin":[-7,56,-9],"size":[1,1,3],"uv":[10,7]},{"origin":[-7,57,-13],"size":[1,1,5],"uv":[10,7]},{"origin":[-7,56,-14],"size":[1,1,5],"uv":[10,7]},{"origin":[-5,59,-13],"size":[1,1,5],"uv":[10,7]},{"origin":[-5,60,-11],"size":[1,2,4],"uv":[10,7]},{"origin":[-7,58,-11],"size":[1,2,4],"uv":[10,7]},{"origin":[-6,59,-11],"size":[1,2,4],"uv":[10,7]},{"origin":[-8,59,-9],"size":[1,2,4],"uv":[10,7]},{"origin":[-7,60,-9],"size":[1,2,4],"uv":[10,7]},{"origin":[-6,61,-9],"size":[1,2,4],"uv":[10,7]},{"origin":[-7,62,-7],"size":[1,2,3],"uv":[10,7]},{"origin":[-8,61,-7],"size":[1,2,3],"uv":[10,7]},{"origin":[-9,60,-7],"size":[1,2,3],"uv":[10,7]},{"origin":[-8,62,-6],"size":[1,2,3],"uv":[7,5]},{"origin":[-9,61,-6],"size":[1,3,3],"uv":[10,7]},{"origin":[-11,60,-6],"size":[2,2,3],"uv":[10,7]},{"origin":[-11,62,-6],"size":[2,2,3],"uv":[10,7]},{"origin":[-12,60,-6],"size":[1,3,3],"uv":[10,7]},{"origin":[-12,58,-6],"size":[1,2,3],"uv":[10,7]},{"origin":[-13,59,-7],"size":[1,3,3],"uv":[10,7]},{"origin":[-14,58,-7],"size":[1,3,3],"uv":[10,7]},{"origin":[-15,57,-7],"size":[1,3,3],"uv":[10,7]},{"origin":[-13,57,-9],"size":[1,2,3],"uv":[10,7]},{"origin":[-14,56,-9],"size":[1,2,3],"uv":[10,7]},{"origin":[-16,57,-7],"size":[1,1,3],"uv":[10,7]},{"origin":[-16,55,-9],"size":[1,2,3],"uv":[10,7]},{"origin":[-15,55,-9],"size":[1,2,3],"uv":[10,7]},{"origin":[-14,55,-11],"size":[1,1,3],"uv":[10,7]},{"origin":[-15,54,-11],"size":[1,1,3],"uv":[10,7]},{"origin":[-16,54,-11],"size":[1,1,3],"uv":[10,7]},{"origin":[-16,53,-11],"size":[1,1,3],"uv":[10,7]},{"origin":[-15,53,-13],"size":[1,1,3],"uv":[10,7]},{"origin":[-14,54,-13],"size":[1,1,3],"uv":[10,7]},{"origin":[-14,53,-15],"size":[1,1,3],"uv":[10,7]},{"origin":[-15,52,-15],"size":[1,1,3],"uv":[10,7]},{"origin":[-14,52,-18],"size":[1,1,3],"uv":[10,7]},{"origin":[4,60,-11],"size":[1,2,4],"uv":[10,7]},{"origin":[5,61,-9],"size":[1,2,4],"uv":[10,7]},{"origin":[6,62,-7],"size":[1,2,3],"uv":[10,7]},{"origin":[8,61,-6],"size":[1,3,3],"uv":[10,7]},{"origin":[7,62,-6],"size":[1,2,3],"uv":[10,7]},{"origin":[9,60,-6],"size":[2,4,3],"uv":[10,7]},{"origin":[5,59,-11],"size":[1,2,4],"uv":[10,7]},{"origin":[6,58,-11],"size":[1,2,4],"uv":[10,7]},{"origin":[7,59,-9],"size":[1,2,4],"uv":[10,7]},{"origin":[6,60,-9],"size":[1,2,4],"uv":[10,7]},{"origin":[7,61,-7],"size":[1,2,3],"uv":[10,7]},{"origin":[8,60,-7],"size":[1,2,3],"uv":[10,7]},{"origin":[11,60,-6],"size":[1,3,3],"uv":[10,7]},{"origin":[12,59,-7],"size":[1,3,3],"uv":[10,7]},{"origin":[11,58,-6],"size":[1,2,3],"uv":[10,7]},{"origin":[12,57,-9],"size":[1,2,3],"uv":[10,7]},{"origin":[13,56,-9],"size":[1,2,3],"uv":[10,7]},{"origin":[13,58,-7],"size":[1,3,3],"uv":[10,7]},{"origin":[14,57,-7],"size":[1,3,3],"uv":[10,7]},{"origin":[15,57,-7],"size":[1,1,3],"uv":[10,7]},{"origin":[14,55,-9],"size":[2,2,3],"uv":[10,7]},{"origin":[13,55,-11],"size":[1,1,3],"uv":[10,7]},{"origin":[14,54,-11],"size":[1,1,3],"uv":[10,7]},{"origin":[15,54,-11],"size":[1,1,3],"uv":[10,7]},{"origin":[15,53,-11],"size":[1,1,3],"uv":[10,7]},{"origin":[13,54,-13],"size":[1,1,3],"uv":[10,7]},{"origin":[14,53,-13],"size":[1,1,3],"uv":[10,7]},{"origin":[13,53,-15],"size":[1,1,3],"uv":[10,7]},{"origin":[14,52,-15],"size":[1,1,3],"uv":[10,7]},{"origin":[13,52,-18],"size":[1,1,3],"uv":[10,7]},{"origin":[-2,52,-17],"size":[1,1,3],"uv":[10,10]},{"origin":[-2,51,-18],"size":[1,1,1],"uv":[10,10]},{"origin":[-2,50,-19],"size":[1,1,1],"uv":[10,10]},{"origin":[-2,55,-16],"size":[1,2,2],"uv":[10,7]},{"origin":[-6,57,-14],"size":[1,1,5],"uv":[10,7]}]},{"name":"body","pivot":[0,4,0],"cubes":[{"origin":[-3,40,-14],"size":[6,1,1],"uv":[7,11]},{"origin":[-3,38,-15],"size":[6,2,1],"uv":[7,11]},{"origin":[-3,35,-17],"size":[6,2,1],"uv":[7,11]},{"origin":[-3,37,-16],"size":[6,1,1],"uv":[7,11]},{"origin":[-3,31,-19],"size":[6,3,1],"uv":[36,51]},{"origin":[-3,34,-18],"size":[6,1,1],"uv":[7,11]},{"origin":[-3,28,-19],"size":[6,3,1],"uv":[40,52]},{"origin":[-3,27,-18],"size":[6,1,1],"uv":[27,51]},{"origin":[-3,25,-17],"size":[6,2,1],"uv":[27,51]},{"origin":[-3,24,-16],"size":[6,1,1],"uv":[33,54]},{"origin":[-3,22,-15],"size":[6,2,1],"uv":[33,54]},{"origin":[-3,21,-14],"size":[6,1,1],"uv":[27,51]},{"origin":[-3,18,-13],"size":[6,3,1],"uv":[40,52]},{"origin":[-3,17,-12],"size":[6,1,1],"uv":[27,51]},{"origin":[-3,15,-11],"size":[6,2,1],"uv":[40,52]},{"origin":[-3,14,-10],"size":[6,1,1],"uv":[27,51]},{"origin":[-3,12,-9],"size":[6,2,1],"uv":[33,54]},{"origin":[-3,7,-8],"size":[6,5,1],"uv":[27,51]},{"origin":[-3,18,-3],"size":[6,3,1],"uv":[2,40]},{"origin":[-3,17,-2],"size":[6,1,1],"uv":[2,40]},{"origin":[-3,15,-1],"size":[6,2,1],"uv":[1,47]},{"origin":[-3,14,0],"size":[6,1,1],"uv":[2,40]},{"origin":[-3,12,1],"size":[6,2,1],"uv":[6,28]},{"origin":[-3,10,2],"size":[6,2,1],"uv":[13,61]},{"origin":[-3,21,-4],"size":[6,1,1],"uv":[0,41]},{"origin":[-3,22,-5],"size":[6,2,1],"uv":[1,47]},{"origin":[-3,24,-6],"size":[6,1,1],"uv":[2,40]},{"origin":[-3,25,-7],"size":[6,2,1],"uv":[2,40]},{"origin":[-3,27,-8],"size":[6,1,1],"uv":[1,47]},{"origin":[-3,28,-9],"size":[6,3,1],"uv":[2,40]},{"origin":[-3,31,-9],"size":[6,3,1],"uv":[1,47]},{"origin":[-3,34,-8],"size":[6,1,1],"uv":[2,40]},{"origin":[-3,35,-7],"size":[6,2,1],"uv":[0,43]},{"origin":[-3,37,-6],"size":[6,1,1],"uv":[35,62]},{"origin":[-3,38,-5],"size":[6,2,1],"uv":[2,40]},{"origin":[-3,40,-4],"size":[6,2,1],"uv":[1,47]},{"origin":[-3,42,-5],"size":[6,2,1],"uv":[0,43]},{"origin":[-3,45,-7],"size":[6,2,1],"uv":[7,11]},{"origin":[-4,40,-5],"size":[8,2,1],"uv":[7,11]},{"origin":[-4,38,-6],"size":[8,2,1],"uv":[7,11]},{"origin":[-4,37,-7],"size":[8,1,1],"uv":[7,11]},{"origin":[-4,35,-8],"size":[8,2,1],"uv":[7,11]},{"origin":[-4,34,-9],"size":[8,1,1],"uv":[7,11]},{"origin":[-4,31,-10],"size":[8,3,1],"uv":[7,11]},{"origin":[-4,28,-10],"size":[8,3,1],"uv":[7,11]},{"origin":[-4,27,-9],"size":[8,1,1],"uv":[7,11]},{"origin":[-4,25,-8],"size":[8,2,1],"uv":[7,11]},{"origin":[-4,24,-7],"size":[8,1,1],"uv":[7,11]},{"origin":[-4,22,-6],"size":[8,2,1],"uv":[7,11]},{"origin":[-4,21,-5],"size":[8,1,1],"uv":[7,11]},{"origin":[-4,18,-4],"size":[8,3,1],"uv":[7,11]},{"origin":[-4,17,-3],"size":[8,1,1],"uv":[7,11]},{"origin":[-4,15,-2],"size":[8,2,1],"uv":[7,11]},{"origin":[-4,14,-1],"size":[8,1,1],"uv":[7,11]},{"origin":[-4,12,0],"size":[8,2,1],"uv":[7,11]},{"origin":[-5,9,1],"size":[10,3,1],"uv":[37,60]},{"origin":[-5,40,-13],"size":[10,1,1],"uv":[26,50]},{"origin":[-5,38,-14],"size":[10,2,1],"uv":[26,50]},{"origin":[-5,37,-15],"size":[10,1,1],"uv":[30,53]},{"origin":[-5,35,-16],"size":[10,2,1],"uv":[38,52]},{"origin":[-5,34,-17],"size":[10,1,1],"uv":[32,52]},{"origin":[-5,31,-18],"size":[10,3,1],"uv":[37,52]},{"origin":[-5,28,-18],"size":[10,3,1],"uv":[38,52]},{"origin":[-5,27,-17],"size":[10,1,1],"uv":[38,52]},{"origin":[-5,25,-16],"size":[10,2,1],"uv":[35,54]},{"origin":[-5,24,-15],"size":[10,1,1],"uv":[35,54]},{"origin":[-5,22,-14],"size":[10,2,1],"uv":[35,54]},{"origin":[-5,21,-13],"size":[10,1,1],"uv":[35,54]},{"origin":[-5,18,-12],"size":[10,3,1],"uv":[35,54]},{"origin":[-5,17,-11],"size":[10,1,1],"uv":[35,54]},{"origin":[-5,15,-10],"size":[10,2,1],"uv":[35,54]},{"origin":[-5,14,-9],"size":[10,1,1],"uv":[35,54]},{"origin":[-5,12,-8],"size":[10,2,1],"uv":[35,54]},{"origin":[-5,7,-7],"size":[10,5,1],"uv":[35,54]},{"origin":[-6,40,-12],"size":[12,1,1],"uv":[33,48]},{"origin":[-6,38,-13],"size":[12,2,1],"uv":[30,55]},{"origin":[-6,37,-14],"size":[12,1,1],"uv":[30,55]},{"origin":[-6,35,-15],"size":[12,2,1],"uv":[37,52]},{"origin":[-6,34,-16],"size":[12,1,1],"uv":[32,52]},{"origin":[-6,31,-17],"size":[12,3,1],"uv":[30,55]},{"origin":[-6,28,-17],"size":[12,3,1],"uv":[33,48]},{"origin":[-6,27,-16],"size":[12,1,1],"uv":[37,52]},{"origin":[-6,25,-15],"size":[12,2,1],"uv":[30,55]},{"origin":[-6,24,-14],"size":[12,1,1],"uv":[33,48]},{"origin":[-6,22,-13],"size":[12,2,1],"uv":[38,52]},{"origin":[-6,21,-12],"size":[12,1,1],"uv":[30,55]},{"origin":[-6,18,-11],"size":[12,3,1],"uv":[33,48]},{"origin":[-6,17,-10],"size":[12,1,1],"uv":[30,55]},{"origin":[-6,15,-9],"size":[12,2,1],"uv":[38,52]},{"origin":[-6,14,-8],"size":[12,1,1],"uv":[38,52]},{"origin":[-6,12,-7],"size":[12,2,1],"uv":[38,52]},{"origin":[-6,4,-6],"size":[12,8,1],"uv":[26,49]},{"origin":[-7,40,-11],"size":[14,1,1],"uv":[7,11]},{"origin":[-7,38,-12],"size":[14,2,1],"uv":[7,11]},{"origin":[-7,37,-13],"size":[14,1,1],"uv":[7,11]},{"origin":[-7,35,-14],"size":[14,2,1],"uv":[7,11]},{"origin":[-7,34,-15],"size":[14,1,1],"uv":[7,11]},{"origin":[-7,31,-16],"size":[14,3,1],"uv":[7,11]},{"origin":[-7,28,-16],"size":[14,3,1],"uv":[7,11]},{"origin":[-7,27,-15],"size":[14,1,1],"uv":[7,11]},{"origin":[-7,25,-14],"size":[14,2,1],"uv":[7,11]},{"origin":[-7,24,-13],"size":[14,1,1],"uv":[7,11]},{"origin":[-7,22,-12],"size":[14,2,1],"uv":[7,11]},{"origin":[-7,21,-11],"size":[14,1,1],"uv":[7,11]},{"origin":[-7,18,-10],"size":[14,3,1],"uv":[7,11]},{"origin":[-7,17,-9],"size":[14,1,1],"uv":[7,11]},{"origin":[-7,15,-8],"size":[14,2,1],"uv":[7,11]},{"origin":[-7,14,-7],"size":[14,1,1],"uv":[7,11]},{"origin":[-7,12,-6],"size":[14,2,1],"uv":[7,11]},{"origin":[-7,5,-5],"size":[14,7,1],"uv":[26,49]},{"origin":[-8,40,-10],"size":[16,1,3],"uv":[26,50]},{"origin":[-8,38,-11],"size":[16,2,3],"uv":[37,52]},{"origin":[-8,37,-12],"size":[16,1,3],"uv":[26,52]},{"origin":[-8,35,-13],"size":[16,2,3],"uv":[30,53]},{"origin":[-8,34,-14],"size":[16,1,3],"uv":[26,50]},{"origin":[-8,31,-15],"size":[16,3,3],"uv":[26,51]},{"origin":[-8,28,-15],"size":[16,3,3],"uv":[26,51]},{"origin":[-8,27,-14],"size":[16,1,3],"uv":[26,49]},{"origin":[-8,25,-13],"size":[16,2,3],"uv":[26,51]},{"origin":[-8,24,-12],"size":[16,1,3],"uv":[26,49]},{"origin":[-8,22,-11],"size":[16,2,3],"uv":[26,49]},{"origin":[-8,21,-10],"size":[16,1,3],"uv":[26,49]},{"origin":[-8,18,-9],"size":[16,3,3],"uv":[26,51]},{"origin":[-8,17,-8],"size":[16,1,3],"uv":[26,49]},{"origin":[-8,15,-7],"size":[16,2,3],"uv":[26,49]},{"origin":[-8,14,-6],"size":[16,1,3],"uv":[26,51]},{"origin":[-8,12,-5],"size":[16,2,3],"uv":[26,51]},{"origin":[-8,6,-4],"size":[16,6,3],"uv":[26,49]},{"origin":[4,42,-7],"size":[1,2,1],"uv":[7,11]},{"origin":[-5,40,-6],"size":[10,2,1],"uv":[7,11]},{"origin":[-5,38,-7],"size":[10,2,1],"uv":[7,11]},{"origin":[-5,37,-8],"size":[10,1,1],"uv":[7,11]},{"origin":[-5,35,-9],"size":[10,2,1],"uv":[7,11]},{"origin":[-5,34,-10],"size":[10,1,1],"uv":[7,11]},{"origin":[-5,31,-11],"size":[10,3,1],"uv":[7,11]},{"origin":[-5,28,-11],"size":[10,3,1],"uv":[7,11]},{"origin":[-5,27,-10],"size":[10,1,1],"uv":[7,11]},{"origin":[-5,25,-9],"size":[10,2,1],"uv":[7,11]},{"origin":[-5,24,-8],"size":[10,1,1],"uv":[7,11]},{"origin":[-5,22,-7],"size":[10,2,1],"uv":[7,11]},{"origin":[-5,21,-6],"size":[10,1,1],"uv":[7,11]},{"origin":[-5,18,-5],"size":[10,3,1],"uv":[7,11]},{"origin":[-5,17,-4],"size":[10,1,1],"uv":[7,11]},{"origin":[-5,15,-3],"size":[10,2,1],"uv":[7,11]},{"origin":[-5,14,-2],"size":[10,1,1],"uv":[7,11]},{"origin":[-5,12,-1],"size":[10,2,1],"uv":[7,11]},{"origin":[-6,8,0],"size":[12,4,1],"uv":[34,23]},{"origin":[-7,41,-7],"size":[14,1,1],"uv":[26,50]},{"origin":[-7,40,-7],"size":[14,1,1],"uv":[27,53]},{"origin":[-7,38,-8],"size":[14,2,1],"uv":[26,50]},{"origin":[-7,37,-9],"size":[14,1,1],"uv":[30,52]},{"origin":[-7,35,-10],"size":[14,2,1],"uv":[32,50]},{"origin":[-7,34,-11],"size":[14,1,1],"uv":[26,52]},{"origin":[-7,31,-12],"size":[14,3,1],"uv":[29,51]},{"origin":[-7,28,-12],"size":[14,3,1],"uv":[24,54]},{"origin":[-7,27,-11],"size":[14,1,1],"uv":[26,48]},{"origin":[-7,25,-10],"size":[14,2,1],"uv":[29,51]},{"origin":[-7,24,-9],"size":[14,1,1],"uv":[26,48]},{"origin":[-7,22,-8],"size":[14,2,1],"uv":[29,51]},{"origin":[-7,21,-7],"size":[14,1,1],"uv":[24,54]},{"origin":[-7,18,-6],"size":[14,3,1],"uv":[29,51]},{"origin":[-7,17,-5],"size":[14,1,1],"uv":[31,51]},{"origin":[-7,15,-4],"size":[14,2,1],"uv":[24,54]},{"origin":[-7,14,-3],"size":[14,1,1],"uv":[29,51]},{"origin":[-7,12,-2],"size":[14,2,1],"uv":[24,54]},{"origin":[-7,7,-1],"size":[14,5,1],"uv":[29,51]},{"origin":[5,41,-11],"size":[2,1,1],"uv":[7,11]},{"origin":[-7,41,-10],"size":[14,1,3],"uv":[26,50]},{"origin":[-3,12,22],"size":[6,1,1],"uv":[0,42]},{"origin":[-3,13,20],"size":[6,1,2],"uv":[0,37]},{"origin":[-3,15,17],"size":[6,1,2],"uv":[13,61]},{"origin":[-3,14,19],"size":[6,1,1],"uv":[0,42]},{"origin":[-3,17,13],"size":[6,1,3],"uv":[13,61]},{"origin":[-3,16,12],"size":[6,1,5],"uv":[0,34]},{"origin":[-3,14,9],"size":[6,1,1],"uv":[4,49]},{"origin":[-3,13,7],"size":[6,1,2],"uv":[4,49]},{"origin":[-3,12,6],"size":[6,1,1],"uv":[0,34]},{"origin":[-3,11,4],"size":[6,1,2],"uv":[13,61]},{"origin":[-3,10,3],"size":[6,1,1],"uv":[4,49]},{"origin":[-3,3,7],"size":[6,1,2],"uv":[37,61]},{"origin":[-3,2,6],"size":[6,1,1],"uv":[41,61]},{"origin":[-3,1,4],"size":[6,1,2],"uv":[41,61]},{"origin":[-3,0,-5],"size":[6,1,9],"uv":[41,61]},{"origin":[-3,4,9],"size":[6,1,1],"uv":[27,62]},{"origin":[-3,5,10],"size":[6,1,2],"uv":[41,61]},{"origin":[-3,6,12],"size":[6,1,1],"uv":[37,61]},{"origin":[-3,7,13],"size":[6,1,3],"uv":[27,62]},{"origin":[-3,6,16],"size":[6,1,1],"uv":[30,62]},{"origin":[-3,5,17],"size":[6,1,2],"uv":[37,61]},{"origin":[-3,4,19],"size":[6,1,1],"uv":[41,61]},{"origin":[-3,3,20],"size":[6,1,2],"uv":[37,61]},{"origin":[-3,2,22],"size":[6,1,1],"uv":[37,61]},{"origin":[-3,2,23],"size":[6,1,1],"uv":[37,61]},{"origin":[-3,3,24],"size":[6,1,2],"uv":[37,61]},{"origin":[-3,3,24],"size":[6,1,2],"uv":[7,11]},{"origin":[-3,4,26],"size":[6,1,2],"uv":[37,61]},{"origin":[-4,3,22],"size":[8,1,2],"uv":[7,11]},{"origin":[-4,4,20],"size":[8,1,6],"uv":[7,11]},{"origin":[-4,5,19],"size":[8,1,1],"uv":[7,11]},{"origin":[-4,6,17],"size":[8,1,2],"uv":[7,11]},{"origin":[-4,7,16],"size":[8,1,1],"uv":[7,11]},{"origin":[-4,8,13],"size":[8,1,3],"uv":[7,11]},{"origin":[-4,7,12],"size":[8,1,1],"uv":[7,11]},{"origin":[-4,6,10],"size":[8,1,2],"uv":[7,11]},{"origin":[-4,5,9],"size":[8,1,1],"uv":[7,11]},{"origin":[-4,4,7],"size":[8,1,2],"uv":[7,11]},{"origin":[-4,3,6],"size":[8,1,1],"uv":[7,11]},{"origin":[-4,2,4],"size":[8,1,2],"uv":[7,11]},{"origin":[-4,1,-4],"size":[8,1,8],"uv":[7,11]},{"origin":[-5,11,22],"size":[10,1,1],"uv":[39,61]},{"origin":[-5,12,20],"size":[10,1,2],"uv":[36,61]},{"origin":[-5,13,19],"size":[10,1,1],"uv":[31,61]},{"origin":[-5,14,17],"size":[10,1,2],"uv":[35,61]},{"origin":[-3,15,10],"size":[6,1,7],"uv":[0,56]},{"origin":[3,16,13],"size":[2,1,3],"uv":[36,61]},{"origin":[3,15,12],"size":[2,1,5],"uv":[36,61]},{"origin":[-5,14,10],"size":[10,1,2],"uv":[39,61]},{"origin":[-5,13,9],"size":[10,1,1],"uv":[39,61]},{"origin":[-5,12,7],"size":[10,1,2],"uv":[35,61]},{"origin":[-5,11,6],"size":[10,1,1],"uv":[31,61]},{"origin":[-5,10,4],"size":[10,1,2],"uv":[39,61]},{"origin":[-5,9,2],"size":[10,1,2],"uv":[29,61]},{"origin":[-6,10,22],"size":[12,1,1],"uv":[31,62]},{"origin":[-6,11,20],"size":[12,1,2],"uv":[31,62]},{"origin":[-6,12,19],"size":[12,1,1],"uv":[28,61]},{"origin":[-6,13,10],"size":[12,1,9],"uv":[38,60]},{"origin":[-6,14,12],"size":[12,1,5],"uv":[38,60]},{"origin":[5,15,13],"size":[1,1,3],"uv":[42,60]},{"origin":[-6,12,9],"size":[12,1,1],"uv":[31,61]},{"origin":[-6,11,7],"size":[12,1,2],"uv":[31,61]},{"origin":[-6,10,6],"size":[12,1,1],"uv":[31,61]},{"origin":[-6,9,4],"size":[12,1,2],"uv":[31,61]},{"origin":[-6,8,1],"size":[12,1,3],"uv":[28,60]},{"origin":[-7,9,22],"size":[14,1,1],"uv":[28,51]},{"origin":[-7,10,20],"size":[14,1,2],"uv":[28,51]},{"origin":[-7,11,19],"size":[14,1,1],"uv":[28,51]},{"origin":[-7,12,10],"size":[14,1,9],"uv":[28,48]},{"origin":[5,13,12],"size":[2,1,5],"uv":[26,47]},{"origin":[5,14,13],"size":[2,1,3],"uv":[7,11]},{"origin":[-7,11,9],"size":[14,1,1],"uv":[7,11]},{"origin":[-7,10,7],"size":[14,1,2],"uv":[32,50]},{"origin":[-7,9,6],"size":[14,1,1],"uv":[28,51]},{"origin":[-7,8,4],"size":[14,1,2],"uv":[28,51]},{"origin":[-7,7,0],"size":[14,1,4],"uv":[29,51]},{"origin":[-8,6,22],"size":[16,3,1],"uv":[26,51]},{"origin":[-8,7,20],"size":[16,3,2],"uv":[28,50]},{"origin":[-8,8,19],"size":[16,3,1],"uv":[26,51]},{"origin":[-8,9,17],"size":[16,3,2],"uv":[28,48]},{"origin":[-8,10,16],"size":[16,3,1],"uv":[28,50]},{"origin":[-8,11,13],"size":[16,3,3],"uv":[26,47]},{"origin":[-8,10,12],"size":[16,3,1],"uv":[26,51]},{"origin":[-8,9,10],"size":[16,3,2],"uv":[28,48]},{"origin":[-8,8,9],"size":[16,3,1],"uv":[28,50]},{"origin":[-8,7,7],"size":[16,3,2],"uv":[26,51]},{"origin":[-8,6,6],"size":[16,3,1],"uv":[28,51]},{"origin":[-8,5,4],"size":[16,3,2],"uv":[28,51]},{"origin":[-8,4,-1],"size":[16,3,5],"uv":[28,51]},{"origin":[-6,5,24],"size":[12,1,2],"uv":[7,11]},{"origin":[-5,5,20],"size":[10,1,2],"uv":[7,11]},{"origin":[-5,6,19],"size":[10,1,1],"uv":[7,11]},{"origin":[-5,7,17],"size":[10,1,2],"uv":[7,11]},{"origin":[-5,8,16],"size":[10,1,1],"uv":[7,11]},{"origin":[-5,9,13],"size":[10,1,3],"uv":[7,11]},{"origin":[-5,8,12],"size":[10,1,1],"uv":[7,11]},{"origin":[-5,7,10],"size":[10,1,2],"uv":[7,11]},{"origin":[-5,6,9],"size":[10,1,1],"uv":[7,11]},{"origin":[-5,5,7],"size":[10,1,2],"uv":[7,11]},{"origin":[-5,4,6],"size":[10,1,1],"uv":[7,11]},{"origin":[-5,3,4],"size":[10,1,2],"uv":[7,11]},{"origin":[-5,2,-3],"size":[10,1,7],"uv":[29,20]},{"origin":[-7,6,25],"size":[14,2,1],"uv":[34,51]},{"origin":[-7,5,22],"size":[14,1,2],"uv":[29,50]},{"origin":[-7,6,20],"size":[14,1,2],"uv":[30,51]},{"origin":[-7,7,19],"size":[14,1,1],"uv":[7,11]},{"origin":[-7,8,17],"size":[14,1,2],"uv":[29,50]},{"origin":[-7,9,16],"size":[14,1,1],"uv":[7,11]},{"origin":[-7,10,13],"size":[14,1,3],"uv":[28,51]},{"origin":[-7,9,12],"size":[14,1,1],"uv":[7,11]},{"origin":[-7,8,10],"size":[14,1,2],"uv":[29,50]},{"origin":[-7,7,9],"size":[14,1,1],"uv":[7,11]},{"origin":[-7,6,7],"size":[14,1,2],"uv":[30,51]},{"origin":[-7,5,6],"size":[14,1,1],"uv":[7,11]},{"origin":[-7,4,4],"size":[14,1,2],"uv":[7,11]},{"origin":[-7,3,-2],"size":[14,1,6],"uv":[7,11]},{"origin":[-6,8,25],"size":[12,1,1],"uv":[31,62]},{"origin":[-7,6,23],"size":[14,3,2],"uv":[32,47]},{"origin":[-3,2,-7],"size":[6,2,1],"uv":[41,61]},{"origin":[-5,2,-6],"size":[10,2,1],"uv":[33,25]},{"origin":[-6,3,-5],"size":[12,2,1],"uv":[30,25]},{"origin":[-7,4,-4],"size":[14,2,1],"uv":[7,11]},{"origin":[-7,4,-3],"size":[14,2,3],"uv":[28,51]},{"origin":[-6,3,-3],"size":[12,2,1],"uv":[30,25]},{"origin":[-5,2,-4],"size":[10,2,1],"uv":[30,25]},{"origin":[-4,1,-5],"size":[8,2,1],"uv":[32,24]},{"origin":[-3,1,-6],"size":[6,2,1],"uv":[30,62]},{"origin":[-6,8,23],"size":[12,2,2],"uv":[30,24]},{"origin":[-5,10,23],"size":[10,1,2],"uv":[35,61]},{"origin":[-3,11,23],"size":[6,1,2],"uv":[1,30]},{"origin":[-5,9,24],"size":[10,1,2],"uv":[31,61]},{"origin":[-3,10,24],"size":[6,1,2],"uv":[0,42]},{"origin":[-5,7,25],"size":[10,2,2],"uv":[35,61]},{"origin":[-3,9,25],"size":[6,1,2],"uv":[0,37]},{"origin":[-5,5,26],"size":[10,2,3],"uv":[37,59]},{"origin":[-5,7,27],"size":[10,1,2],"uv":[31,61]},{"origin":[-3,8,27],"size":[6,1,2],"uv":[0,37]},{"origin":[3,5,24],"size":[1,1,2],"uv":[7,11]},{"origin":[14,22,-15],"size":[1,1,6],"uv":[7,11]},{"origin":[8,22,-10],"size":[6,1,1],"uv":[7,11]},{"origin":[8,27,-13],"size":[6,1,1],"uv":[7,11]},{"origin":[8,32,-14],"size":[6,1,1],"uv":[7,11]},{"origin":[14,32,-19],"size":[1,1,6],"uv":[7,11]},{"origin":[14,27,-18],"size":[1,1,6],"uv":[7,11]},{"origin":[-5,16,13],"size":[2,1,3],"uv":[31,61]},{"origin":[-6,15,13],"size":[1,1,3],"uv":[38,60]},{"origin":[-5,15,12],"size":[2,1,5],"uv":[39,61]},{"origin":[-14,32,-14],"size":[6,1,1],"uv":[7,11]},{"origin":[-15,32,-19],"size":[1,1,6],"uv":[7,11]},{"origin":[-14,27,-13],"size":[6,1,1],"uv":[7,11]},{"origin":[-15,27,-18],"size":[1,1,6],"uv":[7,11]},{"origin":[-15,22,-15],"size":[1,1,6],"uv":[7,11]},{"origin":[-14,22,-10],"size":[6,1,1],"uv":[7,11]},{"origin":[-5,4,-7],"size":[10,3,1],"uv":[35,54]},{"origin":[-3,3,-8],"size":[6,4,1],"uv":[33,54]}]}]}}