{"geometry.goblin":{"texturewidth":64,"textureheight":32,"visible_bounds_width":3,"visible_bounds_height":4,"visible_bounds_offset":[0,2,0],"bones":[{"name":"head","pivot":[0,44,9],"cubes":[{"origin":[2,45,6],"size":[1,1,1],"uv":[49,3]},{"origin":[3,49,8],"size":[1,1,2],"uv":[49,3]},{"origin":[3,46,6],"size":[1,1,3],"uv":[49,3]},{"origin":[3,45,7],"size":[1,1,2],"uv":[49,3]},{"origin":[4,49,9],"size":[2,1,2],"uv":[49,3]},{"origin":[5,46,8],"size":[1,2,1],"uv":[49,3]},{"origin":[-3,49,8],"size":[6,1,2],"uv":[49,3]},{"origin":[2,46,5],"size":[2,1,1],"uv":[33,16]},{"origin":[1,46,3],"size":[1,1,2],"uv":[49,3]},{"origin":[1,47,4],"size":[1,1,4],"uv":[49,3]},{"origin":[1,44,2],"size":[1,2,1],"uv":[49,3]},{"origin":[1,44,1],"size":[1,1,1],"uv":[49,3]},{"origin":[1,45,4],"size":[2,1,1],"uv":[49,3]},{"origin":[4,45,8],"size":[1,4,1],"uv":[49,3]},{"origin":[2,47,6],"size":[2,1,3],"uv":[30,0]},{"origin":[5,49,11],"size":[1,1,1],"uv":[49,3]},{"origin":[5,50,12],"size":[1,1,1],"uv":[49,3]},{"origin":[6,50,13],"size":[1,1,1],"uv":[49,3]},{"origin":[5,50,13],"size":[1,1,1],"uv":[49,3]},{"origin":[5,49,12],"size":[1,1,1],"uv":[49,3]},{"origin":[7,50,14],"size":[1,1,1],"uv":[49,3]},{"origin":[7,51,16],"size":[1,1,1],"uv":[49,3]},{"origin":[8,50,15],"size":[1,1,1],"uv":[49,3]},{"origin":[7,50,15],"size":[1,1,1],"uv":[49,3]},{"origin":[9,49,15],"size":[1,1,2],"uv":[49,3]},{"origin":[9,49,17],"size":[1,3,1],"uv":[49,3]},{"origin":[8,49,14],"size":[1,1,1],"uv":[49,3]},{"origin":[7,49,13],"size":[1,1,1],"uv":[49,3]},{"origin":[6,45,12],"size":[1,5,1],"uv":[49,3]},{"origin":[7,47,13],"size":[1,2,1],"uv":[49,3]},{"origin":[7,47,14],"size":[2,2,3],"uv":[49,3]},{"origin":[6,46,9],"size":[1,2,1],"uv":[49,3]},{"origin":[7,46,10],"size":[1,2,2],"uv":[49,3]},{"origin":[6,48,10],"size":[1,1,2],"uv":[49,3]},{"origin":[5,48,9],"size":[1,1,1],"uv":[49,3]},{"origin":[5,45,9],"size":[1,1,1],"uv":[49,3]},{"origin":[6,45,10],"size":[1,1,2],"uv":[49,3]},{"origin":[6,51,14],"size":[1,1,2],"uv":[49,3]},{"origin":[7,52,16],"size":[1,1,1],"uv":[49,3]},{"origin":[6,52,15],"size":[1,1,1],"uv":[49,3]},{"origin":[6,53,14],"size":[1,1,1],"uv":[49,3]},{"origin":[7,53,15],"size":[1,1,1],"uv":[49,3]},{"origin":[8,53,16],"size":[1,1,1],"uv":[49,3]},{"origin":[9,53,17],"size":[1,1,1],"uv":[49,3]},{"origin":[4,51,12],"size":[2,1,3],"uv":[49,3]},{"origin":[5,52,13],"size":[1,1,2],"uv":[49,3]},{"origin":[2,50,10],"size":[4,1,2],"uv":[49,3]},{"origin":[9,50,18],"size":[1,5,1],"uv":[49,3]},{"origin":[-1,46,2],"size":[2,1,2],"uv":[49,3]},{"origin":[-1,47,3],"size":[2,1,4],"uv":[49,3]},{"origin":[-1,45,1],"size":[2,1,1],"uv":[49,3]},{"origin":[2,51,11],"size":[1,1,1],"uv":[49,3]},{"origin":[2,50,12],"size":[3,1,1],"uv":[49,3]},{"origin":[3,50,13],"size":[2,1,1],"uv":[49,3]},{"origin":[4,50,14],"size":[1,1,1],"uv":[49,3]},{"origin":[2,48,13],"size":[1,2,1],"uv":[49,3]},{"origin":[3,48,14],"size":[1,2,1],"uv":[49,3]},{"origin":[1,48,13],"size":[1,1,1],"uv":[49,3]},{"origin":[5,50,14],"size":[1,1,2],"uv":[49,3]},{"origin":[6,50,16],"size":[1,1,1],"uv":[49,3]},{"origin":[7,47,17],"size":[1,5,1],"uv":[49,3]},{"origin":[8,49,16],"size":[1,4,2],"uv":[49,3]},{"origin":[6,46,13],"size":[1,4,5],"uv":[49,3]},{"origin":[5,49,16],"size":[1,1,1],"uv":[49,3]},{"origin":[4,49,15],"size":[1,2,1],"uv":[49,3]},{"origin":[3,48,15],"size":[1,1,1],"uv":[49,3]},{"origin":[3,45,13],"size":[3,3,4],"uv":[49,3]},{"origin":[3,46,17],"size":[3,3,1],"uv":[49,3]},{"origin":[1,45,13],"size":[2,2,4],"uv":[49,3]},{"origin":[1,49,12],"size":[1,1,1],"uv":[49,3]},{"origin":[9,48,16],"size":[1,1,1],"uv":[49,3]},{"origin":[2,44,6],"size":[3,1,4],"uv":[49,3]},{"origin":[2,44,10],"size":[4,1,1],"uv":[49,3]},{"origin":[2,44,11],"size":[4,1,2],"uv":[49,3]},{"origin":[1,45,3],"size":[1,1,1],"uv":[49,3]},{"origin":[4,47,7],"size":[1,1,1],"uv":[49,3]},{"origin":[4,45,7],"size":[1,1,1],"uv":[49,3]},{"origin":[4,48,16],"size":[1,1,1],"uv":[49,3]},{"origin":[-2,43,12],"size":[4,1,1],"uv":[49,3]},{"origin":[-2,42,7],"size":[4,1,5],"uv":[49,3]},{"origin":[2,43,11],"size":[1,1,1],"uv":[49,3]},{"origin":[2,42,8],"size":[1,2,3],"uv":[49,3]},{"origin":[3,43,9],"size":[1,1,2],"uv":[49,3]},{"origin":[1,47,13],"size":[2,1,2],"uv":[49,3]},{"origin":[-2,44,13],"size":[4,1,1],"uv":[49,3]},{"origin":[3,43,5],"size":[1,1,2],"uv":[49,3]},{"origin":[4,44,5],"size":[1,1,1],"uv":[49,3]},{"origin":[-1,43,0],"size":[2,2,2],"uv":[49,3]},{"origin":[-1,50,8],"size":[2,1,1],"uv":[49,3]},{"origin":[1,50,9],"size":[1,1,1],"uv":[49,3]},{"origin":[1,51,10],"size":[1,1,1],"uv":[49,3]},{"origin":[-1,51,9],"size":[2,1,1],"uv":[49,3]},{"origin":[1,52,11],"size":[1,1,1],"uv":[49,3]},{"origin":[-1,52,10],"size":[2,1,1],"uv":[49,3]},{"origin":[2,52,12],"size":[1,1,4],"uv":[49,3]},{"origin":[3,51,12],"size":[1,1,4],"uv":[49,3]},{"origin":[-2,53,12],"size":[4,1,4],"uv":[49,3]},{"origin":[-1,52,17],"size":[2,1,1],"uv":[49,3]},{"origin":[1,52,16],"size":[1,1,1],"uv":[49,3]},{"origin":[-1,53,16],"size":[2,1,1],"uv":[49,3]},{"origin":[1,51,17],"size":[1,1,1],"uv":[49,3]},{"origin":[2,51,16],"size":[1,1,1],"uv":[49,3]},{"origin":[-1,51,18],"size":[2,1,1],"uv":[49,3]},{"origin":[1,50,18],"size":[1,1,1],"uv":[49,3]},{"origin":[2,50,17],"size":[1,1,1],"uv":[49,3]},{"origin":[-1,50,18],"size":[2,1,1],"uv":[49,3]},{"origin":[-1,49,18],"size":[2,1,1],"uv":[49,3]},{"origin":[2,49,16],"size":[1,1,1],"uv":[49,3]},{"origin":[1,49,17],"size":[1,1,1],"uv":[49,3]},{"origin":[3,49,16],"size":[1,2,1],"uv":[49,3]},{"origin":[-1,48,17],"size":[2,1,1],"uv":[49,3]},{"origin":[1,48,16],"size":[1,1,1],"uv":[49,3]},{"origin":[-1,45,16],"size":[2,3,1],"uv":[49,3]},{"origin":[1,47,15],"size":[1,1,1],"uv":[49,3]},{"origin":[2,48,15],"size":[1,1,1],"uv":[49,3]},{"origin":[2,47,5],"size":[1,1,1],"uv":[34,3]},{"origin":[-3,43,6],"size":[6,1,1],"uv":[30,20]},{"origin":[-1,45,13],"size":[2,1,3],"uv":[49,3]},{"origin":[2,42,7],"size":[1,2,1],"uv":[49,3]},{"origin":[-3,45,6],"size":[1,1,1],"uv":[49,3]},{"origin":[-4,49,8],"size":[1,1,2],"uv":[49,3]},{"origin":[-4,46,6],"size":[1,1,3],"uv":[49,3]},{"origin":[-4,45,7],"size":[1,1,2],"uv":[49,3]},{"origin":[-6,49,9],"size":[2,1,2],"uv":[49,3]},{"origin":[-6,46,8],"size":[1,2,1],"uv":[49,3]},{"origin":[-4,46,5],"size":[2,1,1],"uv":[30,16]},{"origin":[-4,48,5],"size":[8,1,3],"uv":[49,3]},{"origin":[-2,46,3],"size":[1,1,2],"uv":[49,3]},{"origin":[-2,47,4],"size":[1,1,4],"uv":[49,3]},{"origin":[-2,44,2],"size":[1,2,1],"uv":[49,3]},{"origin":[-2,44,1],"size":[1,1,1],"uv":[49,3]},{"origin":[-3,45,4],"size":[2,1,1],"uv":[49,3]},{"origin":[-2,44,5],"size":[4,2,1],"uv":[49,3]},{"origin":[-5,45,8],"size":[1,4,1],"uv":[49,3]},{"origin":[-4,47,6],"size":[2,1,3],"uv":[34,0]},{"origin":[-6,49,11],"size":[1,1,1],"uv":[49,3]},{"origin":[-6,50,12],"size":[1,1,1],"uv":[49,3]},{"origin":[-7,50,13],"size":[1,1,1],"uv":[49,3]},{"origin":[-6,50,13],"size":[1,1,1],"uv":[49,3]},{"origin":[-6,49,12],"size":[1,1,1],"uv":[49,3]},{"origin":[-8,50,14],"size":[1,1,1],"uv":[49,3]},{"origin":[-8,51,16],"size":[1,1,1],"uv":[49,3]},{"origin":[-9,50,15],"size":[1,1,1],"uv":[49,3]},{"origin":[-8,50,15],"size":[1,1,1],"uv":[49,3]},{"origin":[-10,49,15],"size":[1,1,2],"uv":[49,3]},{"origin":[-10,49,17],"size":[1,3,1],"uv":[49,3]},{"origin":[-9,49,14],"size":[1,1,1],"uv":[49,3]},{"origin":[-8,49,13],"size":[1,1,1],"uv":[49,3]},{"origin":[-7,45,12],"size":[1,5,1],"uv":[49,3]},{"origin":[-8,47,13],"size":[1,2,1],"uv":[49,3]},{"origin":[-9,47,14],"size":[2,2,3],"uv":[49,3]},{"origin":[-7,46,9],"size":[1,2,1],"uv":[49,3]},{"origin":[-8,46,10],"size":[1,2,2],"uv":[49,3]},{"origin":[-7,48,10],"size":[1,1,2],"uv":[49,3]},{"origin":[-6,48,9],"size":[1,1,1],"uv":[49,3]},{"origin":[-6,45,9],"size":[1,1,1],"uv":[49,3]},{"origin":[-7,45,10],"size":[1,1,2],"uv":[49,3]},{"origin":[-7,51,14],"size":[1,1,2],"uv":[49,3]},{"origin":[-8,52,16],"size":[1,1,1],"uv":[49,3]},{"origin":[-7,52,15],"size":[1,1,1],"uv":[49,3]},{"origin":[-7,53,14],"size":[1,1,1],"uv":[49,3]},{"origin":[-8,53,15],"size":[1,1,1],"uv":[49,3]},{"origin":[-9,53,16],"size":[1,1,1],"uv":[49,3]},{"origin":[-10,53,17],"size":[1,1,1],"uv":[49,3]},{"origin":[-6,51,12],"size":[2,1,3],"uv":[49,3]},{"origin":[-6,52,13],"size":[1,1,2],"uv":[49,3]},{"origin":[-6,50,10],"size":[4,1,2],"uv":[49,3]},{"origin":[-10,50,18],"size":[1,5,1],"uv":[49,3]},{"origin":[-3,51,11],"size":[1,1,1],"uv":[49,3]},{"origin":[-5,50,12],"size":[3,1,1],"uv":[49,3]},{"origin":[-5,50,13],"size":[2,1,1],"uv":[49,3]},{"origin":[-5,50,14],"size":[1,1,1],"uv":[49,3]},{"origin":[-3,48,13],"size":[1,2,1],"uv":[49,3]},{"origin":[-4,48,14],"size":[1,2,1],"uv":[49,3]},{"origin":[-2,48,13],"size":[1,1,1],"uv":[49,3]},{"origin":[-6,50,14],"size":[1,1,2],"uv":[49,3]},{"origin":[-7,50,16],"size":[1,1,1],"uv":[49,3]},{"origin":[-8,47,17],"size":[1,5,1],"uv":[49,3]},{"origin":[-9,49,16],"size":[1,4,2],"uv":[49,3]},{"origin":[-7,46,13],"size":[1,4,5],"uv":[49,3]},{"origin":[-6,49,16],"size":[1,1,1],"uv":[49,3]},{"origin":[-5,49,15],"size":[1,2,1],"uv":[49,3]},{"origin":[-4,48,15],"size":[1,1,1],"uv":[49,3]},{"origin":[-6,45,13],"size":[3,3,4],"uv":[49,3]},{"origin":[-6,46,17],"size":[3,3,1],"uv":[49,3]},{"origin":[-3,45,13],"size":[2,2,4],"uv":[49,3]},{"origin":[-2,49,12],"size":[1,1,1],"uv":[49,3]},{"origin":[-10,48,16],"size":[1,1,1],"uv":[49,3]},{"origin":[-5,44,6],"size":[3,1,4],"uv":[49,3]},{"origin":[-6,44,10],"size":[4,1,1],"uv":[49,3]},{"origin":[-6,44,11],"size":[4,1,2],"uv":[49,3]},{"origin":[-2,45,3],"size":[1,1,1],"uv":[49,3]},{"origin":[-5,47,7],"size":[1,1,1],"uv":[49,3]},{"origin":[-5,45,7],"size":[1,1,1],"uv":[49,3]},{"origin":[-5,48,16],"size":[1,1,1],"uv":[49,3]},{"origin":[-3,43,11],"size":[1,1,1],"uv":[49,3]},{"origin":[-3,42,8],"size":[1,2,3],"uv":[49,3]},{"origin":[-4,43,9],"size":[1,1,2],"uv":[49,3]},{"origin":[-3,47,13],"size":[2,1,2],"uv":[49,3]},{"origin":[-4,43,5],"size":[1,1,2],"uv":[49,3]},{"origin":[-5,44,5],"size":[1,1,1],"uv":[49,3]},{"origin":[-2,50,9],"size":[1,1,1],"uv":[49,3]},{"origin":[-2,51,10],"size":[1,1,1],"uv":[49,3]},{"origin":[-2,52,11],"size":[1,1,1],"uv":[49,3]},{"origin":[-3,52,12],"size":[1,1,4],"uv":[49,3]},{"origin":[-4,51,12],"size":[1,1,4],"uv":[49,3]},{"origin":[-2,52,16],"size":[1,1,1],"uv":[49,3]},{"origin":[-2,51,17],"size":[1,1,1],"uv":[49,3]},{"origin":[-3,51,16],"size":[1,1,1],"uv":[49,3]},{"origin":[-2,50,18],"size":[1,1,1],"uv":[49,3]},{"origin":[-3,50,17],"size":[1,1,1],"uv":[49,3]},{"origin":[-3,49,16],"size":[1,1,1],"uv":[49,3]},{"origin":[-2,49,17],"size":[1,1,1],"uv":[49,3]},{"origin":[-4,49,16],"size":[1,2,1],"uv":[49,3]},{"origin":[-2,48,16],"size":[1,1,1],"uv":[49,3]},{"origin":[-2,47,15],"size":[1,1,1],"uv":[49,3]},{"origin":[-3,48,15],"size":[1,1,1],"uv":[49,3]},{"origin":[-3,47,5],"size":[1,1,1],"uv":[35,3]},{"origin":[-3,42,7],"size":[1,2,1],"uv":[49,3]},{"origin":[-3,42,6],"size":[6,1,1],"uv":[50,15]}]},{"name":"body","pivot":[0,32,6],"rotation":[90,0,0],"cubes":[{"origin":[6,27,13],"size":[3,7,1],"uv":[0.72727,6.18182]},{"origin":[6,25,14],"size":[2,8,1],"uv":[9,8]},{"origin":[5,29,14],"size":[1,5,1],"uv":[3.27273,6.18182]},{"origin":[5,34,13],"size":[1,1,1],"uv":[3.27273,6.72727]},{"origin":[-5,34,14],"size":[10,1,1],"uv":[3.27273,6.90909]},{"origin":[5,27,14],"size":[1,2,1],"uv":[8,6.18182]},{"origin":[6,27,11],"size":[3,8,2],"uv":[12,10]},{"origin":[0,35,13],"size":[5,1,1],"uv":[10.54545,6.18182]},{"origin":[0,35,11],"size":[6,1,2],"uv":[9,10]},{"origin":[-6,24.9,9],"size":[12,8.1,1],"uv":[0,7]},{"origin":[-8,23,8],"size":[7,12,1],"uv":[13,5]},{"origin":[-6,25.3,7],"size":[12,7.7,1],"uv":[0,11]},{"origin":[2,24,6],"size":[5,10,1],"uv":[12,7]},{"origin":[3,27,4],"size":[3,6,1],"uv":[17,6]},{"origin":[1,27,2],"size":[4,5,1],"uv":[16,6]},{"origin":[-9,27,13],"size":[3,7,1],"uv":[11,5]},{"origin":[-8,25,14],"size":[2,8,1],"uv":[15,6]},{"origin":[-6,29,14],"size":[1,5,1],"uv":[12,3]},{"origin":[-6,34,13],"size":[1,1,1],"uv":[11,6]},{"origin":[-6,24,15],"size":[12,10,1],"uv":[4,8]},{"origin":[-6,27,14],"size":[1,2,1],"uv":[36.36364,6.18182]},{"origin":[-9,27,11],"size":[3,8,2],"uv":[0,7.18182]},{"origin":[-5,35,13],"size":[5,1,1],"uv":[1.81818,7.18182]},{"origin":[-6,35,11],"size":[6,1,2],"uv":[1.81818,7.36364]},{"origin":[-7,27,6],"size":[5,7,1],"uv":[12.72727,7.18182]},{"origin":[-5,25,5],"size":[10,7,1],"uv":[6,7]},{"origin":[-6,27,4],"size":[3,6,1],"uv":[17.09091,7.18182]},{"origin":[-4,27,3],"size":[8,4,1],"uv":[6,5]},{"origin":[-5,27,2],"size":[4,5,1],"uv":[20.36364,7.18182]},{"origin":[6,24,13],"size":[3,3,1],"uv":[20.36364,7.72727]},{"origin":[5,24,14],"size":[1,3,1],"uv":[22.18182,7.18182]},{"origin":[5,23,13],"size":[1,1,1],"uv":[22.18182,7.54545]},{"origin":[6,23,11],"size":[3,4,2],"uv":[14,9]},{"origin":[-5,22,13],"size":[10,1,1],"uv":[6,8]},{"origin":[0,22,11],"size":[6,1,2],"uv":[6,8]},{"origin":[-9,24,13],"size":[3,3,1],"uv":[13,6]},{"origin":[-6,24,14],"size":[1,3,1],"uv":[16,7]},{"origin":[-6,23,13],"size":[1,1,1],"uv":[0,8.09091]},{"origin":[-5,23,14],"size":[10,1,1],"uv":[0,8.27273]},{"origin":[-9,23,11],"size":[3,4,2],"uv":[0,8.45455]},{"origin":[-6,22,11],"size":[6,1,2],"uv":[0,9.18182]},{"origin":[-7,24,6],"size":[5,3,1],"uv":[2.90909,9.09091]},{"origin":[-6,24,4],"size":[12,3,1],"uv":[1,8]},{"origin":[0,22,10],"size":[9,14,1],"uv":[8.72727,8.09091]},{"origin":[-9,22,10],"size":[9,14,1],"uv":[8,7]},{"origin":[-2,27,-6],"size":[4,5,8],"uv":[39,7]},{"origin":[2,27,-1],"size":[2,5,2],"uv":[20.36364,8.09091]},{"origin":[-4,27,-1],"size":[2,5,2],"uv":[20.36364,8.72727]},{"origin":[2,27,-4],"size":[2,5,2],"uv":[21.81818,8.09091]},{"origin":[-4,27,-4],"size":[2,5,2],"uv":[21.81818,8.72727]},{"origin":[1,23,8],"size":[7,12,1],"uv":[13,5]}]},{"name":"rightArm","pivot":[-9,40,8],"cubes":[{"origin":[-9.95,17.5,6.4],"size":[1,1.1,1],"uv":[0,0]},{"origin":[-13,36,7],"size":[4,4,6],"uv":[0,0]},{"origin":[-15,36,7],"size":[2,3,6],"uv":[0,0]},{"origin":[-12,28,8],"size":[3,8,4],"uv":[8,5]},{"origin":[-13,26,7],"size":[4,2,5],"uv":[0,0]},{"origin":[-12,18,8],"size":[3,8,3],"uv":[0,0]},{"origin":[-12.35,15.2,7.25],"size":[2.45,3.2,4.75],"uv":[0,0]},{"origin":[-12.55,14.85,6.4],"size":[1,1.1,1],"uv":[0,0]},{"origin":[-12.3,14.35,6.5],"size":[1,1.1,1],"uv":[0,0]},{"origin":[-10.4,14.15,6.5],"size":[1,1.1,1],"uv":[0,0]},{"origin":[-11.45,13.75,6.4],"size":[1,1.1,1],"uv":[0,0]},{"origin":[-12.55,14.85,7.9],"size":[1,1.1,1],"uv":[0,0]},{"origin":[-12.3,14.35,8],"size":[1,1.1,1],"uv":[0,0]},{"origin":[-11.45,13.75,7.9],"size":[1,1.1,1],"uv":[0,0]},{"origin":[-10.4,14.15,8],"size":[1,1.1,1],"uv":[0,0]},{"origin":[-12.55,14.85,9.4],"size":[1,1.1,1],"uv":[0,0]},{"origin":[-12.3,14.35,9.5],"size":[1,1.1,1],"uv":[0,0]},{"origin":[-11.45,13.75,9.4],"size":[1,1.1,1],"uv":[0,0]},{"origin":[-10.4,14.15,9.5],"size":[1,1.1,1],"uv":[0,0]},{"origin":[-12.55,14.85,10.9],"size":[1,1.1,1],"uv":[0,0]},{"origin":[-12.3,14.35,11],"size":[1,1.1,1],"uv":[0,0]},{"origin":[-11.45,13.75,10.9],"size":[1,1.1,1],"uv":[0,0]},{"origin":[-10.4,14.15,11],"size":[1,1.1,1],"uv":[0,0]},{"origin":[-11.8,17.35,6.4],"size":[1,1.1,1],"uv":[0,0]},{"origin":[-10.8,17.85,6.5],"size":[1,1.1,1],"uv":[0,0]}]},{"name":"leftArm","pivot":[9,40,8],"cubes":[{"origin":[9,36,7],"size":[4,4,6],"uv":[0,0]},{"origin":[13,36,7],"size":[2,3,6],"uv":[0,0]},{"origin":[9,28,8],"size":[3,8,4],"uv":[0,0]},{"origin":[9,26,7],"size":[4,2,5],"uv":[0,0]},{"origin":[9,18,8],"size":[3,8,3],"uv":[0,0]},{"origin":[9.9,15.2,7.25],"size":[2.45,3.2,4.75],"uv":[0,0]},{"origin":[11.55,14.85,6.4],"size":[1,1.1,1],"uv":[0,0]},{"origin":[11.3,14.35,6.5],"size":[1,1.1,1],"uv":[0,0]},{"origin":[9.4,14.15,6.5],"size":[1,1.1,1],"uv":[0,0]},{"origin":[10.45,13.75,6.4],"size":[1,1.1,1],"uv":[0,0]},{"origin":[11.55,14.85,7.9],"size":[1,1.1,1],"uv":[0,0]},{"origin":[11.3,14.35,8],"size":[1,1.1,1],"uv":[0,0]},{"origin":[10.45,13.75,7.9],"size":[1,1.1,1],"uv":[0,0]},{"origin":[9.4,14.15,8],"size":[1,1.1,1],"uv":[0,0]},{"origin":[11.55,14.85,9.4],"size":[1,1.1,1],"uv":[0,0]},{"origin":[11.3,14.35,9.5],"size":[1,1.1,1],"uv":[0,0]},{"origin":[10.45,13.75,9.4],"size":[1,1.1,1],"uv":[0,0]},{"origin":[9.4,14.15,9.5],"size":[1,1.1,1],"uv":[0,0]},{"origin":[11.55,14.85,10.9],"size":[1,1.1,1],"uv":[0,0]},{"origin":[11.3,14.35,11],"size":[1,1.1,1],"uv":[0,0]},{"origin":[10.45,13.75,10.9],"size":[1,1.1,1],"uv":[0,0]},{"origin":[9.4,14.15,11],"size":[1,1.1,1],"uv":[0,0]},{"origin":[10.8,17.35,6.4],"size":[1,1.1,1],"uv":[0,0]},{"origin":[9.8,17.85,6.5],"size":[1,1.1,1],"uv":[0,0]},{"origin":[8.95,17.5,6.4],"size":[1,1.1,1],"uv":[0,0]}]},{"name":"rightLeg","pivot":[-4,20,8],"cubes":[{"origin":[-6,18,6],"size":[4,3,5],"uv":[42,0]},{"origin":[-6,12,7],"size":[4,6,3],"uv":[42,0]},{"origin":[-6,11,6],"size":[4,1,5],"uv":[0,0]},{"origin":[-6,10,7],"size":[4,1,5],"uv":[0,0]},{"origin":[-6,4,9],"size":[4,6,3],"uv":[0,0]},{"origin":[-6,2,8],"size":[4,2,3],"uv":[0,0]},{"origin":[-6,0,5],"size":[4,2,6],"uv":[0,0]},{"origin":[-6,0,3],"size":[4,1,2],"uv":[0,0]}]},{"name":"leftLeg","pivot":[4,20,8],"cubes":[{"origin":[2,18,6],"size":[4,3,5],"uv":[45,0]},{"origin":[2,12,7],"size":[4,6,3],"uv":[46,0]},{"origin":[2,11,6],"size":[4,1,5],"uv":[0,0]},{"origin":[2,4,9],"size":[4,6,3],"uv":[0,0]},{"origin":[2,10,7],"size":[4,1,5],"uv":[0,0]},{"origin":[2,2,8],"size":[4,2,3],"uv":[0,0]},{"origin":[2,0,3],"size":[4,1,2],"uv":[5,4]},{"origin":[2,0,5],"size":[4,2,6],"uv":[0,0]}]}]}}