{"geometry.harpy":{"texturewidth":64,"textureheight":64,"visible_bounds_width":6,"visible_bounds_height":4,"visible_bounds_offset":[0,2,0],"bones":[{"name":"head","pivot":[4,36,6],"cubes":[{"origin":[-2,49,-4],"size":[1,1,5],"uv":[0,0]},{"origin":[-1,49,-5],"size":[1,1,1],"uv":[0,0]},{"origin":[-1,49,0],"size":[1,1,1],"uv":[0,0]},{"origin":[-1,48,0],"size":[1,1,1],"uv":[0,0]},{"origin":[-1,47,0],"size":[1,1,1],"uv":[0,0]},{"origin":[-2,45,-5],"size":[1,3,6],"uv":[0,0]},{"origin":[-3,45,-3],"size":[1,3,8],"uv":[0,0]},{"origin":[-2,48,1],"size":[1,2,4],"uv":[0,0]},{"origin":[-1,45,-7],"size":[1,3,7],"uv":[0,0]},{"origin":[-3,44,-1],"size":[1,1,5],"uv":[0,36]},{"origin":[-2,44,-3],"size":[11,1,6],"uv":[0,0]},{"origin":[-1,44,-5],"size":[9,1,6],"uv":[0,0]},{"origin":[-1,49,-4],"size":[1,2,7],"uv":[0,0]},{"origin":[0,49,-5],"size":[7,1,8],"uv":[0,0]},{"origin":[-1,48,-1],"size":[1,1,1],"uv":[60,62]},{"origin":[0,45,-8],"size":[1,3,7],"uv":[0,0]},{"origin":[0,44,-7],"size":[7,1,6],"uv":[0,0]},{"origin":[1,45,-9],"size":[5,3,7],"uv":[0,0]},{"origin":[-2,42,-2],"size":[1,2,5],"uv":[0,33]},{"origin":[-3,42,0],"size":[1,2,3],"uv":[0,38]},{"origin":[-1,42,-4],"size":[1,2,7],"uv":[0,34]},{"origin":[0,42,-6],"size":[1,2,8],"uv":[0,33]},{"origin":[1,44,-8],"size":[5,1,2],"uv":[0,0]},{"origin":[1,42,-7],"size":[5,2,8],"uv":[0,33]},{"origin":[0,47,-9],"size":[1,1,1],"uv":[36,32]},{"origin":[-1,49,3],"size":[9,1,3],"uv":[0,0]},{"origin":[-3,43,3],"size":[1,1,1],"uv":[0,0]},{"origin":[0,41,2],"size":[7,1,1],"uv":[0,0]},{"origin":[1,41,1],"size":[5,1,1],"uv":[0,35]},{"origin":[8,49,-4],"size":[1,1,5],"uv":[0,0]},{"origin":[7,49,-5],"size":[1,1,1],"uv":[0,0]},{"origin":[7,49,0],"size":[1,1,1],"uv":[0,0]},{"origin":[7,48,0],"size":[1,1,1],"uv":[0,0]},{"origin":[7,47,0],"size":[1,1,1],"uv":[0,0]},{"origin":[8,45,-5],"size":[1,3,6],"uv":[0,0]},{"origin":[9,45,-3],"size":[1,3,8],"uv":[0,0]},{"origin":[8,48,1],"size":[1,2,4],"uv":[0,0]},{"origin":[7,45,-7],"size":[1,3,7],"uv":[0,0]},{"origin":[9,44,-1],"size":[1,1,5],"uv":[0,36]},{"origin":[7,49,-4],"size":[1,2,7],"uv":[0,0]},{"origin":[7,48,-1],"size":[1,1,1],"uv":[60,62]},{"origin":[8,42,-2],"size":[1,2,5],"uv":[0,33]},{"origin":[9,42,0],"size":[1,2,3],"uv":[0,38]},{"origin":[7,42,-4],"size":[1,2,7],"uv":[0,34]},{"origin":[6,42,-6],"size":[1,2,8],"uv":[0,33]},{"origin":[6,47,-9],"size":[1,1,1],"uv":[36,32]},{"origin":[-2,42,3],"size":[11,6,3],"uv":[0,0]},{"origin":[0,41,8],"size":[7,6,1],"uv":[0,5]},{"origin":[-1,41,3],"size":[9,8,5],"uv":[0,6]},{"origin":[9,43,3],"size":[1,1,1],"uv":[0,0]},{"origin":[3,50,0],"size":[1,1,4],"uv":[26,33]},{"origin":[3,51,1],"size":[1,1,2],"uv":[13,44]},{"origin":[3,50,5],"size":[1,1,2],"uv":[26,33]},{"origin":[3,49,6],"size":[1,1,2],"uv":[26,33]},{"origin":[3,48,8],"size":[1,1,1],"uv":[26,33]},{"origin":[3,45,10],"size":[1,2,1],"uv":[12,45]},{"origin":[3,44,9],"size":[1,3,1],"uv":[26,33]},{"origin":[2,41,9],"size":[3,3,1],"uv":[0,0]},{"origin":[3,41,10],"size":[1,2,1],"uv":[26,33]},{"origin":[3,41,11],"size":[1,1,1],"uv":[14,45]},{"origin":[0,48,-6],"size":[7,1,4],"uv":[0,0]},{"origin":[3,50,7],"size":[1,1,1],"uv":[14,45]},{"origin":[3,49,8],"size":[1,1,1],"uv":[14,45]},{"origin":[6,48,-2],"size":[1,1,1],"uv":[56,62]},{"origin":[0,48,-2],"size":[1,1,1],"uv":[56,60]},{"origin":[-2,48,0],"size":[1,1,1],"uv":[56,60]},{"origin":[8,48,0],"size":[1,1,1],"uv":[56,62]},{"origin":[6,45,-8],"size":[1,3,7],"uv":[0,0]}]},{"name":"body","pivot":[4,40,6],"cubes":[{"origin":[0,40,8],"size":[7,1,1],"uv":[0,0]},{"origin":[-1,40,3],"size":[9,1,5],"uv":[0,0]},{"origin":[0,40,2],"size":[7,1,1],"uv":[0,33]},{"origin":[2,40,9],"size":[3,1,1],"uv":[0,0]},{"origin":[3,40,10],"size":[1,1,1],"uv":[26,33]},{"origin":[-3,34,9],"size":[13,6,1],"uv":[0,0]},{"origin":[1,39,3],"size":[5,1,1],"uv":[2,34]},{"origin":[2,38,3],"size":[3,1,1],"uv":[2,35]},{"origin":[3,40,11],"size":[1,1,1],"uv":[14,45]},{"origin":[3,34,11],"size":[1,5,1],"uv":[28,35]},{"origin":[3,35,12],"size":[1,3,1],"uv":[7,44]},{"origin":[0,36,10],"size":[7,4,1],"uv":[0,0]},{"origin":[3,33,10],"size":[1,3,1],"uv":[28,35]},{"origin":[3,33,9],"size":[1,1,1],"uv":[28,35]},{"origin":[-4,35,3],"size":[7,2,1],"uv":[1,41]},{"origin":[4,35,3],"size":[7,2,1],"uv":[2,41]},{"origin":[4,33,3],"size":[6,2,1],"uv":[1,41]},{"origin":[-3,33,3],"size":[6,2,1],"uv":[1,41]},{"origin":[-1,31,3],"size":[4,2,1],"uv":[4,40]},{"origin":[4,31,3],"size":[4,2,1],"uv":[4,40]},{"origin":[4,28,3],"size":[4,2,1],"uv":[0,41]},{"origin":[-1,28,3],"size":[4,2,1],"uv":[0,41]},{"origin":[-1,25,3],"size":[4,2,1],"uv":[0,41]},{"origin":[4,25,3],"size":[4,2,1],"uv":[0,41]},{"origin":[4,34,2],"size":[4,3,1],"uv":[2,34]},{"origin":[-1,34,2],"size":[4,3,1],"uv":[2,34]},{"origin":[0,32,2],"size":[3,2,1],"uv":[8,38]},{"origin":[4,32,2],"size":[3,2,1],"uv":[5,35]},{"origin":[4,37,3],"size":[4,1,1],"uv":[1,42]},{"origin":[-1,37,3],"size":[4,1,1],"uv":[1,42]},{"origin":[-2,22,4],"size":[11,2,5],"uv":[0,8]},{"origin":[0,22,3],"size":[3,2,1],"uv":[0,41]},{"origin":[4,22,3],"size":[3,2,1],"uv":[0,41]},{"origin":[3,26,9],"size":[1,6,1],"uv":[27,36]},{"origin":[3,27,10],"size":[1,5,1],"uv":[27,36]},{"origin":[3,28,11],"size":[1,3,1],"uv":[10,44]},{"origin":[2,24,9],"size":[3,1,1],"uv":[0,0]},{"origin":[1,21,9],"size":[5,3,1],"uv":[0,0]},{"origin":[1,20,7],"size":[5,3,4],"uv":[0,0]},{"origin":[0,20,8],"size":[7,3,2],"uv":[0,8]},{"origin":[3,21,11],"size":[1,2,1],"uv":[27,35]},{"origin":[3,23,10],"size":[1,2,1],"uv":[27,35]},{"origin":[1,19,8],"size":[5,1,3],"uv":[0,0]},{"origin":[2,19,11],"size":[3,2,1],"uv":[0,0]},{"origin":[2,17,9],"size":[3,2,4],"uv":[0,0]},{"origin":[1,17,10],"size":[5,2,2],"uv":[0,0]},{"origin":[2,16,10],"size":[3,1,4],"uv":[0,0]},{"origin":[1,16,11],"size":[5,1,2],"uv":[0,0]},{"origin":[1,15,11],"size":[5,1,3],"uv":[0,0]},{"origin":[2,15,12],"size":[3,1,3],"uv":[0,0]},{"origin":[2,14,12],"size":[3,1,4],"uv":[0,0]},{"origin":[2,13,14],"size":[3,1,3],"uv":[0,0]},{"origin":[2,12,16],"size":[3,1,3],"uv":[0,0]},{"origin":[3,20,12],"size":[1,1,1],"uv":[27,35]},{"origin":[3,17,13],"size":[1,1,1],"uv":[26,34]},{"origin":[3,16,14],"size":[1,1,1],"uv":[26,34]},{"origin":[3,14,16],"size":[1,1,1],"uv":[13,45]},{"origin":[3,13,17],"size":[1,1,1],"uv":[30,34]},{"origin":[-3,24,4],"size":[13,4,5],"uv":[0,4]},{"origin":[-4,28,4],"size":[15,4,5],"uv":[0,5]},{"origin":[-5,32,4],"size":[17,4,5],"uv":[0,2]},{"origin":[-6,36,4],"size":[19,4,5],"uv":[0,4]},{"origin":[3,23,11],"size":[1,1,1],"uv":[6,45]},{"origin":[3,17,14],"size":[1,1,1],"uv":[6,45]},{"origin":[3,18,13],"size":[1,1,1],"uv":[6,45]},{"origin":[3,21,12],"size":[1,2,1],"uv":[15,45]},{"origin":[-1.9,18,4],"size":[11,3,5],"uv":[26,33]},{"origin":[0.1,19,3],"size":[7,3,5],"uv":[21,37]},{"origin":[2.1,19,2],"size":[3,3,1],"uv":[8,44]}]},{"name":"rightArm","pivot":[-5,37,6],"cubes":[{"origin":[-9,27,9],"size":[3,13,5],"uv":[0,7]},{"origin":[-11,34,9],"size":[1,6,5],"uv":[0,0]},{"origin":[-10,40,9],"size":[5,1,5],"uv":[0,0]},{"origin":[-10,35,8],"size":[5,5,1],"uv":[8,35]},{"origin":[-10,35,14],"size":[5,5,1],"uv":[0,0]},{"origin":[-12,35,10],"size":[1,4,3],"uv":[30,35]},{"origin":[-10,17,10],"size":[1,23,3],"uv":[0,0]},{"origin":[-9,16,10],"size":[3,1,3],"uv":[4,44]},{"origin":[-9,28,8],"size":[3,5,1],"uv":[10,38]},{"origin":[-6,17,10],"size":[1,23,3],"uv":[0,0]},{"origin":[-9,17,10],"size":[3,10,4],"uv":[0,5]}]},{"name":"leftArm","pivot":[12,37,6],"cubes":[{"origin":[20,25,9],"size":[3,15,5],"uv":[0,0]},{"origin":[24,34,9],"size":[1,6,5],"uv":[0,0]},{"origin":[19,40,9],"size":[5,1,5],"uv":[0,0]},{"origin":[19,35,8],"size":[5,5,1],"uv":[9,35]},{"origin":[19,35,14],"size":[5,5,1],"uv":[0,0]},{"origin":[25,35,10],"size":[1,4,3],"uv":[30,35]},{"origin":[19,25,10],"size":[5,11,3],"uv":[0,0]},{"origin":[20,24,12],"size":[3,1,1],"uv":[0,0]},{"origin":[20,23,7],"size":[3,1,1],"uv":[0,0]},{"origin":[20,22,10],"size":[3,1,1],"uv":[0,0]},{"origin":[20,21,6],"size":[3,1,1],"uv":[0,0]},{"origin":[19,21,7],"size":[5,2,3],"uv":[0,0]},{"origin":[19,23,8],"size":[5,2,4],"uv":[0,0]},{"origin":[20,28,8],"size":[3,5,1],"uv":[10,38]},{"origin":[19,19,4],"size":[5,1,4],"uv":[0,0]},{"origin":[19,20,5],"size":[5,1,4],"uv":[0,0]},{"origin":[20,18,3],"size":[3,1,4],"uv":[7,43]},{"origin":[20,17,3],"size":[3,1,3],"uv":[9,44]},{"origin":[21,19,3],"size":[2,1,1],"uv":[9,44]},{"origin":[23,18,5],"size":[1,1,2],"uv":[0,0]},{"origin":[20,18,7],"size":[1,1,2],"uv":[0,0]},{"origin":[12,27,20],"size":[1,1,1],"uv":[0,0]},{"origin":[9,40,20],"size":[1,8,1],"uv":[0,0]},{"origin":[10,39,20],"size":[1,10,1],"uv":[0,0]},{"origin":[11,37,20],"size":[1,14,1],"uv":[0,0]},{"origin":[12,34,20],"size":[1,16,1],"uv":[0,0]},{"origin":[13,28,20],"size":[1,21,1],"uv":[0,0]},{"origin":[14,29,20],"size":[1,19,1],"uv":[0,0]},{"origin":[12,28,20],"size":[1,2,1],"uv":[0,0]},{"origin":[15,30,20],"size":[1,18,1],"uv":[0,0]},{"origin":[16,30,20],"size":[1,19,1],"uv":[0,0]},{"origin":[17,31,20],"size":[1,18,1],"uv":[0,0]},{"origin":[18,31,20],"size":[1,19,1],"uv":[0,0]},{"origin":[19,33,20],"size":[1,16,1],"uv":[0,0]},{"origin":[20,36,20],"size":[1,13,1],"uv":[0,0]},{"origin":[21,38,20],"size":[1,11,1],"uv":[0,0]},{"origin":[22,39,20],"size":[1,11,1],"uv":[0,0]},{"origin":[23,39,20],"size":[1,12,1],"uv":[0,0]},{"origin":[24,39,20],"size":[1,13,1],"uv":[0,1]},{"origin":[25,39,20],"size":[1,14,1],"uv":[0,3]},{"origin":[26,39,20],"size":[1,15,1],"uv":[0,4]},{"origin":[27,39,20],"size":[14,14,1],"uv":[0,7]},{"origin":[27,53,20],"size":[11,3,1],"uv":[0,5]},{"origin":[28,56,20],"size":[7,3,1],"uv":[0,0]},{"origin":[31,36,20],"size":[13,3,1],"uv":[0,6]},{"origin":[34,28,20],"size":[12,3,1],"uv":[0,6]},{"origin":[41,39,20],"size":[3,10,1],"uv":[0,0]},{"origin":[33,31,20],"size":[13,5,1],"uv":[0,4]},{"origin":[29,37,20],"size":[2,2,1],"uv":[0,0]},{"origin":[27,38,20],"size":[2,1,1],"uv":[0,0]},{"origin":[44,36,20],"size":[1,7,1],"uv":[0,0]},{"origin":[41,49,20],"size":[2,2,1],"uv":[0,0]},{"origin":[41,51,20],"size":[1,2,1],"uv":[0,0]},{"origin":[38,53,20],"size":[3,2,1],"uv":[0,0]},{"origin":[38,55,20],"size":[2,1,1],"uv":[0,0]},{"origin":[35,56,20],"size":[3,2,1],"uv":[0,0]},{"origin":[29,59,20],"size":[3,1,1],"uv":[0,0]},{"origin":[32,35,20],"size":[1,1,1],"uv":[0,0]},{"origin":[33,26,20],"size":[1,2,1],"uv":[0,0]},{"origin":[32,25,20],"size":[1,1,1],"uv":[0,0]},{"origin":[46,28,20],"size":[1,8,1],"uv":[0,0]},{"origin":[47,24,20],"size":[1,4,1],"uv":[0,0]},{"origin":[44,43,20],"size":[1,3,1],"uv":[0,0]},{"origin":[45,36,20],"size":[1,5,1],"uv":[0,0]},{"origin":[34,25,20],"size":[13,3,1],"uv":[0,4]},{"origin":[42,19,20],"size":[5,2,1],"uv":[0,0]},{"origin":[39,21,20],"size":[8,2,1],"uv":[0,0]},{"origin":[37,23,20],"size":[10,2,1],"uv":[0,0]},{"origin":[42,16,20],"size":[4,3,1],"uv":[0,0]},{"origin":[42,13,20],"size":[3,3,1],"uv":[0,0]},{"origin":[40,20,20],"size":[2,1,1],"uv":[0,0]},{"origin":[41,18,20],"size":[1,2,1],"uv":[0,0]},{"origin":[38,22,20],"size":[1,1,1],"uv":[0,0]},{"origin":[35,24,20],"size":[2,1,1],"uv":[0,0]},{"origin":[48,18,20],"size":[1,8,1],"uv":[0,0]},{"origin":[47,28,20],"size":[1,4,1],"uv":[0,0]},{"origin":[42,11,20],"size":[2,2,1],"uv":[0,0]},{"origin":[41,9,20],"size":[2,2,1],"uv":[0,0]},{"origin":[41,7,20],"size":[1,2,1],"uv":[0,0]},{"origin":[41,11,20],"size":[1,1,1],"uv":[0,0]},{"origin":[40,6,20],"size":[1,4,1],"uv":[0,0]},{"origin":[39,5,20],"size":[1,3,1],"uv":[0,0]},{"origin":[38,4,20],"size":[1,2,1],"uv":[0,0]},{"origin":[37,3,20],"size":[1,1,1],"uv":[0,0]},{"origin":[37,3,19],"size":[1,1,1],"uv":[26,34]},{"origin":[38,4,19],"size":[1,1,1],"uv":[26,34]},{"origin":[39,5,19],"size":[1,1,1],"uv":[26,34]},{"origin":[40,6,19],"size":[1,1,1],"uv":[26,34]},{"origin":[41,7,19],"size":[1,2,1],"uv":[26,34]},{"origin":[42,9,19],"size":[1,2,1],"uv":[26,34]},{"origin":[43,11,19],"size":[1,2,1],"uv":[26,34]},{"origin":[44,13,19],"size":[1,4,1],"uv":[26,34]},{"origin":[45,16,19],"size":[1,4,1],"uv":[26,34]},{"origin":[48,18,19],"size":[1,8,1],"uv":[26,34]},{"origin":[46,19,19],"size":[1,6,1],"uv":[26,34]},{"origin":[47,24,19],"size":[1,8,1],"uv":[26,34]},{"origin":[46,31,19],"size":[1,5,1],"uv":[26,34]},{"origin":[45,36,19],"size":[1,5,1],"uv":[26,34]},{"origin":[44,40,19],"size":[1,6,1],"uv":[26,34]},{"origin":[43,46,19],"size":[1,3,1],"uv":[26,34]},{"origin":[42,48,19],"size":[1,3,1],"uv":[26,34]},{"origin":[41,50,19],"size":[1,3,1],"uv":[26,34]},{"origin":[40,52,19],"size":[1,3,1],"uv":[26,34]},{"origin":[39,54,19],"size":[1,2,1],"uv":[26,34]},{"origin":[37,56,19],"size":[1,2,1],"uv":[26,34]},{"origin":[38,55,19],"size":[1,1,1],"uv":[26,34]},{"origin":[35,57,19],"size":[2,1,1],"uv":[26,34]},{"origin":[31,58,19],"size":[4,1,1],"uv":[26,34]},{"origin":[29,59,19],"size":[3,1,1],"uv":[26,34]},{"origin":[28,56,19],"size":[1,3,1],"uv":[26,34]},{"origin":[27,54,19],"size":[1,2,1],"uv":[26,34]},{"origin":[26,52,19],"size":[1,2,1],"uv":[26,34]},{"origin":[25,51,19],"size":[1,2,1],"uv":[26,34]},{"origin":[24,50,19],"size":[1,2,1],"uv":[26,34]},{"origin":[23,49,19],"size":[1,2,1],"uv":[26,34]},{"origin":[22,48,19],"size":[1,2,1],"uv":[26,34]},{"origin":[16,48,19],"size":[6,1,1],"uv":[26,34]},{"origin":[18,49,19],"size":[1,1,1],"uv":[26,33]},{"origin":[13,47,19],"size":[4,1,1],"uv":[26,33]},{"origin":[12,48,19],"size":[2,1,1],"uv":[26,33]},{"origin":[11,49,19],"size":[2,1,1],"uv":[26,33]},{"origin":[11,50,19],"size":[1,1,1],"uv":[26,33]},{"origin":[10,48,19],"size":[1,1,1],"uv":[26,33]},{"origin":[18,42,19],"size":[1,6,1],"uv":[26,33]},{"origin":[17,36,19],"size":[1,6,1],"uv":[26,33]},{"origin":[16,33,19],"size":[1,3,1],"uv":[26,33]},{"origin":[15,32,19],"size":[1,2,1],"uv":[26,33]},{"origin":[14,30,19],"size":[1,2,1],"uv":[26,33]},{"origin":[13,28,19],"size":[1,2,1],"uv":[26,33]},{"origin":[12,27,19],"size":[1,1,1],"uv":[26,33]},{"origin":[42,43,19],"size":[1,3,1],"uv":[26,34]},{"origin":[41,37,19],"size":[1,6,1],"uv":[26,34]},{"origin":[40,35,19],"size":[1,3,1],"uv":[26,34]},{"origin":[39,33,19],"size":[1,3,1],"uv":[26,34]},{"origin":[38,31,19],"size":[1,3,1],"uv":[26,34]},{"origin":[37,30,19],"size":[1,2,1],"uv":[26,34]},{"origin":[36,28,19],"size":[1,2,1],"uv":[26,34]},{"origin":[35,27,19],"size":[1,2,1],"uv":[26,34]},{"origin":[34,26,19],"size":[1,2,1],"uv":[26,34]},{"origin":[33,26,19],"size":[1,1,1],"uv":[26,34]},{"origin":[32,25,19],"size":[1,1,1],"uv":[26,34]},{"origin":[40,20,19],"size":[1,1,1],"uv":[26,34]},{"origin":[41,21,19],"size":[1,2,1],"uv":[26,34]},{"origin":[42,22,19],"size":[1,2,1],"uv":[26,34]},{"origin":[43,23,19],"size":[1,3,1],"uv":[26,34]},{"origin":[44,25,19],"size":[1,3,1],"uv":[26,34]},{"origin":[45,28,19],"size":[1,3,1],"uv":[26,34]},{"origin":[29,37,19],"size":[1,3,1],"uv":[26,34]},{"origin":[30,39,19],"size":[1,3,1],"uv":[26,34]},{"origin":[31,42,19],"size":[1,3,1],"uv":[26,34]},{"origin":[32,45,19],"size":[1,9,1],"uv":[26,34]},{"origin":[31,53,19],"size":[1,3,1],"uv":[26,34]},{"origin":[30,55,19],"size":[1,2,1],"uv":[26,34]},{"origin":[29,57,19],"size":[1,2,1],"uv":[26,34]},{"origin":[-27,36,20],"size":[7,3,1],"uv":[0,5]},{"origin":[7,40,20],"size":[1,8,1],"uv":[0,0]},{"origin":[6,39,20],"size":[1,10,1],"uv":[0,0]},{"origin":[5,37,20],"size":[1,14,1],"uv":[0,0]},{"origin":[4,34,20],"size":[1,16,1],"uv":[0,0]},{"origin":[3,28,20],"size":[1,21,1],"uv":[0,0]},{"origin":[2,29,20],"size":[1,19,1],"uv":[0,0]},{"origin":[4,27,20],"size":[1,3,1],"uv":[0,0]},{"origin":[1,30,20],"size":[1,18,1],"uv":[0,0]},{"origin":[0,30,20],"size":[1,19,1],"uv":[0,0]},{"origin":[-1,31,20],"size":[1,18,1],"uv":[0,0]},{"origin":[-2,31,20],"size":[1,19,1],"uv":[0,0]},{"origin":[-3,33,20],"size":[1,16,1],"uv":[0,0]},{"origin":[-4,36,20],"size":[1,13,1],"uv":[0,0]},{"origin":[-5,38,20],"size":[1,11,1],"uv":[0,0]},{"origin":[-6,39,20],"size":[1,11,1],"uv":[0,0]},{"origin":[-7,39,20],"size":[1,12,1],"uv":[0,0]},{"origin":[-8,39,20],"size":[1,13,1],"uv":[0,0]},{"origin":[-9,39,20],"size":[1,14,1],"uv":[0,2]},{"origin":[-10,39,20],"size":[1,15,1],"uv":[0,3]},{"origin":[-24,39,20],"size":[14,14,1],"uv":[2,8]},{"origin":[-21,53,20],"size":[11,3,1],"uv":[0,8]},{"origin":[-18,56,20],"size":[7,3,1],"uv":[0,0]},{"origin":[-20,36,20],"size":[6,3,1],"uv":[0,8]},{"origin":[-29,28,20],"size":[12,3,1],"uv":[0,7]},{"origin":[-27,39,20],"size":[3,10,1],"uv":[0,0]},{"origin":[-29,31,20],"size":[13,5,1],"uv":[0,7]},{"origin":[-14,37,20],"size":[2,2,1],"uv":[0,0]},{"origin":[-12,38,20],"size":[2,1,1],"uv":[0,0]},{"origin":[-28,36,20],"size":[1,7,1],"uv":[0,0]},{"origin":[-26,49,20],"size":[2,2,1],"uv":[0,0]},{"origin":[-25,51,20],"size":[1,2,1],"uv":[0,0]},{"origin":[-24,53,20],"size":[3,2,1],"uv":[0,10]},{"origin":[-23,55,20],"size":[2,1,1],"uv":[0,0]},{"origin":[-21,56,20],"size":[3,2,1],"uv":[0,0]},{"origin":[-15,59,20],"size":[3,1,1],"uv":[0,0]},{"origin":[-16,35,20],"size":[1,1,1],"uv":[0,0]},{"origin":[-17,26,20],"size":[1,2,1],"uv":[0,0]},{"origin":[-16,25,20],"size":[1,1,1],"uv":[0,0]},{"origin":[-30,28,20],"size":[1,8,1],"uv":[0,0]},{"origin":[-31,24,20],"size":[1,4,1],"uv":[0,0]},{"origin":[-28,43,20],"size":[1,3,1],"uv":[0,0]},{"origin":[-29,36,20],"size":[1,5,1],"uv":[0,0]},{"origin":[-30,25,20],"size":[13,3,1],"uv":[0,6]},{"origin":[-30,19,20],"size":[5,2,1],"uv":[0,0]},{"origin":[-30,21,20],"size":[8,2,1],"uv":[0,0]},{"origin":[-30,23,20],"size":[10,2,1],"uv":[0,5]},{"origin":[-29,16,20],"size":[4,3,1],"uv":[0,0]},{"origin":[-28,13,20],"size":[3,3,1],"uv":[0,0]},{"origin":[-25,20,20],"size":[2,1,1],"uv":[0,0]},{"origin":[-25,18,20],"size":[1,2,1],"uv":[0,0]},{"origin":[-22,22,20],"size":[1,1,1],"uv":[0,0]},{"origin":[-20,24,20],"size":[2,1,1],"uv":[0,0]},{"origin":[-32,18,20],"size":[1,8,1],"uv":[0,0]},{"origin":[-31,28,20],"size":[1,4,1],"uv":[0,0]},{"origin":[-27,11,20],"size":[2,2,1],"uv":[0,0]},{"origin":[-26,9,20],"size":[2,2,1],"uv":[0,0]},{"origin":[-25,7,20],"size":[1,2,1],"uv":[0,0]},{"origin":[-25,11,20],"size":[1,1,1],"uv":[0,0]},{"origin":[-24,6,20],"size":[1,4,1],"uv":[0,0]},{"origin":[-23,5,20],"size":[1,3,1],"uv":[0,0]},{"origin":[-22,4,20],"size":[1,2,1],"uv":[0,0]},{"origin":[-21,3,20],"size":[1,1,1],"uv":[0,0]},{"origin":[-21,3,19],"size":[1,1,1],"uv":[26,33]},{"origin":[-22,4,19],"size":[1,1,1],"uv":[26,33]},{"origin":[-23,5,19],"size":[1,1,1],"uv":[26,33]},{"origin":[-24,6,19],"size":[1,1,1],"uv":[26,33]},{"origin":[-25,7,19],"size":[1,2,1],"uv":[26,33]},{"origin":[-26,9,19],"size":[1,2,1],"uv":[26,33]},{"origin":[-27,11,19],"size":[1,2,1],"uv":[26,33]},{"origin":[-28,13,19],"size":[1,4,1],"uv":[26,33]},{"origin":[-29,16,19],"size":[1,4,1],"uv":[26,33]},{"origin":[-32,18,19],"size":[1,8,1],"uv":[26,33]},{"origin":[-30,19,19],"size":[1,6,1],"uv":[26,33]},{"origin":[-31,24,19],"size":[1,8,1],"uv":[26,33]},{"origin":[-30,31,19],"size":[1,5,1],"uv":[26,33]},{"origin":[-29,36,19],"size":[1,5,1],"uv":[26,33]},{"origin":[-28,40,19],"size":[1,6,1],"uv":[27,34]},{"origin":[-27,46,19],"size":[1,3,1],"uv":[27,34]},{"origin":[-26,48,19],"size":[1,3,1],"uv":[27,34]},{"origin":[-25,50,19],"size":[1,3,1],"uv":[27,34]},{"origin":[-24,52,19],"size":[1,3,1],"uv":[27,34]},{"origin":[-23,54,19],"size":[1,2,1],"uv":[27,34]},{"origin":[-21,56,19],"size":[1,2,1],"uv":[27,34]},{"origin":[-22,55,19],"size":[1,1,1],"uv":[27,34]},{"origin":[-20,57,19],"size":[2,1,1],"uv":[27,34]},{"origin":[-18,58,19],"size":[4,1,1],"uv":[27,34]},{"origin":[-15,59,19],"size":[2,1,1],"uv":[27,34]},{"origin":[-12,56,19],"size":[1,3,1],"uv":[29,37]},{"origin":[-11,54,19],"size":[1,2,1],"uv":[29,37]},{"origin":[-10,52,19],"size":[1,2,1],"uv":[29,37]},{"origin":[-9,51,19],"size":[1,2,1],"uv":[29,37]},{"origin":[-8,50,19],"size":[1,2,1],"uv":[29,37]},{"origin":[-7,49,19],"size":[1,2,1],"uv":[29,37]},{"origin":[-6,48,19],"size":[1,2,1],"uv":[29,37]},{"origin":[-5,48,19],"size":[6,1,1],"uv":[26,33]},{"origin":[-2,49,19],"size":[1,1,1],"uv":[26,33]},{"origin":[0,47,19],"size":[4,1,1],"uv":[26,33]},{"origin":[3,48,19],"size":[2,1,1],"uv":[27,35]},{"origin":[4,49,19],"size":[2,1,1],"uv":[28,35]},{"origin":[5,50,19],"size":[1,1,1],"uv":[27,33]},{"origin":[6,48,19],"size":[1,1,1],"uv":[29,37]},{"origin":[-2,42,19],"size":[1,6,1],"uv":[26,33]},{"origin":[-1,36,19],"size":[1,6,1],"uv":[26,33]},{"origin":[0,33,19],"size":[1,3,1],"uv":[28,34]},{"origin":[1,32,19],"size":[1,2,1],"uv":[26,34]},{"origin":[2,30,19],"size":[1,2,1],"uv":[29,36]},{"origin":[3,28,19],"size":[1,2,1],"uv":[29,36]},{"origin":[4,27,19],"size":[1,1,1],"uv":[29,36]},{"origin":[-26,43,19],"size":[1,3,1],"uv":[27,34]},{"origin":[-25,37,19],"size":[1,6,1],"uv":[27,34]},{"origin":[-24,35,19],"size":[1,3,1],"uv":[27,34]},{"origin":[-23,33,19],"size":[1,3,1],"uv":[27,34]},{"origin":[-22,31,19],"size":[1,3,1],"uv":[27,34]},{"origin":[-21,30,19],"size":[1,2,1],"uv":[27,34]},{"origin":[-20,28,19],"size":[1,2,1],"uv":[27,34]},{"origin":[-19,27,19],"size":[1,2,1],"uv":[27,34]},{"origin":[-18,26,19],"size":[1,2,1],"uv":[27,34]},{"origin":[-17,26,19],"size":[1,1,1],"uv":[27,34]},{"origin":[-16,25,19],"size":[1,1,1],"uv":[27,34]},{"origin":[-24,20,19],"size":[1,1,1],"uv":[26,33]},{"origin":[-25,21,19],"size":[1,2,1],"uv":[26,33]},{"origin":[-26,22,19],"size":[1,2,1],"uv":[26,33]},{"origin":[-27,23,19],"size":[1,3,1],"uv":[26,33]},{"origin":[-28,25,19],"size":[1,3,1],"uv":[26,33]},{"origin":[-29,28,19],"size":[1,3,1],"uv":[26,33]},{"origin":[-13,37,19],"size":[1,3,1],"uv":[29,37]},{"origin":[-14,39,19],"size":[1,3,1],"uv":[29,37]},{"origin":[-15,42,19],"size":[1,3,1],"uv":[29,37]},{"origin":[-16,45,19],"size":[1,9,1],"uv":[29,37]},{"origin":[-15,53,19],"size":[1,3,1],"uv":[29,37]},{"origin":[-14,55,19],"size":[1,2,1],"uv":[29,37]},{"origin":[-13,57,19],"size":[1,3,1],"uv":[29,37]}]},{"name":"leftLeg","pivot":[7.43224,15.84153,2.96448],"mirror":true,"cubes":[{"origin":[7.9,6,1],"size":[4,1,1],"uv":[0,42],"mirror":false},{"origin":[3.9,18,4],"size":[6,1,5],"uv":[0,0],"mirror":false},{"origin":[3.9,16,3],"size":[6,2,6],"uv":[0,0],"mirror":false},{"origin":[3.9,16,9],"size":[5,3,1],"uv":[0,0],"mirror":false},{"origin":[4.9,18,3],"size":[4,1,1],"uv":[8,36],"mirror":false},{"origin":[4.9,17,2],"size":[4,1,1],"uv":[8,36],"mirror":false},{"origin":[3.9,16,2],"size":[7,1,6],"uv":[0,0],"mirror":false},{"origin":[4.9,16,1],"size":[5,1,1],"uv":[8,36],"mirror":false},{"origin":[3.9,15,1],"size":[8,1,6],"uv":[0,0],"mirror":false},{"origin":[4.9,15,0],"size":[6,1,1],"uv":[8,36],"mirror":false},{"origin":[4.9,15,7],"size":[6,1,1],"uv":[0,0],"mirror":false},{"origin":[6.9,14,6],"size":[5,1,1],"uv":[0,0],"mirror":false},{"origin":[4.9,14,0],"size":[8,1,6],"uv":[0,0],"mirror":false},{"origin":[5.9,14,-1],"size":[6,1,1],"uv":[8,36],"mirror":false},{"origin":[6.9,9,-1],"size":[6,1,5],"uv":[0,0],"mirror":false},{"origin":[7.9,9,-2],"size":[4,1,1],"uv":[0,42],"mirror":false},{"origin":[7.9,8,0],"size":[5,1,4],"uv":[0,0],"mirror":false},{"origin":[6.9,3,4],"size":[4,1,4],"uv":[0,0],"mirror":false},{"origin":[7.9,8,-1],"size":[4,1,1],"uv":[0,42],"mirror":false},{"origin":[7.9,5,2],"size":[4,1,6],"uv":[0,0],"mirror":false},{"origin":[7.9,4,3],"size":[4,1,5],"uv":[0,0],"mirror":false},{"origin":[6.9,13,-2],"size":[5,1,1],"uv":[8,36],"mirror":false},{"origin":[5.9,13,-1],"size":[7,1,6],"uv":[0,0],"mirror":false},{"origin":[6.9,13,5],"size":[5,1,2],"uv":[0,0],"mirror":false},{"origin":[6.9,10,-2],"size":[7,3,6],"uv":[1,16],"mirror":false},{"origin":[7.9,12,4],"size":[5,1,2],"uv":[0,0],"mirror":false},{"origin":[7.9,8,4],"size":[4,2,1],"uv":[0,0],"mirror":false},{"origin":[7.9,10,-3],"size":[5,3,1],"uv":[30,38],"mirror":false},{"origin":[7.9,11,4],"size":[5,1,1],"uv":[0,0],"mirror":false},{"origin":[7,3,8],"size":[3,1,1],"uv":[0,0],"mirror":false},{"origin":[8,2,1],"size":[1,1,4],"uv":[0,0],"mirror":false},{"origin":[10,2,2],"size":[1,1,5],"uv":[0,0],"mirror":false},{"origin":[11,2,2],"size":[1,1,4],"uv":[0,0],"mirror":false},{"origin":[11,1,1],"size":[1,1,2],"uv":[9,44],"mirror":false},{"origin":[11,0,1],"size":[1,1,1],"uv":[9,44],"mirror":false},{"origin":[8,1,0],"size":[1,1,2],"uv":[9,44],"mirror":false},{"origin":[8,0,0],"size":[1,1,1],"uv":[9,44],"mirror":false},{"origin":[6,2,3],"size":[1,1,3],"uv":[0,0],"mirror":false},{"origin":[5,1,1],"size":[1,1,2],"uv":[9,44],"mirror":false},{"origin":[5,2,2],"size":[1,1,2],"uv":[0,0],"mirror":false},{"origin":[5,0,1],"size":[1,1,1],"uv":[9,44],"mirror":false},{"origin":[6,3,6],"size":[1,1,2],"uv":[0,0],"mirror":false},{"origin":[7,2,7],"size":[3,1,1],"uv":[0,0],"mirror":false},{"origin":[7,2,8],"size":[2,1,1],"uv":[0,0],"mirror":false},{"origin":[7,1,9],"size":[1,2,1],"uv":[9,44],"mirror":false},{"origin":[7.9,7,0],"size":[4,1,1],"uv":[0,42],"mirror":false},{"origin":[7.9,7,1],"size":[5,1,4],"uv":[0,0],"mirror":false},{"origin":[7.9,7,5],"size":[4,1,1],"uv":[0,0],"mirror":false},{"origin":[7.9,6,6],"size":[4,1,1],"uv":[0,0],"mirror":false},{"origin":[7.9,6,2],"size":[5,1,4],"uv":[0,0],"mirror":false}]},{"name":"rightLeg","pivot":[-1,15,1],"cubes":[{"origin":[-4.9,6,0],"size":[4,1,1],"uv":[0,42]},{"origin":[-2.9,18,3],"size":[6,1,5],"uv":[0,0]},{"origin":[-2.9,16,2],"size":[6,2,6],"uv":[0,0]},{"origin":[-1.9,16,8],"size":[5,3,1],"uv":[0,0]},{"origin":[-1.9,18,2],"size":[4,1,1],"uv":[8,36]},{"origin":[-1.9,17,1],"size":[4,1,1],"uv":[8,36]},{"origin":[-3.9,16,1],"size":[7,1,6],"uv":[0,0]},{"origin":[-2.9,16,0],"size":[5,1,1],"uv":[8,36]},{"origin":[-4.9,15,0],"size":[8,1,6],"uv":[0,0]},{"origin":[-3.9,15,-1],"size":[6,1,1],"uv":[8,36]},{"origin":[-3.9,15,6],"size":[6,1,1],"uv":[0,0]},{"origin":[-4.9,14,5],"size":[5,1,1],"uv":[0,0]},{"origin":[-5.9,14,-1],"size":[8,1,6],"uv":[0,0]},{"origin":[-4.9,14,-2],"size":[6,1,1],"uv":[8,36]},{"origin":[-5.9,9,-2],"size":[6,1,5],"uv":[0,0]},{"origin":[-4.9,9,-3],"size":[4,1,1],"uv":[0,42]},{"origin":[-5.9,8,-1],"size":[5,1,4],"uv":[0,0]},{"origin":[-3.9,3,3],"size":[4,1,4],"uv":[0,0]},{"origin":[-4.9,8,-2],"size":[4,1,1],"uv":[0,42]},{"origin":[-4.9,5,1],"size":[4,1,6],"uv":[0,0]},{"origin":[-4.9,4,2],"size":[4,1,5],"uv":[0,0]},{"origin":[-4.9,13,-3],"size":[5,1,1],"uv":[8,36]},{"origin":[-5.9,13,-2],"size":[7,1,6],"uv":[0,0]},{"origin":[-4.9,13,4],"size":[5,1,2],"uv":[0,0]},{"origin":[-5.9,12,3],"size":[5,1,2],"uv":[0,0]},{"origin":[-4.9,8,3],"size":[4,2,1],"uv":[0,0]},{"origin":[-5.9,10,-4],"size":[5,3,1],"uv":[32,39]},{"origin":[-6.9,10,-3],"size":[7,3,6],"uv":[0,0]},{"origin":[-5.9,11,3],"size":[5,1,1],"uv":[0,0]},{"origin":[-3,3,7],"size":[3,1,1],"uv":[0,0]},{"origin":[-2,2,0],"size":[1,1,4],"uv":[0,0]},{"origin":[-4,2,1],"size":[1,1,5],"uv":[0,0]},{"origin":[-5,2,1],"size":[1,1,4],"uv":[0,0]},{"origin":[-5,1,0],"size":[1,1,2],"uv":[9,44]},{"origin":[-5,0,0],"size":[1,1,1],"uv":[9,44]},{"origin":[-2,1,-1],"size":[1,1,2],"uv":[9,44]},{"origin":[-2,0,-1],"size":[1,1,1],"uv":[9,44]},{"origin":[0,2,2],"size":[1,1,3],"uv":[0,0]},{"origin":[1,1,0],"size":[1,1,2],"uv":[9,44]},{"origin":[1,2,1],"size":[1,1,2],"uv":[0,0]},{"origin":[1,0,0],"size":[1,1,1],"uv":[9,44]},{"origin":[0,3,5],"size":[1,1,2],"uv":[0,0]},{"origin":[-3,2,6],"size":[3,1,1],"uv":[0,0]},{"origin":[-2,2,7],"size":[2,1,1],"uv":[0,0]},{"origin":[-1,1,8],"size":[1,2,1],"uv":[9,44]},{"origin":[-4.9,7,-1],"size":[4,1,1],"uv":[0,42]},{"origin":[-5.9,7,0],"size":[5,1,4],"uv":[0,0]},{"origin":[-4.9,7,4],"size":[4,1,1],"uv":[0,0]},{"origin":[-4.9,6,5],"size":[4,1,1],"uv":[0,0]},{"origin":[-5.9,6,1],"size":[5,1,4],"uv":[0,0]}]}]}}