{"format_version":"1.10.0","geometry.mboss":{"texturewidth":256,"textureheight":256,"visible_bounds_width":6,"visible_bounds_height":11,"visible_bounds_offset":[0,1.5,0],"bones":[{"name":"Head","pivot":[0,80.7,-10.7],"rotation":[15,0,0]},{"name":"bone7","parent":"Head","pivot":[0,80.7,-10.7],"cubes":[{"origin":[-7,73.7,-18.2],"size":[14,14,15],"uv":[99,133]}]},{"name":"bone49","parent":"Head","pivot":[0,80.7,-10.7],"cubes":[{"origin":[-5,67.7,-14.2],"size":[10,6,10],"uv":[67,105]}]},{"name":"bone17","parent":"Head","pivot":[0,80.7,-10.7],"cubes":[{"origin":[-7,78.7,-3.2],"size":[14,11,5],"uv":[0,0]},{"origin":[-8,78.7,1.8],"size":[15,11,1],"uv":[175,6]},{"origin":[-8,78.7,-5.2],"size":[1,11,7],"uv":[190,83]},{"origin":[7,78.7,-5.2],"size":[1,11,7],"uv":[173,83]}]},{"name":"bone25","parent":"Head","pivot":[0,76.2,-0.7],"rotation":[-35,0,0],"cubes":[{"origin":[-6.9,72.7,-5.2],"size":[13.8,7,5],"uv":[61,128]}]},{"name":"bone19","parent":"Head","pivot":[4,85.7,-18.2],"rotation":[0,0,-15]},{"name":"bone13","parent":"bone19","pivot":[4,84.2,-18.2],"rotation":[-65,0,0],"cubes":[{"origin":[2,82.7,-19.2],"size":[4,3,2],"uv":[17,96]}]},{"name":"bone32","parent":"bone19","pivot":[4,85,-18.7],"cubes":[{"origin":[2.3,84.2,-19.7],"size":[3.4,2.3,2],"uv":[246,0]},{"origin":[2.5,84.2,-19.8],"size":[1.8,2.1,3],"uv":[214,0]}]},{"name":"bone14","parent":"bone19","pivot":[3.9,86.2,-18.2],"rotation":[-140,0,0],"cubes":[{"origin":[1.9,84.7,-19.2],"size":[4,3,2],"uv":[30,97]}]},{"name":"bone20","parent":"Head","pivot":[-4,85.7,-18.2],"rotation":[0,0,15]},{"name":"bone21","parent":"bone20","pivot":[-4,84.2,-18.2],"rotation":[-65,0,0],"cubes":[{"origin":[-6,82.7,-19.2],"size":[4,3,2],"uv":[30,91],"mirror":true}]},{"name":"bone31","parent":"bone20","pivot":[-4,85.1,-18.7],"cubes":[{"origin":[-5.6,84.3,-19.7],"size":[3.3,2.3,2],"uv":[233,0],"mirror":true},{"origin":[-4.2,84.3,-19.8],"size":[1.7,2,3],"uv":[214,6],"mirror":true}]},{"name":"bone22","parent":"bone20","pivot":[-3.9,86.2,-18.2],"rotation":[-141,0,0],"cubes":[{"origin":[-5.9,84.7,-19.2],"size":[4,3,2],"uv":[17,90],"mirror":true}]},{"name":"bone11","parent":"Head","pivot":[0,89.14587,-11.72926],"rotation":[-35,0,0],"cubes":[{"origin":[-6.9,83.14587,-17.22926],"size":[13.8,8,10],"uv":[0,103]}]},{"name":"bone29","parent":"Head","pivot":[0,89.14587,-11.72926],"rotation":[-35,0,0],"cubes":[{"origin":[-2.9,88.14587,-18.22926],"size":[5.8,4,1],"uv":[174,0]}]},{"name":"bone15","parent":"Head","pivot":[0,91.44587,-8.42926],"rotation":[5,0,0],"cubes":[{"origin":[-7.1,85.44587,-14.92926],"size":[14.2,9,11],"uv":[48,141]},{"origin":[-8.1,86.44587,-12.92926],"size":[1.2,9,9],"uv":[181,21]},{"origin":[-8.1,85.44587,-15.92926],"size":[1.2,5,3],"uv":[178,40]},{"origin":[6.9,85.44587,-15.92926],"size":[1.2,5,3],"uv":[214,40]},{"origin":[6.9,87.44587,-12.92926],"size":[1.2,8,9],"uv":[202,22]},{"origin":[-6.9,94.44587,-12.92926],"size":[13.8,1,9],"uv":[178,40]},{"origin":[-3.1,94.44587,-14.92926],"size":[6.2,1,2],"uv":[187,0]}]},{"name":"bone18","parent":"Head","pivot":[-8.1,81.94587,-8.42926],"rotation":[20,-45,-10],"cubes":[{"origin":[-9.09677,80.18958,-13.15752],"size":[3.2,7,8],"uv":[99,114]}]},{"name":"bone30","parent":"Head","pivot":[6.1,83.87772,-7.91162],"rotation":[20,45,10],"cubes":[{"origin":[5.89273,80.22773,-11.9841],"size":[3.2,7,8],"uv":[32,53],"mirror":true}]},{"name":"bone16","parent":"Head","pivot":[0,87.84587,-2.92926],"rotation":[-40,0,0],"cubes":[{"origin":[-6.9,83.34587,-8.42926],"size":[13.8,9,8],"uv":[0,0]},{"origin":[-6.9,92.34587,-9.12926],"size":[13.8,1,9.4],"uv":[172,72]},{"origin":[-7.9,83.34587,-9.12926],"size":[1,10,9.4],"uv":[174,52]},{"origin":[6.9,83.34587,-9.12926],"size":[1,10,9.4],"uv":[196,51]}]},{"name":"bone12","parent":"Head","pivot":[0,89.14587,-11.72926],"rotation":[-35,0,0],"cubes":[{"origin":[-2,76.14587,-16.22926],"size":[4,8,4],"uv":[0,89]}]},{"name":"bone8","parent":"Head","pivot":[0,76.39289,-18.72474],"rotation":[-20,0,0],"cubes":[{"origin":[-4,76.89289,-22.22474],"size":[8,5,7],"uv":[43,115]},{"origin":[-3,75.89289,-21.22474],"size":[6,1,1],"uv":[240,12]}]},{"name":"jaw","parent":"Head","pivot":[0,74.39289,-13.72474],"rotation":[-5,0,0]},{"name":"bone24","parent":"jaw","pivot":[0,71.06217,-19.10724],"cubes":[{"origin":[-4,70.06217,-22.60724],"size":[8,5,7],"uv":[0,38]},{"origin":[-3,75.06217,-22.10724],"size":[6,1,1],"uv":[239,7]}]},{"name":"bone28","parent":"jaw","pivot":[0,71.56217,-21.10724],"rotation":[-25,0,0],"cubes":[{"origin":[-3,69.06217,-23.60724],"size":[6,5,5],"uv":[32,80]}]},{"name":"bone9","parent":"Head","pivot":[6,80.49289,-18.42474],"rotation":[20,0,0],"cubes":[{"origin":[2,74.99289,-21.72474],"size":[5.1,9,10],"uv":[0,68]}]},{"name":"bone26","parent":"Head","pivot":[6,80.49289,-18.42474],"rotation":[-5,0,0],"cubes":[{"origin":[4,72.99289,-22.22474],"size":[2.1,8,8.5],"uv":[0,51]}]},{"name":"bone27","parent":"Head","pivot":[-4,80.49289,-18.42474],"rotation":[-5,0,0],"cubes":[{"origin":[-6,72.99289,-22.22474],"size":[2.1,8,8.5],"uv":[21,61]}]},{"name":"bone10","parent":"Head","pivot":[-5,79.49289,-18.42474],"rotation":[20,0,0],"cubes":[{"origin":[-7.2,74.99289,-21.42474],"size":[5.2,9,10],"uv":[35,93],"mirror":true}]},{"name":"body","pivot":[0,38,0],"rotation":[10,0,0]},{"name":"bone33","parent":"body","pivot":[0,8,0],"cubes":[{"origin":[-12,35.9,-8],"size":[24,34.1,14],"uv":[180,187]}]},{"name":"bone67","parent":"body","pivot":[0,60.99856,2.38797],"rotation":[10,0,0],"cubes":[{"origin":[-11,52.94856,-2.61203],"size":[22,16.1,10],"uv":[56,230]}]},{"name":"bone68","parent":"body","pivot":[0,46.89298,2.3378],"rotation":[-10,0,0],"cubes":[{"origin":[-10.9,38.84298,-2.6622],"size":[21.8,16.1,10],"uv":[58,203]}]},{"name":"bone47","parent":"body","pivot":[0,8,0],"cubes":[{"origin":[6,70,-6],"size":[6,1,12],"uv":[220,237]}]},{"name":"bone48","parent":"body","pivot":[-13,8,0],"cubes":[{"origin":[-12,70,-6],"size":[6,1,12],"uv":[158,187]}]},{"name":"bone34","parent":"body","pivot":[0,8,0],"cubes":[{"origin":[-12,39,-12],"size":[24,23,4],"uv":[68,57]},{"origin":[-1,52,-13],"size":[2,2,1],"uv":[0,0]},{"origin":[-1,48,-13],"size":[2,2,1],"uv":[0,0]}]},{"name":"bone36","parent":"body","pivot":[0,43.49104,-5.95459],"rotation":[51,0,0],"cubes":[{"origin":[-11.9,40.36471,-13.20985],"size":[23.8,5,4],"uv":[0,174]}]},{"name":"bone35","parent":"body","pivot":[0,64.7,-6.4],"rotation":[-25,0,0],"cubes":[{"origin":[-11.9,59.7,-10.4],"size":[23.8,10,6],"uv":[82,85]}]},{"name":"bone62","parent":"body","pivot":[0,64.87365,-7.38481],"rotation":[-25,0,0],"cubes":[{"origin":[-1.9,64.87365,-11.38481],"size":[3.8,3,2],"uv":[155,86]}]},{"name":"bone63","parent":"body","pivot":[-2.3,66.9,-7.9],"rotation":[-5,-15,20],"cubes":[{"origin":[-7.04339,65.92579,-9.63612],"size":[4.8,3,2],"uv":[142,86]}]},{"name":"bone66","parent":"body","pivot":[-2,66.67705,-8.3194],"rotation":[-25,-20,-15],"cubes":[{"origin":[-6.6,65.3171,-10.03017],"size":[4.8,3,2],"uv":[155,92]}]},{"name":"bone64","parent":"body","pivot":[2.3,67.36338,-8.22446],"rotation":[-5,15,-15],"cubes":[{"origin":[2.1,66.00343,-9.93524],"size":[4.8,3,2],"uv":[142,92],"mirror":true}]},{"name":"bone65","parent":"body","pivot":[2.1,66.84499,-8.69596],"rotation":[-25,25,20],"cubes":[{"origin":[1.9,65.48504,-10.40674],"size":[4.8,3,2],"uv":[142,98],"mirror":true}]},{"name":"LHand","pivot":[13,67,-6],"rotation":[20,0,-15]},{"name":"bone37","parent":"LHand","pivot":[15.5,61,-6],"cubes":[{"origin":[11.8,55,-10],"size":[7,14,8],"uv":[142,23]},{"origin":[10.8,61,-12],"size":[10,10,12],"uv":[96,0]}]},{"name":"bone38","parent":"bone37","pivot":[15.5,56,-6],"rotation":[-40,0,0],"cubes":[{"origin":[12,42,-10],"size":[7,15,8],"uv":[141,0]},{"origin":[11,41,-11],"size":[9,6,10],"uv":[122,223]}]},{"name":"bone46","parent":"bone38","pivot":[15.5,42,-6],"rotation":[0,0,20],"cubes":[{"origin":[12,33,-10],"size":[7,10,8],"uv":[24,153]}]},{"name":"bone55","parent":"bone38","pivot":[11.3,37.4,-6.5],"rotation":[0,0,36],"cubes":[{"origin":[8.8,32.4,-9],"size":[5,10,5],"uv":[144,107]}]},{"name":"bone54","parent":"bone38","pivot":[15.4,35.5,-5.8],"cubes":[{"origin":[12.4,31,-10.3],"size":[6,9,9],"uv":[122,114]}]},{"name":"bone57","parent":"bone38","pivot":[15.4,35.5,-5.8],"cubes":[{"origin":[11.4,33,-24.3],"size":[4,4,12],"uv":[224,168]},{"origin":[11.4,33,-39.3],"size":[4,4,15],"uv":[184,165]},{"origin":[11.4,33,-12.3],"size":[4,4,12],"uv":[226,152]}]},{"name":"bone59","parent":"bone38","pivot":[15.4,35.5,-5.8],"cubes":[{"origin":[11.4,22,-39.3],"size":[4,11,4],"uv":[216,131]}]},{"name":"bone60","parent":"bone38","pivot":[15.4,35.5,-5.8],"cubes":[{"origin":[11.4,22,-35.3],"size":[4,4,11],"uv":[170,149]}]},{"name":"RHand","pivot":[-13,67,-6],"rotation":[20,0,15]},{"name":"bone39","parent":"RHand","pivot":[-15.5,61,-6],"cubes":[{"origin":[-18.8,55,-10],"size":[7,14,8],"uv":[111,22]},{"origin":[-20.8,62,-12],"size":[10,10,12],"uv":[126,46]}]},{"name":"bone40","parent":"bone39","pivot":[-15.5,55,-6],"rotation":[-40,0,0],"cubes":[{"origin":[-19,42,-10],"size":[7,15,8],"uv":[65,0]},{"origin":[-20,40,-11],"size":[9,6,10],"uv":[121,240]}]},{"name":"bone45","parent":"bone40","pivot":[-15.5,43,-6],"rotation":[0,0,-20],"cubes":[{"origin":[-19,33,-10],"size":[7,10,8],"uv":[0,141]}]},{"name":"bone53","parent":"bone40","pivot":[-14.4,34.1,-6],"cubes":[{"origin":[-17.9,31.1,-10.5],"size":[6,9,9],"uv":[0,122]}]},{"name":"bone56","parent":"bone40","pivot":[-13.4,35.1,-13],"cubes":[{"origin":[-14.9,33.1,-11.5],"size":[4,4,12],"uv":[141,167]},{"origin":[-14.9,33.1,-26.5],"size":[4,4,15],"uv":[190,140]},{"origin":[-14.9,33.1,-40.5],"size":[4,4,14],"uv":[220,133]}]},{"name":"bone58","parent":"bone40","pivot":[-13.4,35.1,-13],"cubes":[{"origin":[-14.9,22.1,-40.5],"size":[4,11,4],"uv":[209,164]}]},{"name":"bone61","parent":"bone40","pivot":[-13.4,35.1,-13],"cubes":[{"origin":[-14.9,22.1,-36.5],"size":[4,4,9],"uv":[172,166]}]},{"name":"bone52","parent":"bone40","pivot":[-11.2,37.2,-6.5],"rotation":[0,0,-40],"cubes":[{"origin":[-13.7,32.7,-9],"size":[5,9,5],"uv":[31,128]}]},{"name":"RLeg","pivot":[-7,36,-4],"rotation":[0,10,0]},{"name":"bone43","parent":"RLeg","pivot":[-7.98481,20.9,-5.77365],"rotation":[-10,0,0],"cubes":[{"origin":[-11.88481,19.67757,-10.34403],"size":[7.8,17,10],"uv":[0,202]}]},{"name":"bone44","parent":"bone43","pivot":[-7.98481,17.23074,-4.73627],"rotation":[15,0,0],"cubes":[{"origin":[-11.98481,5.23074,-9.73627],"size":[8,16,10],"uv":[63,176]},{"origin":[-12.98481,4.23074,-10.73627],"size":[10,5,12],"uv":[207,71]}]},{"name":"bone50","parent":"bone44","pivot":[-7.98481,10.23074,-4.73627],"rotation":[-5,0,0],"cubes":[{"origin":[-11.98481,0.23074,-12.73627],"size":[8,5,13],"uv":[194,89]}]},{"name":"LLeg","pivot":[8,36,-3],"rotation":[0,-10,0]},{"name":"bone41","parent":"LLeg","pivot":[7.82635,24,-3.98481],"rotation":[-10,0,0],"cubes":[{"origin":[3.83953,19.57348,-9.93858],"size":[7.8,17,10],"uv":[0,229]}]},{"name":"bone42","parent":"bone41","pivot":[7.82635,20.1,-6.68481],"rotation":[15,0,0],"cubes":[{"origin":[3.82635,4.40682,-9.87915],"size":[8,16,10],"uv":[26,185]},{"origin":[2.82635,3.40682,-10.87915],"size":[10,5,12],"uv":[122,205]}]},{"name":"bone51","parent":"bone42","pivot":[7.82635,9.40682,-4.87915],"rotation":[-5,0,0],"cubes":[{"origin":[3.82635,-0.59318,-12.87915],"size":[8,5,13],"uv":[192,108]}]}]}}