{"format_version":"1.12.0","minecraft:geometry":[{"description":{"identifier":"geometry.mummy","texture_width":256,"texture_height":256,"visible_bounds_width":3,"visible_bounds_height":3,"visible_bounds_offset":[0,1.5,0]},"bones":[{"name":"body","pivot":[0,14,0],"cubes":[{"origin":[-3.5,14,-2],"size":[7,12,4],"uv":{"north":{"uv":[60,14],"uv_size":[19,53]},"east":{"uv":[56,12],"uv_size":[16,53]},"south":{"uv":[60,14],"uv_size":[19,53]},"west":{"uv":[60,14],"uv_size":[19,53]},"up":{"uv":[72,57],"uv_size":[-15,-17]},"down":{"uv":[60,52],"uv_size":[19,15]}}}]},{"name":"lenta1","parent":"body","pivot":[3.48828,14,1.5],"cubes":[{"origin":[3.48828,11,1],"size":[0,4,1],"uv":{"north":{"uv":[234,7],"uv_size":[7,22]},"east":{"uv":[234,7],"uv_size":[7,22]},"south":{"uv":[234,7],"uv_size":[7,22]},"west":{"uv":[234,7],"uv_size":[7,22]},"up":{"uv":[241,29],"uv_size":[-7,-22]},"down":{"uv":[234,7],"uv_size":[7,22]}}}]},{"name":"bone4","parent":"lenta1","pivot":[3.48828,11,1.5],"cubes":[{"origin":[3.48828,8,1],"size":[0,3.25,1],"uv":{"north":{"uv":[234,35],"uv_size":[7,13]},"east":{"uv":[234,35],"uv_size":[7,13]},"south":{"uv":[234,35],"uv_size":[7,13]},"west":{"uv":[234,35],"uv_size":[7,13]},"up":{"uv":[241,48],"uv_size":[-7,-13]},"down":{"uv":[234,35],"uv_size":[7,13]}}}]},{"name":"head","parent":"body","pivot":[0,24,0],"cubes":[{"origin":[-4,28,-4],"size":[8,6,8],"uv":{"north":{"uv":[6,4],"uv_size":[39,35]},"east":{"uv":[127,95],"uv_size":[30,29]},"south":{"uv":[145,86],"uv_size":[35,35]},"west":{"uv":[10,74],"uv_size":[51,43]},"up":{"uv":[50,110],"uv_size":[-39,-35]},"down":{"uv":[234,114],"uv_size":[13,14]}}}]},{"name":"rot","parent":"head","pivot":[0,27,0],"rotation":[-5,0,0],"cubes":[{"origin":[2,27,-2],"size":[1,2,1],"uv":{"north":{"uv":[21,159],"uv_size":[7,5]},"east":{"uv":[21,211],"uv_size":[9,5]},"south":{"uv":[21,159],"uv_size":[7,5]},"west":{"uv":[21,159],"uv_size":[7,5]},"up":{"uv":[28,164],"uv_size":[-7,-5]},"down":{"uv":[21,159],"uv_size":[7,5]}}},{"origin":[-3,27,-2],"size":[1,2,1],"uv":{"north":{"uv":[21,159],"uv_size":[7,5]},"east":{"uv":[21,159],"uv_size":[7,5]},"south":{"uv":[21,159],"uv_size":[7,5]},"west":{"uv":[17,211],"uv_size":[8,5]},"up":{"uv":[28,164],"uv_size":[-7,-5]},"down":{"uv":[21,159],"uv_size":[7,5]}}},{"origin":[-3,26,-1],"size":[6,3,4],"uv":{"north":{"uv":[0,231],"uv_size":[13,14]},"east":{"uv":[8,82],"uv_size":[33,25]},"south":{"uv":[8,82],"uv_size":[33,25]},"west":{"uv":[8,82],"uv_size":[33,25]},"up":{"uv":[41,107],"uv_size":[-33,-25]},"down":{"uv":[8,82],"uv_size":[33,25]}}},{"origin":[-3,26,-4],"size":[6,1,3],"uv":{"north":{"uv":[2,198],"uv_size":[21,10]},"east":{"uv":[2,198],"uv_size":[21,10]},"south":{"uv":[2,198],"uv_size":[21,10]},"west":{"uv":[2,198],"uv_size":[21,10]},"up":{"uv":[27,216],"uv_size":[-8,-5]},"down":{"uv":[2,198],"uv_size":[21,10]}}},{"origin":[-0.49905,27.22829,-1.43549],"size":[1,1.25,1],"pivot":[0,0,0],"rotation":[5,0,5],"uv":{"north":{"uv":[57,248],"uv_size":[8,7]},"east":{"uv":[57,248],"uv_size":[8,7]},"south":{"uv":[57,248],"uv_size":[8,7]},"west":{"uv":[57,248],"uv_size":[8,7]},"up":{"uv":[65,255],"uv_size":[-8,-7]},"down":{"uv":[57,248],"uv_size":[8,7]}}},{"origin":[0.5,26.75,-3.75],"size":[1,1,1],"uv":{"north":{"uv":[57,248],"uv_size":[8,7]},"east":{"uv":[57,248],"uv_size":[8,7]},"south":{"uv":[57,248],"uv_size":[8,7]},"west":{"uv":[57,248],"uv_size":[8,7]},"up":{"uv":[65,255],"uv_size":[-8,-7]},"down":{"uv":[57,248],"uv_size":[8,7]}}},{"origin":[1.50095,26.77179,-3.75],"size":[1,1,1],"pivot":[0,0,0],"rotation":[0,0,-5],"uv":{"north":{"uv":[57,248],"uv_size":[8,7]},"east":{"uv":[57,248],"uv_size":[8,7]},"south":{"uv":[57,248],"uv_size":[8,7]},"west":{"uv":[57,248],"uv_size":[8,7]},"up":{"uv":[65,255],"uv_size":[-8,-7]},"down":{"uv":[57,248],"uv_size":[8,7]}}}]},{"name":"leftArm","parent":"body","pivot":[-5,24,0],"rotation":[0,0,5],"cubes":[{"origin":[-6.5,20,-1.5],"size":[3,6,3],"uv":{"north":{"uv":[57,25],"uv_size":[10,29]},"east":{"uv":[57,25],"uv_size":[10,29]},"south":{"uv":[57,25],"uv_size":[10,29]},"west":{"uv":[57,25],"uv_size":[10,29]},"up":{"uv":[67,54],"uv_size":[-10,-29]},"down":{"uv":[57,25],"uv_size":[10,29]}}}]},{"name":"la1","parent":"leftArm","pivot":[-5,20,0],"cubes":[{"origin":[-6.5,15,-1.5],"size":[3,5,3],"uv":{"north":{"uv":[66,48],"uv_size":[10,19]},"east":{"uv":[66,48],"uv_size":[10,19]},"south":{"uv":[66,48],"uv_size":[10,19]},"west":{"uv":[66,48],"uv_size":[10,19]},"up":{"uv":[76,67],"uv_size":[-10,-19]},"down":{"uv":[66,48],"uv_size":[10,19]}}}]},{"name":"leftArm2","parent":"la1","pivot":[-5,23,0],"rotation":[90,0,0],"cubes":[{"origin":[-8,22.75,-10],"size":[1.5,1,1],"uv":{"north":{"uv":[7,156],"uv_size":[9,9]},"east":{"uv":[7,156],"uv_size":[9,9]},"south":{"uv":[7,156],"uv_size":[9,9]},"west":{"uv":[7,156],"uv_size":[9,9]},"up":{"uv":[16,165],"uv_size":[-9,-9]},"down":{"uv":[7,156],"uv_size":[9,9]}}},{"origin":[-8,22.75,-12],"size":[1,1,2],"uv":{"north":{"uv":[7,156],"uv_size":[9,9]},"east":{"uv":[7,156],"uv_size":[9,9]},"south":{"uv":[7,156],"uv_size":[9,9]},"west":{"uv":[7,156],"uv_size":[9,9]},"up":{"uv":[16,165],"uv_size":[-9,-9]},"down":{"uv":[7,156],"uv_size":[9,9]}}},{"origin":[-3.25,22.5,-11],"size":[1,1,1],"uv":{"north":{"uv":[7,156],"uv_size":[9,9]},"east":{"uv":[7,156],"uv_size":[9,9]},"south":{"uv":[7,156],"uv_size":[9,9]},"west":{"uv":[7,156],"uv_size":[9,9]},"up":{"uv":[16,165],"uv_size":[-9,-9]},"down":{"uv":[7,156],"uv_size":[9,9]}}},{"origin":[-4.5,22.5,-10],"size":[2.25,1,1],"uv":{"north":{"uv":[7,156],"uv_size":[9,9]},"east":{"uv":[7,156],"uv_size":[9,9]},"south":{"uv":[7,156],"uv_size":[9,9]},"west":{"uv":[7,156],"uv_size":[9,9]},"up":{"uv":[16,165],"uv_size":[-9,-9]},"down":{"uv":[7,156],"uv_size":[9,9]}}},{"origin":[-6.5,22,-10.02344],"size":[2,1,1.03125],"uv":{"north":{"uv":[7,156],"uv_size":[9,9]},"east":{"uv":[7,156],"uv_size":[9,9]},"south":{"uv":[7,156],"uv_size":[9,9]},"west":{"uv":[7,156],"uv_size":[9,9]},"up":{"uv":[16,165],"uv_size":[-9,-9]},"down":{"uv":[7,156],"uv_size":[9,9]}}},{"origin":[-6.5,23,-10.01953],"size":[2,1.5,1.02734],"uv":{"north":{"uv":[7,156],"uv_size":[9,9]},"east":{"uv":[7,156],"uv_size":[9,9]},"south":{"uv":[7,156],"uv_size":[9,9]},"west":{"uv":[7,156],"uv_size":[9,9]},"up":{"uv":[16,165],"uv_size":[-9,-9]},"down":{"uv":[7,156],"uv_size":[9,9]}}},{"origin":[-5.5,25.5,-11.75],"size":[1,1,1.75],"uv":{"north":{"uv":[7,156],"uv_size":[9,9]},"east":{"uv":[7,156],"uv_size":[9,9]},"south":{"uv":[7,156],"uv_size":[9,9]},"west":{"uv":[7,156],"uv_size":[9,9]},"up":{"uv":[16,165],"uv_size":[-9,-9]},"down":{"uv":[7,156],"uv_size":[9,9]}}},{"origin":[-5.5,24.5,-10],"size":[1,2,1],"uv":{"north":{"uv":[7,156],"uv_size":[9,9]},"east":{"uv":[7,156],"uv_size":[9,9]},"south":{"uv":[7,156],"uv_size":[9,9]},"west":{"uv":[7,156],"uv_size":[9,9]},"up":{"uv":[16,165],"uv_size":[-9,-9]},"down":{"uv":[7,156],"uv_size":[9,9]}}},{"origin":[-5.5,22.5,-9],"size":[1,1,3],"uv":{"north":{"uv":[7,156],"uv_size":[9,9]},"east":{"uv":[7,156],"uv_size":[9,9]},"south":{"uv":[7,156],"uv_size":[9,9]},"west":{"uv":[7,156],"uv_size":[9,9]},"up":{"uv":[16,165],"uv_size":[-9,-9]},"down":{"uv":[7,156],"uv_size":[9,9]}}}]},{"name":"bone2","parent":"leftArm2","pivot":[-7.25,25.75,-9],"rotation":[0,0,-45],"cubes":[{"origin":[-7.89644,23.62868,-10],"size":[1,2,1],"uv":{"north":{"uv":[7,156],"uv_size":[9,9]},"east":{"uv":[7,156],"uv_size":[9,9]},"south":{"uv":[7,156],"uv_size":[9,9]},"west":{"uv":[7,156],"uv_size":[9,9]},"up":{"uv":[16,165],"uv_size":[-9,-9]},"down":{"uv":[7,156],"uv_size":[9,9]}}},{"origin":[-7.89644,24.62868,-12],"size":[1,1,2],"uv":{"north":{"uv":[7,156],"uv_size":[9,9]},"east":{"uv":[7,156],"uv_size":[9,9]},"south":{"uv":[7,156],"uv_size":[9,9]},"west":{"uv":[7,156],"uv_size":[9,9]},"up":{"uv":[16,165],"uv_size":[-9,-9]},"down":{"uv":[7,156],"uv_size":[9,9]}}},{"origin":[-7.9571,21.1538,-10.01172],"size":[1.76776,2.35356,1.01563],"uv":{"north":{"uv":[7,156],"uv_size":[9,9]},"east":{"uv":[7,156],"uv_size":[9,9]},"south":{"uv":[7,156],"uv_size":[9,9]},"west":{"uv":[7,156],"uv_size":[9,9]},"up":{"uv":[16,165],"uv_size":[-9,-9]},"down":{"uv":[7,156],"uv_size":[9,9]}}},{"origin":[-10.51776,21.92157,-10],"size":[2.5,1,1],"uv":{"north":{"uv":[7,156],"uv_size":[9,9]},"east":{"uv":[7,156],"uv_size":[9,9]},"south":{"uv":[7,156],"uv_size":[9,9]},"west":{"uv":[7,156],"uv_size":[9,9]},"up":{"uv":[16,165],"uv_size":[-9,-9]},"down":{"uv":[7,156],"uv_size":[9,9]}}},{"origin":[-10.51776,21.92157,-11.5],"size":[1,1,1.5],"uv":{"north":{"uv":[7,156],"uv_size":[9,9]},"east":{"uv":[7,156],"uv_size":[9,9]},"south":{"uv":[7,156],"uv_size":[9,9]},"west":{"uv":[7,156],"uv_size":[9,9]},"up":{"uv":[16,165],"uv_size":[-9,-9]},"down":{"uv":[7,156],"uv_size":[9,9]}}}]},{"name":"lenta3","parent":"la1","pivot":[-4.01172,15.03125,1.5],"cubes":[{"origin":[-4.51172,10.03125,1.5],"size":[1,5.25,0],"uv":{"north":{"uv":[234,6],"uv_size":[8,31]},"east":{"uv":[234,6],"uv_size":[8,31]},"south":{"uv":[234,6],"uv_size":[8,31]},"west":{"uv":[234,6],"uv_size":[8,31]},"up":{"uv":[242,37],"uv_size":[-8,-31]},"down":{"uv":[234,6],"uv_size":[8,31]}}}]},{"name":"bone6","parent":"lenta3","pivot":[-4.01172,10.03125,1.5],"cubes":[{"origin":[-4.51172,4.78125,1.5],"size":[1,5.5,0],"uv":{"north":{"uv":[234,21],"uv_size":[8,27]},"east":{"uv":[234,21],"uv_size":[8,27]},"south":{"uv":[234,21],"uv_size":[8,27]},"west":{"uv":[234,21],"uv_size":[8,27]},"up":{"uv":[242,48],"uv_size":[-8,-27]},"down":{"uv":[234,21],"uv_size":[8,27]}}}]},{"name":"lenta4","parent":"leftArm","pivot":[-5.46484,22,1],"cubes":[{"origin":[-5.46484,19,0.5],"size":[0,4,1],"uv":{"north":{"uv":[234,7],"uv_size":[8,35]},"east":{"uv":[234,7],"uv_size":[8,35]},"south":{"uv":[234,7],"uv_size":[8,35]},"west":{"uv":[234,7],"uv_size":[8,35]},"up":{"uv":[242,42],"uv_size":[-8,-35]},"down":{"uv":[234,7],"uv_size":[8,35]}}}]},{"name":"bone7","parent":"lenta4","pivot":[-5.46484,19,1],"cubes":[{"origin":[-5.46484,16,0.5],"size":[0,3.25,1],"uv":{"north":{"uv":[234,27],"uv_size":[8,21]},"east":{"uv":[234,27],"uv_size":[8,21]},"south":{"uv":[234,27],"uv_size":[8,21]},"west":{"uv":[234,27],"uv_size":[8,21]},"up":{"uv":[242,48],"uv_size":[-8,-21]},"down":{"uv":[234,27],"uv_size":[8,21]}}}]},{"name":"rightArm","parent":"body","pivot":[5,24,0],"rotation":[0,0,-5],"cubes":[{"origin":[3.5,20,-1.5],"size":[3,6,3],"uv":{"north":{"uv":[58,5],"uv_size":[10,30]},"east":{"uv":[58,5],"uv_size":[10,30]},"south":{"uv":[58,5],"uv_size":[10,30]},"west":{"uv":[58,5],"uv_size":[10,30]},"up":{"uv":[68,35],"uv_size":[-10,-30]},"down":{"uv":[58,5],"uv_size":[10,30]}}}]},{"name":"ra1","parent":"rightArm","pivot":[5,20,0],"cubes":[{"origin":[3.5,15,-1.5],"size":[3,5,3],"uv":{"north":{"uv":[61,44],"uv_size":[9,22]},"east":{"uv":[61,44],"uv_size":[9,22]},"south":{"uv":[61,44],"uv_size":[9,22]},"west":{"uv":[61,44],"uv_size":[9,22]},"up":{"uv":[70,66],"uv_size":[-9,-22]},"down":{"uv":[61,44],"uv_size":[9,22]}}}]},{"name":"rightArm4","parent":"ra1","pivot":[5,23,0],"rotation":[90,0,0],"cubes":[{"origin":[6.5,22.75,-10],"size":[1.5,1,1],"uv":{"north":{"uv":[9,156],"uv_size":[6,6]},"east":{"uv":[9,156],"uv_size":[6,6]},"south":{"uv":[9,156],"uv_size":[6,6]},"west":{"uv":[9,156],"uv_size":[6,6]},"up":{"uv":[15,162],"uv_size":[-6,-6]},"down":{"uv":[9,156],"uv_size":[6,6]}}},{"origin":[7,22.75,-12],"size":[1,1,2],"uv":{"north":{"uv":[9,156],"uv_size":[6,6]},"east":{"uv":[9,156],"uv_size":[6,6]},"south":{"uv":[9,156],"uv_size":[6,6]},"west":{"uv":[9,156],"uv_size":[6,6]},"up":{"uv":[15,162],"uv_size":[-6,-6]},"down":{"uv":[9,156],"uv_size":[6,6]}}},{"origin":[2.25,22.5,-11],"size":[1,1,1],"uv":{"north":{"uv":[9,156],"uv_size":[6,6]},"east":{"uv":[9,156],"uv_size":[6,6]},"south":{"uv":[9,156],"uv_size":[6,6]},"west":{"uv":[9,156],"uv_size":[6,6]},"up":{"uv":[15,162],"uv_size":[-6,-6]},"down":{"uv":[9,156],"uv_size":[6,6]}}},{"origin":[2.25,22.5,-10],"size":[2.25,1,1],"uv":{"north":{"uv":[9,156],"uv_size":[6,6]},"east":{"uv":[9,156],"uv_size":[6,6]},"south":{"uv":[9,156],"uv_size":[6,6]},"west":{"uv":[9,156],"uv_size":[6,6]},"up":{"uv":[15,162],"uv_size":[-6,-6]},"down":{"uv":[9,156],"uv_size":[6,6]}}},{"origin":[4.5,22,-10.02344],"size":[2,1,1.03906],"uv":{"north":{"uv":[9,156],"uv_size":[6,6]},"east":{"uv":[9,156],"uv_size":[6,6]},"south":{"uv":[9,156],"uv_size":[6,6]},"west":{"uv":[9,156],"uv_size":[6,6]},"up":{"uv":[15,162],"uv_size":[-6,-6]},"down":{"uv":[9,156],"uv_size":[6,6]}}},{"origin":[4.5,23,-10.01562],"size":[2,1.5,1.02344],"uv":{"north":{"uv":[9,156],"uv_size":[6,6]},"east":{"uv":[9,156],"uv_size":[6,6]},"south":{"uv":[9,156],"uv_size":[6,6]},"west":{"uv":[9,156],"uv_size":[6,6]},"up":{"uv":[15,162],"uv_size":[-6,-6]},"down":{"uv":[9,156],"uv_size":[6,6]}}},{"origin":[4.5,25.5,-11.75],"size":[1,1,1.75],"uv":{"north":{"uv":[9,156],"uv_size":[6,6]},"east":{"uv":[9,156],"uv_size":[6,6]},"south":{"uv":[9,156],"uv_size":[6,6]},"west":{"uv":[9,156],"uv_size":[6,6]},"up":{"uv":[15,162],"uv_size":[-6,-6]},"down":{"uv":[9,156],"uv_size":[6,6]}}},{"origin":[4.5,24.5,-10],"size":[1,2,1],"uv":{"north":{"uv":[9,156],"uv_size":[6,6]},"east":{"uv":[9,156],"uv_size":[6,6]},"south":{"uv":[9,156],"uv_size":[6,6]},"west":{"uv":[9,156],"uv_size":[6,6]},"up":{"uv":[15,162],"uv_size":[-6,-6]},"down":{"uv":[9,156],"uv_size":[6,6]}}},{"origin":[4.5,22.5,-9],"size":[1,1,3],"uv":{"north":{"uv":[9,156],"uv_size":[6,6]},"east":{"uv":[9,156],"uv_size":[6,6]},"south":{"uv":[9,156],"uv_size":[6,6]},"west":{"uv":[9,156],"uv_size":[6,6]},"up":{"uv":[15,162],"uv_size":[-6,-6]},"down":{"uv":[9,156],"uv_size":[6,6]}}}]},{"name":"bone3","parent":"rightArm4","pivot":[7.25,25.75,-9],"rotation":[0,0,45],"cubes":[{"origin":[6.89644,23.62868,-10],"size":[1,2,1],"uv":{"north":{"uv":[9,156],"uv_size":[6,6]},"east":{"uv":[9,156],"uv_size":[6,6]},"south":{"uv":[9,156],"uv_size":[6,6]},"west":{"uv":[9,156],"uv_size":[6,6]},"up":{"uv":[15,162],"uv_size":[-6,-6]},"down":{"uv":[9,156],"uv_size":[6,6]}}},{"origin":[6.89644,24.62868,-12],"size":[1,1,2],"uv":{"north":{"uv":[9,156],"uv_size":[6,6]},"east":{"uv":[9,156],"uv_size":[6,6]},"south":{"uv":[9,156],"uv_size":[6,6]},"west":{"uv":[9,156],"uv_size":[6,6]},"up":{"uv":[15,162],"uv_size":[-6,-6]},"down":{"uv":[9,156],"uv_size":[6,6]}}},{"origin":[6.18934,21.1538,-10.00781],"size":[1.76776,2.35356,1.01953],"uv":{"north":{"uv":[9,156],"uv_size":[6,6]},"east":{"uv":[9,156],"uv_size":[6,6]},"south":{"uv":[9,156],"uv_size":[6,6]},"west":{"uv":[9,156],"uv_size":[6,6]},"up":{"uv":[15,162],"uv_size":[-6,-6]},"down":{"uv":[9,156],"uv_size":[6,6]}}},{"origin":[8.01776,21.92157,-10],"size":[2.5,1,1],"uv":{"north":{"uv":[9,156],"uv_size":[6,6]},"east":{"uv":[9,156],"uv_size":[6,6]},"south":{"uv":[9,156],"uv_size":[6,6]},"west":{"uv":[9,156],"uv_size":[6,6]},"up":{"uv":[15,162],"uv_size":[-6,-6]},"down":{"uv":[9,156],"uv_size":[6,6]}}},{"origin":[9.51776,21.92157,-11.5],"size":[1,1,1.5],"uv":{"north":{"uv":[9,156],"uv_size":[6,6]},"east":{"uv":[9,156],"uv_size":[6,6]},"south":{"uv":[9,156],"uv_size":[6,6]},"west":{"uv":[9,156],"uv_size":[6,6]},"up":{"uv":[15,162],"uv_size":[-6,-6]},"down":{"uv":[9,156],"uv_size":[6,6]}}}]},{"name":"lenta5","parent":"ra1","pivot":[5.01172,15.03125,1.5],"cubes":[{"origin":[4.51172,12.03125,1.5],"size":[1,3.25,0],"uv":{"north":{"uv":[234,6],"uv_size":[8,35]},"east":{"uv":[234,6],"uv_size":[8,35]},"south":{"uv":[234,6],"uv_size":[8,35]},"west":{"uv":[234,6],"uv_size":[8,35]},"up":{"uv":[242,41],"uv_size":[-8,-35]},"down":{"uv":[234,6],"uv_size":[8,35]}}}]},{"name":"bone8","parent":"lenta5","pivot":[5.01172,12.03125,1.5],"cubes":[{"origin":[4.51172,8.78125,1.5],"size":[1,3.5,0],"uv":{"north":{"uv":[234,13],"uv_size":[8,35]},"east":{"uv":[234,13],"uv_size":[8,35]},"south":{"uv":[234,13],"uv_size":[8,35]},"west":{"uv":[234,13],"uv_size":[8,35]},"up":{"uv":[242,48],"uv_size":[-8,-35]},"down":{"uv":[234,13],"uv_size":[8,35]}}}]},{"name":"lenta6","parent":"rightArm","pivot":[4.46484,25,1],"cubes":[{"origin":[4.46484,21,0.5],"size":[0,5,1],"uv":{"north":{"uv":[234,7],"uv_size":[8,35]},"east":{"uv":[234,7],"uv_size":[8,35]},"south":{"uv":[234,7],"uv_size":[8,35]},"west":{"uv":[234,7],"uv_size":[8,35]},"up":{"uv":[242,42],"uv_size":[-8,-35]},"down":{"uv":[234,7],"uv_size":[8,35]}}}]},{"name":"bone9","parent":"lenta6","pivot":[4.46484,21,1],"cubes":[{"origin":[4.46484,16,0.5],"size":[0,5.25,1],"uv":{"north":{"uv":[234,31],"uv_size":[8,17]},"east":{"uv":[234,31],"uv_size":[8,17]},"south":{"uv":[234,31],"uv_size":[8,17]},"west":{"uv":[234,31],"uv_size":[8,17]},"up":{"uv":[242,48],"uv_size":[-8,-17]},"down":{"uv":[234,31],"uv_size":[8,17]}}}]},{"name":"leftLeg","pivot":[-1.9,14,0],"rotation":[0,0,1],"cubes":[{"origin":[-3.4,7,-1.5],"size":[3,7,3],"uv":{"north":{"uv":[68,40],"uv_size":[10,21]},"east":{"uv":[68,40],"uv_size":[10,21]},"south":{"uv":[68,40],"uv_size":[10,21]},"west":{"uv":[68,40],"uv_size":[10,21]},"up":{"uv":[78,61],"uv_size":[-10,-21]},"down":{"uv":[68,40],"uv_size":[10,21]}}}]},{"name":"ll1","parent":"leftLeg","pivot":[-1.92969,7,0],"cubes":[{"origin":[-3.4,0,-1.5],"size":[3,7,3],"uv":{"north":{"uv":[68,44],"uv_size":[10,22]},"east":{"uv":[68,44],"uv_size":[10,22]},"south":{"uv":[68,44],"uv_size":[10,22]},"west":{"uv":[68,44],"uv_size":[10,22]},"up":{"uv":[78,66],"uv_size":[-10,-22]},"down":{"uv":[68,44],"uv_size":[10,22]}}},{"origin":[-3.4,0,-2.5],"size":[3,1,1],"uv":{"north":{"uv":[70,44],"uv_size":[11,11]},"east":{"uv":[70,44],"uv_size":[11,11]},"south":{"uv":[70,44],"uv_size":[11,11]},"west":{"uv":[70,44],"uv_size":[11,11]},"up":{"uv":[81,55],"uv_size":[-11,-11]},"down":{"uv":[70,44],"uv_size":[11,11]}}},{"origin":[-1.65,-0.00781,-3.5],"size":[1.25,1.25781,1.25],"pivot":[0,0,0],"rotation":[0,-5,0],"uv":{"north":{"uv":[70,44],"uv_size":[11,11]},"east":{"uv":[70,44],"uv_size":[11,11]},"south":{"uv":[70,44],"uv_size":[11,11]},"west":{"uv":[70,44],"uv_size":[11,11]},"up":{"uv":[81,55],"uv_size":[-11,-11]},"down":{"uv":[70,44],"uv_size":[11,11]}}},{"origin":[-2.525,0,-3.5],"size":[1,1.01953,1],"uv":{"north":{"uv":[70,44],"uv_size":[11,11]},"east":{"uv":[70,44],"uv_size":[11,11]},"south":{"uv":[70,44],"uv_size":[11,11]},"west":{"uv":[70,44],"uv_size":[11,11]},"up":{"uv":[81,55],"uv_size":[-11,-11]},"down":{"uv":[70,44],"uv_size":[11,11]}}},{"origin":[-3.4,-0.00781,-3.5],"size":[1,1.03906,1],"pivot":[0,0,0],"rotation":[0,5,0],"uv":{"north":{"uv":[70,44],"uv_size":[11,11]},"east":{"uv":[70,44],"uv_size":[11,11]},"south":{"uv":[70,44],"uv_size":[11,11]},"west":{"uv":[70,44],"uv_size":[11,11]},"up":{"uv":[81,55],"uv_size":[-11,-11]},"down":{"uv":[70,44],"uv_size":[11,11]}}}]},{"name":"rightLeg","pivot":[1.9,14,0],"rotation":[0,0,-1],"cubes":[{"origin":[0.4,7,-1.5],"size":[3,7,3],"uv":{"north":{"uv":[78,40],"uv_size":[-10,21]},"east":{"uv":[78,40],"uv_size":[-10,21]},"south":{"uv":[78,40],"uv_size":[-10,21]},"west":{"uv":[78,40],"uv_size":[-10,21]},"up":{"uv":[68,61],"uv_size":[10,-21]},"down":{"uv":[78,40],"uv_size":[-10,21]}}}]},{"name":"rl1","parent":"rightLeg","pivot":[1.92969,7,0],"cubes":[{"origin":[0.4,0,-1.5],"size":[3,7,3],"uv":{"north":{"uv":[78,44],"uv_size":[-10,22]},"east":{"uv":[78,44],"uv_size":[-10,22]},"south":{"uv":[78,44],"uv_size":[-10,22]},"west":{"uv":[78,44],"uv_size":[-10,22]},"up":{"uv":[68,66],"uv_size":[10,-22]},"down":{"uv":[78,44],"uv_size":[-10,22]}}},{"origin":[0.4,0,-2.5],"size":[3,1,1],"uv":{"north":{"uv":[81,44],"uv_size":[-11,11]},"east":{"uv":[81,44],"uv_size":[-11,11]},"south":{"uv":[81,44],"uv_size":[-11,11]},"west":{"uv":[81,44],"uv_size":[-11,11]},"up":{"uv":[70,55],"uv_size":[11,-11]},"down":{"uv":[81,44],"uv_size":[-11,11]}}},{"origin":[0.4,-0.00781,-3.5],"size":[1.25,1.25781,1.25],"pivot":[0,0,0],"rotation":[0,5,0],"uv":{"north":{"uv":[81,44],"uv_size":[-11,11]},"east":{"uv":[81,44],"uv_size":[-11,11]},"south":{"uv":[81,44],"uv_size":[-11,11]},"west":{"uv":[81,44],"uv_size":[-11,11]},"up":{"uv":[70,55],"uv_size":[11,-11]},"down":{"uv":[81,44],"uv_size":[-11,11]}}},{"origin":[1.525,0,-3.5],"size":[1,1.01953,1],"uv":{"north":{"uv":[81,44],"uv_size":[-11,11]},"east":{"uv":[81,44],"uv_size":[-11,11]},"south":{"uv":[81,44],"uv_size":[-11,11]},"west":{"uv":[81,44],"uv_size":[-11,11]},"up":{"uv":[70,55],"uv_size":[11,-11]},"down":{"uv":[81,44],"uv_size":[-11,11]}}},{"origin":[2.4,-0.00781,-3.5],"size":[1,1.03906,1],"pivot":[0,0,0],"rotation":[0,-5,0],"uv":{"north":{"uv":[81,44],"uv_size":[-11,11]},"east":{"uv":[81,44],"uv_size":[-11,11]},"south":{"uv":[81,44],"uv_size":[-11,11]},"west":{"uv":[81,44],"uv_size":[-11,11]},"up":{"uv":[70,55],"uv_size":[11,-11]},"down":{"uv":[81,44],"uv_size":[-11,11]}}}]}]}]}