{"geometry.ogr":{"texturewidth":64,"textureheight":64,"visible_bounds_width":5,"visible_bounds_height":5,"visible_bounds_offset":[0,2.5,0],"bones":[{"name":"rightArm","pivot":[-10,48,0],"cubes":[{"origin":[-19,38,-4],"size":[7,6,8],"uv":[40,16]},{"origin":[-20,19.9,-7],"size":[7,6,7],"uv":[26,0]},{"origin":[-19.4,17.9,-1],"size":[2,2,1],"uv":[44,31]},{"origin":[-22,19.9,-1],"size":[2,2,1],"uv":[44,31]},{"origin":[-21.4,17.9,-1],"size":[2,2,1],"uv":[52,36]},{"origin":[-20,15.9,-1],"size":[2,2,1],"uv":[52,36]},{"origin":[-22,15.9,-1],"size":[2,2,1],"uv":[44,31]},{"origin":[-19.4,13.9,-1],"size":[2,2,1],"uv":[47,24]},{"origin":[-21.4,13.9,-1],"size":[2,2,1],"uv":[44,31]},{"origin":[-14,17.9,-7],"size":[2,2,2],"uv":[42,30]},{"origin":[-14,15.9,-7],"size":[2,2,1],"uv":[42,30]},{"origin":[-13,19.9,-7],"size":[2,3,4],"uv":[30,23]},{"origin":[-19,26,-6],"size":[7,6,8],"uv":[26,22]},{"origin":[-19,34,3],"size":[7,4,2],"uv":[20,16]},{"origin":[-21,21.9,-1],"size":[1,2,1],"uv":[43,31]},{"origin":[-20,44,-3],"size":[10,8,8],"uv":[0,3]},{"origin":[-19,32,-5],"size":[7,6,8],"uv":[22,13]},{"origin":[-14,13.9,-7],"size":[2,2,1],"uv":[30,21]},{"origin":[-16,13.9,-7],"size":[2,2,1],"uv":[30,21]},{"origin":[-19.4,17.9,-3],"size":[2,2,1],"uv":[44,31]},{"origin":[-20,15.9,-3],"size":[2,2,1],"uv":[52,36]},{"origin":[-21.4,17.9,-3],"size":[2,2,1],"uv":[52,36]},{"origin":[-22,15.9,-3],"size":[2,2,1],"uv":[44,31]},{"origin":[-21.4,13.9,-3],"size":[2,2,1],"uv":[44,31]},{"origin":[-19.4,13.9,-3],"size":[2,2,1],"uv":[47,24]},{"origin":[-22,19.9,-3],"size":[2,2,1],"uv":[44,31]},{"origin":[-21,21.9,-3],"size":[1,2,1],"uv":[43,31]},{"origin":[-19.4,17.9,-5],"size":[2,2,1],"uv":[44,31]},{"origin":[-20,15.9,-5],"size":[2,2,1],"uv":[52,36]},{"origin":[-21.4,17.9,-5],"size":[2,2,1],"uv":[52,36]},{"origin":[-22,15.9,-5],"size":[2,2,1],"uv":[44,31]},{"origin":[-21.4,13.9,-5],"size":[2,2,1],"uv":[44,31]},{"origin":[-19.4,13.9,-5],"size":[2,2,1],"uv":[47,24]},{"origin":[-22,19.9,-5],"size":[2,2,1],"uv":[44,31]},{"origin":[-21,21.9,-5],"size":[1,2,1],"uv":[43,31]},{"origin":[-19.4,17.9,-7],"size":[2,2,1],"uv":[44,31]},{"origin":[-20,15.9,-7],"size":[2,2,1],"uv":[52,36]},{"origin":[-21.4,17.9,-7],"size":[2,2,1],"uv":[52,36]},{"origin":[-22,15.9,-7],"size":[2,2,1],"uv":[44,31]},{"origin":[-21.4,13.9,-7],"size":[2,2,1],"uv":[44,31]},{"origin":[-19.4,13.9,-7],"size":[2,2,1],"uv":[47,24]},{"origin":[-22,19.9,-7],"size":[2,2,1],"uv":[44,31]},{"origin":[-21,21.9,-7],"size":[1,2,1],"uv":[43,31]},{"origin":[-20,20,-26],"size":[2,2,6],"uv":[26,51]},{"origin":[-13,16,-26],"size":[2,4,6],"uv":[26,52]},{"origin":[-21,16,-26],"size":[2,4,6],"uv":[26,52]},{"origin":[-20,14,-26],"size":[2,2,6],"uv":[26,52]},{"origin":[-18,12,-30],"size":[4,4,4],"uv":[26,51]},{"origin":[-14,16,-30],"size":[4,4,4],"uv":[25,52]},{"origin":[-14,20,-30],"size":[3,3,4],"uv":[25,52]},{"origin":[-21,20,-30],"size":[3,3,4],"uv":[28,53]},{"origin":[-21,13,-30],"size":[3,3,4],"uv":[28,53]},{"origin":[-14,13,-30],"size":[3,3,4],"uv":[25,52]},{"origin":[-18,20,-30],"size":[4,4,4],"uv":[26,53]},{"origin":[-22,16,-30],"size":[4,4,4],"uv":[26,53]},{"origin":[-18,20,-34],"size":[4,4,4],"uv":[27,52]},{"origin":[-14,16,-34],"size":[4,4,4],"uv":[27,51]},{"origin":[-22,16,-34],"size":[4,4,4],"uv":[26,52]},{"origin":[-18,12,-34],"size":[4,4,4],"uv":[26,51]},{"origin":[-16,20,-36],"size":[5,3,2],"uv":[31,51]},{"origin":[-21,20,-36],"size":[5,3,2],"uv":[31,51]},{"origin":[-21,13,-36],"size":[5,3,2],"uv":[27,51]},{"origin":[-16,13,-36],"size":[5,3,2],"uv":[27,53]},{"origin":[-21,20,-34],"size":[3,3,4],"uv":[28,53]},{"origin":[-14,20,-34],"size":[3,3,4],"uv":[28,53]},{"origin":[-14,13,-34],"size":[3,3,4],"uv":[28,53]},{"origin":[-21,13,-34],"size":[3,3,4],"uv":[28,53]},{"origin":[-21,16,-36],"size":[3,4,2],"uv":[31,51]},{"origin":[-14,16,-36],"size":[3,4,2],"uv":[31,51]},{"origin":[-18,20,-38],"size":[4,2,2],"uv":[31,51]},{"origin":[-18,14,-38],"size":[4,2,2],"uv":[31,51]},{"origin":[-14,14,-38],"size":[2,8,2],"uv":[31,51]},{"origin":[-20,14,-38],"size":[2,8,2],"uv":[31,51]},{"origin":[-15,15,-20],"size":[2,2,4],"uv":[29,52]},{"origin":[-14,19,-20],"size":[1,2,2],"uv":[29,52]},{"origin":[-14,17,-20],"size":[2,2,4],"uv":[29,52]},{"origin":[-18,20,-20],"size":[4,2,4],"uv":[26,49]},{"origin":[-20,16,-20],"size":[2,4,4],"uv":[35,50]},{"origin":[-19,20,-20],"size":[1,1,4],"uv":[35,50]},{"origin":[-19,15,-20],"size":[2,1,4],"uv":[30,55]},{"origin":[-17,14,-20],"size":[2,2,4],"uv":[29,54]},{"origin":[-19,20,-16],"size":[1,1,4],"uv":[31,58]},{"origin":[-17,14,-16],"size":[2,2,4],"uv":[28,54]},{"origin":[-14,17,-16],"size":[2,2,4],"uv":[31,58]},{"origin":[-14,19,-18],"size":[1,2,6],"uv":[27,49]},{"origin":[-18,20,-16],"size":[4,2,4],"uv":[26,54]},{"origin":[-20,16,-16],"size":[2,4,4],"uv":[29,54]},{"origin":[-19,15,-16],"size":[2,1,4],"uv":[27,54]},{"origin":[-18,20,-24],"size":[4,3,4],"uv":[26,55]},{"origin":[-14,20,-26],"size":[2,2,6],"uv":[26,55]},{"origin":[-14,14,-26],"size":[2,2,6],"uv":[26,55]},{"origin":[-19,15,-12],"size":[3,1,4],"uv":[27,51]},{"origin":[-19,16,-12],"size":[1,4,4],"uv":[30,54]},{"origin":[-18,16,-39],"size":[4,4,4],"uv":[26,50]},{"origin":[-18,16,0],"size":[4,4,4],"uv":[26,50]},{"origin":[-16,15,-12],"size":[3,1,4],"uv":[27,51]},{"origin":[-18,16,-4],"size":[4,4,4],"uv":[26,50]},{"origin":[-18,16,-8],"size":[4,4,4],"uv":[26,50]},{"origin":[-19,20,-12],"size":[3,1,4],"uv":[27,51]},{"origin":[-16,20,-12],"size":[3,1,4],"uv":[27,51]},{"origin":[-14,16,-12],"size":[1,4,4],"uv":[30,54]},{"origin":[-15,15,-16],"size":[2,2,4],"uv":[28,55]},{"origin":[-18,20,-26],"size":[4,3,2],"uv":[26,55]},{"origin":[-18,13,-24],"size":[4,3,4],"uv":[26,55]},{"origin":[-18,13,-26],"size":[4,3,2],"uv":[26,55]}]},{"name":"leftLeg","pivot":[5,25,0],"cubes":[{"origin":[3,20,-7],"size":[6,2,12],"uv":[44,48]},{"origin":[3,22,-7],"size":[6,6,13],"uv":[42,46]},{"origin":[3,0,-8],"size":[8,3,12],"uv":[35,12]},{"origin":[3,0,-12],"size":[3,2,4],"uv":[35,12]},{"origin":[4,3,-6],"size":[6,5,8],"uv":[42,51]},{"origin":[4,18,-7],"size":[6,2,9],"uv":[45,51]},{"origin":[4,8,-7],"size":[6,5,8],"uv":[46,54]},{"origin":[6.9,0,-12],"size":[4,2,4],"uv":[35,12]},{"origin":[4,0,-14],"size":[1,2,2],"uv":[9,43]},{"origin":[7.9,0,-14],"size":[2,2,2],"uv":[9,43]},{"origin":[4,0,-15],"size":[1,1,1],"uv":[3,43]},{"origin":[4,2,-13],"size":[1,1,1],"uv":[0,39]},{"origin":[7.9,0,-15],"size":[2,1,1],"uv":[0,42]},{"origin":[7.9,2,-13],"size":[2,1,2],"uv":[0,39]},{"origin":[3,0,-13],"size":[1,2,1],"uv":[35,12]},{"origin":[6.9,2,-12],"size":[1,1,4],"uv":[50,23]},{"origin":[6.9,0,-14],"size":[1,1,2],"uv":[49,21]},{"origin":[9.9,0,-14],"size":[1,1,2],"uv":[49,21]},{"origin":[6.9,1,-13],"size":[1,1,1],"uv":[49,21]},{"origin":[9.9,1,-13],"size":[1,1,1],"uv":[49,21]},{"origin":[3,2,-12],"size":[3,2,5],"uv":[50,23]},{"origin":[9.9,2,-12],"size":[1,1,4],"uv":[52,24]},{"origin":[6.9,3,-12],"size":[4,1,5],"uv":[49,21]},{"origin":[5,0,-13],"size":[1,2,1],"uv":[49,21]},{"origin":[5,0,-14],"size":[1,1,1],"uv":[35,12]},{"origin":[2.9,3,2],"size":[8,1,1],"uv":[50,12]},{"origin":[4,13,-8],"size":[6,5,7],"uv":[46,54]},{"origin":[3,0,-14],"size":[1,1,1],"uv":[35,12]}]},{"name":"head","pivot":[0,52,0],"cubes":[{"origin":[-5,54,-1],"size":[10,2,6],"uv":[0,7]},{"origin":[-5,52,-2],"size":[10,1,8],"uv":[0,7]},{"origin":[-4,53,-1],"size":[8,1,6],"uv":[0,7]},{"origin":[-5,53,-7],"size":[10,8,6],"uv":[0,49]},{"origin":[-5,52,-7],"size":[10,1,5],"uv":[0,7]},{"origin":[-4,53,-12],"size":[8,2,5],"uv":[47,46]},{"origin":[-4,60,-12],"size":[8,2,5],"uv":[38,41]},{"origin":[4,59,-11],"size":[1,1,4],"uv":[47,46]},{"origin":[4,58,-9],"size":[1,1,2],"uv":[47,46]},{"origin":[4,57,-9],"size":[1,1,2],"uv":[57,46]},{"origin":[4,56,-10],"size":[1,1,3],"uv":[47,46]},{"origin":[3,55,-12],"size":[1,1,1],"uv":[27,46]},{"origin":[3,55,-13],"size":[1,1,1],"uv":[25,44]},{"origin":[3,54,-13],"size":[1,1,1],"uv":[25,44]},{"origin":[1,54,-13],"size":[1,1,1],"uv":[25,44]},{"origin":[1,55,-12],"size":[1,1,1],"uv":[27,46]},{"origin":[1,55,-13],"size":[1,1,1],"uv":[25,44]},{"origin":[3,60,-13],"size":[1,1,1],"uv":[23,45]},{"origin":[3,59,-12],"size":[1,1,1],"uv":[27,44]},{"origin":[3,59,-13],"size":[1,1,1],"uv":[23,45]},{"origin":[1,60,-13],"size":[1,1,1],"uv":[23,45]},{"origin":[1,59,-13],"size":[1,1,1],"uv":[23,45]},{"origin":[1,59,-12],"size":[1,1,1],"uv":[27,45]},{"origin":[2,55,-12],"size":[1,1,1],"uv":[27,46]},{"origin":[2,59,-12],"size":[1,1,1],"uv":[23,45]},{"origin":[4,55,-11],"size":[1,1,4],"uv":[47,46]},{"origin":[4,60,-12],"size":[1,2,5],"uv":[47,44]},{"origin":[4,53,-12],"size":[1,2,5],"uv":[47,46]},{"origin":[-5,60,-12],"size":[1,2,5],"uv":[47,44]},{"origin":[-5,59,-11],"size":[1,1,4],"uv":[47,46]},{"origin":[-5,57,-9],"size":[1,1,2],"uv":[47,46]},{"origin":[-5,58,-9],"size":[1,1,2],"uv":[47,46]},{"origin":[-5,56,-10],"size":[1,1,3],"uv":[47,46]},{"origin":[-5,55,-11],"size":[1,1,4],"uv":[54,54]},{"origin":[-3,55,-12],"size":[1,1,1],"uv":[26,44]},{"origin":[-2,55,-12],"size":[1,1,1],"uv":[26,44]},{"origin":[-4,55,-12],"size":[1,1,1],"uv":[27,46]},{"origin":[-4,55,-13],"size":[1,1,1],"uv":[26,44]},{"origin":[-2,55,-13],"size":[1,1,1],"uv":[26,44]},{"origin":[-2,54,-13],"size":[1,1,1],"uv":[26,44]},{"origin":[-4,54,-13],"size":[1,1,1],"uv":[26,44]},{"origin":[-3,59,-12],"size":[1,1,1],"uv":[27,42]},{"origin":[-2,59,-12],"size":[1,1,1],"uv":[25,45]},{"origin":[-4,59,-12],"size":[1,1,1],"uv":[29,44]},{"origin":[-2,59,-13],"size":[1,1,1],"uv":[21,45]},{"origin":[-2,60,-13],"size":[1,1,1],"uv":[26,44]},{"origin":[-4,59,-13],"size":[1,1,1],"uv":[21,41]},{"origin":[-4,60,-13],"size":[1,1,1],"uv":[23,43]},{"origin":[-1,55,-12],"size":[1,1,1],"uv":[26,44]},{"origin":[0,55,-12],"size":[1,1,1],"uv":[26,44]},{"origin":[0,59,-12],"size":[1,1,1],"uv":[23,45]},{"origin":[-1,59,-12],"size":[1,1,1],"uv":[28,43]},{"origin":[-1,59,-12],"size":[1,1,1],"uv":[27,45]},{"origin":[-5,53,-12],"size":[1,2,5],"uv":[49,47]},{"origin":[2,62,-12],"size":[3,5,5],"uv":[46,32]},{"origin":[-2,62,-15],"size":[4,1,8],"uv":[40,10]},{"origin":[-2,63,-14],"size":[4,2,7],"uv":[41,11]},{"origin":[5,53,-8],"size":[1,19,13],"uv":[7,5]},{"origin":[5,60,-12],"size":[1,12,4],"uv":[6,1]},{"origin":[-2,65,-13],"size":[4,2,6],"uv":[43,13]},{"origin":[2,67,-11],"size":[3,3,4],"uv":[34,38]},{"origin":[-2,67,-12],"size":[4,3,5],"uv":[0,7]},{"origin":[-5,70,-12],"size":[10,2,5],"uv":[34,19]},{"origin":[-5,62,-12],"size":[3,5,5],"uv":[46,32]},{"origin":[-5,67,-11],"size":[3,3,4],"uv":[33,38]},{"origin":[-6,60,-12],"size":[1,12,4],"uv":[8,1]},{"origin":[-6,53,-8],"size":[1,19,13],"uv":[15,0]},{"origin":[-5,72,-11],"size":[10,1,17],"uv":[0,2]},{"origin":[-6,54,5],"size":[12,18,2],"uv":[0,7]}]},{"name":"body","pivot":[0,48,0],"cubes":[{"origin":[-9,50,-6],"size":[16,2,12],"uv":[16,16]},{"origin":[7,42,-6],"size":[3,11,12],"uv":[0,3]},{"origin":[-10,42,-6],"size":[3,11,12],"uv":[0,0]},{"origin":[-6,28,-8],"size":[12,14,1],"uv":[10,5]},{"origin":[-5,28,-9],"size":[10,13,1],"uv":[6,2]},{"origin":[-4,28,-10],"size":[8,11,1],"uv":[45,5]},{"origin":[2,42,6],"size":[8,11,4],"uv":[0,12]},{"origin":[-10,42,6],"size":[8,11,4],"uv":[6,5]},{"origin":[1,42,-7],"size":[9,9,1],"uv":[0,14]},{"origin":[-10,51,-8],"size":[9,1,2],"uv":[6,15]},{"origin":[1,51,-8],"size":[9,1,2],"uv":[6,15]},{"origin":[-8,28,-7],"size":[16,14,13],"uv":[36,0]},{"origin":[-3,22,-8],"size":[6,6,13],"uv":[49,47]},{"origin":[-5,28,6],"size":[3,14,3],"uv":[36,0]},{"origin":[2,28,6],"size":[3,14,3],"uv":[36,0]},{"origin":[5,28,6],"size":[2,14,2],"uv":[36,0]},{"origin":[-7,28,6],"size":[2,14,2],"uv":[36,0]},{"origin":[-8,28,6],"size":[1,14,1],"uv":[36,0]},{"origin":[7,28,6],"size":[1,14,1],"uv":[36,0]},{"origin":[-2,28,6],"size":[4,25,4],"uv":[6,5]},{"origin":[1,44,-9],"size":[9,7,2],"uv":[38,12]},{"origin":[-10,44,-9],"size":[9,7,2],"uv":[38,11]},{"origin":[-10,42,-7],"size":[9,9,1],"uv":[5,15]},{"origin":[-10,43,-8],"size":[9,1,1],"uv":[0,10]},{"origin":[1,43,-8],"size":[9,1,1],"uv":[0,14]},{"origin":[-1,42,-7],"size":[2,10,1],"uv":[16,16]},{"origin":[-1,42,-8],"size":[2,8,1],"uv":[20,22]},{"origin":[-10,52,-8],"size":[4,1,2],"uv":[6,15]},{"origin":[6,52,-8],"size":[4,1,2],"uv":[6,15]}]},{"name":"rightLeg","pivot":[-5,25,0],"cubes":[{"origin":[-9,20,-7],"size":[6,2,12],"uv":[44,48]},{"origin":[-9,22,-7],"size":[6,6,13],"uv":[42,46]},{"origin":[-11,0,-8],"size":[8,3,12],"uv":[35,12]},{"origin":[-6,0,-12],"size":[3,2,4],"uv":[35,12]},{"origin":[-10,3,-6],"size":[6,5,8],"uv":[42,51]},{"origin":[-10,18,-7],"size":[6,2,9],"uv":[45,51]},{"origin":[-10,8,-7],"size":[6,5,8],"uv":[46,54]},{"origin":[-10.9,0,-12],"size":[4,2,4],"uv":[35,12]},{"origin":[-5,0,-14],"size":[1,2,2],"uv":[9,43]},{"origin":[-9.9,0,-14],"size":[2,2,2],"uv":[9,43]},{"origin":[-5,0,-15],"size":[1,1,1],"uv":[3,43]},{"origin":[-5,2,-13],"size":[1,1,1],"uv":[0,39]},{"origin":[-9.9,0,-15],"size":[2,1,1],"uv":[0,42]},{"origin":[-9.9,2,-13],"size":[2,1,2],"uv":[0,39]},{"origin":[-4,0,-13],"size":[1,2,1],"uv":[35,12]},{"origin":[-7.9,2,-12],"size":[1,1,4],"uv":[50,23]},{"origin":[-7.9,0,-14],"size":[1,1,2],"uv":[49,21]},{"origin":[-10.9,0,-14],"size":[1,1,2],"uv":[49,21]},{"origin":[-7.9,1,-13],"size":[1,1,1],"uv":[49,21]},{"origin":[-10.9,1,-13],"size":[1,1,1],"uv":[49,21]},{"origin":[-6,2,-12],"size":[3,2,5],"uv":[50,23]},{"origin":[-10.9,2,-12],"size":[1,1,4],"uv":[52,24]},{"origin":[-10.9,3,-12],"size":[4,1,5],"uv":[49,21]},{"origin":[-6,0,-13],"size":[1,2,1],"uv":[49,21]},{"origin":[-6,0,-14],"size":[1,1,1],"uv":[35,12]},{"origin":[-10.9,3,2],"size":[8,1,1],"uv":[50,12]},{"origin":[-10,13,-8],"size":[6,5,7],"uv":[46,54]},{"origin":[-4,0,-14],"size":[1,1,1],"uv":[35,12]}]},{"name":"leftArm","pivot":[10,48,0],"cubes":[{"origin":[12,38,-4],"size":[7,6,8],"uv":[40,16]},{"origin":[13,19.9,-7],"size":[7,6,7],"uv":[26,0]},{"origin":[18.4,17.9,-1],"size":[2,2,1],"uv":[44,31]},{"origin":[20,19.9,-1],"size":[2,2,1],"uv":[44,31]},{"origin":[20.4,17.9,-1],"size":[2,2,1],"uv":[52,36]},{"origin":[19,15.9,-1],"size":[2,2,1],"uv":[52,36]},{"origin":[21,15.9,-1],"size":[2,2,1],"uv":[44,31]},{"origin":[18.4,13.9,-1],"size":[2,2,1],"uv":[47,24]},{"origin":[20.4,13.9,-1],"size":[2,2,1],"uv":[44,31]},{"origin":[20,11.9,-1],"size":[2,2,1],"uv":[52,36]},{"origin":[11,17.9,-7],"size":[2,2,1],"uv":[42,30]},{"origin":[11,15.9,-7],"size":[2,2,1],"uv":[42,30]},{"origin":[17.4,19,-1],"size":[1,1,1],"uv":[16,25]},{"origin":[11,19.9,-7],"size":[2,3,4],"uv":[30,23]},{"origin":[12,26,-6],"size":[7,6,8],"uv":[26,22]},{"origin":[12,34,3],"size":[7,4,2],"uv":[20,16]},{"origin":[20,21.9,-1],"size":[1,2,1],"uv":[43,31]},{"origin":[18,11.9,-1],"size":[2,2,1],"uv":[47,24]},{"origin":[10,44,-3],"size":[10,8,8],"uv":[0,3]},{"origin":[12,32,-5],"size":[7,6,8],"uv":[22,13]},{"origin":[12,13.9,-7],"size":[2,2,1],"uv":[30,21]},{"origin":[20,21.9,-3],"size":[1,2,1],"uv":[43,31]},{"origin":[20,20,-3],"size":[2,2,1],"uv":[44,31]},{"origin":[18.4,18,-3],"size":[2,2,1],"uv":[44,31]},{"origin":[17.4,19,-3],"size":[1,1,1],"uv":[16,25]},{"origin":[20.4,18,-3],"size":[2,2,1],"uv":[52,36]},{"origin":[21,16,-3],"size":[2,2,1],"uv":[44,31]},{"origin":[19,16,-3],"size":[2,2,1],"uv":[52,36]},{"origin":[18.4,14,-3],"size":[2,2,1],"uv":[47,24]},{"origin":[20.4,14,-3],"size":[2,2,1],"uv":[44,31]},{"origin":[20,12,-3],"size":[2,2,1],"uv":[52,36]},{"origin":[18,12,-3],"size":[2,2,1],"uv":[47,24]},{"origin":[20,22,-5],"size":[1,2,1],"uv":[43,31]},{"origin":[20,20,-5],"size":[2,2,1],"uv":[44,31]},{"origin":[18.4,18,-5],"size":[2,2,1],"uv":[44,31]},{"origin":[17.4,19,-5],"size":[1,1,1],"uv":[16,25]},{"origin":[20.4,18,-5],"size":[2,2,1],"uv":[52,36]},{"origin":[21,16,-5],"size":[2,2,1],"uv":[44,31]},{"origin":[19,16,-5],"size":[2,2,1],"uv":[52,36]},{"origin":[18.4,14,-5],"size":[2,2,1],"uv":[47,24]},{"origin":[20.4,14,-5],"size":[2,2,1],"uv":[44,31]},{"origin":[20,12,-5],"size":[2,2,1],"uv":[52,36]},{"origin":[18,12,-5],"size":[2,2,1],"uv":[47,24]},{"origin":[20,21.9,-7],"size":[1,2,1],"uv":[43,31]},{"origin":[20,19.9,-7],"size":[2,2,1],"uv":[44,31]},{"origin":[18.4,17.9,-7],"size":[2,2,1],"uv":[44,31]},{"origin":[17.4,19,-7],"size":[1,1,1],"uv":[16,25]},{"origin":[20.4,17.9,-7],"size":[2,2,1],"uv":[52,36]},{"origin":[21,15.9,-7],"size":[2,2,1],"uv":[44,31]},{"origin":[19,15.9,-7],"size":[2,2,1],"uv":[52,36]},{"origin":[18.4,13.9,-7],"size":[2,2,1],"uv":[47,24]},{"origin":[20.4,13.9,-7],"size":[2,2,1],"uv":[44,31]},{"origin":[20,11.9,-7],"size":[2,2,1],"uv":[52,36]},{"origin":[18,11.9,-7],"size":[2,2,1],"uv":[47,24]}]}]}}