{"format_version":"1.10.0","geometry.squirrel":{"texturewidth":256,"textureheight":256,"visible_bounds_width":5,"visible_bounds_height":4,"visible_bounds_offset":[0,2,0],"bones":[{"name":"head","pivot":[0,44,-1.5],"cubes":[{"origin":[-7.5,45.75,-7],"size":[15,14,15],"uv":[0,35]},{"origin":[-8.5,46.75,-6],"size":[17,12,13],"uv":[0,0]},{"origin":[-8.5,45.75,0],"size":[17,1,7],"uv":[0,0]},{"origin":[-6,46.75,-8],"size":[12,12,17],"uv":[196,63]},{"origin":[-6.5,52.25,-8.5],"size":[13,1,1],"uv":[46,196]},{"origin":[-10,45.75,-8],"size":[20,7,6],"uv":[7,167]},{"origin":[-9,52.75,-7.5],"size":[18,1,5.5],"uv":[1,172]},{"origin":[-8,44.75,-3.5],"size":[16,1,9.5],"uv":[0,0]},{"origin":[-8,44.75,-9.5],"size":[16,1,6],"uv":[17,182]},{"origin":[-5,43.75,-6.5],"size":[10,1,10.5],"uv":[0,0]},{"origin":[-5,43.75,-7.5],"size":[10,1,1],"uv":[16,182]},{"origin":[-5.5,59.75,-5],"size":[11,1,12.5],"uv":[0,0]},{"origin":[-6.5,57.75,-3],"size":[16,5,11.5],"uv":[197,166]},{"origin":[-6.5,55.75,-2],"size":[16,2,11.5],"uv":[199,199]},{"origin":[4.75,54.75,0],"size":[4,2,8.5],"uv":[143,237]},{"origin":[-6.5,57.75,1],"size":[14,2,8.5],"uv":[209,185]},{"origin":[-4.5,59.75,-2],"size":[16,5,9.5],"uv":[130,169]},{"origin":[-2.5,64.75,-1],"size":[12,1,7.5],"uv":[130,169]},{"origin":[10,58.75,0],"size":[2.75,4,5.5],"uv":[130,169]},{"origin":[11,56.75,1.5],"size":[2.5,4,2.75],"uv":[130,169]},{"origin":[11.25,52.75,1.34375],"size":[2,4,3],"uv":[130,232]},{"origin":[10.25,53.25,1.34375],"size":[4,3,3],"uv":[130,232]},{"origin":[11.25,53.25,0.34375],"size":[2,3,5],"uv":[130,232]},{"origin":[-9,45.75,-10],"size":[18,7,2],"uv":[7,167]},{"origin":[-9,45.75,-2],"size":[18,7,2],"uv":[4,173]},{"origin":[-8,45.75,-11],"size":[16,7,1],"uv":[6,203]},{"origin":[-5,47.75,-12],"size":[10,5,2],"uv":[7,167]},{"origin":[-3,46.75,-11.5],"size":[2,1,1],"uv":[247,248]},{"origin":[1,46.75,-11.5],"size":[2,1,1],"uv":[247,248]},{"origin":[-1.5,51.75,-13],"size":[3,2,2],"uv":[235,246]}]},{"name":"bone55","parent":"head","pivot":[3.25,56.5,-7.75],"rotation":[0,0,5],"cubes":[{"origin":[0.75,56,-8.5],"size":[5,1.5,1],"uv":[5,100]}]},{"name":"bone56","parent":"head","pivot":[-3.25,56.5,-7.75],"rotation":[0,0,-5],"cubes":[{"origin":[-5.75,56,-8.5],"size":[5,1.5,1],"uv":[5,100],"mirror":true}]},{"name":"body","pivot":[0,33,-2],"cubes":[{"origin":[-7,33.75,-7],"size":[14,10,12],"uv":[0,0]},{"origin":[-7,33.75,-8],"size":[14,9,1],"uv":[0,0]},{"origin":[-5.5,42.75,-8],"size":[11,1,1],"uv":[9,173]},{"origin":[-8,33.75,-6],"size":[16,9,9],"uv":[0,0]},{"origin":[-6,33.75,-9],"size":[12,9,12],"uv":[3,166]},{"origin":[-6,33.75,-6],"size":[12,9,12],"uv":[4,2]},{"origin":[-6.5,27.75,-7.5],"size":[13,6,12],"uv":[0,0]},{"origin":[-3.5,14.75,-8.5],"size":[7,8,5],"uv":[14,177]},{"origin":[-3.5,14.75,-3.5],"size":[7,8,9],"uv":[0,0]},{"origin":[-5.5,22.75,-8.5],"size":[11,10,8],"uv":[1,168]},{"origin":[-5.5,22.75,-2.5],"size":[11,10,8],"uv":[10,14]}]},{"name":"bone46","parent":"body","pivot":[0,0,0],"cubes":[{"origin":[-10,29.75,11],"size":[20,12,10],"uv":[193,19]}]},{"name":"bone47","parent":"body","pivot":[0,0,0],"rotation":[5,0,0],"cubes":[{"origin":[-11,33.75,15],"size":[22,12,11],"uv":[126,20]}]},{"name":"bone48","parent":"body","pivot":[0,0,0],"rotation":[40,0,0],"cubes":[{"origin":[-10,15.75,39],"size":[20,13,9],"uv":[66,22]}]},{"name":"bone49","parent":"body","pivot":[0,0,0],"rotation":[5,0,0],"cubes":[{"origin":[-9,39.75,23],"size":[18,11,7],"uv":[203,44]}]},{"name":"bone50","parent":"body","pivot":[0,0,0],"rotation":[-5,0,0],"cubes":[{"origin":[-8,43.75,19],"size":[16,10,7],"uv":[155,45]}]},{"name":"bone51","parent":"body","pivot":[0,0,0],"rotation":[-25,0,0],"cubes":[{"origin":[-7,48.75,4],"size":[14,9,7],"uv":[111,46]}]},{"name":"bone52","parent":"body","pivot":[0,0,0],"rotation":[-60,0,0],"cubes":[{"origin":[-5,44.75,-24],"size":[10,7,6],"uv":[77,47]}]},{"name":"bone53","parent":"body","pivot":[0,0,0],"rotation":[-80,0,0],"cubes":[{"origin":[-3,35.75,-36],"size":[6,5,6],"uv":[77,4]}]},{"name":"bone54","parent":"body","pivot":[0,0,0],"rotation":[-5,0,0],"cubes":[{"origin":[-2,35.75,26.75],"size":[4,5,3.5],"uv":[118,22]}]},{"name":"bone42","parent":"body","pivot":[0,25.75,12.5],"rotation":[-45,0,0],"cubes":[{"origin":[-4,19.75,9],"size":[8,4,7],"uv":[198,4]}]},{"name":"bone45","parent":"body","pivot":[0,0,0],"rotation":[-10,0,0],"cubes":[{"origin":[-8,26.75,5],"size":[16,7,9],"uv":[105,3]}]},{"name":"bone44","parent":"body","pivot":[0,25.75,12.5],"rotation":[-30,0,0],"cubes":[{"origin":[-6,22.75,8.75],"size":[12,5,8],"uv":[157,3]}]},{"name":"bone43","parent":"body","pivot":[0,25.75,12.5],"rotation":[-85,0,0],"cubes":[{"origin":[-3,16.75,12],"size":[6,7,6],"uv":[230,3]}]},{"name":"bone5","parent":"body","pivot":[0,47,-14],"rotation":[-45,-45,0],"cubes":[{"origin":[1.53553,42.37348,-8.37348],"size":[4,4,4],"uv":[7,177]}]},{"name":"bone6","parent":"body","pivot":[0,47,-14],"rotation":[-45,0,-45],"cubes":[{"origin":[-7.12652,44.91053,-8.83947],"size":[4,4,4],"uv":[7,177]}]},{"name":"bone7","parent":"body","pivot":[0,47,-14],"rotation":[0,-45,-45],"cubes":[{"origin":[-2.08947,39.87348,-8.83947],"size":[4,4,4],"uv":[7,177]}]},{"name":"bone3","parent":"body","pivot":[0,35,-5],"rotation":[15,0,0],"cubes":[{"origin":[-6,28.80875,-9.19359],"size":[12,6,2],"uv":[5,170]}]},{"name":"bone4","parent":"body","pivot":[0,35,4],"rotation":[-15,0,0],"cubes":[{"origin":[-6,28.29111,4.26174],"size":[12,6,2],"uv":[0,0],"mirror":true}]},{"name":"bone","parent":"body","pivot":[-6.5,35,-0.5],"rotation":[0,0,-15],"cubes":[{"origin":[-8.26505,27.92889,-6],"size":[2,6.25,9],"uv":[0,0]}]},{"name":"bone2","parent":"body","pivot":[6.5,35,-0.5],"rotation":[0,0,15],"cubes":[{"origin":[6.26505,27.92889,-6],"size":[2,6.25,9],"uv":[0,0],"mirror":true}]},{"name":"leftLeg","pivot":[5.5,21,-1.5],"rotation":[0,-10,0],"cubes":[{"origin":[4,10.5,-7],"size":[4,17.25,11],"uv":[0,0]},{"origin":[3,16.09375,-9.0625],"size":[5,6,15.125],"uv":[0,0]},{"origin":[2,0.09375,-8.0625],"size":[7,4,7.125],"uv":[0,120]},{"origin":[3.5,0.09375,-11.0625],"size":[4,3,4.125],"uv":[5,134]},{"origin":[2.5,0.09375,-1.0625],"size":[6,3,2.125],"uv":[9,116]},{"origin":[3,0.09375,0.1875],"size":[5,3.125,5.0625],"uv":[12,106]},{"origin":[0.9375,16.09375,-7],"size":[9.125,6,11],"uv":[0,0]}]},{"name":"bone15","parent":"leftLeg","pivot":[2.75,7.84375,-10],"rotation":[0,10,0],"cubes":[{"origin":[0.9027,0.09375,-10.09288],"size":[2.75,3,4.125],"uv":[5,134]}]},{"name":"bone16","parent":"leftLeg","pivot":[8.25,7.84375,-10],"rotation":[0,-10,0],"cubes":[{"origin":[7.3473,0.09375,-10.09288],"size":[2.75,3,4.125],"uv":[5,134],"mirror":true}]},{"name":"bone9","parent":"leftLeg","pivot":[5,31,-7.5625],"rotation":[-20,0,0],"cubes":[{"origin":[3,22.12692,-5.92487],"size":[5,6,6],"uv":[0,0]},{"origin":[3,4.72726,6.30035],"size":[5,17,4],"uv":[8,89]}]},{"name":"bone10","parent":"leftLeg","pivot":[5,31,7.5625],"rotation":[20,0,0],"cubes":[{"origin":[3,23.15298,-2.8942],"size":[5,6,6],"uv":[0,0]},{"origin":[3,5.6689,-13.13486],"size":[5,17,9],"uv":[9,85]}]},{"name":"bone8","parent":"leftLeg","pivot":[5.625,30.65625,-1.5],"rotation":[0,0,-20],"cubes":[{"origin":[3.86676,21.09913,-7],"size":[3,6,11],"uv":[0,0]}]},{"name":"bone11","parent":"leftLeg","pivot":[6.09375,19.3125,-1.5],"rotation":[0,0,10],"cubes":[{"origin":[7.55844,11.09149,-7],"size":[3,5.75,11],"uv":[0,80]}]},{"name":"bone13","parent":"leftLeg","pivot":[4.90625,19.3125,-1.5],"rotation":[0,0,-10],"cubes":[{"origin":[0.44156,11.09149,-7],"size":[3,5.75,11],"uv":[0,80],"mirror":true}]},{"name":"bone18","parent":"leftLeg","pivot":[6.09375,19.5625,-1.5],"rotation":[0,0,10],"cubes":[{"origin":[7.55844,6.34149,-5.25],"size":[3,4.75,7.5],"uv":[13,92]}]},{"name":"bone14","parent":"leftLeg","pivot":[4.90625,19.5625,-1.5],"rotation":[0,0,-10],"cubes":[{"origin":[0.44156,6.34149,-5.25],"size":[3,4.75,7.5],"uv":[13,92],"mirror":true}]},{"name":"bone12","parent":"leftLeg","pivot":[4.375,20.09375,-1.5],"rotation":[0,0,-20]},{"name":"rightLeg","pivot":[-5.5,21,-1.5],"rotation":[0,10,0],"cubes":[{"origin":[-8,10.5,-7],"size":[4,17.25,11],"uv":[0,0],"mirror":true},{"origin":[-8,16.09375,-9.0625],"size":[5,6,15.125],"uv":[0,0],"mirror":true},{"origin":[-9,0.09375,-8.0625],"size":[7,4,7.125],"uv":[0,120],"mirror":true},{"origin":[-7.5,0.09375,-11.0625],"size":[4,3,4.125],"uv":[5,134],"mirror":true},{"origin":[-8.5,0.09375,-1.0625],"size":[6,3,2.125],"uv":[9,116],"mirror":true},{"origin":[-8,0.09375,0.1875],"size":[5,3.125,5.0625],"uv":[12,106],"mirror":true},{"origin":[-10.0625,16.09375,-7],"size":[9.125,6,11],"uv":[0,0],"mirror":true}]},{"name":"bone17","parent":"rightLeg","pivot":[-2.75,7.84375,-10],"rotation":[0,-10,0],"cubes":[{"origin":[-3.6527,0.09375,-10.09288],"size":[2.75,3,4.125],"uv":[5,134],"mirror":true}]},{"name":"bone19","parent":"rightLeg","pivot":[-8.25,7.84375,-10],"rotation":[0,10,0],"cubes":[{"origin":[-10.0973,0.09375,-10.09288],"size":[2.75,3,4.125],"uv":[5,134]}]},{"name":"bone20","parent":"rightLeg","pivot":[-5,31,-7.5625],"rotation":[-20,0,0],"cubes":[{"origin":[-8,22.12692,-5.92487],"size":[5,6,6],"uv":[0,0],"mirror":true},{"origin":[-8,4.72726,6.30035],"size":[5,17,4],"uv":[8,89],"mirror":true}]},{"name":"bone21","parent":"rightLeg","pivot":[-5,31,7.5625],"rotation":[20,0,0],"cubes":[{"origin":[-8,23.15298,-2.8942],"size":[5,6,6],"uv":[0,0],"mirror":true},{"origin":[-8,5.6689,-13.13486],"size":[5,17,9],"uv":[9,85],"mirror":true}]},{"name":"bone22","parent":"rightLeg","pivot":[-5.625,30.65625,-1.5],"rotation":[0,0,20],"cubes":[{"origin":[-6.86676,21.09913,-7],"size":[3,6,11],"uv":[0,0],"mirror":true}]},{"name":"bone23","parent":"rightLeg","pivot":[-6.09375,19.3125,-1.5],"rotation":[0,0,-10],"cubes":[{"origin":[-10.55844,11.09149,-7],"size":[3,5.75,11],"uv":[0,80],"mirror":true}]},{"name":"bone24","parent":"rightLeg","pivot":[-4.90625,19.3125,-1.5],"rotation":[0,0,10],"cubes":[{"origin":[-3.44156,11.09149,-7],"size":[3,5.75,11],"uv":[0,80]}]},{"name":"bone25","parent":"rightLeg","pivot":[-6.09375,19.5625,-1.5],"rotation":[0,0,-10],"cubes":[{"origin":[-10.55844,6.34149,-5.25],"size":[3,4.75,7.5],"uv":[13,92],"mirror":true}]},{"name":"bone26","parent":"rightLeg","pivot":[-4.90625,19.5625,-1.5],"rotation":[0,0,10],"cubes":[{"origin":[-3.44156,6.34149,-5.25],"size":[3,4.75,7.5],"uv":[13,92]}]},{"name":"bone27","parent":"rightLeg","pivot":[-4.375,20.09375,-1.5],"rotation":[0,0,20]},{"name":"leftArm","pivot":[10,39,-1.5]},{"name":"bone28","parent":"leftArm","pivot":[9.5,39.5,-1.5],"rotation":[0,0,15],"cubes":[{"origin":[6.90944,35.97574,-4.9375],"size":[6,6,6.90625],"uv":[0,0]}]},{"name":"bone29","parent":"leftArm","pivot":[10.84375,37,-1.5],"rotation":[0,0,-8],"cubes":[{"origin":[8.45458,31.50973,-5],"size":[5.5,9,7],"uv":[23,80]},{"origin":[12.45458,32.50973,-4],"size":[2,7,5],"uv":[0,0]}]},{"name":"bone30","parent":"bone29","pivot":[11.59375,34,-1.5],"rotation":[-25,0,0],"cubes":[{"origin":[8.48103,25.07576,-3.61139],"size":[5.46875,8.1875,6.34375],"uv":[14,91]},{"origin":[8.35651,23.19129,-3.67067],"size":[5.75,2,6.5],"uv":[7,108]},{"origin":[12.35651,22.19129,-3.63942],"size":[1.75,1,6.34375],"uv":[6,113]}]},{"name":"bone32","parent":"bone30","pivot":[12.4952,22.47325,-1.18615],"rotation":[0,0,15],"cubes":[{"origin":[12.35732,20.64702,0.96083],"size":[1.75,2,1.75],"uv":[10,122]},{"origin":[12.35732,20.64702,-3.60167],"size":[1.75,2,1.75],"uv":[10,122]},{"origin":[12.35732,20.64702,-1.32042],"size":[1.75,2,1.75],"uv":[10,122]}]},{"name":"bone33","parent":"bone30","pivot":[12.33895,21.22325,-0.68615],"rotation":[0,0,50],"cubes":[{"origin":[12.33312,19.56281,0.96083],"size":[1.5,2,1.75],"uv":[8,127]},{"origin":[12.33312,19.56281,-3.60167],"size":[1.5,2,1.75],"uv":[8,127]},{"origin":[12.33312,19.56281,-1.32042],"size":[1.5,2,1.75],"uv":[8,127]}]},{"name":"bone34","parent":"bone30","pivot":[12.33895,21.22325,-0.68615],"rotation":[0,0,85],"cubes":[{"origin":[13.25917,18.45752,0.96083],"size":[1.25,2.25,1.75],"uv":[8,127]},{"origin":[13.25917,18.45752,-3.60167],"size":[1.25,2.25,1.75],"uv":[8,127]},{"origin":[13.25917,18.45752,-1.32042],"size":[1.25,2.25,1.75],"uv":[8,127]}]},{"name":"bone31","parent":"bone30","pivot":[9.4952,22.72325,-2.93615],"rotation":[-10,0,10],"cubes":[{"origin":[8.2463,21.03099,-3.81998],"size":[1.75,2.5,1.5],"uv":[10,122]}]},{"name":"rightArm","pivot":[-10,39,-1.5]},{"name":"bone35","parent":"rightArm","pivot":[-9.5,39.5,-1.5],"rotation":[0,0,-15],"cubes":[{"origin":[-12.90944,35.97574,-4.9375],"size":[6,6,6.90625],"uv":[0,0],"mirror":true}]},{"name":"bone36","parent":"rightArm","pivot":[-10.84375,37,-1.5],"rotation":[0,0,8],"cubes":[{"origin":[-13.95458,31.50973,-5],"size":[5.5,9,7],"uv":[23,80],"mirror":true},{"origin":[-14.45458,32.50973,-4],"size":[2,7,5],"uv":[0,0],"mirror":true}]},{"name":"bone37","parent":"bone36","pivot":[-11.59375,34,-1.5],"rotation":[-25,0,0],"cubes":[{"origin":[-13.94978,25.07576,-3.61139],"size":[5.46875,8.1875,6.34375],"uv":[14,91],"mirror":true},{"origin":[-14.10651,23.19129,-3.67067],"size":[5.75,2,6.5],"uv":[7,108],"mirror":true},{"origin":[-14.10651,22.19129,-3.63942],"size":[1.75,1,6.34375],"uv":[6,113],"mirror":true}]},{"name":"bone38","parent":"bone37","pivot":[-12.4952,22.47325,-1.18615],"rotation":[0,0,-15],"cubes":[{"origin":[-14.10732,20.64702,0.96083],"size":[1.75,2,1.75],"uv":[10,122],"mirror":true},{"origin":[-14.10732,20.64702,-3.60167],"size":[1.75,2,1.75],"uv":[10,122],"mirror":true},{"origin":[-14.10732,20.64702,-1.32042],"size":[1.75,2,1.75],"uv":[10,122],"mirror":true}]},{"name":"bone39","parent":"bone37","pivot":[-12.33895,21.22325,-0.68615],"rotation":[0,0,-50],"cubes":[{"origin":[-13.83312,19.56281,0.96083],"size":[1.5,2,1.75],"uv":[8,127],"mirror":true},{"origin":[-13.83312,19.56281,-3.60167],"size":[1.5,2,1.75],"uv":[8,127],"mirror":true},{"origin":[-13.83312,19.56281,-1.32042],"size":[1.5,2,1.75],"uv":[8,127],"mirror":true}]},{"name":"bone40","parent":"bone37","pivot":[-12.33895,21.22325,-0.68615],"rotation":[0,0,-85],"cubes":[{"origin":[-14.50917,18.45752,0.96083],"size":[1.25,2.25,1.75],"uv":[8,127],"mirror":true},{"origin":[-14.50917,18.45752,-3.60167],"size":[1.25,2.25,1.75],"uv":[8,127],"mirror":true},{"origin":[-14.50917,18.45752,-1.32042],"size":[1.25,2.25,1.75],"uv":[8,127],"mirror":true}]},{"name":"bone41","parent":"bone37","pivot":[-9.4952,22.72325,-2.93615],"rotation":[-10,0,-10],"cubes":[{"origin":[-9.9963,21.03099,-3.81998],"size":[1.75,2.5,1.5],"uv":[10,122],"mirror":true}]}]}}