{"format_version":"1.12.0","minecraft:geometry":[{"description":{"identifier":"geometry.yeti","texture_width":256,"texture_height":256,"visible_bounds_width":7,"visible_bounds_height":6,"visible_bounds_offset":[0,2,0]},"bones":[{"name":"bone","pivot":[0,0,0]},{"name":"bone7","parent":"bone","pivot":[0,37,24],"cubes":[{"origin":[-8,29,16],"size":[16,16,16],"inflate":-2,"uv":[0,224]}]},{"name":"leftLeg","parent":"bone","pivot":[14.45,34,22],"cubes":[{"origin":[4.45,17,12],"size":[17,12,20],"uv":[98,13]}]},{"name":"kolen","parent":"leftLeg","pivot":[13.30628,27.1381,24.02164],"cubes":[{"origin":[7.45,8,6],"size":[11,13,19],"uv":[158,31]},{"origin":[6.45,5.50546,17.11636],"size":[12.9,11,20],"pivot":[13.28781,4.46013,8.70738],"rotation":[42.5,0,0],"uv":[152,0]}]},{"name":"stup","parent":"kolen","pivot":[13.34378,9.86316,20.35286],"cubes":[{"origin":[6.45,0,-2],"size":[13,5,22],"uv":[108,136]},{"origin":[16.0599,0.1,-8.04411],"size":[2,2.9,6],"pivot":[13.28781,4.46013,8.70738],"rotation":[0,-10,0],"uv":[154,0]},{"origin":[14.51861,0.1,-7.72958],"size":[3,3.9,6],"pivot":[13.28781,4.46013,8.70738],"rotation":[0,2.5,0],"uv":[156,136]},{"origin":[9.51861,0.1,-7.72958],"size":[3,3.9,6],"pivot":[13.28781,4.46013,8.70738],"rotation":[0,2.5,0],"uv":[152,10]},{"origin":[8.37578,0.1,-8.84055],"size":[3,3.9,6],"pivot":[13.28781,4.46013,8.70738],"rotation":[0,15,0],"uv":[110,134]},{"origin":[8.45,3,9],"size":[9,9,19],"uv":[160,67]}]},{"name":"rightLeg","parent":"bone","pivot":[-14.45,34,22],"cubes":[{"origin":[-21.45,17,12],"size":[17,12,20],"uv":[98,13],"mirror":true}]},{"name":"kolen2","parent":"rightLeg","pivot":[-13.30628,27.1381,24.02164],"cubes":[{"origin":[-18.45,8,6],"size":[11,13,19],"uv":[158,31],"mirror":true},{"origin":[-19.35,5.50546,17.11636],"size":[12.9,11,20],"pivot":[-13.28781,4.46013,8.70738],"rotation":[42.5,0,0],"uv":[152,0],"mirror":true}]},{"name":"stup2","parent":"kolen2","pivot":[-13.34378,9.86316,20.35286],"cubes":[{"origin":[-19.45,0,-2],"size":[13,5,22],"uv":[108,136],"mirror":true},{"origin":[-18.0599,0.1,-8.04411],"size":[2,2.9,6],"pivot":[-13.28781,4.46013,8.70738],"rotation":[0,10,0],"uv":[154,0],"mirror":true},{"origin":[-17.51861,0.1,-7.72958],"size":[3,3.9,6],"pivot":[-13.28781,4.46013,8.70738],"rotation":[0,-2.5,0],"uv":[156,136],"mirror":true},{"origin":[-12.51861,0.1,-7.72958],"size":[3,3.9,6],"pivot":[-13.28781,4.46013,8.70738],"rotation":[0,-2.5,0],"uv":[152,10],"mirror":true},{"origin":[-11.37578,0.1,-8.84055],"size":[3,3.9,6],"pivot":[-13.28781,4.46013,8.70738],"rotation":[0,-15,0],"uv":[110,134],"mirror":true},{"origin":[-17.45,3,9],"size":[9,9,19],"uv":[160,67],"mirror":true}]},{"name":"body","parent":"bone","pivot":[-0.05,32.5,26],"cubes":[{"origin":[-14.55,51.8,5],"size":[29,9.2,13],"pivot":[3.45,59,7],"rotation":[27.5,0,0],"uv":[0,112]},{"origin":[-15.55,35,13],"size":[31,22,19],"pivot":[3.45,59,7],"rotation":[7.5,0,0],"uv":[0,33]},{"origin":[-19.55,26,14],"size":[39,13,20],"uv":[0,0]},{"origin":[-4.55,55,7],"size":[9,6,6],"pivot":[3.45,59,7],"rotation":[67.5,0,0],"uv":[0,161]}]},{"name":"dihlo","parent":"body","pivot":[-0.09,53.09364,20.55931],"cubes":[{"origin":[-14.64,38,6.8],"size":[29.1,19,19],"pivot":[3.45,59,7],"rotation":[27.5,0,0],"uv":[0,74]}]},{"name":"leftArm","parent":"body","pivot":[14.45,59,13],"cubes":[{"origin":[8.45,51,4],"size":[11,12,15],"pivot":[3.45,59,7],"rotation":[27.5,0,0],"uv":[163,172]},{"origin":[15.45,54,2],"size":[11,9,15],"pivot":[3.45,59,7],"rotation":[24.26701,-13.34855,27.11771],"uv":[163,172]},{"origin":[15.1291,48.80452,7.38525],"size":[21,6,9],"pivot":[18.45,56,7],"rotation":[16.56658,9.65012,58.61451],"uv":[43,188]}]},{"name":"lokot","parent":"leftArm","pivot":[24.7,40.5,10.25],"rotation":[16.61154,59.98653,61.24317],"cubes":[{"origin":[23.50869,36.52521,4.50699],"size":[18,8,9],"uv":[197,63]},{"origin":[32.50869,34.52521,2.50699],"size":[11,12,13],"uv":[0,197]}]},{"name":"finger","parent":"lokot","pivot":[42.7,45.25,11.75],"rotation":[0,-20,-17.5],"cubes":[{"origin":[42.79109,43.40935,9.91428],"size":[7,4,5],"uv":[215,159]},{"origin":[49.79109,43.20935,9.91428],"size":[7,4.2,5],"pivot":[49.79109,45.30935,12.41428],"rotation":[-1.73396,52.46643,-3.6412],"uv":[115,215]}]},{"name":"finger2","parent":"lokot","pivot":[42.7,40.25,12.5],"rotation":[0,-17.5,0],"cubes":[{"origin":[42.79109,38.40935,10.66428],"size":[7,4,5],"uv":[215,159]},{"origin":[49.79109,38.20935,10.66428],"size":[7,4.2,5],"pivot":[49.79109,40.30935,13.16428],"rotation":[-1.73396,52.46643,-3.6412],"uv":[115,215]}]},{"name":"finger3","parent":"lokot","pivot":[42.45,35.25,13],"rotation":[0,-12.5,22.5],"cubes":[{"origin":[42.54109,33.40935,11.16428],"size":[7,4,5],"uv":[215,159]},{"origin":[49.54109,33.20935,11.16428],"size":[7,4.2,5],"pivot":[49.54109,35.30935,13.66428],"rotation":[-1.73396,52.46643,-3.6412],"uv":[115,215]}]},{"name":"bfinger","parent":"lokot","pivot":[41.73409,45.75649,4.03215],"rotation":[-11.13957,51.30422,-57.94553],"cubes":[{"origin":[41.97047,43.76286,1.54082],"size":[5,4.1,5],"uv":[0,9],"mirror":true},{"origin":[46.97047,43.76286,1.44082],"size":[7,4.1,5.2],"pivot":[46.97047,45.81286,4.14082],"rotation":[0,0,82.5],"uv":[213,90]}]},{"name":"bone4","parent":"lokot","pivot":[37.35714,71.45714,9.25],"rotation":[2,0,42.5]},{"name":"rightArm","parent":"body","pivot":[-15.05,59,13],"cubes":[{"origin":[-20.05,51,4],"size":[11,12,15],"pivot":[-4.05,59,7],"rotation":[27.5,0,0],"uv":[163,172],"mirror":true},{"origin":[-27.05,54,2],"size":[11,9,15],"pivot":[-4.05,59,7],"rotation":[24.26701,13.34855,-27.11771],"uv":[163,172],"mirror":true},{"origin":[-36.7291,48.80452,7.38525],"size":[21,6,9],"pivot":[-19.05,56,7],"rotation":[16.56658,-9.65012,-58.61451],"uv":[43,188],"mirror":true}]},{"name":"lokot2","parent":"rightArm","pivot":[-25.3,40.5,10.25],"rotation":[16.61154,-59.98653,-61.24317],"cubes":[{"origin":[-42.10869,36.52521,4.50699],"size":[18,8,9],"uv":[197,63],"mirror":true},{"origin":[-44.10869,34.52521,2.50699],"size":[11,12,13],"uv":[0,197],"mirror":true}]},{"name":"finger4","parent":"lokot2","pivot":[-43.3,45.25,11.75],"rotation":[0,20,17.5],"cubes":[{"origin":[-50.39109,43.40935,9.91428],"size":[7,4,5],"uv":[215,159],"mirror":true},{"origin":[-57.39109,43.20935,9.91428],"size":[7,4.2,5],"pivot":[-50.39109,45.30935,12.41428],"rotation":[-1.73396,-52.46643,3.6412],"uv":[115,215],"mirror":true}]},{"name":"finger5","parent":"lokot2","pivot":[-43.3,40.25,12.5],"rotation":[0,17.5,0],"cubes":[{"origin":[-50.39109,38.40935,10.66428],"size":[7,4,5],"uv":[215,159],"mirror":true},{"origin":[-57.39109,38.20935,10.66428],"size":[7,4.2,5],"pivot":[-50.39109,40.30935,13.16428],"rotation":[-1.73396,-52.46643,3.6412],"uv":[115,215],"mirror":true}]},{"name":"finger6","parent":"lokot2","pivot":[-43.05,35.25,13],"rotation":[0,12.5,-22.5],"cubes":[{"origin":[-50.14109,33.40935,11.16428],"size":[7,4,5],"uv":[215,159],"mirror":true},{"origin":[-57.14109,33.20935,11.16428],"size":[7,4.2,5],"pivot":[-50.14109,35.30935,13.66428],"rotation":[-1.73396,-52.46643,3.6412],"uv":[115,215],"mirror":true}]},{"name":"bfinger2","parent":"lokot2","pivot":[-42.33409,45.75649,4.03215],"rotation":[-11.13957,-51.30422,57.94553],"cubes":[{"origin":[-47.57047,43.76286,1.54082],"size":[5,4.1,5],"uv":[0,9]},{"origin":[-54.57047,43.76286,1.44082],"size":[7,4.1,5.2],"pivot":[-47.57047,45.81286,4.14082],"rotation":[0,0,-82.5],"uv":[213,90],"mirror":true}]},{"name":"bone3","parent":"lokot2","pivot":[-48.05714,44.55714,14.45],"rotation":[-163,30,-42.5]},{"name":"head","parent":"body","pivot":[3.45,59,7],"cubes":[{"origin":[0.45,60,-0.9],"size":[3,2,8.9],"uv":[48,203]},{"origin":[-4.55,60,-0.9],"size":[3,2,8.9],"uv":[200,172]},{"origin":[-5.55,65,0],"size":[10,1,9],"uv":[125,0]},{"origin":[-8.55,54,-1],"size":[5,8.1,10.2],"pivot":[3.45,59,0],"rotation":[0,-0.03,37.5],"uv":[199,31]},{"origin":[1.29169,60.30408,-1.1],"size":[5,8,10.3],"pivot":[3.79169,64.30408,4.5],"rotation":[0,0,-37.5],"uv":[138,190]},{"origin":[5.29169,63.30408,2.97],"size":[4,2,7],"pivot":[3.79169,64.30408,4.5],"rotation":[0,0,-37.5],"uv":[0,143]},{"origin":[9.29169,64.30408,5.97],"size":[2,2,7],"pivot":[3.79169,64.30408,4.5],"rotation":[0,0,-37.5],"uv":[0,84]},{"origin":[11.29169,66.30408,7.97],"size":[1,1,7],"pivot":[3.79169,64.30408,4.5],"rotation":[0,0,-37.5],"uv":[116,45]},{"origin":[-11.39169,61.30408,7.97],"size":[1,1,7],"pivot":[3.10831,64.30408,4.5],"rotation":[0,0,37.5],"uv":[100,45]},{"origin":[-10.39169,59.30408,5.97],"size":[2,2,7],"pivot":[3.10831,64.30408,4.5],"rotation":[0,0,37.5],"uv":[0,43]},{"origin":[-8.39169,58.30408,2.97],"size":[4,2,7],"pivot":[3.10831,64.30408,4.5],"rotation":[0,0,37.5],"uv":[0,134]},{"origin":[3.45,58.3,0.01],"size":[3,4.7,9],"pivot":[3.45,59,8],"rotation":[0,0,-2.5],"uv":[37,161]},{"origin":[-7.55,58,0.01],"size":[3,5,9],"pivot":[3.45,59,0],"rotation":[0,0,2.5],"uv":[92,156]},{"origin":[-5.55,56,0],"size":[10,9,9],"uv":[130,86]}]},{"name":"bone2","parent":"head","pivot":[0.45,58,10],"cubes":[{"origin":[2.45,56,-2.01],"size":[1,1,2],"uv":[181,199]},{"origin":[2.45,57,-2.01],"size":[1,1,1],"uv":[181,199]},{"origin":[-4.55,57,-2.01],"size":[1,1,1],"uv":[181,199]},{"origin":[-4.55,56,-2.01],"size":[1,1,2],"uv":[157,199]},{"origin":[-6.55,52,-2],"size":[12,4,11],"uv":[198,0]}]},{"name":"bone5","parent":"head","pivot":[-0.55,59,1.74],"cubes":[{"origin":[-1.55,58,-2.01],"size":[2,1,11],"uv":[81,34]},{"origin":[-2.55,59,-2.01],"size":[4,1,4],"uv":[83,46]}]},{"name":"bone6","parent":"head","pivot":[-0.55977,62.10999,2.749],"cubes":[{"origin":[-4.55,60,-1.001],"size":[3,2,6],"pivot":[3.45,59,6],"rotation":[0,0,10],"uv":[98,12]},{"origin":[0.45,60.2,-1.001],"size":[3,2,9],"pivot":[-3.55,59,6],"rotation":[0,0,-10],"uv":[194,199]}]}]}]}