{"format_version":"1.12.0","minecraft:geometry":[{"description":{"identifier":"geometry.hotel","texture_width":512,"texture_height":512,"visible_bounds_width":3,"visible_bounds_height":3.5,"visible_bounds_offset":[0,1.25,0]},"bones":[{"name":"root","pivot":[0,0,0]},{"name":"hotel","parent":"root","pivot":[0,0,0],"cubes":[{"origin":[-8,0,-10],"size":[16,32,20],"uv":{"north":{"uv":[0,256],"uv_size":[128,256]},"east":{"uv":[0,0],"uv_size":[160,256]},"south":{"uv":[128,256],"uv_size":[128,256]},"west":{"uv":[0,0],"uv_size":[160,256]},"up":{"uv":[266,58],"uv_size":[16,20]},"down":{"uv":[282,78],"uv_size":[16,-20]}}},{"origin":[-3.95,0,-7.375],"size":[6,7,0],"pivot":[0,3.5,-6],"rotation":[0,-90,0],"uv":{"north":{"uv":[162,0],"uv_size":[48,56]},"east":{"uv":[162,0],"uv_size":[0,7]},"south":{"uv":[162,0],"uv_size":[48,56]},"west":{"uv":[168,0],"uv_size":[0,7]},"up":{"uv":[162,0],"uv_size":[6,0]},"down":{"uv":[168,0],"uv_size":[6,0]}}},{"origin":[-2.025,0,-7.375],"size":[6,7,0],"pivot":[0,3.5,-6],"rotation":[0,90,0],"uv":{"north":{"uv":[162,0],"uv_size":[48,56]},"east":{"uv":[162,0],"uv_size":[0,7]},"south":{"uv":[162,0],"uv_size":[48,56]},"west":{"uv":[168,0],"uv_size":[0,7]},"up":{"uv":[162,0],"uv_size":[6,0]},"down":{"uv":[168,0],"uv_size":[6,0]}}},{"origin":[-4.375,0,-4.1],"size":[6,7,0],"uv":{"north":{"uv":[162,0],"uv_size":[48,56]},"east":{"uv":[162,0],"uv_size":[0,7]},"south":{"uv":[162,0],"uv_size":[48,56]},"west":{"uv":[168,0],"uv_size":[0,7]},"up":{"uv":[162,0],"uv_size":[6,0]},"down":{"uv":[168,0],"uv_size":[6,0]}}},{"origin":[-8.2,-2.375,0.5],"size":[6,7,0],"pivot":[-1.375,3.5,-2.975],"rotation":[-90,-90,0],"uv":{"north":{"uv":[162,0],"uv_size":[48,56]},"east":{"uv":[162,0],"uv_size":[0,7]},"south":{"uv":[162,0],"uv_size":[48,56]},"west":{"uv":[168,0],"uv_size":[0,7]},"up":{"uv":[162,0],"uv_size":[6,0]},"down":{"uv":[168,0],"uv_size":[6,0]}}},{"origin":[-8,31.3,-10],"size":[16,0,20],"uv":[142,56]}]},{"name":"sign","parent":"hotel","pivot":[0,0,0],"cubes":[{"origin":[-0.5,9,-14],"size":[1,20,3],"uv":{"north":{"uv":[202,136],"uv_size":[1,20]},"east":{"uv":[210,0],"uv_size":[24,160]},"south":{"uv":[206,136],"uv_size":[1,20]},"west":{"uv":[234,0],"uv_size":[24,160]},"up":{"uv":[202,133],"uv_size":[1,3]},"down":{"uv":[203,136],"uv_size":[1,-3]}}},{"origin":[-0.5,26,-11],"size":[1,1,2],"uv":[204,128]},{"origin":[-0.5,11,-11],"size":[1,1,2],"uv":[204,128]}]},{"name":"lights","parent":"sign","pivot":[0,0,0]},{"name":"H1","parent":"lights","pivot":[0.2875,27.375,-12.4875],"cubes":[{"origin":[0,26.5,-13.25],"size":[0.575,1.75,0.275],"uv":{"north":{"uv":[263,6],"uv_size":[1,1]},"east":{"uv":[263,6],"uv_size":[0,1]},"south":{"uv":[263,6],"uv_size":[1,1]},"west":{"uv":[263,6],"uv_size":[1,1]},"up":{"uv":[264,7],"uv_size":[-1,-1]},"down":{"uv":[264,7],"uv_size":[-1,-1]}}},{"origin":[0,26.5,-12],"size":[0.575,1.75,0.275],"uv":{"north":{"uv":[262,7],"uv_size":[1,1]},"east":{"uv":[263,7],"uv_size":[-1,1]},"south":{"uv":[262,7],"uv_size":[1,1]},"west":{"uv":[262,7],"uv_size":[1,1]},"up":{"uv":[263,8],"uv_size":[-1,-1]},"down":{"uv":[263,8],"uv_size":[-1,-1]}}},{"origin":[0,27.25,-12.975],"size":[0.575,0.25,0.975],"uv":{"north":{"uv":[263,6],"uv_size":[0,0]},"east":{"uv":[263,6],"uv_size":[0,0]},"south":{"uv":[263,6],"uv_size":[0,0]},"west":{"uv":[263,6],"uv_size":[1,1]},"up":{"uv":[264,7],"uv_size":[-1,-1]},"down":{"uv":[264,7],"uv_size":[-1,-1]}}}]},{"name":"H2","parent":"lights","pivot":[-0.2875,27.375,-12.4875],"cubes":[{"origin":[-0.575,26.5,-13.25],"size":[0.575,1.75,0.275],"uv":{"north":{"uv":[264,6],"uv_size":[-1,1]},"east":{"uv":[263,6],"uv_size":[1,1]},"south":{"uv":[263,6],"uv_size":[1,1]},"west":{"uv":[263,6],"uv_size":[1,1]},"up":{"uv":[264,7],"uv_size":[-1,-1]},"down":{"uv":[264,7],"uv_size":[-1,-1]}}},{"origin":[-0.575,26.5,-12],"size":[0.575,1.75,0.275],"uv":{"north":{"uv":[263,6],"uv_size":[1,1]},"east":{"uv":[263,6],"uv_size":[1,1]},"south":{"uv":[263,6],"uv_size":[1,1]},"west":{"uv":[263,6],"uv_size":[1,1]},"up":{"uv":[264,7],"uv_size":[-1,-1]},"down":{"uv":[264,7],"uv_size":[-1,-1]}}},{"origin":[-0.575,27.25,-12.975],"size":[0.575,0.25,0.975],"uv":{"north":{"uv":[263,6],"uv_size":[1,1]},"east":{"uv":[263,6],"uv_size":[1,1]},"south":{"uv":[263,6],"uv_size":[1,1]},"west":{"uv":[263,6],"uv_size":[1,1]},"up":{"uv":[264,7],"uv_size":[-1,-1]},"down":{"uv":[264,7],"uv_size":[-1,-1]}}}]},{"name":"O1","parent":"lights","pivot":[0.2875,25.125,-12.5],"cubes":[{"origin":[0,25.75,-13],"size":[0.575,0.25,1],"uv":{"north":{"uv":[263,6],"uv_size":[1,1]},"east":{"uv":[263,6],"uv_size":[1,1]},"south":{"uv":[263,6],"uv_size":[1,1]},"west":{"uv":[263,6],"uv_size":[1,1]},"up":{"uv":[264,7],"uv_size":[-1,-1]},"down":{"uv":[264,7],"uv_size":[-1,-1]}}},{"origin":[0,24.25,-13],"size":[0.575,0.25,1],"uv":{"north":{"uv":[263,6],"uv_size":[1,1]},"east":{"uv":[263,6],"uv_size":[1,1]},"south":{"uv":[263,6],"uv_size":[1,1]},"west":{"uv":[263,6],"uv_size":[1,1]},"up":{"uv":[264,7],"uv_size":[-1,-1]},"down":{"uv":[264,7],"uv_size":[-1,-1]}}},{"origin":[0,25.75,-13.125],"size":[0.575,0.125,0.125],"uv":{"north":{"uv":[263,6],"uv_size":[1,1]},"east":{"uv":[263,6],"uv_size":[1,1]},"south":{"uv":[263,6],"uv_size":[1,1]},"west":{"uv":[263,6],"uv_size":[1,1]},"up":{"uv":[264,7],"uv_size":[-1,-1]},"down":{"uv":[264,7],"uv_size":[-1,-1]}}},{"origin":[0,24.375,-13.125],"size":[0.575,0.125,0.125],"uv":{"north":{"uv":[263,6],"uv_size":[1,1]},"east":{"uv":[263,6],"uv_size":[1,1]},"south":{"uv":[263,6],"uv_size":[1,1]},"west":{"uv":[263,6],"uv_size":[1,1]},"up":{"uv":[264,7],"uv_size":[-1,-1]},"down":{"uv":[264,7],"uv_size":[-1,-1]}}},{"origin":[0,24.375,-12],"size":[0.575,0.125,0.125],"uv":{"north":{"uv":[263,6],"uv_size":[1,1]},"east":{"uv":[263,6],"uv_size":[1,1]},"south":{"uv":[263,6],"uv_size":[1,1]},"west":{"uv":[263,6],"uv_size":[1,1]},"up":{"uv":[264,7],"uv_size":[-1,-1]},"down":{"uv":[264,7],"uv_size":[-1,-1]}}},{"origin":[0,25.75,-12],"size":[0.575,0.125,0.125],"uv":{"north":{"uv":[263,6],"uv_size":[1,1]},"east":{"uv":[263,6],"uv_size":[1,1]},"south":{"uv":[263,6],"uv_size":[1,1]},"west":{"uv":[263,6],"uv_size":[1,1]},"up":{"uv":[264,7],"uv_size":[-1,-1]},"down":{"uv":[264,7],"uv_size":[-1,-1]}}},{"origin":[0,25.625,-12.125],"size":[0.575,0.125,0.125],"uv":{"north":{"uv":[263,6],"uv_size":[1,1]},"east":{"uv":[263,6],"uv_size":[1,1]},"south":{"uv":[263,6],"uv_size":[1,1]},"west":{"uv":[263,6],"uv_size":[1,1]},"up":{"uv":[264,7],"uv_size":[-1,-1]},"down":{"uv":[264,7],"uv_size":[-1,-1]}}},{"origin":[0,25.625,-13],"size":[0.575,0.125,0.125],"uv":{"north":{"uv":[263,6],"uv_size":[1,1]},"east":{"uv":[263,6],"uv_size":[1,1]},"south":{"uv":[263,6],"uv_size":[1,1]},"west":{"uv":[263,6],"uv_size":[1,1]},"up":{"uv":[264,7],"uv_size":[-1,-1]},"down":{"uv":[264,7],"uv_size":[-1,-1]}}},{"origin":[0,24.5,-13],"size":[0.575,0.125,0.125],"uv":{"north":{"uv":[263,6],"uv_size":[1,1]},"east":{"uv":[263,6],"uv_size":[1,1]},"south":{"uv":[263,6],"uv_size":[1,1]},"west":{"uv":[263,6],"uv_size":[1,1]},"up":{"uv":[264,7],"uv_size":[-1,-1]},"down":{"uv":[264,7],"uv_size":[-1,-1]}}},{"origin":[0,24.5,-12.125],"size":[0.575,0.125,0.125],"uv":{"north":{"uv":[263,6],"uv_size":[1,1]},"east":{"uv":[263,6],"uv_size":[1,1]},"south":{"uv":[263,6],"uv_size":[1,1]},"west":{"uv":[263,6],"uv_size":[1,1]},"up":{"uv":[264,7],"uv_size":[-1,-1]},"down":{"uv":[264,7],"uv_size":[-1,-1]}}},{"origin":[0,24.5,-13.25],"size":[0.575,1.25,0.25],"uv":{"north":{"uv":[263,6],"uv_size":[1,1]},"east":{"uv":[263,6],"uv_size":[0,1]},"south":{"uv":[263,6],"uv_size":[1,1]},"west":{"uv":[263,6],"uv_size":[1,1]},"up":{"uv":[264,7],"uv_size":[-1,-1]},"down":{"uv":[264,7],"uv_size":[-1,-1]}}},{"origin":[0,24.5,-12],"size":[0.575,1.25,0.25],"uv":{"north":{"uv":[263,6],"uv_size":[1,1]},"east":{"uv":[263,6],"uv_size":[0,1]},"south":{"uv":[263,6],"uv_size":[1,1]},"west":{"uv":[263,6],"uv_size":[1,1]},"up":{"uv":[264,7],"uv_size":[-1,-1]},"down":{"uv":[264,7],"uv_size":[-1,-1]}}}]},{"name":"O2","parent":"lights","pivot":[-0.2875,25.125,-12.5],"cubes":[{"origin":[-0.575,25.75,-13],"size":[0.575,0.25,1],"uv":{"north":{"uv":[263,6],"uv_size":[1,1]},"east":{"uv":[263,6],"uv_size":[1,1]},"south":{"uv":[263,6],"uv_size":[1,1]},"west":{"uv":[263,6],"uv_size":[1,1]},"up":{"uv":[264,7],"uv_size":[-1,-1]},"down":{"uv":[264,7],"uv_size":[-1,-1]}}},{"origin":[-0.575,24.25,-13],"size":[0.575,0.25,1],"uv":{"north":{"uv":[263,6],"uv_size":[1,1]},"east":{"uv":[263,6],"uv_size":[1,1]},"south":{"uv":[263,6],"uv_size":[1,1]},"west":{"uv":[263,6],"uv_size":[1,1]},"up":{"uv":[264,7],"uv_size":[-1,-1]},"down":{"uv":[264,7],"uv_size":[-1,-1]}}},{"origin":[-0.575,25.75,-13.125],"size":[0.575,0.125,0.125],"uv":{"north":{"uv":[263,6],"uv_size":[1,1]},"east":{"uv":[263,6],"uv_size":[1,1]},"south":{"uv":[263,6],"uv_size":[1,1]},"west":{"uv":[263,6],"uv_size":[1,1]},"up":{"uv":[264,7],"uv_size":[-1,-1]},"down":{"uv":[264,7],"uv_size":[-1,-1]}}},{"origin":[-0.575,24.375,-13.125],"size":[0.575,0.125,0.125],"uv":{"north":{"uv":[263,6],"uv_size":[1,1]},"east":{"uv":[263,6],"uv_size":[1,1]},"south":{"uv":[263,6],"uv_size":[1,1]},"west":{"uv":[263,6],"uv_size":[1,1]},"up":{"uv":[264,7],"uv_size":[-1,-1]},"down":{"uv":[264,7],"uv_size":[-1,-1]}}},{"origin":[-0.575,24.375,-12],"size":[0.575,0.125,0.125],"uv":{"north":{"uv":[263,6],"uv_size":[1,1]},"east":{"uv":[263,6],"uv_size":[1,1]},"south":{"uv":[263,6],"uv_size":[1,1]},"west":{"uv":[263,6],"uv_size":[1,1]},"up":{"uv":[264,7],"uv_size":[-1,-1]},"down":{"uv":[264,7],"uv_size":[-1,-1]}}},{"origin":[-0.575,25.75,-12],"size":[0.575,0.125,0.125],"uv":{"north":{"uv":[263,6],"uv_size":[1,1]},"east":{"uv":[263,6],"uv_size":[1,1]},"south":{"uv":[263,6],"uv_size":[1,1]},"west":{"uv":[263,6],"uv_size":[1,1]},"up":{"uv":[264,7],"uv_size":[-1,-1]},"down":{"uv":[264,7],"uv_size":[-1,-1]}}},{"origin":[-0.575,25.625,-12.125],"size":[0.575,0.125,0.125],"uv":{"north":{"uv":[263,6],"uv_size":[1,1]},"east":{"uv":[263,6],"uv_size":[1,1]},"south":{"uv":[263,6],"uv_size":[1,1]},"west":{"uv":[263,6],"uv_size":[1,1]},"up":{"uv":[264,7],"uv_size":[-1,-1]},"down":{"uv":[264,7],"uv_size":[-1,-1]}}},{"origin":[-0.575,25.625,-13],"size":[0.575,0.125,0.125],"uv":{"north":{"uv":[263,6],"uv_size":[1,1]},"east":{"uv":[263,6],"uv_size":[1,1]},"south":{"uv":[263,6],"uv_size":[1,1]},"west":{"uv":[263,6],"uv_size":[1,1]},"up":{"uv":[264,7],"uv_size":[-1,-1]},"down":{"uv":[264,7],"uv_size":[-1,-1]}}},{"origin":[-0.575,24.5,-13],"size":[0.575,0.125,0.125],"uv":{"north":{"uv":[263,6],"uv_size":[1,1]},"east":{"uv":[263,6],"uv_size":[1,1]},"south":{"uv":[263,6],"uv_size":[1,1]},"west":{"uv":[263,6],"uv_size":[1,1]},"up":{"uv":[264,7],"uv_size":[-1,-1]},"down":{"uv":[264,7],"uv_size":[-1,-1]}}},{"origin":[-0.575,24.5,-12.125],"size":[0.575,0.125,0.125],"uv":{"north":{"uv":[263,6],"uv_size":[1,1]},"east":{"uv":[263,6],"uv_size":[1,1]},"south":{"uv":[263,6],"uv_size":[1,1]},"west":{"uv":[263,6],"uv_size":[1,1]},"up":{"uv":[264,7],"uv_size":[-1,-1]},"down":{"uv":[264,7],"uv_size":[-1,-1]}}},{"origin":[-0.575,24.5,-13.25],"size":[0.575,1.25,0.25],"uv":{"north":{"uv":[263,6],"uv_size":[1,1]},"east":{"uv":[263,6],"uv_size":[1,1]},"south":{"uv":[263,6],"uv_size":[1,1]},"west":{"uv":[263,6],"uv_size":[1,1]},"up":{"uv":[264,7],"uv_size":[-1,-1]},"down":{"uv":[264,7],"uv_size":[-1,-1]}}},{"origin":[-0.575,24.5,-12],"size":[0.575,1.25,0.25],"uv":{"north":{"uv":[263,6],"uv_size":[1,1]},"east":{"uv":[263,6],"uv_size":[1,1]},"south":{"uv":[263,6],"uv_size":[1,1]},"west":{"uv":[263,6],"uv_size":[1,1]},"up":{"uv":[264,7],"uv_size":[-1,-1]},"down":{"uv":[264,7],"uv_size":[-1,-1]}}}]},{"name":"T1","parent":"lights","pivot":[0.2875,23.19375,-12.5],"cubes":[{"origin":[0,22.025,-12.625],"size":[0.575,1.475,0.25],"uv":{"north":{"uv":[263,6],"uv_size":[1,1]},"east":{"uv":[263,6],"uv_size":[0,1]},"south":{"uv":[263,6],"uv_size":[1,1]},"west":{"uv":[263,6],"uv_size":[1,1]},"up":{"uv":[264,7],"uv_size":[-1,-1]},"down":{"uv":[264,7],"uv_size":[-1,-1]}}},{"origin":[0,23.5,-13.25],"size":[0.575,0.25,1.5],"uv":{"north":{"uv":[263,6],"uv_size":[1,1]},"east":{"uv":[263,6],"uv_size":[1,1]},"south":{"uv":[263,6],"uv_size":[1,1]},"west":{"uv":[263,6],"uv_size":[1,1]},"up":{"uv":[264,7],"uv_size":[-1,-1]},"down":{"uv":[264,7],"uv_size":[-1,-1]}}}]},{"name":"T2","parent":"lights","pivot":[-0.2625,23.19375,-12.5],"cubes":[{"origin":[-0.55,23.5,-13.25],"size":[0.575,0.25,1.5],"uv":{"north":{"uv":[263,6],"uv_size":[1,1]},"east":{"uv":[263,6],"uv_size":[1,1]},"south":{"uv":[263,6],"uv_size":[1,1]},"west":{"uv":[263,6],"uv_size":[1,1]},"up":{"uv":[264,7],"uv_size":[-1,-1]},"down":{"uv":[264,7],"uv_size":[-1,-1]}}},{"origin":[-0.55,22.025,-12.625],"size":[0.575,1.475,0.25],"uv":{"north":{"uv":[263,6],"uv_size":[1,1]},"east":{"uv":[263,6],"uv_size":[1,1]},"south":{"uv":[263,6],"uv_size":[1,1]},"west":{"uv":[263,6],"uv_size":[1,1]},"up":{"uv":[264,7],"uv_size":[-1,-1]},"down":{"uv":[264,7],"uv_size":[-1,-1]}}}]},{"name":"E1","parent":"lights","pivot":[0.2875,20.625,-12.67187],"cubes":[{"origin":[0,21.25,-13.25],"size":[0.575,0.25,1.5],"uv":{"north":{"uv":[263,6],"uv_size":[1,1]},"east":{"uv":[263,6],"uv_size":[1,1]},"south":{"uv":[263,6],"uv_size":[1,1]},"west":{"uv":[263,6],"uv_size":[1,1]},"up":{"uv":[264,7],"uv_size":[-1,-1]},"down":{"uv":[264,7],"uv_size":[-1,-1]}}},{"origin":[0,20,-13.25],"size":[0.575,1.25,0.25],"uv":{"north":{"uv":[263,6],"uv_size":[1,1]},"east":{"uv":[263,6],"uv_size":[1,1]},"south":{"uv":[263,6],"uv_size":[1,1]},"west":{"uv":[263,6],"uv_size":[1,1]},"up":{"uv":[264,7],"uv_size":[-1,-1]},"down":{"uv":[264,7],"uv_size":[-1,-1]}}},{"origin":[0,19.75,-13.25],"size":[0.575,0.25,1.5],"uv":{"north":{"uv":[263,6],"uv_size":[1,1]},"east":{"uv":[263,6],"uv_size":[1,1]},"south":{"uv":[263,6],"uv_size":[1,1]},"west":{"uv":[263,6],"uv_size":[1,1]},"up":{"uv":[264,7],"uv_size":[-1,-1]},"down":{"uv":[264,7],"uv_size":[-1,-1]}}},{"origin":[0,20.5,-13],"size":[0.575,0.25,0.875],"uv":{"north":{"uv":[263,6],"uv_size":[1,1]},"east":{"uv":[263,6],"uv_size":[1,1]},"south":{"uv":[263,6],"uv_size":[1,1]},"west":{"uv":[263,6],"uv_size":[1,1]},"up":{"uv":[264,7],"uv_size":[-1,-1]},"down":{"uv":[264,7],"uv_size":[-1,-1]}}}]},{"name":"E2","parent":"lights","pivot":[-0.2875,20.625,-12.32812],"cubes":[{"origin":[-0.575,21.25,-13.25],"size":[0.575,0.25,1.5],"uv":{"north":{"uv":[263,6],"uv_size":[1,1]},"east":{"uv":[263,6],"uv_size":[1,1]},"south":{"uv":[263,6],"uv_size":[1,1]},"west":{"uv":[263,6],"uv_size":[1,1]},"up":{"uv":[264,7],"uv_size":[-1,-1]},"down":{"uv":[264,7],"uv_size":[-1,-1]}}},{"origin":[-0.575,19.75,-13.25],"size":[0.575,0.25,1.5],"uv":{"north":{"uv":[263,6],"uv_size":[1,1]},"east":{"uv":[263,6],"uv_size":[1,1]},"south":{"uv":[263,6],"uv_size":[1,1]},"west":{"uv":[263,6],"uv_size":[1,1]},"up":{"uv":[264,7],"uv_size":[-1,-1]},"down":{"uv":[264,7],"uv_size":[-1,-1]}}},{"origin":[-0.575,20,-12],"size":[0.575,1.25,0.25],"uv":{"north":{"uv":[263,6],"uv_size":[1,1]},"east":{"uv":[263,6],"uv_size":[1,1]},"south":{"uv":[263,6],"uv_size":[1,1]},"west":{"uv":[263,6],"uv_size":[1,1]},"up":{"uv":[264,7],"uv_size":[-1,-1]},"down":{"uv":[264,7],"uv_size":[-1,-1]}}},{"origin":[-0.575,20.5,-12.875],"size":[0.575,0.25,0.875],"uv":{"north":{"uv":[263,6],"uv_size":[1,1]},"east":{"uv":[263,6],"uv_size":[1,1]},"south":{"uv":[263,6],"uv_size":[1,1]},"west":{"uv":[263,6],"uv_size":[1,1]},"up":{"uv":[264,7],"uv_size":[-1,-1]},"down":{"uv":[264,7],"uv_size":[-1,-1]}}}]},{"name":"L1","parent":"lights","pivot":[0.2875,18.0625,-12.8125],"cubes":[{"origin":[0,17.5,-13.25],"size":[0.575,0.25,1.5],"uv":{"north":{"uv":[263,6],"uv_size":[1,1]},"east":{"uv":[263,6],"uv_size":[1,1]},"south":{"uv":[263,6],"uv_size":[1,1]},"west":{"uv":[263,6],"uv_size":[1,1]},"up":{"uv":[264,7],"uv_size":[-1,-1]},"down":{"uv":[264,7],"uv_size":[-1,-1]}}},{"origin":[0,17.75,-13.25],"size":[0.575,1.5,0.25],"uv":{"north":{"uv":[263,6],"uv_size":[1,1]},"east":{"uv":[263,6],"uv_size":[1,1]},"south":{"uv":[263,6],"uv_size":[1,1]},"west":{"uv":[263,6],"uv_size":[1,1]},"up":{"uv":[264,7],"uv_size":[-1,-1]},"down":{"uv":[264,7],"uv_size":[-1,-1]}}}]},{"name":"L2","parent":"lights","pivot":[-0.2875,18.0625,-12.1875],"cubes":[{"origin":[-0.575,17.75,-12],"size":[0.575,1.5,0.25],"uv":{"north":{"uv":[263,6],"uv_size":[1,1]},"east":{"uv":[263,6],"uv_size":[1,1]},"south":{"uv":[263,6],"uv_size":[1,1]},"west":{"uv":[263,6],"uv_size":[1,1]},"up":{"uv":[264,7],"uv_size":[-1,-1]},"down":{"uv":[264,7],"uv_size":[-1,-1]}}},{"origin":[-0.575,17.5,-13.25],"size":[0.575,0.25,1.5],"uv":{"north":{"uv":[263,6],"uv_size":[1,1]},"east":{"uv":[263,6],"uv_size":[1,1]},"south":{"uv":[263,6],"uv_size":[1,1]},"west":{"uv":[263,6],"uv_size":[1,1]},"up":{"uv":[264,7],"uv_size":[-1,-1]},"down":{"uv":[264,7],"uv_size":[-1,-1]}}}]},{"name":"arrow1","parent":"lights","pivot":[0.2875,11.73529,-12.33088],"cubes":[{"origin":[0,11.25,-13.125],"size":[0.575,5.25,0.125],"uv":{"north":{"uv":[264,6],"uv_size":[1,1]},"east":{"uv":[264,6],"uv_size":[1,1]},"south":{"uv":[264,6],"uv_size":[1,1]},"west":{"uv":[264,6],"uv_size":[1,1]},"up":{"uv":[265,7],"uv_size":[-1,-1]},"down":{"uv":[265,7],"uv_size":[-1,-1]}}},{"origin":[0,11.375,-12.875],"size":[0.575,5.125,0.125],"uv":{"north":{"uv":[264,6],"uv_size":[1,1]},"east":{"uv":[264,6],"uv_size":[1,1]},"south":{"uv":[264,6],"uv_size":[1,1]},"west":{"uv":[264,6],"uv_size":[1,1]},"up":{"uv":[265,7],"uv_size":[-1,-1]},"down":{"uv":[265,7],"uv_size":[-1,-1]}}},{"origin":[0,16.375,-13],"size":[0.575,0.125,0.125],"uv":{"north":{"uv":[264,6],"uv_size":[1,1]},"east":{"uv":[264,6],"uv_size":[1,1]},"south":{"uv":[264,6],"uv_size":[1,1]},"west":{"uv":[264,6],"uv_size":[1,1]},"up":{"uv":[265,7],"uv_size":[-1,-1]},"down":{"uv":[265,7],"uv_size":[-1,-1]}}},{"origin":[0,11.125,-13],"size":[0.575,0.125,0.125],"uv":{"north":{"uv":[264,6],"uv_size":[1,1]},"east":{"uv":[264,6],"uv_size":[1,1]},"south":{"uv":[264,6],"uv_size":[1,1]},"west":{"uv":[264,6],"uv_size":[1,1]},"up":{"uv":[265,7],"uv_size":[-1,-1]},"down":{"uv":[265,7],"uv_size":[-1,-1]}}},{"origin":[0,11.375,-12.125],"size":[0.575,0.125,0.125],"uv":{"north":{"uv":[264,6],"uv_size":[1,1]},"east":{"uv":[264,6],"uv_size":[1,1]},"south":{"uv":[264,6],"uv_size":[1,1]},"west":{"uv":[264,6],"uv_size":[1,1]},"up":{"uv":[265,7],"uv_size":[-1,-1]},"down":{"uv":[265,7],"uv_size":[-1,-1]}}},{"origin":[0,11.25,-12],"size":[0.575,0.125,0.125],"uv":{"north":{"uv":[264,6],"uv_size":[1,1]},"east":{"uv":[264,6],"uv_size":[1,1]},"south":{"uv":[264,6],"uv_size":[1,1]},"west":{"uv":[264,6],"uv_size":[1,1]},"up":{"uv":[265,7],"uv_size":[-1,-1]},"down":{"uv":[265,7],"uv_size":[-1,-1]}}},{"origin":[0,11.125,-11.875],"size":[0.575,0.125,0.125],"uv":{"north":{"uv":[264,6],"uv_size":[1,1]},"east":{"uv":[264,6],"uv_size":[1,1]},"south":{"uv":[264,6],"uv_size":[1,1]},"west":{"uv":[264,6],"uv_size":[1,1]},"up":{"uv":[265,7],"uv_size":[-1,-1]},"down":{"uv":[265,7],"uv_size":[-1,-1]}}},{"origin":[0,11,-11.75],"size":[0.575,0.125,0.125],"uv":{"north":{"uv":[264,6],"uv_size":[1,1]},"east":{"uv":[264,6],"uv_size":[1,1]},"south":{"uv":[264,6],"uv_size":[1,1]},"west":{"uv":[264,6],"uv_size":[1,1]},"up":{"uv":[265,7],"uv_size":[-1,-1]},"down":{"uv":[265,7],"uv_size":[-1,-1]}}},{"origin":[0,10.875,-11.875],"size":[0.575,0.125,0.125],"uv":{"north":{"uv":[264,6],"uv_size":[1,1]},"east":{"uv":[264,6],"uv_size":[1,1]},"south":{"uv":[264,6],"uv_size":[1,1]},"west":{"uv":[264,6],"uv_size":[1,1]},"up":{"uv":[265,7],"uv_size":[-1,-1]},"down":{"uv":[265,7],"uv_size":[-1,-1]}}},{"origin":[0,10.75,-12],"size":[0.575,0.125,0.125],"uv":{"north":{"uv":[264,6],"uv_size":[1,1]},"east":{"uv":[264,6],"uv_size":[1,1]},"south":{"uv":[264,6],"uv_size":[1,1]},"west":{"uv":[264,6],"uv_size":[1,1]},"up":{"uv":[265,7],"uv_size":[-1,-1]},"down":{"uv":[265,7],"uv_size":[-1,-1]}}},{"origin":[0,10.625,-12.125],"size":[0.575,0.125,0.125],"uv":{"north":{"uv":[264,6],"uv_size":[1,1]},"east":{"uv":[264,6],"uv_size":[1,1]},"south":{"uv":[264,6],"uv_size":[1,1]},"west":{"uv":[264,6],"uv_size":[1,1]},"up":{"uv":[265,7],"uv_size":[-1,-1]},"down":{"uv":[265,7],"uv_size":[-1,-1]}}},{"origin":[0,11,-12.875],"size":[0.575,0.125,0.25],"uv":{"north":{"uv":[264,6],"uv_size":[1,1]},"east":{"uv":[264,6],"uv_size":[1,1]},"south":{"uv":[264,6],"uv_size":[1,1]},"west":{"uv":[264,6],"uv_size":[1,1]},"up":{"uv":[265,7],"uv_size":[-1,-1]},"down":{"uv":[265,7],"uv_size":[-1,-1]}}},{"origin":[0,11.25,-12.75],"size":[0.575,0.125,0.25],"uv":{"north":{"uv":[264,6],"uv_size":[1,1]},"east":{"uv":[264,6],"uv_size":[1,1]},"south":{"uv":[264,6],"uv_size":[1,1]},"west":{"uv":[264,6],"uv_size":[1,1]},"up":{"uv":[265,7],"uv_size":[-1,-1]},"down":{"uv":[265,7],"uv_size":[-1,-1]}}},{"origin":[0,11.125,-12.5],"size":[0.575,0.125,0.25],"uv":{"north":{"uv":[264,6],"uv_size":[1,1]},"east":{"uv":[264,6],"uv_size":[1,1]},"south":{"uv":[264,6],"uv_size":[1,1]},"west":{"uv":[264,6],"uv_size":[1,1]},"up":{"uv":[265,7],"uv_size":[-1,-1]},"down":{"uv":[265,7],"uv_size":[-1,-1]}}},{"origin":[0,10.875,-12.625],"size":[0.575,0.125,0.375],"uv":{"north":{"uv":[264,6],"uv_size":[1,1]},"east":{"uv":[264,6],"uv_size":[1,1]},"south":{"uv":[264,6],"uv_size":[1,1]},"west":{"uv":[264,6],"uv_size":[1,1]},"up":{"uv":[265,7],"uv_size":[-1,-1]},"down":{"uv":[265,7],"uv_size":[-1,-1]}}},{"origin":[0,10.5,-12.25],"size":[0.575,0.5,0.125],"uv":{"north":{"uv":[264,6],"uv_size":[1,1]},"east":{"uv":[264,6],"uv_size":[1,1]},"south":{"uv":[264,6],"uv_size":[1,1]},"west":{"uv":[264,6],"uv_size":[1,1]},"up":{"uv":[265,7],"uv_size":[-1,-1]},"down":{"uv":[265,7],"uv_size":[-1,-1]}}},{"origin":[0,11.125,-12.25],"size":[0.575,0.5,0.125],"uv":{"north":{"uv":[264,6],"uv_size":[1,1]},"east":{"uv":[264,6],"uv_size":[1,1]},"south":{"uv":[264,6],"uv_size":[1,1]},"west":{"uv":[264,6],"uv_size":[1,1]},"up":{"uv":[265,7],"uv_size":[-1,-1]},"down":{"uv":[265,7],"uv_size":[-1,-1]}}}]},{"name":"arrow2","parent":"lights","pivot":[-0.2875,11.73529,-12.33088],"cubes":[{"origin":[-0.575,11.25,-13.125],"size":[0.575,5.25,0.125],"uv":{"north":{"uv":[264,6],"uv_size":[1,1]},"east":{"uv":[264,6],"uv_size":[1,1]},"south":{"uv":[264,6],"uv_size":[1,1]},"west":{"uv":[264,6],"uv_size":[1,1]},"up":{"uv":[265,7],"uv_size":[-1,-1]},"down":{"uv":[265,7],"uv_size":[-1,-1]}}},{"origin":[-0.575,11.375,-12.875],"size":[0.575,5.125,0.125],"uv":{"north":{"uv":[264,6],"uv_size":[1,1]},"east":{"uv":[264,6],"uv_size":[1,1]},"south":{"uv":[264,6],"uv_size":[1,1]},"west":{"uv":[264,6],"uv_size":[1,1]},"up":{"uv":[265,7],"uv_size":[-1,-1]},"down":{"uv":[265,7],"uv_size":[-1,-1]}}},{"origin":[-0.575,16.375,-13],"size":[0.575,0.125,0.125],"uv":{"north":{"uv":[264,6],"uv_size":[1,1]},"east":{"uv":[264,6],"uv_size":[1,1]},"south":{"uv":[264,6],"uv_size":[1,1]},"west":{"uv":[264,6],"uv_size":[1,1]},"up":{"uv":[265,7],"uv_size":[-1,-1]},"down":{"uv":[265,7],"uv_size":[-1,-1]}}},{"origin":[-0.575,11.125,-13],"size":[0.575,0.125,0.125],"uv":{"north":{"uv":[264,6],"uv_size":[1,1]},"east":{"uv":[264,6],"uv_size":[1,1]},"south":{"uv":[264,6],"uv_size":[1,1]},"west":{"uv":[264,6],"uv_size":[1,1]},"up":{"uv":[265,7],"uv_size":[-1,-1]},"down":{"uv":[265,7],"uv_size":[-1,-1]}}},{"origin":[-0.575,11.375,-12.125],"size":[0.575,0.125,0.125],"uv":{"north":{"uv":[264,6],"uv_size":[1,1]},"east":{"uv":[264,6],"uv_size":[1,1]},"south":{"uv":[264,6],"uv_size":[1,1]},"west":{"uv":[264,6],"uv_size":[1,1]},"up":{"uv":[265,7],"uv_size":[-1,-1]},"down":{"uv":[265,7],"uv_size":[-1,-1]}}},{"origin":[-0.575,11.25,-12],"size":[0.575,0.125,0.125],"uv":{"north":{"uv":[264,6],"uv_size":[1,1]},"east":{"uv":[264,6],"uv_size":[1,1]},"south":{"uv":[264,6],"uv_size":[1,1]},"west":{"uv":[264,6],"uv_size":[1,1]},"up":{"uv":[265,7],"uv_size":[-1,-1]},"down":{"uv":[265,7],"uv_size":[-1,-1]}}},{"origin":[-0.575,11.125,-11.875],"size":[0.575,0.125,0.125],"uv":{"north":{"uv":[264,6],"uv_size":[1,1]},"east":{"uv":[264,6],"uv_size":[1,1]},"south":{"uv":[264,6],"uv_size":[1,1]},"west":{"uv":[264,6],"uv_size":[1,1]},"up":{"uv":[265,7],"uv_size":[-1,-1]},"down":{"uv":[265,7],"uv_size":[-1,-1]}}},{"origin":[-0.575,11,-11.75],"size":[0.575,0.125,0.125],"uv":{"north":{"uv":[264,6],"uv_size":[1,1]},"east":{"uv":[264,6],"uv_size":[1,1]},"south":{"uv":[264,6],"uv_size":[1,1]},"west":{"uv":[264,6],"uv_size":[1,1]},"up":{"uv":[265,7],"uv_size":[-1,-1]},"down":{"uv":[265,7],"uv_size":[-1,-1]}}},{"origin":[-0.575,10.875,-11.875],"size":[0.575,0.125,0.125],"uv":{"north":{"uv":[264,6],"uv_size":[1,1]},"east":{"uv":[264,6],"uv_size":[1,1]},"south":{"uv":[264,6],"uv_size":[1,1]},"west":{"uv":[264,6],"uv_size":[1,1]},"up":{"uv":[265,7],"uv_size":[-1,-1]},"down":{"uv":[265,7],"uv_size":[-1,-1]}}},{"origin":[-0.575,10.75,-12],"size":[0.575,0.125,0.125],"uv":{"north":{"uv":[264,6],"uv_size":[1,1]},"east":{"uv":[264,6],"uv_size":[1,1]},"south":{"uv":[264,6],"uv_size":[1,1]},"west":{"uv":[264,6],"uv_size":[1,1]},"up":{"uv":[265,7],"uv_size":[-1,-1]},"down":{"uv":[265,7],"uv_size":[-1,-1]}}},{"origin":[-0.575,10.625,-12.125],"size":[0.575,0.125,0.125],"uv":{"north":{"uv":[264,6],"uv_size":[1,1]},"east":{"uv":[264,6],"uv_size":[1,1]},"south":{"uv":[264,6],"uv_size":[1,1]},"west":{"uv":[264,6],"uv_size":[1,1]},"up":{"uv":[265,7],"uv_size":[-1,-1]},"down":{"uv":[265,7],"uv_size":[-1,-1]}}},{"origin":[-0.575,11,-12.875],"size":[0.575,0.125,0.25],"uv":{"north":{"uv":[264,6],"uv_size":[1,1]},"east":{"uv":[264,6],"uv_size":[1,1]},"south":{"uv":[264,6],"uv_size":[1,1]},"west":{"uv":[264,6],"uv_size":[1,1]},"up":{"uv":[265,7],"uv_size":[-1,-1]},"down":{"uv":[265,7],"uv_size":[-1,-1]}}},{"origin":[-0.575,11.25,-12.75],"size":[0.575,0.125,0.25],"uv":{"north":{"uv":[264,6],"uv_size":[1,1]},"east":{"uv":[264,6],"uv_size":[1,1]},"south":{"uv":[264,6],"uv_size":[1,1]},"west":{"uv":[264,6],"uv_size":[1,1]},"up":{"uv":[265,7],"uv_size":[-1,-1]},"down":{"uv":[265,7],"uv_size":[-1,-1]}}},{"origin":[-0.575,11.125,-12.5],"size":[0.575,0.125,0.25],"uv":{"north":{"uv":[264,6],"uv_size":[1,1]},"east":{"uv":[264,6],"uv_size":[1,1]},"south":{"uv":[264,6],"uv_size":[1,1]},"west":{"uv":[264,6],"uv_size":[1,1]},"up":{"uv":[265,7],"uv_size":[-1,-1]},"down":{"uv":[265,7],"uv_size":[-1,-1]}}},{"origin":[-0.575,10.875,-12.625],"size":[0.575,0.125,0.375],"uv":{"north":{"uv":[264,6],"uv_size":[1,1]},"east":{"uv":[264,6],"uv_size":[1,1]},"south":{"uv":[264,6],"uv_size":[1,1]},"west":{"uv":[264,6],"uv_size":[1,1]},"up":{"uv":[265,7],"uv_size":[-1,-1]},"down":{"uv":[265,7],"uv_size":[-1,-1]}}},{"origin":[-0.575,10.5,-12.25],"size":[0.575,0.5,0.125],"uv":{"north":{"uv":[264,6],"uv_size":[1,1]},"east":{"uv":[264,6],"uv_size":[1,1]},"south":{"uv":[264,6],"uv_size":[1,1]},"west":{"uv":[264,6],"uv_size":[1,1]},"up":{"uv":[265,7],"uv_size":[-1,-1]},"down":{"uv":[265,7],"uv_size":[-1,-1]}}},{"origin":[-0.575,11.125,-12.25],"size":[0.575,0.5,0.125],"uv":{"north":{"uv":[264,6],"uv_size":[1,1]},"east":{"uv":[264,6],"uv_size":[1,1]},"south":{"uv":[264,6],"uv_size":[1,1]},"west":{"uv":[264,6],"uv_size":[1,1]},"up":{"uv":[265,7],"uv_size":[-1,-1]},"down":{"uv":[265,7],"uv_size":[-1,-1]}}}]},{"name":"rotatingLights1","parent":"lights","pivot":[0,19,-12.5],"cubes":[{"origin":[-0.55,9.125,-13.875],"size":[1.1,0.25,0.25],"uv":{"north":{"uv":[270,6],"uv_size":[1,1]},"east":{"uv":[270,6],"uv_size":[1,1]},"south":{"uv":[270,6],"uv_size":[1,1]},"west":{"uv":[271,6],"uv_size":[-1,1]},"up":{"uv":[270,7],"uv_size":[1,-1]},"down":{"uv":[270,7],"uv_size":[1,-1]}}},{"origin":[-0.55,9.125,-12.875],"size":[1.1,0.25,0.25],"uv":{"north":{"uv":[270,6],"uv_size":[1,1]},"east":{"uv":[270,6],"uv_size":[1,1]},"south":{"uv":[270,6],"uv_size":[1,1]},"west":{"uv":[271,6],"uv_size":[-1,1]},"up":{"uv":[270,7],"uv_size":[1,-1]},"down":{"uv":[270,7],"uv_size":[1,-1]}}},{"origin":[-0.55,9.125,-11.875],"size":[1.1,0.25,0.25],"uv":{"north":{"uv":[270,6],"uv_size":[1,1]},"east":{"uv":[270,6],"uv_size":[1,1]},"south":{"uv":[270,6],"uv_size":[1,1]},"west":{"uv":[271,6],"uv_size":[-1,1]},"up":{"uv":[270,7],"uv_size":[1,-1]},"down":{"uv":[270,7],"uv_size":[1,-1]}}},{"origin":[-0.55,9.625,-11.375],"size":[1.1,0.25,0.25],"uv":{"north":{"uv":[270,6],"uv_size":[1,1]},"east":{"uv":[270,6],"uv_size":[1,1]},"south":{"uv":[270,6],"uv_size":[1,1]},"west":{"uv":[271,6],"uv_size":[-1,1]},"up":{"uv":[270,7],"uv_size":[1,-1]},"down":{"uv":[270,7],"uv_size":[1,-1]}}},{"origin":[-0.55,10.625,-11.375],"size":[1.1,0.25,0.25],"uv":{"north":{"uv":[270,6],"uv_size":[1,1]},"east":{"uv":[270,6],"uv_size":[1,1]},"south":{"uv":[270,6],"uv_size":[1,1]},"west":{"uv":[271,6],"uv_size":[-1,1]},"up":{"uv":[270,7],"uv_size":[1,-1]},"down":{"uv":[270,7],"uv_size":[1,-1]}}},{"origin":[-0.55,11.625,-11.375],"size":[1.1,0.25,0.25],"uv":{"north":{"uv":[270,6],"uv_size":[1,1]},"east":{"uv":[270,6],"uv_size":[1,1]},"south":{"uv":[270,6],"uv_size":[1,1]},"west":{"uv":[271,6],"uv_size":[-1,1]},"up":{"uv":[270,7],"uv_size":[1,-1]},"down":{"uv":[270,7],"uv_size":[1,-1]}}},{"origin":[-0.55,12.625,-11.375],"size":[1.1,0.25,0.25],"uv":{"north":{"uv":[270,6],"uv_size":[1,1]},"east":{"uv":[270,6],"uv_size":[1,1]},"south":{"uv":[270,6],"uv_size":[1,1]},"west":{"uv":[271,6],"uv_size":[-1,1]},"up":{"uv":[270,7],"uv_size":[1,-1]},"down":{"uv":[270,7],"uv_size":[1,-1]}}},{"origin":[-0.55,13.625,-11.375],"size":[1.1,0.25,0.25],"uv":{"north":{"uv":[270,6],"uv_size":[1,1]},"east":{"uv":[270,6],"uv_size":[1,1]},"south":{"uv":[270,6],"uv_size":[1,1]},"west":{"uv":[271,6],"uv_size":[-1,1]},"up":{"uv":[270,7],"uv_size":[1,-1]},"down":{"uv":[270,7],"uv_size":[1,-1]}}},{"origin":[-0.55,14.625,-11.375],"size":[1.1,0.25,0.25],"uv":{"north":{"uv":[270,6],"uv_size":[1,1]},"east":{"uv":[270,6],"uv_size":[1,1]},"south":{"uv":[270,6],"uv_size":[1,1]},"west":{"uv":[271,6],"uv_size":[-1,1]},"up":{"uv":[270,7],"uv_size":[1,-1]},"down":{"uv":[270,7],"uv_size":[1,-1]}}},{"origin":[-0.55,15.625,-11.375],"size":[1.1,0.25,0.25],"uv":{"north":{"uv":[270,6],"uv_size":[1,1]},"east":{"uv":[270,6],"uv_size":[1,1]},"south":{"uv":[270,6],"uv_size":[1,1]},"west":{"uv":[271,6],"uv_size":[-1,1]},"up":{"uv":[270,7],"uv_size":[1,-1]},"down":{"uv":[270,7],"uv_size":[1,-1]}}},{"origin":[-0.55,16.625,-11.375],"size":[1.1,0.25,0.25],"uv":{"north":{"uv":[270,6],"uv_size":[1,1]},"east":{"uv":[270,6],"uv_size":[1,1]},"south":{"uv":[270,6],"uv_size":[1,1]},"west":{"uv":[271,6],"uv_size":[-1,1]},"up":{"uv":[270,7],"uv_size":[1,-1]},"down":{"uv":[270,7],"uv_size":[1,-1]}}},{"origin":[-0.55,17.625,-11.375],"size":[1.1,0.25,0.25],"uv":{"north":{"uv":[270,6],"uv_size":[1,1]},"east":{"uv":[270,6],"uv_size":[1,1]},"south":{"uv":[270,6],"uv_size":[1,1]},"west":{"uv":[271,6],"uv_size":[-1,1]},"up":{"uv":[270,7],"uv_size":[1,-1]},"down":{"uv":[270,7],"uv_size":[1,-1]}}},{"origin":[-0.55,18.625,-11.375],"size":[1.1,0.25,0.25],"uv":{"north":{"uv":[270,6],"uv_size":[1,1]},"east":{"uv":[270,6],"uv_size":[1,1]},"south":{"uv":[270,6],"uv_size":[1,1]},"west":{"uv":[271,6],"uv_size":[-1,1]},"up":{"uv":[270,7],"uv_size":[1,-1]},"down":{"uv":[270,7],"uv_size":[1,-1]}}},{"origin":[-0.55,19.625,-11.375],"size":[1.1,0.25,0.25],"uv":{"north":{"uv":[270,6],"uv_size":[1,1]},"east":{"uv":[270,6],"uv_size":[1,1]},"south":{"uv":[270,6],"uv_size":[1,1]},"west":{"uv":[271,6],"uv_size":[-1,1]},"up":{"uv":[270,7],"uv_size":[1,-1]},"down":{"uv":[270,7],"uv_size":[1,-1]}}},{"origin":[-0.55,20.625,-11.375],"size":[1.1,0.25,0.25],"uv":{"north":{"uv":[270,6],"uv_size":[1,1]},"east":{"uv":[270,6],"uv_size":[1,1]},"south":{"uv":[270,6],"uv_size":[1,1]},"west":{"uv":[271,6],"uv_size":[-1,1]},"up":{"uv":[270,7],"uv_size":[1,-1]},"down":{"uv":[270,7],"uv_size":[1,-1]}}},{"origin":[-0.55,21.625,-11.375],"size":[1.1,0.25,0.25],"uv":{"north":{"uv":[270,6],"uv_size":[1,1]},"east":{"uv":[270,6],"uv_size":[1,1]},"south":{"uv":[270,6],"uv_size":[1,1]},"west":{"uv":[271,6],"uv_size":[-1,1]},"up":{"uv":[270,7],"uv_size":[1,-1]},"down":{"uv":[270,7],"uv_size":[1,-1]}}},{"origin":[-0.55,22.625,-11.375],"size":[1.1,0.25,0.25],"uv":{"north":{"uv":[270,6],"uv_size":[1,1]},"east":{"uv":[270,6],"uv_size":[1,1]},"south":{"uv":[270,6],"uv_size":[1,1]},"west":{"uv":[271,6],"uv_size":[-1,1]},"up":{"uv":[270,7],"uv_size":[1,-1]},"down":{"uv":[270,7],"uv_size":[1,-1]}}},{"origin":[-0.55,23.625,-11.375],"size":[1.1,0.25,0.25],"uv":{"north":{"uv":[270,6],"uv_size":[1,1]},"east":{"uv":[270,6],"uv_size":[1,1]},"south":{"uv":[270,6],"uv_size":[1,1]},"west":{"uv":[271,6],"uv_size":[-1,1]},"up":{"uv":[270,7],"uv_size":[1,-1]},"down":{"uv":[270,7],"uv_size":[1,-1]}}},{"origin":[-0.55,24.625,-11.375],"size":[1.1,0.25,0.25],"uv":{"north":{"uv":[270,6],"uv_size":[1,1]},"east":{"uv":[270,6],"uv_size":[1,1]},"south":{"uv":[270,6],"uv_size":[1,1]},"west":{"uv":[271,6],"uv_size":[-1,1]},"up":{"uv":[270,7],"uv_size":[1,-1]},"down":{"uv":[270,7],"uv_size":[1,-1]}}},{"origin":[-0.55,25.625,-11.375],"size":[1.1,0.25,0.25],"uv":{"north":{"uv":[270,6],"uv_size":[1,1]},"east":{"uv":[270,6],"uv_size":[1,1]},"south":{"uv":[270,6],"uv_size":[1,1]},"west":{"uv":[271,6],"uv_size":[-1,1]},"up":{"uv":[270,7],"uv_size":[1,-1]},"down":{"uv":[270,7],"uv_size":[1,-1]}}},{"origin":[-0.55,26.625,-11.375],"size":[1.1,0.25,0.25],"uv":{"north":{"uv":[270,6],"uv_size":[1,1]},"east":{"uv":[270,6],"uv_size":[1,1]},"south":{"uv":[270,6],"uv_size":[1,1]},"west":{"uv":[271,6],"uv_size":[-1,1]},"up":{"uv":[270,7],"uv_size":[1,-1]},"down":{"uv":[270,7],"uv_size":[1,-1]}}},{"origin":[-0.55,27.625,-11.375],"size":[1.1,0.25,0.25],"uv":{"north":{"uv":[270,6],"uv_size":[1,1]},"east":{"uv":[270,6],"uv_size":[1,1]},"south":{"uv":[270,6],"uv_size":[1,1]},"west":{"uv":[271,6],"uv_size":[-1,1]},"up":{"uv":[270,7],"uv_size":[1,-1]},"down":{"uv":[270,7],"uv_size":[1,-1]}}},{"origin":[-0.55,28.625,-11.375],"size":[1.1,0.25,0.25],"uv":{"north":{"uv":[270,6],"uv_size":[1,1]},"east":{"uv":[270,6],"uv_size":[1,1]},"south":{"uv":[270,6],"uv_size":[1,1]},"west":{"uv":[271,6],"uv_size":[-1,1]},"up":{"uv":[270,7],"uv_size":[1,-1]},"down":{"uv":[270,7],"uv_size":[1,-1]}}},{"origin":[-0.55,28.625,-12.375],"size":[1.1,0.25,0.25],"uv":{"north":{"uv":[270,6],"uv_size":[1,1]},"east":{"uv":[270,6],"uv_size":[1,1]},"south":{"uv":[270,6],"uv_size":[1,1]},"west":{"uv":[271,6],"uv_size":[-1,1]},"up":{"uv":[270,7],"uv_size":[1,-1]},"down":{"uv":[270,7],"uv_size":[1,-1]}}},{"origin":[-0.55,28.625,-13.375],"size":[1.1,0.25,0.25],"uv":{"north":{"uv":[270,6],"uv_size":[1,1]},"east":{"uv":[270,6],"uv_size":[1,1]},"south":{"uv":[270,6],"uv_size":[1,1]},"west":{"uv":[271,6],"uv_size":[-1,1]},"up":{"uv":[270,7],"uv_size":[1,-1]},"down":{"uv":[270,7],"uv_size":[1,-1]}}},{"origin":[-0.55,28.125,-13.875],"size":[1.1,0.25,0.25],"uv":{"north":{"uv":[270,6],"uv_size":[1,1]},"east":{"uv":[270,6],"uv_size":[1,1]},"south":{"uv":[270,6],"uv_size":[1,1]},"west":{"uv":[271,6],"uv_size":[-1,1]},"up":{"uv":[270,7],"uv_size":[1,-1]},"down":{"uv":[270,7],"uv_size":[1,-1]}}},{"origin":[-0.55,27.125,-13.875],"size":[1.1,0.25,0.25],"uv":{"north":{"uv":[270,6],"uv_size":[1,1]},"east":{"uv":[270,6],"uv_size":[1,1]},"south":{"uv":[270,6],"uv_size":[1,1]},"west":{"uv":[271,6],"uv_size":[-1,1]},"up":{"uv":[270,7],"uv_size":[1,-1]},"down":{"uv":[270,7],"uv_size":[1,-1]}}},{"origin":[-0.55,26.125,-13.875],"size":[1.1,0.25,0.25],"uv":{"north":{"uv":[270,6],"uv_size":[1,1]},"east":{"uv":[270,6],"uv_size":[1,1]},"south":{"uv":[270,6],"uv_size":[1,1]},"west":{"uv":[271,6],"uv_size":[-1,1]},"up":{"uv":[270,7],"uv_size":[1,-1]},"down":{"uv":[270,7],"uv_size":[1,-1]}}},{"origin":[-0.55,25.125,-13.875],"size":[1.1,0.25,0.25],"uv":{"north":{"uv":[270,6],"uv_size":[1,1]},"east":{"uv":[270,6],"uv_size":[1,1]},"south":{"uv":[270,6],"uv_size":[1,1]},"west":{"uv":[271,6],"uv_size":[-1,1]},"up":{"uv":[270,7],"uv_size":[1,-1]},"down":{"uv":[270,7],"uv_size":[1,-1]}}},{"origin":[-0.55,24.125,-13.875],"size":[1.1,0.25,0.25],"uv":{"north":{"uv":[270,6],"uv_size":[1,1]},"east":{"uv":[270,6],"uv_size":[1,1]},"south":{"uv":[270,6],"uv_size":[1,1]},"west":{"uv":[271,6],"uv_size":[-1,1]},"up":{"uv":[270,7],"uv_size":[1,-1]},"down":{"uv":[270,7],"uv_size":[1,-1]}}},{"origin":[-0.55,23.125,-13.875],"size":[1.1,0.25,0.25],"uv":{"north":{"uv":[270,6],"uv_size":[1,1]},"east":{"uv":[270,6],"uv_size":[1,1]},"south":{"uv":[270,6],"uv_size":[1,1]},"west":{"uv":[271,6],"uv_size":[-1,1]},"up":{"uv":[270,7],"uv_size":[1,-1]},"down":{"uv":[270,7],"uv_size":[1,-1]}}},{"origin":[-0.55,22.125,-13.875],"size":[1.1,0.25,0.25],"uv":{"north":{"uv":[270,6],"uv_size":[1,1]},"east":{"uv":[270,6],"uv_size":[1,1]},"south":{"uv":[270,6],"uv_size":[1,1]},"west":{"uv":[271,6],"uv_size":[-1,1]},"up":{"uv":[270,7],"uv_size":[1,-1]},"down":{"uv":[270,7],"uv_size":[1,-1]}}},{"origin":[-0.55,21.125,-13.875],"size":[1.1,0.25,0.25],"uv":{"north":{"uv":[270,6],"uv_size":[1,1]},"east":{"uv":[270,6],"uv_size":[1,1]},"south":{"uv":[270,6],"uv_size":[1,1]},"west":{"uv":[271,6],"uv_size":[-1,1]},"up":{"uv":[270,7],"uv_size":[1,-1]},"down":{"uv":[270,7],"uv_size":[1,-1]}}},{"origin":[-0.55,20.125,-13.875],"size":[1.1,0.25,0.25],"uv":{"north":{"uv":[270,6],"uv_size":[1,1]},"east":{"uv":[270,6],"uv_size":[1,1]},"south":{"uv":[270,6],"uv_size":[1,1]},"west":{"uv":[271,6],"uv_size":[-1,1]},"up":{"uv":[270,7],"uv_size":[1,-1]},"down":{"uv":[270,7],"uv_size":[1,-1]}}},{"origin":[-0.55,19.125,-13.875],"size":[1.1,0.25,0.25],"uv":{"north":{"uv":[270,6],"uv_size":[1,1]},"east":{"uv":[270,6],"uv_size":[1,1]},"south":{"uv":[270,6],"uv_size":[1,1]},"west":{"uv":[271,6],"uv_size":[-1,1]},"up":{"uv":[270,7],"uv_size":[1,-1]},"down":{"uv":[270,7],"uv_size":[1,-1]}}},{"origin":[-0.55,18.125,-13.875],"size":[1.1,0.25,0.25],"uv":{"north":{"uv":[270,6],"uv_size":[1,1]},"east":{"uv":[270,6],"uv_size":[1,1]},"south":{"uv":[270,6],"uv_size":[1,1]},"west":{"uv":[271,6],"uv_size":[-1,1]},"up":{"uv":[270,7],"uv_size":[1,-1]},"down":{"uv":[270,7],"uv_size":[1,-1]}}},{"origin":[-0.55,17.125,-13.875],"size":[1.1,0.25,0.25],"uv":{"north":{"uv":[270,6],"uv_size":[1,1]},"east":{"uv":[270,6],"uv_size":[1,1]},"south":{"uv":[270,6],"uv_size":[1,1]},"west":{"uv":[271,6],"uv_size":[-1,1]},"up":{"uv":[270,7],"uv_size":[1,-1]},"down":{"uv":[270,7],"uv_size":[1,-1]}}},{"origin":[-0.55,16.125,-13.875],"size":[1.1,0.25,0.25],"uv":{"north":{"uv":[270,6],"uv_size":[1,1]},"east":{"uv":[270,6],"uv_size":[1,1]},"south":{"uv":[270,6],"uv_size":[1,1]},"west":{"uv":[271,6],"uv_size":[-1,1]},"up":{"uv":[270,7],"uv_size":[1,-1]},"down":{"uv":[270,7],"uv_size":[1,-1]}}},{"origin":[-0.55,15.125,-13.875],"size":[1.1,0.25,0.25],"uv":{"north":{"uv":[270,6],"uv_size":[1,1]},"east":{"uv":[270,6],"uv_size":[1,1]},"south":{"uv":[270,6],"uv_size":[1,1]},"west":{"uv":[271,6],"uv_size":[-1,1]},"up":{"uv":[270,7],"uv_size":[1,-1]},"down":{"uv":[270,7],"uv_size":[1,-1]}}},{"origin":[-0.55,14.125,-13.875],"size":[1.1,0.25,0.25],"uv":{"north":{"uv":[270,6],"uv_size":[1,1]},"east":{"uv":[270,6],"uv_size":[1,1]},"south":{"uv":[270,6],"uv_size":[1,1]},"west":{"uv":[271,6],"uv_size":[-1,1]},"up":{"uv":[270,7],"uv_size":[1,-1]},"down":{"uv":[270,7],"uv_size":[1,-1]}}},{"origin":[-0.55,13.125,-13.875],"size":[1.1,0.25,0.25],"uv":{"north":{"uv":[270,6],"uv_size":[1,1]},"east":{"uv":[270,6],"uv_size":[1,1]},"south":{"uv":[270,6],"uv_size":[1,1]},"west":{"uv":[271,6],"uv_size":[-1,1]},"up":{"uv":[270,7],"uv_size":[1,-1]},"down":{"uv":[270,7],"uv_size":[1,-1]}}},{"origin":[-0.55,12.125,-13.875],"size":[1.1,0.25,0.25],"uv":{"north":{"uv":[270,6],"uv_size":[1,1]},"east":{"uv":[270,6],"uv_size":[1,1]},"south":{"uv":[270,6],"uv_size":[1,1]},"west":{"uv":[271,6],"uv_size":[-1,1]},"up":{"uv":[270,7],"uv_size":[1,-1]},"down":{"uv":[270,7],"uv_size":[1,-1]}}},{"origin":[-0.55,11.125,-13.875],"size":[1.1,0.25,0.25],"uv":{"north":{"uv":[270,6],"uv_size":[1,1]},"east":{"uv":[270,6],"uv_size":[1,1]},"south":{"uv":[270,6],"uv_size":[1,1]},"west":{"uv":[271,6],"uv_size":[-1,1]},"up":{"uv":[270,7],"uv_size":[1,-1]},"down":{"uv":[270,7],"uv_size":[1,-1]}}},{"origin":[-0.55,10.125,-13.875],"size":[1.1,0.25,0.25],"uv":{"north":{"uv":[270,6],"uv_size":[1,1]},"east":{"uv":[270,6],"uv_size":[1,1]},"south":{"uv":[270,6],"uv_size":[1,1]},"west":{"uv":[271,6],"uv_size":[-1,1]},"up":{"uv":[270,7],"uv_size":[1,-1]},"down":{"uv":[270,7],"uv_size":[1,-1]}}}]},{"name":"rotatingLights2","parent":"lights","pivot":[0,19,-12.5],"cubes":[{"origin":[-0.55,28.625,-13.875],"size":[1.1,0.25,0.25],"uv":{"north":{"uv":[270,6],"uv_size":[1,1]},"east":{"uv":[270,6],"uv_size":[1,1]},"south":{"uv":[270,6],"uv_size":[1,1]},"west":{"uv":[271,6],"uv_size":[-1,1]},"up":{"uv":[270,7],"uv_size":[1,-1]},"down":{"uv":[270,7],"uv_size":[1,-1]}}},{"origin":[-0.55,27.625,-13.875],"size":[1.1,0.25,0.25],"uv":{"north":{"uv":[270,6],"uv_size":[1,1]},"east":{"uv":[270,6],"uv_size":[1,1]},"south":{"uv":[270,6],"uv_size":[1,1]},"west":{"uv":[271,6],"uv_size":[-1,1]},"up":{"uv":[270,7],"uv_size":[1,-1]},"down":{"uv":[270,7],"uv_size":[1,-1]}}},{"origin":[-0.55,26.625,-13.875],"size":[1.1,0.25,0.25],"uv":{"north":{"uv":[270,6],"uv_size":[1,1]},"east":{"uv":[270,6],"uv_size":[1,1]},"south":{"uv":[270,6],"uv_size":[1,1]},"west":{"uv":[271,6],"uv_size":[-1,1]},"up":{"uv":[270,7],"uv_size":[1,-1]},"down":{"uv":[270,7],"uv_size":[1,-1]}}},{"origin":[-0.55,25.625,-13.875],"size":[1.1,0.25,0.25],"uv":{"north":{"uv":[270,6],"uv_size":[1,1]},"east":{"uv":[270,6],"uv_size":[1,1]},"south":{"uv":[270,6],"uv_size":[1,1]},"west":{"uv":[271,6],"uv_size":[-1,1]},"up":{"uv":[270,7],"uv_size":[1,-1]},"down":{"uv":[270,7],"uv_size":[1,-1]}}},{"origin":[-0.55,24.625,-13.875],"size":[1.1,0.25,0.25],"uv":{"north":{"uv":[270,6],"uv_size":[1,1]},"east":{"uv":[270,6],"uv_size":[1,1]},"south":{"uv":[270,6],"uv_size":[1,1]},"west":{"uv":[271,6],"uv_size":[-1,1]},"up":{"uv":[270,7],"uv_size":[1,-1]},"down":{"uv":[270,7],"uv_size":[1,-1]}}},{"origin":[-0.55,23.625,-13.875],"size":[1.1,0.25,0.25],"uv":{"north":{"uv":[270,6],"uv_size":[1,1]},"east":{"uv":[270,6],"uv_size":[1,1]},"south":{"uv":[270,6],"uv_size":[1,1]},"west":{"uv":[271,6],"uv_size":[-1,1]},"up":{"uv":[270,7],"uv_size":[1,-1]},"down":{"uv":[270,7],"uv_size":[1,-1]}}},{"origin":[-0.55,22.625,-13.875],"size":[1.1,0.25,0.25],"uv":{"north":{"uv":[270,6],"uv_size":[1,1]},"east":{"uv":[270,6],"uv_size":[1,1]},"south":{"uv":[270,6],"uv_size":[1,1]},"west":{"uv":[271,6],"uv_size":[-1,1]},"up":{"uv":[270,7],"uv_size":[1,-1]},"down":{"uv":[270,7],"uv_size":[1,-1]}}},{"origin":[-0.55,21.625,-13.875],"size":[1.1,0.25,0.25],"uv":{"north":{"uv":[270,6],"uv_size":[1,1]},"east":{"uv":[270,6],"uv_size":[1,1]},"south":{"uv":[270,6],"uv_size":[1,1]},"west":{"uv":[271,6],"uv_size":[-1,1]},"up":{"uv":[270,7],"uv_size":[1,-1]},"down":{"uv":[270,7],"uv_size":[1,-1]}}},{"origin":[-0.55,20.625,-13.875],"size":[1.1,0.25,0.25],"uv":{"north":{"uv":[270,6],"uv_size":[1,1]},"east":{"uv":[270,6],"uv_size":[1,1]},"south":{"uv":[270,6],"uv_size":[1,1]},"west":{"uv":[271,6],"uv_size":[-1,1]},"up":{"uv":[270,7],"uv_size":[1,-1]},"down":{"uv":[270,7],"uv_size":[1,-1]}}},{"origin":[-0.55,19.625,-13.875],"size":[1.1,0.25,0.25],"uv":{"north":{"uv":[270,6],"uv_size":[1,1]},"east":{"uv":[270,6],"uv_size":[1,1]},"south":{"uv":[270,6],"uv_size":[1,1]},"west":{"uv":[271,6],"uv_size":[-1,1]},"up":{"uv":[270,7],"uv_size":[1,-1]},"down":{"uv":[270,7],"uv_size":[1,-1]}}},{"origin":[-0.55,18.625,-13.875],"size":[1.1,0.25,0.25],"uv":{"north":{"uv":[270,6],"uv_size":[1,1]},"east":{"uv":[270,6],"uv_size":[1,1]},"south":{"uv":[270,6],"uv_size":[1,1]},"west":{"uv":[271,6],"uv_size":[-1,1]},"up":{"uv":[270,7],"uv_size":[1,-1]},"down":{"uv":[270,7],"uv_size":[1,-1]}}},{"origin":[-0.55,17.625,-13.875],"size":[1.1,0.25,0.25],"uv":{"north":{"uv":[270,6],"uv_size":[1,1]},"east":{"uv":[270,6],"uv_size":[1,1]},"south":{"uv":[270,6],"uv_size":[1,1]},"west":{"uv":[271,6],"uv_size":[-1,1]},"up":{"uv":[270,7],"uv_size":[1,-1]},"down":{"uv":[270,7],"uv_size":[1,-1]}}},{"origin":[-0.55,16.625,-13.875],"size":[1.1,0.25,0.25],"uv":{"north":{"uv":[270,6],"uv_size":[1,1]},"east":{"uv":[270,6],"uv_size":[1,1]},"south":{"uv":[270,6],"uv_size":[1,1]},"west":{"uv":[271,6],"uv_size":[-1,1]},"up":{"uv":[270,7],"uv_size":[1,-1]},"down":{"uv":[270,7],"uv_size":[1,-1]}}},{"origin":[-0.55,15.625,-13.875],"size":[1.1,0.25,0.25],"uv":{"north":{"uv":[270,6],"uv_size":[1,1]},"east":{"uv":[270,6],"uv_size":[1,1]},"south":{"uv":[270,6],"uv_size":[1,1]},"west":{"uv":[271,6],"uv_size":[-1,1]},"up":{"uv":[270,7],"uv_size":[1,-1]},"down":{"uv":[270,7],"uv_size":[1,-1]}}},{"origin":[-0.55,14.625,-13.875],"size":[1.1,0.25,0.25],"uv":{"north":{"uv":[270,6],"uv_size":[1,1]},"east":{"uv":[270,6],"uv_size":[1,1]},"south":{"uv":[270,6],"uv_size":[1,1]},"west":{"uv":[271,6],"uv_size":[-1,1]},"up":{"uv":[270,7],"uv_size":[1,-1]},"down":{"uv":[270,7],"uv_size":[1,-1]}}},{"origin":[-0.55,13.625,-13.875],"size":[1.1,0.25,0.25],"uv":{"north":{"uv":[270,6],"uv_size":[1,1]},"east":{"uv":[270,6],"uv_size":[1,1]},"south":{"uv":[270,6],"uv_size":[1,1]},"west":{"uv":[271,6],"uv_size":[-1,1]},"up":{"uv":[270,7],"uv_size":[1,-1]},"down":{"uv":[270,7],"uv_size":[1,-1]}}},{"origin":[-0.55,12.625,-13.875],"size":[1.1,0.25,0.25],"uv":{"north":{"uv":[270,6],"uv_size":[1,1]},"east":{"uv":[270,6],"uv_size":[1,1]},"south":{"uv":[270,6],"uv_size":[1,1]},"west":{"uv":[271,6],"uv_size":[-1,1]},"up":{"uv":[270,7],"uv_size":[1,-1]},"down":{"uv":[270,7],"uv_size":[1,-1]}}},{"origin":[-0.55,11.625,-13.875],"size":[1.1,0.25,0.25],"uv":{"north":{"uv":[270,6],"uv_size":[1,1]},"east":{"uv":[270,6],"uv_size":[1,1]},"south":{"uv":[270,6],"uv_size":[1,1]},"west":{"uv":[271,6],"uv_size":[-1,1]},"up":{"uv":[270,7],"uv_size":[1,-1]},"down":{"uv":[270,7],"uv_size":[1,-1]}}},{"origin":[-0.55,10.625,-13.875],"size":[1.1,0.25,0.25],"uv":{"north":{"uv":[270,6],"uv_size":[1,1]},"east":{"uv":[270,6],"uv_size":[1,1]},"south":{"uv":[270,6],"uv_size":[1,1]},"west":{"uv":[271,6],"uv_size":[-1,1]},"up":{"uv":[270,7],"uv_size":[1,-1]},"down":{"uv":[270,7],"uv_size":[1,-1]}}},{"origin":[-0.55,9.625,-13.875],"size":[1.1,0.25,0.25],"uv":{"north":{"uv":[270,6],"uv_size":[1,1]},"east":{"uv":[270,6],"uv_size":[1,1]},"south":{"uv":[270,6],"uv_size":[1,1]},"west":{"uv":[271,6],"uv_size":[-1,1]},"up":{"uv":[270,7],"uv_size":[1,-1]},"down":{"uv":[270,7],"uv_size":[1,-1]}}},{"origin":[-0.55,9.125,-13.375],"size":[1.1,0.25,0.25],"uv":{"north":{"uv":[270,6],"uv_size":[1,1]},"east":{"uv":[270,6],"uv_size":[1,1]},"south":{"uv":[270,6],"uv_size":[1,1]},"west":{"uv":[271,6],"uv_size":[-1,1]},"up":{"uv":[270,7],"uv_size":[1,-1]},"down":{"uv":[270,7],"uv_size":[1,-1]}}},{"origin":[-0.55,9.125,-12.375],"size":[1.1,0.25,0.25],"uv":{"north":{"uv":[270,6],"uv_size":[1,1]},"east":{"uv":[270,6],"uv_size":[1,1]},"south":{"uv":[270,6],"uv_size":[1,1]},"west":{"uv":[271,6],"uv_size":[-1,1]},"up":{"uv":[270,7],"uv_size":[1,-1]},"down":{"uv":[270,7],"uv_size":[1,-1]}}},{"origin":[-0.55,9.125,-11.375],"size":[1.1,0.25,0.25],"uv":{"north":{"uv":[270,6],"uv_size":[1,1]},"east":{"uv":[270,6],"uv_size":[1,1]},"south":{"uv":[270,6],"uv_size":[1,1]},"west":{"uv":[271,6],"uv_size":[-1,1]},"up":{"uv":[270,7],"uv_size":[1,-1]},"down":{"uv":[270,7],"uv_size":[1,-1]}}},{"origin":[-0.55,10.125,-11.375],"size":[1.1,0.25,0.25],"uv":{"north":{"uv":[270,6],"uv_size":[1,1]},"east":{"uv":[270,6],"uv_size":[1,1]},"south":{"uv":[270,6],"uv_size":[1,1]},"west":{"uv":[271,6],"uv_size":[-1,1]},"up":{"uv":[270,7],"uv_size":[1,-1]},"down":{"uv":[270,7],"uv_size":[1,-1]}}},{"origin":[-0.55,11.125,-11.375],"size":[1.1,0.25,0.25],"uv":{"north":{"uv":[270,6],"uv_size":[1,1]},"east":{"uv":[270,6],"uv_size":[1,1]},"south":{"uv":[270,6],"uv_size":[1,1]},"west":{"uv":[271,6],"uv_size":[-1,1]},"up":{"uv":[270,7],"uv_size":[1,-1]},"down":{"uv":[270,7],"uv_size":[1,-1]}}},{"origin":[-0.55,12.125,-11.375],"size":[1.1,0.25,0.25],"uv":{"north":{"uv":[270,6],"uv_size":[1,1]},"east":{"uv":[270,6],"uv_size":[1,1]},"south":{"uv":[270,6],"uv_size":[1,1]},"west":{"uv":[271,6],"uv_size":[-1,1]},"up":{"uv":[270,7],"uv_size":[1,-1]},"down":{"uv":[270,7],"uv_size":[1,-1]}}},{"origin":[-0.55,13.125,-11.375],"size":[1.1,0.25,0.25],"uv":{"north":{"uv":[270,6],"uv_size":[1,1]},"east":{"uv":[270,6],"uv_size":[1,1]},"south":{"uv":[270,6],"uv_size":[1,1]},"west":{"uv":[271,6],"uv_size":[-1,1]},"up":{"uv":[270,7],"uv_size":[1,-1]},"down":{"uv":[270,7],"uv_size":[1,-1]}}},{"origin":[-0.55,14.125,-11.375],"size":[1.1,0.25,0.25],"uv":{"north":{"uv":[270,6],"uv_size":[1,1]},"east":{"uv":[270,6],"uv_size":[1,1]},"south":{"uv":[270,6],"uv_size":[1,1]},"west":{"uv":[271,6],"uv_size":[-1,1]},"up":{"uv":[270,7],"uv_size":[1,-1]},"down":{"uv":[270,7],"uv_size":[1,-1]}}},{"origin":[-0.55,15.125,-11.375],"size":[1.1,0.25,0.25],"uv":{"north":{"uv":[270,6],"uv_size":[1,1]},"east":{"uv":[270,6],"uv_size":[1,1]},"south":{"uv":[270,6],"uv_size":[1,1]},"west":{"uv":[271,6],"uv_size":[-1,1]},"up":{"uv":[270,7],"uv_size":[1,-1]},"down":{"uv":[270,7],"uv_size":[1,-1]}}},{"origin":[-0.55,16.125,-11.375],"size":[1.1,0.25,0.25],"uv":{"north":{"uv":[270,6],"uv_size":[1,1]},"east":{"uv":[270,6],"uv_size":[1,1]},"south":{"uv":[270,6],"uv_size":[1,1]},"west":{"uv":[271,6],"uv_size":[-1,1]},"up":{"uv":[270,7],"uv_size":[1,-1]},"down":{"uv":[270,7],"uv_size":[1,-1]}}},{"origin":[-0.55,17.125,-11.375],"size":[1.1,0.25,0.25],"uv":{"north":{"uv":[270,6],"uv_size":[1,1]},"east":{"uv":[270,6],"uv_size":[1,1]},"south":{"uv":[270,6],"uv_size":[1,1]},"west":{"uv":[271,6],"uv_size":[-1,1]},"up":{"uv":[270,7],"uv_size":[1,-1]},"down":{"uv":[270,7],"uv_size":[1,-1]}}},{"origin":[-0.55,18.125,-11.375],"size":[1.1,0.25,0.25],"uv":{"north":{"uv":[270,6],"uv_size":[1,1]},"east":{"uv":[270,6],"uv_size":[1,1]},"south":{"uv":[270,6],"uv_size":[1,1]},"west":{"uv":[271,6],"uv_size":[-1,1]},"up":{"uv":[270,7],"uv_size":[1,-1]},"down":{"uv":[270,7],"uv_size":[1,-1]}}},{"origin":[-0.55,19.125,-11.375],"size":[1.1,0.25,0.25],"uv":{"north":{"uv":[270,6],"uv_size":[1,1]},"east":{"uv":[270,6],"uv_size":[1,1]},"south":{"uv":[270,6],"uv_size":[1,1]},"west":{"uv":[271,6],"uv_size":[-1,1]},"up":{"uv":[270,7],"uv_size":[1,-1]},"down":{"uv":[270,7],"uv_size":[1,-1]}}},{"origin":[-0.55,20.125,-11.375],"size":[1.1,0.25,0.25],"uv":{"north":{"uv":[270,6],"uv_size":[1,1]},"east":{"uv":[270,6],"uv_size":[1,1]},"south":{"uv":[270,6],"uv_size":[1,1]},"west":{"uv":[271,6],"uv_size":[-1,1]},"up":{"uv":[270,7],"uv_size":[1,-1]},"down":{"uv":[270,7],"uv_size":[1,-1]}}},{"origin":[-0.55,21.125,-11.375],"size":[1.1,0.25,0.25],"uv":{"north":{"uv":[270,6],"uv_size":[1,1]},"east":{"uv":[270,6],"uv_size":[1,1]},"south":{"uv":[270,6],"uv_size":[1,1]},"west":{"uv":[271,6],"uv_size":[-1,1]},"up":{"uv":[270,7],"uv_size":[1,-1]},"down":{"uv":[270,7],"uv_size":[1,-1]}}},{"origin":[-0.55,22.125,-11.375],"size":[1.1,0.25,0.25],"uv":{"north":{"uv":[270,6],"uv_size":[1,1]},"east":{"uv":[270,6],"uv_size":[1,1]},"south":{"uv":[270,6],"uv_size":[1,1]},"west":{"uv":[271,6],"uv_size":[-1,1]},"up":{"uv":[270,7],"uv_size":[1,-1]},"down":{"uv":[270,7],"uv_size":[1,-1]}}},{"origin":[-0.55,23.125,-11.375],"size":[1.1,0.25,0.25],"uv":{"north":{"uv":[270,6],"uv_size":[1,1]},"east":{"uv":[270,6],"uv_size":[1,1]},"south":{"uv":[270,6],"uv_size":[1,1]},"west":{"uv":[271,6],"uv_size":[-1,1]},"up":{"uv":[270,7],"uv_size":[1,-1]},"down":{"uv":[270,7],"uv_size":[1,-1]}}},{"origin":[-0.55,24.125,-11.375],"size":[1.1,0.25,0.25],"uv":{"north":{"uv":[270,6],"uv_size":[1,1]},"east":{"uv":[270,6],"uv_size":[1,1]},"south":{"uv":[270,6],"uv_size":[1,1]},"west":{"uv":[271,6],"uv_size":[-1,1]},"up":{"uv":[270,7],"uv_size":[1,-1]},"down":{"uv":[270,7],"uv_size":[1,-1]}}},{"origin":[-0.55,25.125,-11.375],"size":[1.1,0.25,0.25],"uv":{"north":{"uv":[270,6],"uv_size":[1,1]},"east":{"uv":[270,6],"uv_size":[1,1]},"south":{"uv":[270,6],"uv_size":[1,1]},"west":{"uv":[271,6],"uv_size":[-1,1]},"up":{"uv":[270,7],"uv_size":[1,-1]},"down":{"uv":[270,7],"uv_size":[1,-1]}}},{"origin":[-0.55,26.125,-11.375],"size":[1.1,0.25,0.25],"uv":{"north":{"uv":[270,6],"uv_size":[1,1]},"east":{"uv":[270,6],"uv_size":[1,1]},"south":{"uv":[270,6],"uv_size":[1,1]},"west":{"uv":[271,6],"uv_size":[-1,1]},"up":{"uv":[270,7],"uv_size":[1,-1]},"down":{"uv":[270,7],"uv_size":[1,-1]}}},{"origin":[-0.55,27.125,-11.375],"size":[1.1,0.25,0.25],"uv":{"north":{"uv":[270,6],"uv_size":[1,1]},"east":{"uv":[270,6],"uv_size":[1,1]},"south":{"uv":[270,6],"uv_size":[1,1]},"west":{"uv":[271,6],"uv_size":[-1,1]},"up":{"uv":[270,7],"uv_size":[1,-1]},"down":{"uv":[270,7],"uv_size":[1,-1]}}},{"origin":[-0.55,28.125,-11.375],"size":[1.1,0.25,0.25],"uv":{"north":{"uv":[270,6],"uv_size":[1,1]},"east":{"uv":[270,6],"uv_size":[1,1]},"south":{"uv":[270,6],"uv_size":[1,1]},"west":{"uv":[271,6],"uv_size":[-1,1]},"up":{"uv":[270,7],"uv_size":[1,-1]},"down":{"uv":[270,7],"uv_size":[1,-1]}}},{"origin":[-0.55,28.625,-11.875],"size":[1.1,0.25,0.25],"uv":{"north":{"uv":[270,6],"uv_size":[1,1]},"east":{"uv":[270,6],"uv_size":[1,1]},"south":{"uv":[270,6],"uv_size":[1,1]},"west":{"uv":[271,6],"uv_size":[-1,1]},"up":{"uv":[270,7],"uv_size":[1,-1]},"down":{"uv":[270,7],"uv_size":[1,-1]}}},{"origin":[-0.55,28.625,-12.875],"size":[1.1,0.25,0.25],"uv":{"north":{"uv":[270,6],"uv_size":[1,1]},"east":{"uv":[270,6],"uv_size":[1,1]},"south":{"uv":[270,6],"uv_size":[1,1]},"west":{"uv":[271,6],"uv_size":[-1,1]},"up":{"uv":[270,7],"uv_size":[1,-1]},"down":{"uv":[270,7],"uv_size":[1,-1]}}}]}]}]}