{
    "namespace": "grid",
    "zeqa_long_form": {
        "type": "panel",
        "anchor_from": "center",
        "anchor_to": "center",
        "max_size": [
            385,
            200
        ],
        "size": [
            "100% - 4px",
            "100% - 4px"
        ],
        "offset": [
            0,
            0
        ],
        "orientation": "vertical",
        "controls": [
            {
                "title": {
                    "type": "image",
                    "size": [
                        "100%c +10px",
                        "100%c +3px"
                    ],
                    "texture": "textures/ui/zeqa/longform/titlebg",
                    "alpha": 1,
                    "layer": 4,
                    "anchor_from": "top_middle",
                    "anchor_to": "top_middle",
                    "offset": [
                        0,
                        -5
                    ],
                    "controls": [
                        {
                            "title_text": {
                                "layer": 5,
                                "type": "label",
                                "font_type": "Default",
                                "text": "#title_text",
                                "text_alignment": "center",
                                "font_scale_factor": 1.3,
                                "anchor_from": "top_middle",
                                "anchor_to": "top_middle",
                                "offset": [
                                    0,
                                    1
                                ],
                                "shadow": false,
                                "bindings": [
                                    {
                                        "binding_name": "#title_text",
                                        "binding_type": "global"
                                    }
                                ]
                            }
                        }
                    ]
                }
            },
            {
                "close_button@server_form.zeqa_close_button": {
                    "anchor_from": "top_right",
                    "anchor_to": "top_right",
                    "offset": [
                        5,
                        -8
                    ]
                }
            },
            {
                "contents": {
                    "size": [
                        "100%",
                        "100%"
                    ],
                    "layer": 2,
                    "type": "image",
                    "texture": "textures/ui/zeqa/grid/background",
                    "keep_ratio": false,
                    "clips_children": true,
                    "allow_clipping": true,
                    "controls": [
                        {
                            "add_panel": {
                                "type": "stack_panel",
                                "orientation": "vertical",
                                "offset": [
                                    0,
                                    0
                                ],
                                "anchor_to": "top_left",
                                "anchor_from": "top_left",
                                "size": [
                                    "100%",
                                    "100%"
                                ],
                                "controls": [
                                    {
                                        "padding": {
                                            "type": "panel",
                                            "size": [
                                                "100%",
                                                15
                                            ]
                                        }
                                    },
                                    {
                                        "zeqa_scroll_panel@zeqa_scroll_panel": {}
                                    }
                                ]
                            }
                        }
                    ]
                }
            }
        ]
    },
    "zeqa_scroll_panel": {
        "type": "image",
        "size": [
            "100%",
            "100% - 18px"
        ],
        "layer": 2,
        "controls": [
            {
                "zeqa_scroll_panel_pane@common.scrolling_panel": {
                    "anchor_to": "top_left",
                    "anchor_from": "top_left",
                    "$scroll_bar_contained": true,
                    "size": [
                        "100%",
                        "100%"
                    ],
                    "$show_background": false,
                    "$scrolling_content": "grid.zeqa_wrapper",
                    "$scroll_size": [
                        5,
                        "100% -4px"
                    ],
                    "$scrolling_pane_size": [
                        "100% - 4px",
                        "100% - 2px"
                    ],
                    "$scrolling_pane_offset": [
                        0,
                        0
                    ],
                    "$scroll_bar_left_padding_size": [
                        0,
                        0
                    ],
                    "$scroll_bar_right_padding_size": [
                        2,
                        0
                    ],
                    "$scroll_view_port_offset": [
                        -2,
                        0
                    ],
                    "$scroll_box_mouse_image_control": "server_form.zeqa_scroll_handle",
                    "$scroll_box_touch_image_control": "server_form.zeqa_scroll_handle",
                    "$scroll_background_image_control": "server_form.zeqa_rail",
                    "$scroll_track_image_control": "server_form.zeqa_rail"
                }
            }
        ]
    },
    "zeqa_wrapper": {
        "type": "panel",
        "size": [
            "100%",
            "100%c"
        ],
        "controls": [
            {
                "zeqa_wrapper@grid.zeqa_grid": {}
            }
        ]
    },
    "zeqa_grid": {
        "type": "stack_panel",
        "orientation": "vertical",
        "offset": [
            0,
            0
        ],
        "size": [
            "100%",
            "100%c"
        ],
        "controls": [
            {
                "zeqa_menu_grid@grid.zeqa_menu_grid": {}
            }
        ]
    },
    "zeqa_menu_grid": {
        "type": "grid",
        "size": [
            "100%",
            "100%c"
        ],
        "anchor_from": "top_middle",
        "anchor_to": "top_middle",
        "grid_item_template": "grid.zeqa_button_size",
        "grid_rescaling_type": "horizontal",
        "collection_name": "form_buttons",
        "bindings": [
            {
                "binding_name": "#form_button_length",
                "binding_name_override": "#maximum_grid_items"
            }
        ]
    },
    "zeqa_button_size": {
        "type": "panel",
        "size": [
            90,
            90
        ],
        "min_size": [
            90,
            90
        ],
        "max_size": [
            90,
            90
        ],
        "anchor_from": "top_middle",
        "anchor_to": "top_middle",
        "controls": [
            {
                "zeqa_button": {
                    "type": "panel",
                    "size": [
                        "100%",
                        "100%"
                    ],
                    "controls": [
                        {
                            "button@common.button": {
                                "anchor_from": "top_middle",
                                "anchor_to": "top_middle",
                                "offset": [
                                    2.5,
                                    0
                                ],
                                "layer": 2,
                                "$pressed_button_name": "button.form_button_click",
                                "sound_name": "zeqa.click",
                                "sound_volume": 1.0,
                                "controls": [
                                    {
                                        "default@grid.zeqa_buttons": {
                                            "$button_texture": "textures/ui/zeqa/grid/default"
                                        }
                                    },
                                    {
                                        "hover@grid.grid_hover_state": {
                                            "$button_texture": "textures/ui/zeqa/grid/default_hover"
                                        }
                                    },
                                    {
                                        "pressed@grid.zeqa_buttons": {
                                            "$button_texture": "textures/ui/zeqa/grid/default_pressed"
                                        }
                                    }
                                ],
                                "bindings": [
                                    {
                                        "binding_type": "collection_details",
                                        "binding_collection_name": "form_buttons"
                                    }
                                ]
                            }
                        }
                    ]
                }
            }
        ]
    },
    "zeqa_buttons": {
        "type": "stack_panel",
        "anchor_from": "top_left",
        "anchor_to": "top_left",
        "offset": [
            0,
            0
        ],
        "size": [
            "100% -2px",
            "100% -2px"
        ],
        "orientation": "vertical",
        "controls": [
            {
                "menu_icon": {
                    "size": [
                        "100%",
                        "fill"
                    ],
                    "layer": 2,
                    "type": "image",
                    "texture": "$button_texture",
                    "controls": [
                        {
                            "menu_icon": {
                                "type": "image",
                                "layer": 2,
                                "size": [
                                    47,
                                    47
                                ],
                                "keep_ratio": true,
                                "offset": [
                                    0,
                                    -8
                                ],
                                "bindings": [
                                    {
                                        "binding_name": "#form_button_texture",
                                        "binding_name_override": "#texture",
                                        "binding_type": "collection",
                                        "binding_collection_name": "form_buttons"
                                    },
                                    {
                                        "binding_name": "#form_button_texture_file_system",
                                        "binding_name_override": "#texture_file_system",
                                        "binding_type": "collection",
                                        "binding_collection_name": "form_buttons"
                                    },
                                    {
                                        "binding_type": "view",
                                        "source_property_name": "(not ((#texture = '') or (#texture = 'loading')))",
                                        "target_property_name": "#visible"
                                    }
                                ]
                            }
                        }
                    ]
                }
            },
            {
                "description_text": {
                    "size": [
                        "100%",
                        0
                    ],
                    "layer": 2,
                    "type": "image",
                    "controls": [
                        {
                            "entry_description_label": {
                                "type": "label",
                                "font_type": "Default",
                                "text": "#form_button_text",
                                "line_padding": 1,
                                "font_scale_factor": 1,
                                "text_alignment": "center",
                                "anchor_from": "top_middle",
                                "anchor_to": "bottom_middle",
                                "offset": [
                                    0,
                                    -9.5
                                ],
                                "layer": 5,
                                "shadow": false,
                                "size": [
                                    200,
                                    20
                                ],
                                "bindings": [
                                    {
                                        "binding_type": "collection",
                                        "binding_collection_name": "form_buttons",
                                        "binding_condition": "none",
                                        "binding_name": "#form_button_text",
                                        "binding_name_override": "#form_button_text"
                                    }
                                ]
                            }
                        }
                    ]
                }
            }
        ]
    },
    "grid_hover_state": {
        "type": "image",
        "texture": "$button_texture",
        "layer": 2,
        "anchor_from": "top_left",
        "anchor_to": "top_left",
        "offset": [
            0,
            0
        ],
        "size": [
            "100% -2px",
            "100% -2px"
        ],
        "controls": [
            {
                "grid_hover_states@grid.grid_hover_states": {}
            }
        ]
    },
    "grid_hover_states": {
        "type": "image",
        "layer": 2,
        "size": [
            47,
            47
        ],
        "keep_ratio": true,
        "offset": [
            0,
            -12
        ],
        "bindings": [
            {
                "binding_name": "#form_button_texture",
                "binding_name_override": "#texture",
                "binding_type": "collection",
                "binding_collection_name": "form_buttons"
            },
            {
                "binding_name": "#form_button_texture_file_system",
                "binding_name_override": "#texture_file_system",
                "binding_type": "collection",
                "binding_collection_name": "form_buttons"
            },
            {
                "binding_type": "view",
                "source_property_name": "(not ((#texture = '') or (#texture = 'loading')))",
                "target_property_name": "#visible"
            }
        ],
        "controls": [
            {
                "grid_hover_description@grid.grid_hover_description": {}
            }
        ]
    },
    "grid_hover_description": {
        "type": "label",
        "font_type": "Default",
        "text": "#form_button_text",
        "line_padding": 1,
        "font_scale_factor": 1,
        "text_alignment": "center",
        "anchor_from": "bottom_middle",
        "anchor_to": "bottom_middle",
        "offset": [
            0,
            23
        ],
        "layer": 5,
        "shadow": false,
        "size": [
            200,
            25
        ],
        "bindings": [
            {
                "binding_type": "collection",
                "binding_collection_name": "form_buttons",
                "binding_condition": "none",
                "binding_name": "#form_button_text",
                "binding_name_override": "#form_button_text"
            }
        ],
        "controls": [
            {
                "grid_hover_text@grid.grid_hover_text": {}
            }
        ]
    },
    "grid_hover_text@common.hover_text": {
        "layer": 10,
        "bindings": [
            {
                "binding_name": "#form_button_text",
                "binding_name_override": "#hover_text",
                "binding_collection_name": "form_buttons",
                "binding_type": "collection"
            }
        ]
    }
}