{"format_version":"1.12.0","minecraft:geometry":[{"description":{"identifier":"geometry.lifeboat.auto_sell_backpack","texture_width":64,"texture_height":64,"visible_bounds_width":3,"visible_bounds_height":4,"visible_bounds_offset":[0,1,0]},"bones":[{"name":"body","pivot":[0,-3,0]},{"name":"backpack","parent":"body","pivot":[0,-16,0],"cubes":[{"origin":[-7.01,-13.6,2],"size":[14,7,7],"pivot":[-0.01,-10.1,5.5],"rotation":[0,0,-5],"uv":{"north":{"uv":[0,0],"uv_size":[14,7]},"east":{"uv":[14,19],"uv_size":[7,7]},"south":{"uv":[0,7],"uv_size":[14,7]},"west":{"uv":[0,21],"uv_size":[7,7]},"up":{"uv":[0,14],"uv_size":[14,7]},"down":{"uv":[14,7],"uv_size":[14,-7]}}},{"origin":[-0.10895,-6.73291,3],"size":[8,0.5,5],"pivot":[4.07105,-6.23291,5.5],"rotation":[0,0,165],"uv":{"north":{"uv":[18,34],"uv_size":[7,1]},"east":{"uv":[18,34],"uv_size":[7,1]},"south":{"uv":[18,34],"uv_size":[7,1]},"west":{"uv":[0,21],"uv_size":[7,7]},"up":{"uv":[15,6],"uv_size":[8,-5]},"down":{"uv":[14,6],"uv_size":[8,-5]}}},{"origin":[-5,-13.1,9],"size":[10,6,2],"pivot":[0,-10.1,9.49],"rotation":[0,0,-5],"uv":{"north":{"uv":[14,7],"uv_size":[10,6]},"east":{"uv":[4,28],"uv_size":[2,6]},"south":{"uv":[14,13],"uv_size":[10,6]},"west":{"uv":[6,28],"uv_size":[2,6]},"up":{"uv":[24,17],"uv_size":[10,2]},"down":{"uv":[21,26],"uv_size":[10,-2]}}},{"origin":[1.87015,-7.48269,4.14],"size":[4,4,2],"pivot":[3.87015,-6.48269,5.44],"rotation":[0,-90,75],"uv":{"north":{"uv":[51,34],"uv_size":[10,6]},"east":{"uv":[20,47],"uv_size":[2,6]},"south":{"uv":[1,36],"uv_size":[6,6]},"west":{"uv":[28,43],"uv_size":[2,6]},"up":{"uv":[33,32],"uv_size":[10,1.5]},"down":{"uv":[35,30.5],"uv_size":[10,-1.5]}}},{"origin":[6.05,-11.6454,3.55],"size":[6,5,2],"pivot":[9,-9.7454,5.55],"rotation":[0,90,-5],"uv":{"north":{"uv":[7,21],"uv_size":[6,5]},"east":{"uv":[27,19],"uv_size":[2,5]},"south":{"uv":[21,19],"uv_size":[6,5]},"west":{"uv":[0,28],"uv_size":[2,5]},"up":{"uv":[7,26],"uv_size":[6,2]},"down":{"uv":[13,28],"uv_size":[6,-2]}}},{"origin":[-11.5,-13.2454,4],"size":[6,5,2],"pivot":[-8.5,-9.7454,5.5],"rotation":[0,-90,-5],"uv":{"north":{"uv":[24,7],"uv_size":[6,5]},"east":{"uv":[28,0],"uv_size":[2,5]},"south":{"uv":[24,12],"uv_size":[6,5]},"west":{"uv":[2,28],"uv_size":[2,5]},"up":{"uv":[19,26],"uv_size":[6,2]},"down":{"uv":[25,28],"uv_size":[6,-2]}}},{"origin":[3.1,-6.6,1.7],"size":[1,2,0.5],"uv":{"north":{"uv":[30,0],"uv_size":[1,2]},"east":{"uv":[30,7],"uv_size":[0.5,2]},"south":{"uv":[30,7],"uv_size":[1,2]},"west":{"uv":[30,7],"uv_size":[0.5,2]},"up":{"uv":[31,0],"uv_size":[1,0.5]},"down":{"uv":[30,1.5],"uv_size":[1,-0.5]}}},{"origin":[3.1,-4.6,-2.3],"size":[1,1,4.5],"uv":{"north":{"uv":[16,22],"uv_size":[1,1]},"east":{"uv":[13,28],"uv_size":[4.5,1]},"south":{"uv":[16,22],"uv_size":[1,1]},"west":{"uv":[13,28],"uv_size":[4.5,1]},"up":{"uv":[15,21],"uv_size":[1,4.5]},"down":{"uv":[12,32.5],"uv_size":[1,-4.5]}}},{"origin":[3.1,-11.6,-1.8],"size":[1,1,3.9],"uv":{"north":{"uv":[16,22],"uv_size":[1,1]},"east":{"uv":[13,29],"uv_size":[4,-1]},"south":{"uv":[16,22],"uv_size":[1,1]},"west":{"uv":[17,29],"uv_size":[-4,-1]},"up":{"uv":[12,28],"uv_size":[1,4.5]},"down":{"uv":[15,25.5],"uv_size":[1,-4.5]}}},{"origin":[3.1,-11.6,-2.3],"size":[1,7,0.5],"uv":{"north":{"uv":[8,28],"uv_size":[1,7]},"east":{"uv":[26,29],"uv_size":[0.5,7]},"south":{"uv":[9,28],"uv_size":[1,7]},"west":{"uv":[27,29],"uv_size":[0.5,7]},"up":{"uv":[30,23],"uv_size":[1,0.5]},"down":{"uv":[30,28.5],"uv_size":[1,-0.5]}}},{"origin":[-4.1,-11.6,-2.3],"size":[1,7,0.5],"uv":{"north":{"uv":[10,28],"uv_size":[1,7]},"east":{"uv":[28,29],"uv_size":[0.5,7]},"south":{"uv":[11,28],"uv_size":[1,7]},"west":{"uv":[29,28],"uv_size":[0.5,7]},"up":{"uv":[30,29],"uv_size":[1,0.5]},"down":{"uv":[30,30.5],"uv_size":[1,-0.5]}}},{"origin":[-4.1,-4.6,-2.3],"size":[1,1,4.5],"uv":{"north":{"uv":[16,22],"uv_size":[1,1]},"east":{"uv":[13,28],"uv_size":[4.5,1]},"south":{"uv":[16,22],"uv_size":[1,1]},"west":{"uv":[13,28],"uv_size":[4.5,1]},"up":{"uv":[15,21],"uv_size":[1,4.5]},"down":{"uv":[12,32.5],"uv_size":[1,-4.5]}}},{"origin":[-4.1,-11.6,-1.8],"size":[1,1,3.9],"uv":{"north":{"uv":[16,22],"uv_size":[1,1]},"east":{"uv":[13,29],"uv_size":[4,-1]},"south":{"uv":[16,22],"uv_size":[1,1]},"west":{"uv":[17,29],"uv_size":[-4,-1]},"up":{"uv":[12,28],"uv_size":[1,4.5]},"down":{"uv":[15,25.5],"uv_size":[1,-4.5]}}},{"origin":[-4.1,-7.6,1.7],"size":[1,3,0.5],"uv":{"north":{"uv":[30,0],"uv_size":[1,3]},"east":{"uv":[30,7],"uv_size":[0.5,3]},"south":{"uv":[30,7],"uv_size":[1,3]},"west":{"uv":[30,7],"uv_size":[0.5,3]},"up":{"uv":[31,0],"uv_size":[1,0.5]},"down":{"uv":[30,1.5],"uv_size":[1,-0.5]}}}]}]}]}