{"format_version":"1.12.0","minecraft:geometry":[{"description":{"identifier":"geometry.bedwars_statue","texture_width":128,"texture_height":128,"visible_bounds_width":6,"visible_bounds_height":8,"visible_bounds_offset":[0,3,0]},"bones":[{"name":"bone5","pivot":[0,16,0]},{"name":"bone2","parent":"bone5","pivot":[0,16,0],"rotation":[0,90,0]},{"name":"Player1","parent":"bone2","pivot":[20,35,-6],"rotation":[17.5,-167.5,0]},{"name":"body","parent":"Player1","pivot":[20.81236,39.62886,-6.02983],"cubes":[{"origin":[2.81236,32.62886,3.97017],"size":[8,12,4],"pivot":[5.28696,43.4436,-11.76457],"rotation":[-15,62.5,0],"uv":{"north":{"uv":[20,84],"uv_size":[8,12]},"east":{"uv":[16,84],"uv_size":[4,12]},"south":{"uv":[32,84],"uv_size":[8,12]},"west":{"uv":[28,84],"uv_size":[4,12]},"up":{"uv":[28,84],"uv_size":[-8,-4]},"down":{"uv":[36,84],"uv_size":[-8,-4]}}}]},{"name":"head3","parent":"Player1","pivot":[21.9184,39.90298,-3.44885],"rotation":[12.5,-17.5,2.5],"cubes":[{"origin":[12.9184,45.7626,-4.01551],"size":[8,8,8],"pivot":[5.28696,43.30322,-11.33123],"rotation":[-30,20,0],"uv":{"north":{"uv":[8,72],"uv_size":[8,8]},"east":{"uv":[0,72],"uv_size":[8,8]},"south":{"uv":[24,72],"uv_size":[8,8]},"west":{"uv":[16,72],"uv_size":[8,8]},"up":{"uv":[8,72],"uv_size":[8,-8]},"down":{"uv":[24,72],"uv_size":[-8,-8]}}},{"origin":[12.9184,45.7626,-4.01551],"size":[8,8,8],"inflate":0.25,"pivot":[5.28696,43.30322,-11.33123],"rotation":[-30,20,0],"uv":{"north":{"uv":[40,72],"uv_size":[8,8]},"east":{"uv":[32,72],"uv_size":[8,8]},"south":{"uv":[56,72],"uv_size":[8,8]},"west":{"uv":[48,72],"uv_size":[8,8]},"up":{"uv":[48,72],"uv_size":[-8,-8]},"down":{"uv":[56,72],"uv_size":[-8,-8]}}}]},{"name":"leftArm3","parent":"Player1","pivot":[18.8909,36.23228,-2.68729],"rotation":[-37.5,37.5,-35],"cubes":[{"origin":[16.82191,25.83421,-3.82274],"size":[4,12,4],"pivot":[19.17979,37.52537,-2.51743],"rotation":[-65,110,12.5],"uv":{"north":{"uv":[44,84],"uv_size":[4,12]},"east":{"uv":[40,84],"uv_size":[4,12]},"south":{"uv":[52,84],"uv_size":[4,12]},"west":{"uv":[48,84],"uv_size":[4,12]},"up":{"uv":[48,84],"uv_size":[-4,-4]},"down":{"uv":[52,84],"uv_size":[-4,-4]}}},{"origin":[16.82191,25.83421,-3.82274],"size":[4,12,4],"inflate":0.25,"pivot":[19.17979,37.52537,-2.51743],"rotation":[-65,110,12.5],"uv":{"north":{"uv":[44,100],"uv_size":[4,12]},"east":{"uv":[40,100],"uv_size":[4,12]},"south":{"uv":[52,100],"uv_size":[4,12]},"west":{"uv":[48,100],"uv_size":[4,12]},"up":{"uv":[52,101],"uv_size":[-4,-1]},"down":{"uv":[52,101],"uv_size":[-4,-1]}}}]},{"name":"Sword2","parent":"leftArm3","pivot":[8.68544,33.23964,0.20158],"rotation":[30,-72.5,0],"cubes":[{"origin":[8.90802,44.6871,12.07545],"size":[1,3,1],"uv":{"north":{"uv":[0,0],"uv_size":[2,6]},"east":{"uv":[17,10],"uv_size":[1,3]},"south":{"uv":[17,10],"uv_size":[1,3]},"west":{"uv":[17,10],"uv_size":[1,3]},"up":{"uv":[15,11],"uv_size":[-1,-1]},"down":{"uv":[13,17],"uv_size":[-1,-1]}}},{"origin":[8.90802,33.6871,5.07545],"size":[1,3,1],"uv":{"north":{"uv":[12,14],"uv_size":[1,3]},"east":{"uv":[12,14],"uv_size":[1,3]},"south":{"uv":[12,14],"uv_size":[1,3]},"west":{"uv":[12,14],"uv_size":[1,3]},"up":{"uv":[13,15],"uv_size":[-1,-1]},"down":{"uv":[13,17],"uv_size":[-1,-1]}}},{"origin":[8.90802,35.6871,2.07545],"size":[1,4,1],"uv":{"north":{"uv":[17,12],"uv_size":[1,4]},"east":{"uv":[17,12],"uv_size":[1,4]},"south":{"uv":[17,12],"uv_size":[1,4]},"west":{"uv":[17,12],"uv_size":[1,4]},"up":{"uv":[18,13],"uv_size":[-1,-1]},"down":{"uv":[18,16],"uv_size":[-1,-1]}}},{"origin":[8.90802,34.6871,1.07545],"size":[1,6,1],"uv":{"north":{"uv":[10,10],"uv_size":[1,6]},"east":{"uv":[10,10],"uv_size":[1,6]},"south":{"uv":[10,10],"uv_size":[1,6]},"west":{"uv":[10,10],"uv_size":[1,6]},"up":{"uv":[11,11],"uv_size":[-1,-1]},"down":{"uv":[11,16],"uv_size":[-1,-1]}}},{"origin":[8.90802,33.6871,0.07545],"size":[1,3,1],"uv":{"north":{"uv":[15,15],"uv_size":[1,3]},"east":{"uv":[15,15],"uv_size":[1,3]},"south":{"uv":[15,15],"uv_size":[1,3]},"west":{"uv":[15,15],"uv_size":[1,3]},"up":{"uv":[16,16],"uv_size":[-1,-1]},"down":{"uv":[16,18],"uv_size":[-1,-1]}}},{"origin":[8.90802,31.6871,-0.92455],"size":[1,4,1],"uv":{"north":{"uv":[14,15],"uv_size":[1,4]},"east":{"uv":[14,15],"uv_size":[1,4]},"south":{"uv":[14,15],"uv_size":[1,4]},"west":{"uv":[14,15],"uv_size":[1,4]},"up":{"uv":[15,16],"uv_size":[-1,-1]},"down":{"uv":[15,19],"uv_size":[-1,-1]}}},{"origin":[8.90802,31.6871,-2.92455],"size":[1,3,2],"uv":{"north":{"uv":[12,17],"uv_size":[1,3]},"east":{"uv":[12,17],"uv_size":[2,3]},"south":{"uv":[13,17],"uv_size":[1,3]},"west":{"uv":[12,17],"uv_size":[2,3]},"up":{"uv":[14,18],"uv_size":[-2,-1]},"down":{"uv":[14,20],"uv_size":[-2,-1]}}},{"origin":[8.90802,37.6871,0.07545],"size":[1,4,1],"uv":{"north":{"uv":[16,14],"uv_size":[1,4]},"east":{"uv":[16,14],"uv_size":[1,4]},"south":{"uv":[16,14],"uv_size":[1,4]},"west":{"uv":[16,14],"uv_size":[1,4]},"up":{"uv":[17,18],"uv_size":[-1,-1]},"down":{"uv":[17,18],"uv_size":[-1,-1]}}},{"origin":[8.90802,39.6871,-0.92455],"size":[1,2,1],"uv":{"north":{"uv":[16,17],"uv_size":[1,2]},"east":{"uv":[16,17],"uv_size":[1,2]},"south":{"uv":[16,17],"uv_size":[1,2]},"west":{"uv":[16,17],"uv_size":[1,2]},"up":{"uv":[17,18],"uv_size":[-1,-1]},"down":{"uv":[17,18],"uv_size":[-1,-1]}}},{"origin":[8.90802,33.6871,6.07545],"size":[1,2,1],"uv":{"north":{"uv":[17,11],"uv_size":[1,2]},"east":{"uv":[17,11],"uv_size":[1,2]},"south":{"uv":[17,11],"uv_size":[1,2]},"west":{"uv":[17,11],"uv_size":[1,2]},"up":{"uv":[18,13],"uv_size":[-1,-2]},"down":{"uv":[18,13],"uv_size":[-1,-2]}}},{"origin":[8.90802,43.6871,11.07545],"size":[1,4,1],"uv":{"north":{"uv":[0,0],"uv_size":[2,8]},"east":{"uv":[16,10],"uv_size":[1,4]},"south":{"uv":[16,10],"uv_size":[1,4]},"west":{"uv":[16,10],"uv_size":[1,4]},"up":{"uv":[15,11],"uv_size":[-1,-1]},"down":{"uv":[13,17],"uv_size":[-1,-1]}}},{"origin":[8.90802,42.6871,10.07545],"size":[1,5,1],"uv":{"north":{"uv":[15,10],"uv_size":[1,5]},"east":{"uv":[15,10],"uv_size":[1,5]},"south":{"uv":[16,10],"uv_size":[1,4]},"west":{"uv":[15,10],"uv_size":[1,5]},"up":{"uv":[15,11],"uv_size":[-1,-1]},"down":{"uv":[13,17],"uv_size":[-1,-1]}}},{"origin":[8.90802,41.6871,9.07545],"size":[1,5,1],"uv":{"north":{"uv":[14,10],"uv_size":[1,5]},"east":{"uv":[14,10],"uv_size":[1,5]},"south":{"uv":[14,10],"uv_size":[1,5]},"west":{"uv":[14,10],"uv_size":[1,5]},"up":{"uv":[15,11],"uv_size":[-1,-1]},"down":{"uv":[15,11],"uv_size":[-1,-1]}}},{"origin":[8.90802,40.6871,8.07545],"size":[1,5,1],"uv":{"north":{"uv":[14,10],"uv_size":[1,5]},"east":{"uv":[14,10],"uv_size":[1,5]},"south":{"uv":[14,10],"uv_size":[1,5]},"west":{"uv":[14,10],"uv_size":[1,5]},"up":{"uv":[15,11],"uv_size":[-1,-1]},"down":{"uv":[15,11],"uv_size":[-1,-1]}}},{"origin":[8.90802,39.6871,7.07545],"size":[1,5,1],"uv":{"north":{"uv":[14,10],"uv_size":[1,5]},"east":{"uv":[14,10],"uv_size":[1,5]},"south":{"uv":[14,10],"uv_size":[1,5]},"west":{"uv":[14,10],"uv_size":[1,5]},"up":{"uv":[15,11],"uv_size":[-1,-1]},"down":{"uv":[15,11],"uv_size":[-1,-1]}}},{"origin":[8.90802,38.6871,6.07545],"size":[1,5,1],"uv":{"north":{"uv":[13,10],"uv_size":[1,5]},"east":{"uv":[13,10],"uv_size":[1,5]},"south":{"uv":[13,10],"uv_size":[1,5]},"west":{"uv":[13,10],"uv_size":[1,5]},"up":{"uv":[15,11],"uv_size":[-1,-1]},"down":{"uv":[15,11],"uv_size":[-1,-1]}}},{"origin":[8.90802,37.6871,5.07545],"size":[1,5,1],"uv":{"north":{"uv":[13,10],"uv_size":[1,5]},"east":{"uv":[13,10],"uv_size":[1,5]},"south":{"uv":[13,10],"uv_size":[1,5]},"west":{"uv":[13,10],"uv_size":[1,5]},"up":{"uv":[15,11],"uv_size":[-1,-1]},"down":{"uv":[15,11],"uv_size":[-1,-1]}}},{"origin":[8.90802,34.6871,4.07545],"size":[1,7,1],"uv":{"north":{"uv":[12,10],"uv_size":[1,7]},"east":{"uv":[12,10],"uv_size":[1,7]},"south":{"uv":[12,10],"uv_size":[1,7]},"west":{"uv":[12,10],"uv_size":[1,7]},"up":{"uv":[13,11],"uv_size":[-1,-1]},"down":{"uv":[13,17],"uv_size":[-1,-1]}}},{"origin":[8.90802,34.6871,3.07545],"size":[1,6,1],"uv":{"north":{"uv":[11,10],"uv_size":[1,6]},"east":{"uv":[11,10],"uv_size":[1,6]},"south":{"uv":[11,10],"uv_size":[1,6]},"west":{"uv":[11,10],"uv_size":[1,6]},"up":{"uv":[12,11],"uv_size":[-1,-1]},"down":{"uv":[12,16],"uv_size":[-1,-1]}}}]},{"name":"bone3","parent":"Sword2","pivot":[-24.10157,-14.73889,35.8891]},{"name":"LeftLeg4","parent":"bone3","pivot":[-22.20157,-2.73889,35.8891],"rotation":[-10,0,-2]},{"name":"RightLeg4","parent":"bone3","pivot":[-26.00157,-2.73889,35.8891],"rotation":[11,0,2]},{"name":"Body4","parent":"bone3","pivot":[-24.10157,9.26111,35.8891]},{"name":"LeftArm4","parent":"bone3","pivot":[-19.10157,7.26111,35.8891],"rotation":[12,0,0]},{"name":"RightArm4","parent":"bone3","pivot":[-29.10157,7.26111,35.8891],"rotation":[-10,0,0]},{"name":"Head4","parent":"bone3","pivot":[-24.10157,9.26111,35.8891],"rotation":[-6,5,0]},{"name":"rightArm3","parent":"Player1","pivot":[23.18646,38.60142,-8.6564],"rotation":[-32.5,50,-15],"cubes":[{"origin":[17.38014,27.68826,-11.55446],"size":[4,12,4],"pivot":[22.38014,39.68826,-13.55446],"rotation":[-17.5,40,-57.5],"uv":{"north":{"uv":[36,116],"uv_size":[4,12]},"east":{"uv":[32,116],"uv_size":[4,12]},"south":{"uv":[44,116],"uv_size":[4,12]},"west":{"uv":[40,116],"uv_size":[4,12]},"up":{"uv":[40,116],"uv_size":[-4,-4]},"down":{"uv":[44,116],"uv_size":[-4,-4]}}},{"origin":[17.38014,27.68826,-11.55446],"size":[4,12,4],"inflate":0.25,"pivot":[22.38014,39.68826,-13.55446],"rotation":[-17.5,40,-57.5],"uv":{"north":{"uv":[52,116],"uv_size":[4,12]},"east":{"uv":[48,116],"uv_size":[4,12]},"south":{"uv":[60,116],"uv_size":[4,12]},"west":{"uv":[56,116],"uv_size":[4,12]},"up":{"uv":[57,116],"uv_size":[-4,-4]},"down":{"uv":[57,116],"uv_size":[-4,-4]}}}]},{"name":"bone15","parent":"rightArm3","pivot":[30.28236,32.35,-13.45882],"rotation":[38.42599,27.63742,36.57504],"cubes":[{"origin":[27.88236,29.95,-15.85882],"size":[4.8,4.8,4.8],"pivot":[30.28236,32.35,-13.45882],"rotation":[0,180,0],"uv":{"north":{"uv":[16,25],"uv_size":[16,16]},"east":{"uv":[16,25],"uv_size":[16,16]},"south":{"uv":[16,25],"uv_size":[16,16]},"west":{"uv":[16,25],"uv_size":[16,16]},"up":{"uv":[32,41],"uv_size":[-16,-16]},"down":{"uv":[32,41],"uv_size":[-16,-16]}}}]},{"name":"leftLeg5","parent":"Player1","pivot":[18.03434,28.11765,-3.95368],"rotation":[-10,0,0],"cubes":[{"origin":[16.03434,16.13284,-5.78003],"size":[4,12,4],"uv":{"north":{"uv":[8,84],"uv_size":[4,12]},"east":{"uv":[4,84],"uv_size":[4,12]},"south":{"uv":[0,84],"uv_size":[4,12]},"west":{"uv":[12,84],"uv_size":[4,12]},"up":{"uv":[8,84],"uv_size":[-4,-4]},"down":{"uv":[12,84],"uv_size":[-4,-4]}}},{"origin":[16.03434,16.13284,-5.78003],"size":[4,12,4],"inflate":0.25,"uv":{"north":{"uv":[8,100],"uv_size":[4,12]},"east":{"uv":[4,100],"uv_size":[4,12]},"south":{"uv":[0,100],"uv_size":[4,12]},"west":{"uv":[12,100],"uv_size":[4,12]},"up":{"uv":[8,101],"uv_size":[-4,-4]},"down":{"uv":[8,101],"uv_size":[-4,-4]}}}]},{"name":"Leftleg3","parent":"Player1","pivot":[20.9632,28.11765,-8.80053],"cubes":[{"origin":[14.31095,22.04832,1.99968],"size":[4,12,4],"pivot":[5.28696,43.4436,-11.76457],"rotation":[-22.5,32.5,0],"uv":{"north":{"uv":[20,116],"uv_size":[4,12]},"east":{"uv":[16,116],"uv_size":[4,12]},"south":{"uv":[28,116],"uv_size":[4,12]},"west":{"uv":[24,116],"uv_size":[4,12]},"up":{"uv":[24,116],"uv_size":[-4,-4]},"down":{"uv":[28,116],"uv_size":[-4,-4]}}},{"origin":[14.31095,22.04832,1.99968],"size":[4,12,4],"inflate":0.25,"pivot":[5.28696,43.4436,-11.76457],"rotation":[-22.5,32.5,0],"uv":{"north":{"uv":[4,116],"uv_size":[4,12]},"east":{"uv":[0,116],"uv_size":[4,12]},"south":{"uv":[12,116],"uv_size":[4,12]},"west":{"uv":[8,116],"uv_size":[4,12]},"up":{"uv":[12,117],"uv_size":[-4,-1]},"down":{"uv":[12,117],"uv_size":[-4,-1]}}}]},{"name":"Blocks","parent":"bone2","pivot":[0,16,0],"cubes":[{"origin":[0,15.95,-15],"size":[16,16,16],"pivot":[7.94118,24.11765,-7.52941],"rotation":[0,180,0],"uv":{"north":{"uv":[16,25],"uv_size":[16,16]},"east":{"uv":[16,25],"uv_size":[16,16]},"south":{"uv":[16,25],"uv_size":[16,16]},"west":{"uv":[16,25],"uv_size":[16,16]},"up":{"uv":[32,41],"uv_size":[-16,-16]},"down":{"uv":[32,41],"uv_size":[-16,-16]}}},{"origin":[0,31.95,-15],"size":[16,16,16],"pivot":[7.94118,24.11765,-7.52941],"rotation":[0,180,0],"uv":{"north":{"uv":[16,25],"uv_size":[16,16]},"east":{"uv":[16,25],"uv_size":[16,16]},"south":{"uv":[16,25],"uv_size":[16,16]},"west":{"uv":[16,25],"uv_size":[16,16]},"up":{"uv":[32,41],"uv_size":[-16,-16]},"down":{"uv":[32,41],"uv_size":[-16,-16]}}},{"origin":[-15.85,0,17],"size":[16,16,16],"pivot":[8,40.11765,8.47059],"rotation":[0,180,0],"uv":{"north":{"uv":[16,25],"uv_size":[16,16]},"east":{"uv":[16,25],"uv_size":[16,16]},"south":{"uv":[16,25],"uv_size":[16,16]},"west":{"uv":[16,25],"uv_size":[16,16]},"up":{"uv":[32,41],"uv_size":[-16,-16]},"down":{"uv":[32,41],"uv_size":[-16,-16]}}},{"origin":[0,0,-15],"size":[16,16,16],"pivot":[7.94118,24.11765,-7.52941],"rotation":[0,180,0],"uv":{"north":{"uv":[16,25],"uv_size":[16,16]},"east":{"uv":[16,25],"uv_size":[16,16]},"south":{"uv":[16,25],"uv_size":[16,16]},"west":{"uv":[16,25],"uv_size":[16,16]},"up":{"uv":[32,41],"uv_size":[-16,-16]},"down":{"uv":[32,41],"uv_size":[-16,-16]}}},{"origin":[15.94118,0.11765,-15.02941],"size":[16,16,16],"pivot":[7.94118,24.11765,-7.52941],"rotation":[0,180,0],"uv":{"north":{"uv":[16,41],"uv_size":[16,16]},"east":{"uv":[16,41],"uv_size":[16,16]},"south":{"uv":[16,41],"uv_size":[16,16]},"west":{"uv":[16,41],"uv_size":[16,16]},"up":{"uv":[32,57],"uv_size":[-16,-16]},"down":{"uv":[32,57],"uv_size":[-16,-16]}}},{"origin":[16,0.11765,0.97059],"size":[16,16,16],"pivot":[8,40.11765,8.47059],"rotation":[0,180,0],"uv":{"north":{"uv":[16,41],"uv_size":[16,16]},"east":{"uv":[16,41],"uv_size":[16,16]},"south":{"uv":[16,41],"uv_size":[16,16]},"west":{"uv":[16,41],"uv_size":[16,16]},"up":{"uv":[32,57],"uv_size":[-16,-16]},"down":{"uv":[32,57],"uv_size":[-16,-16]}}}]},{"name":"1","parent":"Blocks","pivot":[8,24.11765,8.47059],"cubes":[{"origin":[0.1,15.95,1.05],"size":[16,16,16],"pivot":[8,24.11765,8.47059],"rotation":[0,180,0],"uv":{"north":{"uv":[32,0],"uv_size":[16,16]},"east":{"uv":[32,0],"uv_size":[16,16]},"south":{"uv":[32,0],"uv_size":[16,16]},"west":{"uv":[32,0],"uv_size":[16,16]},"up":{"uv":[48,16],"uv_size":[-16,-16]},"down":{"uv":[48,16],"uv_size":[-16,-16]}}}]},{"name":"2","parent":"Blocks","pivot":[8,24.11765,8.47059],"cubes":[{"origin":[0.1,15.95,1.05],"size":[16,16,16],"pivot":[8,24.11765,8.47059],"rotation":[0,180,0],"uv":{"north":{"uv":[32,16],"uv_size":[16,16]},"east":{"uv":[32,16],"uv_size":[16,16]},"south":{"uv":[32,16],"uv_size":[16,16]},"west":{"uv":[32,16],"uv_size":[16,16]},"up":{"uv":[48,32],"uv_size":[-16,-16]},"down":{"uv":[48,32],"uv_size":[-16,-16]}}}]},{"name":"3","parent":"Blocks","pivot":[8,24.11765,8.47059],"cubes":[{"origin":[0.1,15.95,1.05],"size":[16,16,16],"pivot":[8,24.11765,8.47059],"rotation":[0,180,0],"uv":{"north":{"uv":[32,32],"uv_size":[16,16]},"east":{"uv":[32,32],"uv_size":[16,16]},"south":{"uv":[32,32],"uv_size":[16,16]},"west":{"uv":[32,32],"uv_size":[16,16]},"up":{"uv":[48,48],"uv_size":[-16,-16]},"down":{"uv":[48,48],"uv_size":[-16,-16]}}}]},{"name":"4","parent":"Blocks","pivot":[8,24.11765,8.47059],"cubes":[{"origin":[0.1,15.95,1.05],"size":[16,16,16],"pivot":[8,24.11765,8.47059],"rotation":[0,180,0],"uv":{"north":{"uv":[32,48],"uv_size":[16,16]},"east":{"uv":[32,48],"uv_size":[16,16]},"south":{"uv":[32,48],"uv_size":[16,16]},"west":{"uv":[32,48],"uv_size":[16,16]},"up":{"uv":[48,64],"uv_size":[-16,-16]},"down":{"uv":[48,64],"uv_size":[-16,-16]}}}]},{"name":"5","parent":"Blocks","pivot":[8,24.11765,8.47059],"cubes":[{"origin":[0.1,15.95,1.05],"size":[16,16,16],"pivot":[8,24.11765,8.47059],"rotation":[0,180,0],"uv":{"north":{"uv":[48,0],"uv_size":[16,16]},"east":{"uv":[48,0],"uv_size":[16,16]},"south":{"uv":[48,0],"uv_size":[16,16]},"west":{"uv":[48,0],"uv_size":[16,16]},"up":{"uv":[64,16],"uv_size":[-16,-16]},"down":{"uv":[64,16],"uv_size":[-16,-16]}}}]},{"name":"6","parent":"Blocks","pivot":[8,24.11765,8.47059],"cubes":[{"origin":[0.1,15.95,1.05],"size":[16,16,16],"pivot":[8,24.11765,8.47059],"rotation":[0,180,0],"uv":{"north":{"uv":[48,16],"uv_size":[16,16]},"east":{"uv":[48,16],"uv_size":[16,16]},"south":{"uv":[48,16],"uv_size":[16,16]},"west":{"uv":[48,16],"uv_size":[16,16]},"up":{"uv":[64,32],"uv_size":[-16,-16]},"down":{"uv":[64,32],"uv_size":[-16,-16]}}}]},{"name":"7","parent":"Blocks","pivot":[8,24.11765,8.47059],"cubes":[{"origin":[0.1,15.95,1.05],"size":[16,16,16],"pivot":[8,24.11765,8.47059],"rotation":[0,180,0],"uv":{"north":{"uv":[0,25],"uv_size":[16,16]},"east":{"uv":[0,25],"uv_size":[16,16]},"south":{"uv":[0,25],"uv_size":[16,16]},"west":{"uv":[0,25],"uv_size":[16,16]},"up":{"uv":[16,41],"uv_size":[-16,-16]},"down":{"uv":[16,41],"uv_size":[-16,-16]}}}]},{"name":"8","parent":"Blocks","pivot":[8,24.11765,8.47059],"cubes":[{"origin":[0.1,15.95,1.05],"size":[16,16,16],"pivot":[8,24.11765,8.47059],"rotation":[0,180,0],"uv":{"north":{"uv":[48,32],"uv_size":[16,16]},"east":{"uv":[48,32],"uv_size":[16,16]},"south":{"uv":[48,32],"uv_size":[16,16]},"west":{"uv":[48,32],"uv_size":[16,16]},"up":{"uv":[64,48],"uv_size":[-16,-16]},"down":{"uv":[64,48],"uv_size":[-16,-16]}}}]},{"name":"9","parent":"Blocks","pivot":[8,24.11765,8.47059],"cubes":[{"origin":[0.1,15.95,1.05],"size":[16,16,16],"pivot":[8,24.11765,8.47059],"rotation":[0,180,0],"uv":{"north":{"uv":[48,48],"uv_size":[16,16]},"east":{"uv":[48,48],"uv_size":[16,16]},"south":{"uv":[48,48],"uv_size":[16,16]},"west":{"uv":[48,48],"uv_size":[16,16]},"up":{"uv":[64,64],"uv_size":[-16,-16]},"down":{"uv":[64,64],"uv_size":[-16,-16]}}}]},{"name":"10","parent":"Blocks","pivot":[8,24.11765,8.47059],"cubes":[{"origin":[0.1,15.95,1.05],"size":[16,16,16],"pivot":[8,24.11765,8.47059],"rotation":[0,180,0],"uv":{"north":{"uv":[0,41],"uv_size":[16,16]},"east":{"uv":[0,41],"uv_size":[16,16]},"south":{"uv":[0,41],"uv_size":[16,16]},"west":{"uv":[0,41],"uv_size":[16,16]},"up":{"uv":[16,57],"uv_size":[-16,-16]},"down":{"uv":[16,57],"uv_size":[-16,-16]}}}]},{"name":"bone6","parent":"Blocks","pivot":[7.94118,24.11765,-7.52941],"cubes":[{"origin":[0,15.95,-15],"size":[16,16,16],"pivot":[7.94118,24.11765,-7.52941],"rotation":[0,180,0],"uv":{"north":{"uv":[16,25],"uv_size":[16,16]},"east":{"uv":[16,25],"uv_size":[16,16]},"south":{"uv":[16,25],"uv_size":[16,16]},"west":{"uv":[16,25],"uv_size":[16,16]},"up":{"uv":[32,41],"uv_size":[-16,-16]},"down":{"uv":[32,41],"uv_size":[-16,-16]}}}]},{"name":"bone8","parent":"Blocks","pivot":[7.94118,24.11765,-7.52941],"cubes":[{"origin":[0,15.95,-15],"size":[16,16,16],"pivot":[7.94118,24.11765,-7.52941],"rotation":[0,180,0],"uv":{"north":{"uv":[16,25],"uv_size":[16,16]},"east":{"uv":[16,25],"uv_size":[16,16]},"south":{"uv":[16,25],"uv_size":[16,16]},"west":{"uv":[16,25],"uv_size":[16,16]},"up":{"uv":[32,41],"uv_size":[-16,-16]},"down":{"uv":[32,41],"uv_size":[-16,-16]}}}]},{"name":"bone9","parent":"Blocks","pivot":[7.94118,24.11765,-7.52941],"cubes":[{"origin":[0,15.95,-15],"size":[16,16,16],"pivot":[7.94118,24.11765,-7.52941],"rotation":[0,180,0],"uv":{"north":{"uv":[16,25],"uv_size":[16,16]},"east":{"uv":[16,25],"uv_size":[16,16]},"south":{"uv":[16,25],"uv_size":[16,16]},"west":{"uv":[16,25],"uv_size":[16,16]},"up":{"uv":[32,41],"uv_size":[-16,-16]},"down":{"uv":[32,41],"uv_size":[-16,-16]}}}]},{"name":"bone10","parent":"Blocks","pivot":[7.94118,24.11765,-7.52941],"cubes":[{"origin":[0,15.95,-15],"size":[16,16,16],"pivot":[7.94118,24.11765,-7.52941],"rotation":[0,180,0],"uv":{"north":{"uv":[16,25],"uv_size":[16,16]},"east":{"uv":[16,25],"uv_size":[16,16]},"south":{"uv":[16,25],"uv_size":[16,16]},"west":{"uv":[16,25],"uv_size":[16,16]},"up":{"uv":[32,41],"uv_size":[-16,-16]},"down":{"uv":[32,41],"uv_size":[-16,-16]}}}]},{"name":"bone11","parent":"Blocks","pivot":[7.94118,24.11765,-7.52941],"cubes":[{"origin":[0,15.95,-15],"size":[16,16,16],"pivot":[7.94118,24.11765,-7.52941],"rotation":[0,180,0],"uv":{"north":{"uv":[16,25],"uv_size":[16,16]},"east":{"uv":[16,25],"uv_size":[16,16]},"south":{"uv":[16,25],"uv_size":[16,16]},"west":{"uv":[16,25],"uv_size":[16,16]},"up":{"uv":[32,41],"uv_size":[-16,-16]},"down":{"uv":[32,41],"uv_size":[-16,-16]}}}]},{"name":"bone12","parent":"Blocks","pivot":[7.94118,24.11765,-7.52941],"cubes":[{"origin":[0,15.95,-15],"size":[16,16,16],"pivot":[7.94118,24.11765,-7.52941],"rotation":[0,180,0],"uv":{"north":{"uv":[16,25],"uv_size":[16,16]},"east":{"uv":[16,25],"uv_size":[16,16]},"south":{"uv":[16,25],"uv_size":[16,16]},"west":{"uv":[16,25],"uv_size":[16,16]},"up":{"uv":[32,41],"uv_size":[-16,-16]},"down":{"uv":[32,41],"uv_size":[-16,-16]}}}]},{"name":"bone13","parent":"Blocks","pivot":[7.94118,24.11765,-7.52941],"cubes":[{"origin":[0,15.95,-15],"size":[16,16,16],"pivot":[7.94118,24.11765,-7.52941],"rotation":[0,180,0],"uv":{"north":{"uv":[16,25],"uv_size":[16,16]},"east":{"uv":[16,25],"uv_size":[16,16]},"south":{"uv":[16,25],"uv_size":[16,16]},"west":{"uv":[16,25],"uv_size":[16,16]},"up":{"uv":[32,41],"uv_size":[-16,-16]},"down":{"uv":[32,41],"uv_size":[-16,-16]}}}]},{"name":"bone14","parent":"Blocks","pivot":[7.94118,24.11765,-7.52941],"cubes":[{"origin":[0,15.95,-15],"size":[16,16,16],"pivot":[7.94118,24.11765,-7.52941],"rotation":[0,180,0],"uv":{"north":{"uv":[16,25],"uv_size":[16,16]},"east":{"uv":[16,25],"uv_size":[16,16]},"south":{"uv":[16,25],"uv_size":[16,16]},"west":{"uv":[16,25],"uv_size":[16,16]},"up":{"uv":[32,41],"uv_size":[-16,-16]},"down":{"uv":[32,41],"uv_size":[-16,-16]}}}]},{"name":"bone7","parent":"Blocks","pivot":[7.94118,24.11765,-7.52941],"cubes":[{"origin":[0,15.95,-15],"size":[16,16,16],"pivot":[7.94118,24.11765,-7.52941],"rotation":[0,180,0],"uv":{"north":{"uv":[16,25],"uv_size":[16,16]},"east":{"uv":[16,25],"uv_size":[16,16]},"south":{"uv":[16,25],"uv_size":[16,16]},"west":{"uv":[16,25],"uv_size":[16,16]},"up":{"uv":[32,41],"uv_size":[-16,-16]},"down":{"uv":[32,41],"uv_size":[-16,-16]}}}]},{"name":"Player2","parent":"bone2","pivot":[-12,16,-6],"rotation":[0,52.5,0]},{"name":"body2","parent":"Player2","pivot":[-11.22566,34.09476,-7.255],"rotation":[-10,0,0],"cubes":[{"origin":[-15.22566,28.09476,-9.255],"size":[8,12,4],"uv":{"north":{"uv":[96,20],"uv_size":[8,12]},"east":{"uv":[92,20],"uv_size":[4,12]},"south":{"uv":[84,20],"uv_size":[8,12]},"west":{"uv":[80,20],"uv_size":[4,12]},"up":{"uv":[92,20],"uv_size":[-8,-4]},"down":{"uv":[100,20],"uv_size":[-8,-4]}}},{"origin":[-15.22566,28.09476,-9.255],"size":[8,12,4],"inflate":0.25,"uv":{"north":{"uv":[96,36],"uv_size":[8,12]},"east":{"uv":[92,36],"uv_size":[4,12]},"south":{"uv":[84,36],"uv_size":[8,12]},"west":{"uv":[80,36],"uv_size":[4,12]},"up":{"uv":[92,38],"uv_size":[-8,-3]},"down":{"uv":[92,38],"uv_size":[-8,-3]}}}]},{"name":"head2","parent":"Player2","pivot":[-11.22566,44.09472,-5.255],"rotation":[-12.5,0,0],"cubes":[{"origin":[-15.22566,40.09472,-9.255],"size":[8,8,8],"uv":{"north":{"uv":[88,8],"uv_size":[8,8]},"east":{"uv":[80,8],"uv_size":[8,8]},"south":{"uv":[72,8],"uv_size":[8,8]},"west":{"uv":[64,8],"uv_size":[8,8]},"up":{"uv":[80,8],"uv_size":[-8,-8]},"down":{"uv":[88,8],"uv_size":[-8,-8]}}},{"origin":[-15.22566,40.09472,-9.255],"size":[8,8,8],"inflate":0.25,"uv":{"north":{"uv":[120,8],"uv_size":[8,8]},"east":{"uv":[113,8],"uv_size":[8,8]},"south":{"uv":[104,8],"uv_size":[8,8]},"west":{"uv":[96,8],"uv_size":[8,8]},"up":{"uv":[112,8],"uv_size":[-8,-8]},"down":{"uv":[120,8],"uv_size":[-8,-8]}}}]},{"name":"leftArm2","parent":"Player2","pivot":[-17.02571,38.32822,-7.37187],"rotation":[-47.18477,-8.51711,0.80812],"cubes":[{"origin":[-18.52571,32.32822,-3.37187],"size":[3,12,4],"pivot":[-17.02571,38.32822,-1.37187],"rotation":[85,-2.5,0],"uv":{"north":{"uv":[107,52],"uv_size":[3,12]},"east":{"uv":[103,52],"uv_size":[4,12]},"south":{"uv":[100,52],"uv_size":[3,12]},"west":{"uv":[96,52],"uv_size":[4,12]},"up":{"uv":[103,52],"uv_size":[-3,-4]},"down":{"uv":[106,52],"uv_size":[-3,-4]}}},{"origin":[-18.52571,32.32822,-3.37187],"size":[3,12,4],"inflate":0.25,"pivot":[-17.02571,38.32822,-1.37187],"rotation":[85,-2.5,0],"uv":{"north":{"uv":[123,52],"uv_size":[3,12]},"east":{"uv":[119,52],"uv_size":[4,12]},"south":{"uv":[115,52],"uv_size":[3,12]},"west":{"uv":[112,52],"uv_size":[4,12]},"up":{"uv":[124,53],"uv_size":[-3,-2]},"down":{"uv":[124,53],"uv_size":[-3,-2]}}}]},{"name":"pickaxe","parent":"leftArm2","pivot":[-17.52571,36.32822,2.47023],"rotation":[-37.5,180,0],"cubes":[{"origin":[-18.02571,35.85963,1.35592],"size":[1,1,2],"uv":{"north":{"uv":[0,9],"uv_size":[2,1]},"east":{"uv":[0,9],"uv_size":[2,1]},"south":{"uv":[0,9],"uv_size":[2,1]},"west":{"uv":[0,9],"uv_size":[2,1]},"up":{"uv":[2,10],"uv_size":[-2,-1]},"down":{"uv":[2,10],"uv_size":[-2,-1]}}},{"origin":[-18.02571,36.85963,0.35592],"size":[1,1,3],"uv":{"north":{"uv":[2,10],"uv_size":[1,1]},"east":{"uv":[0,10],"uv_size":[3,1]},"south":{"uv":[0,10],"uv_size":[1,1]},"west":{"uv":[3,10],"uv_size":[-3,1]},"up":{"uv":[5,9],"uv_size":[-1,3]},"down":{"uv":[5,12],"uv_size":[-1,-3]}}},{"origin":[-18.02571,37.85963,-0.64408],"size":[1,1,3],"uv":{"north":{"uv":[2,11],"uv_size":[1,1]},"east":{"uv":[0,11],"uv_size":[3,1]},"south":{"uv":[0,11],"uv_size":[1,1]},"west":{"uv":[3,11],"uv_size":[-3,1]},"up":{"uv":[4,9],"uv_size":[-1,3]},"down":{"uv":[4,12],"uv_size":[-1,-3]}}},{"origin":[-18.02571,39.85963,-2.64408],"size":[1,1,3],"uv":{"north":{"uv":[2,11],"uv_size":[1,1]},"east":{"uv":[0,11],"uv_size":[3,1]},"south":{"uv":[0,11],"uv_size":[1,1]},"west":{"uv":[3,11],"uv_size":[-3,1]},"up":{"uv":[4,9],"uv_size":[-1,3]},"down":{"uv":[4,12],"uv_size":[-1,-3]}}},{"origin":[-18.02571,38.85963,-1.64408],"size":[1,1,3],"uv":{"north":{"uv":[2,10],"uv_size":[1,1]},"east":{"uv":[0,10],"uv_size":[3,1]},"south":{"uv":[0,10],"uv_size":[1,1]},"west":{"uv":[3,10],"uv_size":[-3,1]},"up":{"uv":[5,9],"uv_size":[-1,3]},"down":{"uv":[5,12],"uv_size":[-1,-3]}}},{"origin":[-18.02571,43.85963,-6.64408],"size":[1,1,3],"uv":{"north":{"uv":[2,11],"uv_size":[1,1]},"east":{"uv":[0,11],"uv_size":[3,1]},"south":{"uv":[0,11],"uv_size":[1,1]},"west":{"uv":[3,11],"uv_size":[-3,1]},"up":{"uv":[4,9],"uv_size":[-1,3]},"down":{"uv":[4,12],"uv_size":[-1,-3]}}},{"origin":[-18.02571,44.85963,-5.64408],"size":[1,1,1],"uv":{"north":{"uv":[0,11],"uv_size":[1,1]},"east":{"uv":[0,11],"uv_size":[1,1]},"south":{"uv":[0,11],"uv_size":[1,1]},"west":{"uv":[0,11],"uv_size":[1,1]},"up":{"uv":[1,12],"uv_size":[-1,-1]},"down":{"uv":[1,12],"uv_size":[-1,-1]}}},{"origin":[-18.02571,44.85963,-6.64408],"size":[1,1,1],"uv":{"north":{"uv":[2,9],"uv_size":[1,1]},"east":{"uv":[2,9],"uv_size":[1,1]},"south":{"uv":[2,9],"uv_size":[1,1]},"west":{"uv":[2,9],"uv_size":[1,1]},"up":{"uv":[3,10],"uv_size":[-1,-1]},"down":{"uv":[3,10],"uv_size":[-1,-1]}}},{"origin":[-18.02571,45.85963,-6.64408],"size":[1,1,6],"uv":{"north":{"uv":[2,9],"uv_size":[1,1]},"east":{"uv":[0,13],"uv_size":[6,1]},"south":{"uv":[0,13],"uv_size":[1,1]},"west":{"uv":[6,13],"uv_size":[-6,1]},"up":{"uv":[2,14],"uv_size":[-1,-1]},"down":{"uv":[1,21],"uv_size":[-1,-6]}}},{"origin":[-18.02571,47.85963,-5.64408],"size":[1,1,5],"uv":{"north":{"uv":[0,13],"uv_size":[1,1]},"east":{"uv":[0,13],"uv_size":[1,1]},"south":{"uv":[0,13],"uv_size":[1,1]},"west":{"uv":[0,13],"uv_size":[1,1]},"up":{"uv":[1,14],"uv_size":[-1,-1]},"down":{"uv":[1,14],"uv_size":[-1,-1]}}},{"origin":[-18.02571,46.85963,-6.64408],"size":[1,1,7],"uv":{"north":{"uv":[2,9],"uv_size":[1,1]},"east":{"uv":[0,12],"uv_size":[7,1]},"south":{"uv":[0,13],"uv_size":[1,1]},"west":{"uv":[7,12],"uv_size":[-7,1]},"up":{"uv":[2,14],"uv_size":[-1,-1]},"down":{"uv":[1,13],"uv_size":[-1,-1]}}},{"origin":[-18.02571,39.85963,-8.64408],"size":[1,6,2],"uv":{"north":{"uv":[1,14],"uv_size":[1,6]},"east":{"uv":[0,14],"uv_size":[2,6]},"south":{"uv":[0,14],"uv_size":[1,6]},"west":{"uv":[2,14],"uv_size":[-2,6]},"up":{"uv":[2,16],"uv_size":[-1,-2]},"down":{"uv":[2,16],"uv_size":[-1,-2]}}},{"origin":[-18.02571,38.85963,-8.64408],"size":[1,1,1],"uv":{"north":{"uv":[1,14],"uv_size":[1,1]},"east":{"uv":[1,14],"uv_size":[1,1]},"south":{"uv":[1,14],"uv_size":[1,1]},"west":{"uv":[1,14],"uv_size":[1,1]},"up":{"uv":[2,15],"uv_size":[-1,-1]},"down":{"uv":[2,15],"uv_size":[-1,-1]}}},{"origin":[-18.02571,39.85963,-9.64408],"size":[1,5,1],"uv":{"north":{"uv":[1,14],"uv_size":[1,1]},"east":{"uv":[1,14],"uv_size":[1,1]},"south":{"uv":[1,14],"uv_size":[1,1]},"west":{"uv":[1,14],"uv_size":[1,1]},"up":{"uv":[2,15],"uv_size":[-1,-1]},"down":{"uv":[2,15],"uv_size":[-1,-1]}}},{"origin":[-18.02571,42.85963,-5.64408],"size":[1,1,3],"uv":{"north":{"uv":[2,10],"uv_size":[1,1]},"east":{"uv":[0,10],"uv_size":[3,1]},"south":{"uv":[0,10],"uv_size":[1,1]},"west":{"uv":[3,10],"uv_size":[-3,1]},"up":{"uv":[5,9],"uv_size":[-1,3]},"down":{"uv":[5,12],"uv_size":[-1,-3]}}},{"origin":[-18.02571,46.85963,-8.64408],"size":[1,1,2],"uv":{"north":{"uv":[1,11],"uv_size":[1,1]},"east":{"uv":[0,11],"uv_size":[2,1]},"south":{"uv":[0,11],"uv_size":[1,1]},"west":{"uv":[2,11],"uv_size":[-2,1]},"up":{"uv":[4,9],"uv_size":[-1,2]},"down":{"uv":[4,11],"uv_size":[-1,-2]}}},{"origin":[-18.02571,45.85963,-8.64408],"size":[1,1,2],"uv":{"north":{"uv":[2,10],"uv_size":[1,1]},"east":{"uv":[1,10],"uv_size":[2,1]},"south":{"uv":[1,10],"uv_size":[1,1]},"west":{"uv":[3,10],"uv_size":[-2,1]},"up":{"uv":[5,10],"uv_size":[-1,2]},"down":{"uv":[5,12],"uv_size":[-1,-2]}}},{"origin":[-18.02571,41.85963,-4.64408],"size":[1,1,3],"uv":{"north":{"uv":[2,11],"uv_size":[1,1]},"east":{"uv":[0,11],"uv_size":[3,1]},"south":{"uv":[0,11],"uv_size":[1,1]},"west":{"uv":[3,11],"uv_size":[-3,1]},"up":{"uv":[4,9],"uv_size":[-1,3]},"down":{"uv":[4,12],"uv_size":[-1,-3]}}},{"origin":[-18.02571,40.85963,-3.64408],"size":[1,1,3],"uv":{"north":{"uv":[2,10],"uv_size":[1,1]},"east":{"uv":[0,10],"uv_size":[3,1]},"south":{"uv":[0,10],"uv_size":[1,1]},"west":{"uv":[3,10],"uv_size":[-3,1]},"up":{"uv":[5,9],"uv_size":[-1,3]},"down":{"uv":[5,12],"uv_size":[-1,-3]}}}]},{"name":"rightArm2","parent":"Player2","pivot":[-5.70173,40.44213,-7.68554],"rotation":[-88.40995,15.88056,-63.37614],"cubes":[{"origin":[-11.92979,32.99814,-6.14148],"size":[3,12,4],"pivot":[-10.42979,38.99814,-4.14148],"rotation":[82.5,-50,0],"uv":{"north":{"uv":[115,20],"uv_size":[3,12]},"east":{"uv":[111,20],"uv_size":[4,12]},"south":{"uv":[108,20],"uv_size":[3,12]},"west":{"uv":[104,20],"uv_size":[4,12]},"up":{"uv":[111,20],"uv_size":[-3,-4]},"down":{"uv":[114,20],"uv_size":[-3,-4]}}},{"origin":[-11.92979,32.99814,-6.14148],"size":[3,12,4],"inflate":0.25,"pivot":[-10.42979,38.99814,-4.14148],"rotation":[82.5,-50,0],"uv":{"north":{"uv":[115,36],"uv_size":[3,12]},"east":{"uv":[111,36],"uv_size":[4,12]},"south":{"uv":[108,36],"uv_size":[3,12]},"west":{"uv":[104,36],"uv_size":[4,12]},"up":{"uv":[111,37],"uv_size":[-4,-3]},"down":{"uv":[111,37],"uv_size":[-4,-3]}}}]},{"name":"leftLeg2","parent":"Player2","pivot":[-13.12566,28.26624,-6.96995],"rotation":[-37.5,0,0],"cubes":[{"origin":[-15.12566,41.26624,-3.96995],"size":[4,12,4],"pivot":[-25.52917,34.82457,23.36848],"rotation":[47.5,0,0],"uv":{"north":{"uv":[92,52],"uv_size":[4,12]},"east":{"uv":[88,52],"uv_size":[4,12]},"south":{"uv":[84,52],"uv_size":[4,12]},"west":{"uv":[80,52],"uv_size":[4,12]},"up":{"uv":[88,52],"uv_size":[-4,-4]},"down":{"uv":[92,52],"uv_size":[-4,-4]}}},{"origin":[-15.12566,41.26624,-3.96995],"size":[4,12,4],"inflate":0.25,"pivot":[-25.52917,34.82457,23.36848],"rotation":[47.5,0,0],"uv":{"north":{"uv":[76,52],"uv_size":[4,12]},"east":{"uv":[72,52],"uv_size":[4,12]},"south":{"uv":[68,52],"uv_size":[4,12]},"west":{"uv":[64,52],"uv_size":[4,12]},"up":{"uv":[72,52],"uv_size":[-4,-4]},"down":{"uv":[76,52],"uv_size":[-4,-4]}}}]},{"name":"rightLeg2","parent":"Player2","pivot":[-9.32566,27.99465,-7.33279],"rotation":[22.5,0,0],"cubes":[{"origin":[-11.32566,1.99465,-3.33279],"size":[4,12,4],"pivot":[-25.52917,32.82457,22.36849],"rotation":[-30,0,0],"uv":{"north":{"uv":[72,20],"uv_size":[4,12]},"east":{"uv":[76,20],"uv_size":[4,12]},"south":{"uv":[68,20],"uv_size":[4,12]},"west":{"uv":[64,20],"uv_size":[4,12]},"up":{"uv":[72,20],"uv_size":[-4,-4]},"down":{"uv":[76,20],"uv_size":[-4,-4]}}},{"origin":[-11.32566,1.99465,-3.33279],"size":[4,12,4],"inflate":0.25,"pivot":[-25.52917,32.82457,22.36849],"rotation":[-30,0,0],"uv":{"north":{"uv":[72,36],"uv_size":[4,12]},"east":{"uv":[76,36],"uv_size":[4,12]},"south":{"uv":[68,36],"uv_size":[4,12]},"west":{"uv":[64,36],"uv_size":[4,12]},"up":{"uv":[72,36],"uv_size":[-4,-4]},"down":{"uv":[76,36],"uv_size":[-4,-4]}}}]},{"name":"bone","parent":"bone5","pivot":[8,8,-11.9],"rotation":[90,0,-180]},{"name":"leg2","parent":"bone","pivot":[18,8,-71.9]},{"name":"bone4","parent":"leg2","pivot":[16,-4,-71.9],"cubes":[{"origin":[0,-4,-12.9],"size":[16,32,6],"uv":{"north":{"uv":[94,78],"uv_size":[-16,32]},"east":{"uv":[100,78],"uv_size":[-6,32]},"south":{"uv":[116,78],"uv_size":[-16,32]},"west":{"uv":[78,78],"uv_size":[-6,32]},"up":{"uv":[94,72],"uv_size":[-16,6]},"down":{"uv":[94,78],"uv_size":[16,-6]}}},{"origin":[0,-4,-6.9],"size":[3,3,3],"uv":{"north":{"uv":[81,78],"uv_size":[-3,3]},"east":{"uv":[75,119],"uv_size":[-3,3]},"south":{"uv":[75,113],"uv_size":[3,3]},"west":{"uv":[75,113],"uv_size":[3,-3]},"up":{"uv":[78,110],"uv_size":[3,3]},"down":{"uv":[93,119],"uv_size":[-3,-3]}}},{"origin":[13,-4,-6.9],"size":[3,3,3],"uv":{"north":{"uv":[81,78],"uv_size":[-3,3]},"east":{"uv":[78,113],"uv_size":[-3,-3]},"south":{"uv":[75,113],"uv_size":[3,3]},"west":{"uv":[75,119],"uv_size":[-3,3]},"up":{"uv":[81,110],"uv_size":[-3,3]},"down":{"uv":[81,119],"uv_size":[-3,-3]}}},{"origin":[0,25,-6.9],"size":[3,3,3],"pivot":[8,26.5,-5.4],"rotation":[0,0,-180],"uv":{"north":{"uv":[81,78],"uv_size":[-3,3]},"east":{"uv":[75,119],"uv_size":[-3,3]},"south":{"uv":[75,113],"uv_size":[3,3]},"west":{"uv":[75,113],"uv_size":[3,-3]},"up":{"uv":[78,110],"uv_size":[3,3]},"down":{"uv":[93,119],"uv_size":[-3,-3]}}},{"origin":[13,25,-6.9],"size":[3,3,3],"pivot":[8,26.5,-5.4],"rotation":[0,0,-180],"uv":{"north":{"uv":[81,78],"uv_size":[-3,3]},"east":{"uv":[78,113],"uv_size":[-3,-3]},"south":{"uv":[75,113],"uv_size":[3,3]},"west":{"uv":[75,119],"uv_size":[-3,3]},"up":{"uv":[81,110],"uv_size":[-3,3]},"down":{"uv":[81,119],"uv_size":[-3,-3]}}}]}]}]}