{"format_version":"1.12.0","minecraft:geometry":[{"description":{"identifier":"geometry.cliff","texture_width":320,"texture_height":320,"visible_bounds_width":9,"visible_bounds_height":3.5,"visible_bounds_offset":[0,1.25,0]},"bones":[{"name":"All","pivot":[0,0,0]},{"name":"villager","parent":"All","pivot":[0,0,0]},{"name":"body","parent":"villager","pivot":[-12.4,4,77.6],"cubes":[{"origin":[-4.4,4,-2.8],"size":[8,18,6],"uv":{"north":{"uv":[298,128],"uv_size":[8,20]},"east":{"uv":[292,128],"uv_size":[6,20]},"south":{"uv":[312,128],"uv_size":[8,20]},"west":{"uv":[306,128],"uv_size":[6,20]},"up":{"uv":[294,122],"uv_size":[0,0]},"down":{"uv":[294,122],"uv_size":[0,0]}}}]},{"name":"head","parent":"villager","pivot":[-0.4,27,0],"cubes":[{"origin":[-4.4,22,-4],"size":[8,10,8],"uv":{"north":{"uv":[264,136],"uv_size":[8,10]},"east":{"uv":[256,136],"uv_size":[8,10]},"south":{"uv":[280,136],"uv_size":[8,10]},"west":{"uv":[272,136],"uv_size":[8,10]},"up":{"uv":[264,128],"uv_size":[8,8]},"down":{"uv":[280,136],"uv_size":[-8,-8]}}}]},{"name":"nose","parent":"head","pivot":[-12.4,4,77.6],"cubes":[{"origin":[-1.6,21.2,-6],"size":[2,4,2],"uv":{"north":{"uv":[282,130],"uv_size":[2,4]},"east":{"uv":[280,130],"uv_size":[2,4]},"south":{"uv":[286,130],"uv_size":[2,4]},"west":{"uv":[284,130],"uv_size":[2,4]},"up":{"uv":[284,130],"uv_size":[-2,-2]},"down":{"uv":[286,130],"uv_size":[-2,-2]}}}]},{"name":"arm","parent":"villager","pivot":[-0.4,18.09537,-1.83625],"cubes":[{"origin":[3.6,14,-3.6],"size":[4,8,4],"pivot":[5.6,18,-0.8],"rotation":[-45,0,0],"uv":{"north":{"uv":[308,157],"uv_size":[4,8]},"east":{"uv":[304,157],"uv_size":[4,8]},"south":{"uv":[316,157],"uv_size":[4,8]},"west":{"uv":[312,157],"uv_size":[4,8]},"up":{"uv":[312,157],"uv_size":[-4,-4]},"down":{"uv":[316,157],"uv_size":[-4,-4]}}},{"origin":[-8.4,14,-3.6],"size":[4,8,4],"pivot":[-6.4,18,-0.8],"rotation":[-45,0,0],"uv":{"north":{"uv":[308,157],"uv_size":[4,8]},"east":{"uv":[304,157],"uv_size":[4,8]},"south":{"uv":[316,157],"uv_size":[4,8]},"west":{"uv":[312,157],"uv_size":[4,8]},"up":{"uv":[312,157],"uv_size":[-4,-4]},"down":{"uv":[316,157],"uv_size":[-4,-4]}}},{"origin":[-4.4,15.184,-4.752],"size":[8,4,4],"pivot":[-0.4,17.2,-2.8],"rotation":[-45,0,0],"uv":{"north":{"uv":[282,161],"uv_size":[8,4]},"east":{"uv":[278,161],"uv_size":[4,4]},"south":{"uv":[294,161],"uv_size":[8,4]},"west":{"uv":[290,161],"uv_size":[4,4]},"up":{"uv":[290,161],"uv_size":[-8,-4]},"down":{"uv":[298,161],"uv_size":[-8,-4]}}}]},{"name":"leftleg","parent":"villager","pivot":[1.456,6,0],"cubes":[{"origin":[-0.544,0,-2],"size":[4,12,4],"uv":{"north":{"uv":[264,153],"uv_size":[4,12]},"east":{"uv":[260,153],"uv_size":[4,12]},"south":{"uv":[272,153],"uv_size":[4,12]},"west":{"uv":[268,153],"uv_size":[4,12]},"up":{"uv":[268,153],"uv_size":[-4,-4]},"down":{"uv":[272,153],"uv_size":[-4,-4]}}}]},{"name":"rightleg","parent":"villager","pivot":[-16,4,77.6],"cubes":[{"origin":[-4.384,0,-2],"size":[4,12,4],"uv":{"north":{"uv":[264,153],"uv_size":[4,12]},"east":{"uv":[260,153],"uv_size":[4,12]},"south":{"uv":[272,153],"uv_size":[4,12]},"west":{"uv":[268,153],"uv_size":[4,12]},"up":{"uv":[268,153],"uv_size":[-4,-4]},"down":{"uv":[272,153],"uv_size":[-4,-4]}}}]},{"name":"villager2","parent":"All","pivot":[-20,0,-8]},{"name":"body2","parent":"villager2","pivot":[-32.4,4,69.6],"cubes":[{"origin":[-24.4,4,-10.8],"size":[8,18,6],"uv":{"north":{"uv":[298,128],"uv_size":[8,20]},"east":{"uv":[292,128],"uv_size":[6,20]},"south":{"uv":[312,128],"uv_size":[8,20]},"west":{"uv":[306,128],"uv_size":[6,20]},"up":{"uv":[294,122],"uv_size":[0,0]},"down":{"uv":[294,122],"uv_size":[0,0]}}}]},{"name":"head2","parent":"villager2","pivot":[-20.4,27,-8],"cubes":[{"origin":[-24.4,22,-12],"size":[8,10,8],"uv":{"north":{"uv":[264,136],"uv_size":[8,10]},"east":{"uv":[256,136],"uv_size":[8,10]},"south":{"uv":[280,136],"uv_size":[8,10]},"west":{"uv":[272,136],"uv_size":[8,10]},"up":{"uv":[264,128],"uv_size":[8,8]},"down":{"uv":[280,136],"uv_size":[-8,-8]}}}]},{"name":"nose2","parent":"head2","pivot":[-32.4,4,69.6],"cubes":[{"origin":[-21.6,21.2,-14],"size":[2,4,2],"uv":{"north":{"uv":[282,130],"uv_size":[2,4]},"east":{"uv":[280,130],"uv_size":[2,4]},"south":{"uv":[286,130],"uv_size":[2,4]},"west":{"uv":[284,130],"uv_size":[2,4]},"up":{"uv":[284,130],"uv_size":[-2,-2]},"down":{"uv":[286,130],"uv_size":[-2,-2]}}}]},{"name":"arm2","parent":"villager2","pivot":[-20.4,18.09537,-9.83625],"cubes":[{"origin":[-16.4,14,-11.6],"size":[4,8,4],"pivot":[-14.4,18,-8.8],"rotation":[-45,0,0],"uv":{"north":{"uv":[308,157],"uv_size":[4,8]},"east":{"uv":[304,157],"uv_size":[4,8]},"south":{"uv":[316,157],"uv_size":[4,8]},"west":{"uv":[312,157],"uv_size":[4,8]},"up":{"uv":[312,157],"uv_size":[-4,-4]},"down":{"uv":[316,157],"uv_size":[-4,-4]}}},{"origin":[-28.4,14,-11.6],"size":[4,8,4],"pivot":[-26.4,18,-8.8],"rotation":[-45,0,0],"uv":{"north":{"uv":[308,157],"uv_size":[4,8]},"east":{"uv":[304,157],"uv_size":[4,8]},"south":{"uv":[316,157],"uv_size":[4,8]},"west":{"uv":[312,157],"uv_size":[4,8]},"up":{"uv":[312,157],"uv_size":[-4,-4]},"down":{"uv":[316,157],"uv_size":[-4,-4]}}},{"origin":[-24.4,15.184,-12.752],"size":[8,4,4],"pivot":[-20.4,17.2,-10.8],"rotation":[-45,0,0],"uv":{"north":{"uv":[282,161],"uv_size":[8,4]},"east":{"uv":[278,161],"uv_size":[4,4]},"south":{"uv":[294,161],"uv_size":[8,4]},"west":{"uv":[290,161],"uv_size":[4,4]},"up":{"uv":[290,161],"uv_size":[-8,-4]},"down":{"uv":[298,161],"uv_size":[-8,-4]}}}]},{"name":"leftleg2","parent":"villager2","pivot":[-18.544,6,-8],"cubes":[{"origin":[-20.544,0,-10],"size":[4,12,4],"uv":{"north":{"uv":[264,153],"uv_size":[4,12]},"east":{"uv":[260,153],"uv_size":[4,12]},"south":{"uv":[272,153],"uv_size":[4,12]},"west":{"uv":[268,153],"uv_size":[4,12]},"up":{"uv":[268,153],"uv_size":[-4,-4]},"down":{"uv":[272,153],"uv_size":[-4,-4]}}}]},{"name":"rightleg2","parent":"villager2","pivot":[-36,4,69.6],"cubes":[{"origin":[-24.384,0,-10],"size":[4,12,4],"uv":{"north":{"uv":[264,153],"uv_size":[4,12]},"east":{"uv":[260,153],"uv_size":[4,12]},"south":{"uv":[272,153],"uv_size":[4,12]},"west":{"uv":[268,153],"uv_size":[4,12]},"up":{"uv":[268,153],"uv_size":[-4,-4]},"down":{"uv":[272,153],"uv_size":[-4,-4]}}}]},{"name":"villager3","parent":"All","pivot":[20,0,-8]},{"name":"body3","parent":"villager3","pivot":[7.6,4,69.6],"cubes":[{"origin":[15.6,4,-10.8],"size":[8,18,6],"uv":{"north":{"uv":[298,128],"uv_size":[8,20]},"east":{"uv":[292,128],"uv_size":[6,20]},"south":{"uv":[312,128],"uv_size":[8,20]},"west":{"uv":[306,128],"uv_size":[6,20]},"up":{"uv":[294,122],"uv_size":[0,0]},"down":{"uv":[294,122],"uv_size":[0,0]}}}]},{"name":"head3","parent":"villager3","pivot":[19.6,27,-8],"cubes":[{"origin":[15.6,22,-12],"size":[8,10,8],"uv":{"north":{"uv":[264,136],"uv_size":[8,10]},"east":{"uv":[256,136],"uv_size":[8,10]},"south":{"uv":[280,136],"uv_size":[8,10]},"west":{"uv":[272,136],"uv_size":[8,10]},"up":{"uv":[264,128],"uv_size":[8,8]},"down":{"uv":[280,136],"uv_size":[-8,-8]}}}]},{"name":"nose3","parent":"head3","pivot":[7.6,4,69.6],"cubes":[{"origin":[18.4,21.2,-14],"size":[2,4,2],"uv":{"north":{"uv":[282,130],"uv_size":[2,4]},"east":{"uv":[280,130],"uv_size":[2,4]},"south":{"uv":[286,130],"uv_size":[2,4]},"west":{"uv":[284,130],"uv_size":[2,4]},"up":{"uv":[284,130],"uv_size":[-2,-2]},"down":{"uv":[286,130],"uv_size":[-2,-2]}}}]},{"name":"arm3","parent":"villager3","pivot":[19.6,18.09537,-9.83625],"cubes":[{"origin":[23.6,14,-11.6],"size":[4,8,4],"pivot":[25.6,18,-8.8],"rotation":[-45,0,0],"uv":{"north":{"uv":[308,157],"uv_size":[4,8]},"east":{"uv":[304,157],"uv_size":[4,8]},"south":{"uv":[316,157],"uv_size":[4,8]},"west":{"uv":[312,157],"uv_size":[4,8]},"up":{"uv":[312,157],"uv_size":[-4,-4]},"down":{"uv":[316,157],"uv_size":[-4,-4]}}},{"origin":[11.6,14,-11.6],"size":[4,8,4],"pivot":[13.6,18,-8.8],"rotation":[-45,0,0],"uv":{"north":{"uv":[308,157],"uv_size":[4,8]},"east":{"uv":[304,157],"uv_size":[4,8]},"south":{"uv":[316,157],"uv_size":[4,8]},"west":{"uv":[312,157],"uv_size":[4,8]},"up":{"uv":[312,157],"uv_size":[-4,-4]},"down":{"uv":[316,157],"uv_size":[-4,-4]}}},{"origin":[15.6,15.184,-12.752],"size":[8,4,4],"pivot":[19.6,17.2,-10.8],"rotation":[-45,0,0],"uv":{"north":{"uv":[282,161],"uv_size":[8,4]},"east":{"uv":[278,161],"uv_size":[4,4]},"south":{"uv":[294,161],"uv_size":[8,4]},"west":{"uv":[290,161],"uv_size":[4,4]},"up":{"uv":[290,161],"uv_size":[-8,-4]},"down":{"uv":[298,161],"uv_size":[-8,-4]}}}]},{"name":"leftleg3","parent":"villager3","pivot":[21.456,6,-8],"cubes":[{"origin":[19.456,0,-10],"size":[4,12,4],"uv":{"north":{"uv":[264,153],"uv_size":[4,12]},"east":{"uv":[260,153],"uv_size":[4,12]},"south":{"uv":[272,153],"uv_size":[4,12]},"west":{"uv":[268,153],"uv_size":[4,12]},"up":{"uv":[268,153],"uv_size":[-4,-4]},"down":{"uv":[272,153],"uv_size":[-4,-4]}}}]},{"name":"rightleg3","parent":"villager3","pivot":[4,4,69.6],"cubes":[{"origin":[15.616,0,-10],"size":[4,12,4],"uv":{"north":{"uv":[264,153],"uv_size":[4,12]},"east":{"uv":[260,153],"uv_size":[4,12]},"south":{"uv":[272,153],"uv_size":[4,12]},"west":{"uv":[268,153],"uv_size":[4,12]},"up":{"uv":[268,153],"uv_size":[-4,-4]},"down":{"uv":[272,153],"uv_size":[-4,-4]}}}]}]}]}