{"format_version":"1.12.0","minecraft:geometry":[{"description":{"identifier":"geometry.creative_statue","texture_width":128,"texture_height":128,"visible_bounds_width":6,"visible_bounds_height":5.5,"visible_bounds_offset":[0,2.25,0]},"bones":[{"name":"bone4","pivot":[0,-20,0],"cubes":[{"origin":[-24,0,-24],"size":[48,48,48],"uv":{"north":{"uv":[0,16],"uv_size":[16,16]},"east":{"uv":[0,16],"uv_size":[16,16]},"south":{"uv":[0,16],"uv_size":[16,16]},"west":{"uv":[0,16],"uv_size":[16,16]},"up":{"uv":[16,32],"uv_size":[-16,-16]},"down":{"uv":[16,32],"uv_size":[-16,-16]}}}]},{"name":"bone2","parent":"bone4","pivot":[0,-20,0]},{"name":"Player2","parent":"bone2","pivot":[13.6,13,2],"rotation":[0,180,0]},{"name":"body2","parent":"Player2","pivot":[9.18824,17.11765,-17.52941],"cubes":[{"origin":[13.78423,11.52114,1.69751],"size":[1,1.5,0.5],"uv":{"north":{"uv":[32,84],"uv_size":[8,12]},"east":{"uv":[28,84],"uv_size":[4,12]},"south":{"uv":[20,84],"uv_size":[8,12]},"west":{"uv":[16,84],"uv_size":[4,12]},"up":{"uv":[28,84],"uv_size":[-8,-4]},"down":{"uv":[36,84],"uv_size":[-8,-4]}}},{"origin":[13.78423,11.52114,1.69751],"size":[1,1.5,0.5],"inflate":0.01,"uv":{"north":{"uv":[32,100],"uv_size":[8,12]},"east":{"uv":[28,100],"uv_size":[4,12]},"south":{"uv":[20,100],"uv_size":[8,12]},"west":{"uv":[16,100],"uv_size":[4,12]},"up":{"uv":[28,102],"uv_size":[-8,-3]},"down":{"uv":[28,102],"uv_size":[-8,-3]}}}]},{"name":"head2","parent":"Player2","pivot":[9.18824,6.64765,-15.80941],"cubes":[{"origin":[13.78423,13.0511,1.41751],"size":[1,1,1],"uv":{"north":{"uv":[24,72],"uv_size":[8,8]},"east":{"uv":[16,72],"uv_size":[8,8]},"south":{"uv":[8,72],"uv_size":[8,8]},"west":{"uv":[0,72],"uv_size":[8,8]},"up":{"uv":[16,72],"uv_size":[-8,-8]},"down":{"uv":[24,64],"uv_size":[-8,8]}}},{"origin":[13.78423,13.0511,1.41751],"size":[1,1,1],"inflate":0.01,"uv":{"north":{"uv":[56,72],"uv_size":[8,8]},"east":{"uv":[49,72],"uv_size":[8,8]},"south":{"uv":[40,72],"uv_size":[8,8]},"west":{"uv":[32,72],"uv_size":[8,8]},"up":{"uv":[48,72],"uv_size":[-8,-8]},"down":{"uv":[56,72],"uv_size":[-8,-8]}}}]},{"name":"leftArm2","parent":"Player2","pivot":[13.60668,12.96459,1.95063],"cubes":[{"origin":[13.41918,11.51459,1.70063],"size":[0.375,1.5,0.5],"uv":{"north":{"uv":[43,116],"uv_size":[3,12]},"east":{"uv":[39,116],"uv_size":[4,12]},"south":{"uv":[36,116],"uv_size":[3,12]},"west":{"uv":[32,116],"uv_size":[4,12]},"up":{"uv":[39,116],"uv_size":[-3,-4]},"down":{"uv":[42,116],"uv_size":[-3,-4]}}},{"origin":[13.41918,11.51459,1.70063],"size":[0.375,1.5,0.5],"inflate":0.01,"uv":{"north":{"uv":[59,116],"uv_size":[3,12]},"east":{"uv":[55,116],"uv_size":[4,12]},"south":{"uv":[51,116],"uv_size":[3,12]},"west":{"uv":[48,116],"uv_size":[4,12]},"up":{"uv":[60,117],"uv_size":[-3,-2]},"down":{"uv":[60,117],"uv_size":[-3,-2]}}}]},{"name":"rightArm2","parent":"Player2","pivot":[15.00066,12.9585,1.96697],"cubes":[{"origin":[14.81316,11.5085,1.71697],"size":[0.375,1.5,0.5],"uv":{"north":{"uv":[51,84],"uv_size":[3,12]},"east":{"uv":[47,84],"uv_size":[4,12]},"south":{"uv":[44,84],"uv_size":[3,12]},"west":{"uv":[40,84],"uv_size":[4,12]},"up":{"uv":[47,84],"uv_size":[-3,-4]},"down":{"uv":[50,84],"uv_size":[-3,-4]}}},{"origin":[14.81316,11.5085,1.71697],"size":[0.375,1.5,0.5],"inflate":0.01,"uv":{"north":{"uv":[51,100],"uv_size":[3,12]},"east":{"uv":[47,100],"uv_size":[4,12]},"south":{"uv":[44,100],"uv_size":[3,12]},"west":{"uv":[40,100],"uv_size":[4,12]},"up":{"uv":[47,101],"uv_size":[-4,-3]},"down":{"uv":[47,101],"uv_size":[-4,-3]}}}]},{"name":"leftLeg2","parent":"Player2","pivot":[14.03423,11.34262,1.93256],"cubes":[{"origin":[13.78423,9.99262,1.68256],"size":[0.5,1.5,0.5],"uv":{"north":{"uv":[28,116],"uv_size":[4,12]},"east":{"uv":[24,116],"uv_size":[4,12]},"south":{"uv":[20,116],"uv_size":[4,12]},"west":{"uv":[16,116],"uv_size":[4,12]},"up":{"uv":[24,116],"uv_size":[-4,-4]},"down":{"uv":[28,116],"uv_size":[-4,-4]}}},{"origin":[13.78423,9.99262,1.68256],"size":[0.5,1.5,0.5],"inflate":0.01,"uv":{"north":{"uv":[12,116],"uv_size":[4,12]},"east":{"uv":[8,116],"uv_size":[4,12]},"south":{"uv":[4,116],"uv_size":[4,12]},"west":{"uv":[0,116],"uv_size":[4,12]},"up":{"uv":[8,116],"uv_size":[-4,-4]},"down":{"uv":[12,116],"uv_size":[-4,-4]}}}]},{"name":"rightLeg2","parent":"Player2","pivot":[14.62423,11.36103,1.96972],"cubes":[{"origin":[14.37423,10.01103,1.71972],"size":[0.5,1.5,0.5],"uv":{"north":{"uv":[12,84],"uv_size":[4,12]},"east":{"uv":[8,84],"uv_size":[4,12]},"south":{"uv":[4,84],"uv_size":[4,12]},"west":{"uv":[0,84],"uv_size":[4,12]},"up":{"uv":[8,84],"uv_size":[-4,-4]},"down":{"uv":[12,84],"uv_size":[-4,-4]}}},{"origin":[14.37423,10.01103,1.71972],"size":[0.5,1.5,0.5],"inflate":0.01,"uv":{"north":{"uv":[12,100],"uv_size":[4,12]},"east":{"uv":[8,100],"uv_size":[4,12]},"south":{"uv":[4,100],"uv_size":[4,12]},"west":{"uv":[0,100],"uv_size":[4,12]},"up":{"uv":[8,100],"uv_size":[-4,-4]},"down":{"uv":[12,100],"uv_size":[-4,-4]}}}]},{"name":"Base","parent":"bone4","pivot":[0,-20,0]},{"name":"bone","parent":"Base","pivot":[-20,-20,23]},{"name":"bone68","parent":"bone","pivot":[-20,-20,23]},{"name":"bone70","parent":"bone","pivot":[0,12,0]},{"name":"bone69","parent":"bone70","pivot":[13,13,0],"cubes":[{"origin":[12,12,-1],"size":[2,2,2],"uv":{"north":{"uv":[0,0],"uv_size":[16,16]},"east":{"uv":[0,0],"uv_size":[16,16]},"south":{"uv":[0,0],"uv_size":[16,16]},"west":{"uv":[0,0],"uv_size":[16,16]},"up":{"uv":[16,16],"uv_size":[-16,-16]},"down":{"uv":[16,16],"uv_size":[-16,-16]}}}]},{"name":"bone71","parent":"bone70","pivot":[11,13,0],"cubes":[{"origin":[10,12,-1],"size":[2,2,2],"uv":{"north":{"uv":[0,0],"uv_size":[16,16]},"east":{"uv":[0,0],"uv_size":[16,16]},"south":{"uv":[0,0],"uv_size":[16,16]},"west":{"uv":[0,0],"uv_size":[16,16]},"up":{"uv":[16,16],"uv_size":[-16,-16]},"down":{"uv":[16,16],"uv_size":[-16,-16]}}}]},{"name":"bone72","parent":"bone70","pivot":[9,13,0],"cubes":[{"origin":[8,12,-1],"size":[2,2,2],"uv":{"north":{"uv":[0,0],"uv_size":[16,16]},"east":{"uv":[0,0],"uv_size":[16,16]},"south":{"uv":[0,0],"uv_size":[16,16]},"west":{"uv":[0,0],"uv_size":[16,16]},"up":{"uv":[16,16],"uv_size":[-16,-16]},"down":{"uv":[16,16],"uv_size":[-16,-16]}}}]},{"name":"bone73","parent":"bone70","pivot":[7,13,0],"cubes":[{"origin":[6,12,-1],"size":[2,2,2],"uv":{"north":{"uv":[0,0],"uv_size":[16,16]},"east":{"uv":[0,0],"uv_size":[16,16]},"south":{"uv":[0,0],"uv_size":[16,16]},"west":{"uv":[0,0],"uv_size":[16,16]},"up":{"uv":[16,16],"uv_size":[-16,-16]},"down":{"uv":[16,16],"uv_size":[-16,-16]}}}]},{"name":"bone74","parent":"bone70","pivot":[5,13,0],"cubes":[{"origin":[4,12,-1],"size":[2,2,2],"uv":{"north":{"uv":[0,0],"uv_size":[16,16]},"east":{"uv":[0,0],"uv_size":[16,16]},"south":{"uv":[0,0],"uv_size":[16,16]},"west":{"uv":[0,0],"uv_size":[16,16]},"up":{"uv":[16,16],"uv_size":[-16,-16]},"down":{"uv":[16,16],"uv_size":[-16,-16]}}}]},{"name":"bone75","parent":"bone70","pivot":[3,13,0],"cubes":[{"origin":[2,12,-1],"size":[2,2,2],"uv":{"north":{"uv":[0,0],"uv_size":[16,16]},"east":{"uv":[0,0],"uv_size":[16,16]},"south":{"uv":[0,0],"uv_size":[16,16]},"west":{"uv":[0,0],"uv_size":[16,16]},"up":{"uv":[16,16],"uv_size":[-16,-16]},"down":{"uv":[16,16],"uv_size":[-16,-16]}}}]},{"name":"bone76","parent":"bone70","pivot":[1,13,0],"cubes":[{"origin":[0,12,-1],"size":[2,2,2],"uv":{"north":{"uv":[0,0],"uv_size":[16,16]},"east":{"uv":[0,0],"uv_size":[16,16]},"south":{"uv":[0,0],"uv_size":[16,16]},"west":{"uv":[0,0],"uv_size":[16,16]},"up":{"uv":[16,16],"uv_size":[-16,-16]},"down":{"uv":[16,16],"uv_size":[-16,-16]}}}]},{"name":"bone83","parent":"bone70","pivot":[-1,13,0],"cubes":[{"origin":[-2,12,-1],"size":[2,2,2],"uv":{"north":{"uv":[0,0],"uv_size":[16,16]},"east":{"uv":[0,0],"uv_size":[16,16]},"south":{"uv":[0,0],"uv_size":[16,16]},"west":{"uv":[0,0],"uv_size":[16,16]},"up":{"uv":[16,16],"uv_size":[-16,-16]},"down":{"uv":[16,16],"uv_size":[-16,-16]}}}]},{"name":"bone84","parent":"bone70","pivot":[-3,13,0],"cubes":[{"origin":[-4,12,-1],"size":[2,2,2],"uv":{"north":{"uv":[0,0],"uv_size":[16,16]},"east":{"uv":[0,0],"uv_size":[16,16]},"south":{"uv":[0,0],"uv_size":[16,16]},"west":{"uv":[0,0],"uv_size":[16,16]},"up":{"uv":[16,16],"uv_size":[-16,-16]},"down":{"uv":[16,16],"uv_size":[-16,-16]}}}]},{"name":"bone85","parent":"bone70","pivot":[-5,13,0],"cubes":[{"origin":[-6,12,-1],"size":[2,2,2],"uv":{"north":{"uv":[0,0],"uv_size":[16,16]},"east":{"uv":[0,0],"uv_size":[16,16]},"south":{"uv":[0,0],"uv_size":[16,16]},"west":{"uv":[0,0],"uv_size":[16,16]},"up":{"uv":[16,16],"uv_size":[-16,-16]},"down":{"uv":[16,16],"uv_size":[-16,-16]}}}]},{"name":"bone86","parent":"bone70","pivot":[-7,13,0],"cubes":[{"origin":[-8,12,-1],"size":[2,2,2],"uv":{"north":{"uv":[0,0],"uv_size":[16,16]},"east":{"uv":[0,0],"uv_size":[16,16]},"south":{"uv":[0,0],"uv_size":[16,16]},"west":{"uv":[0,0],"uv_size":[16,16]},"up":{"uv":[16,16],"uv_size":[-16,-16]},"down":{"uv":[16,16],"uv_size":[-16,-16]}}}]},{"name":"bone87","parent":"bone70","pivot":[-9,13,0],"cubes":[{"origin":[-10,12,-1],"size":[2,2,2],"uv":{"north":{"uv":[0,0],"uv_size":[16,16]},"east":{"uv":[0,0],"uv_size":[16,16]},"south":{"uv":[0,0],"uv_size":[16,16]},"west":{"uv":[0,0],"uv_size":[16,16]},"up":{"uv":[16,16],"uv_size":[-16,-16]},"down":{"uv":[16,16],"uv_size":[-16,-16]}}}]},{"name":"bone88","parent":"bone70","pivot":[-11,13,0],"cubes":[{"origin":[-12,12,-1],"size":[2,2,2],"uv":{"north":{"uv":[0,0],"uv_size":[16,16]},"east":{"uv":[0,0],"uv_size":[16,16]},"south":{"uv":[0,0],"uv_size":[16,16]},"west":{"uv":[0,0],"uv_size":[16,16]},"up":{"uv":[16,16],"uv_size":[-16,-16]},"down":{"uv":[16,16],"uv_size":[-16,-16]}}}]},{"name":"bone89","parent":"bone70","pivot":[-13,13,0],"cubes":[{"origin":[-14,12,-1],"size":[2,2,2],"uv":{"north":{"uv":[0,0],"uv_size":[16,16]},"east":{"uv":[0,0],"uv_size":[16,16]},"south":{"uv":[0,0],"uv_size":[16,16]},"west":{"uv":[0,0],"uv_size":[16,16]},"up":{"uv":[16,16],"uv_size":[-16,-16]},"down":{"uv":[16,16],"uv_size":[-16,-16]}}}]},{"name":"bone16","parent":"bone","pivot":[0,39,0]},{"name":"bone290","parent":"bone16","pivot":[9,39,0],"cubes":[{"origin":[8,38,-1],"size":[2,2,2],"uv":{"north":{"uv":[0,0],"uv_size":[16,16]},"east":{"uv":[0,0],"uv_size":[16,16]},"south":{"uv":[0,0],"uv_size":[16,16]},"west":{"uv":[0,0],"uv_size":[16,16]},"up":{"uv":[16,16],"uv_size":[-16,-16]},"down":{"uv":[16,16],"uv_size":[-16,-16]}}}]},{"name":"bone291","parent":"bone16","pivot":[7,39,0],"cubes":[{"origin":[6,38,-1],"size":[2,2,2],"uv":{"north":{"uv":[0,0],"uv_size":[16,16]},"east":{"uv":[0,0],"uv_size":[16,16]},"south":{"uv":[0,0],"uv_size":[16,16]},"west":{"uv":[0,0],"uv_size":[16,16]},"up":{"uv":[16,16],"uv_size":[-16,-16]},"down":{"uv":[16,16],"uv_size":[-16,-16]}}}]},{"name":"bone292","parent":"bone16","pivot":[5,39,0],"cubes":[{"origin":[4,38,-1],"size":[2,2,2],"uv":{"north":{"uv":[0,0],"uv_size":[16,16]},"east":{"uv":[0,0],"uv_size":[16,16]},"south":{"uv":[0,0],"uv_size":[16,16]},"west":{"uv":[0,0],"uv_size":[16,16]},"up":{"uv":[16,16],"uv_size":[-16,-16]},"down":{"uv":[16,16],"uv_size":[-16,-16]}}}]},{"name":"bone293","parent":"bone16","pivot":[3,39,0],"cubes":[{"origin":[2,38,-1],"size":[2,2,2],"uv":{"north":{"uv":[0,0],"uv_size":[16,16]},"east":{"uv":[0,0],"uv_size":[16,16]},"south":{"uv":[0,0],"uv_size":[16,16]},"west":{"uv":[0,0],"uv_size":[16,16]},"up":{"uv":[16,16],"uv_size":[-16,-16]},"down":{"uv":[16,16],"uv_size":[-16,-16]}}}]},{"name":"bone294","parent":"bone16","pivot":[1,39,0],"cubes":[{"origin":[0,38,-1],"size":[2,2,2],"uv":{"north":{"uv":[0,0],"uv_size":[16,16]},"east":{"uv":[0,0],"uv_size":[16,16]},"south":{"uv":[0,0],"uv_size":[16,16]},"west":{"uv":[0,0],"uv_size":[16,16]},"up":{"uv":[16,16],"uv_size":[-16,-16]},"down":{"uv":[16,16],"uv_size":[-16,-16]}}}]},{"name":"bone295","parent":"bone16","pivot":[-1,39,0],"cubes":[{"origin":[-2,38,-1],"size":[2,2,2],"uv":{"north":{"uv":[0,0],"uv_size":[16,16]},"east":{"uv":[0,0],"uv_size":[16,16]},"south":{"uv":[0,0],"uv_size":[16,16]},"west":{"uv":[0,0],"uv_size":[16,16]},"up":{"uv":[16,16],"uv_size":[-16,-16]},"down":{"uv":[16,16],"uv_size":[-16,-16]}}}]},{"name":"bone296","parent":"bone16","pivot":[-3,39,0],"cubes":[{"origin":[-4,38,-1],"size":[2,2,2],"uv":{"north":{"uv":[0,0],"uv_size":[16,16]},"east":{"uv":[0,0],"uv_size":[16,16]},"south":{"uv":[0,0],"uv_size":[16,16]},"west":{"uv":[0,0],"uv_size":[16,16]},"up":{"uv":[16,16],"uv_size":[-16,-16]},"down":{"uv":[16,16],"uv_size":[-16,-16]}}}]},{"name":"bone297","parent":"bone16","pivot":[-5,39,0],"cubes":[{"origin":[-6,38,-1],"size":[2,2,2],"uv":{"north":{"uv":[0,0],"uv_size":[16,16]},"east":{"uv":[0,0],"uv_size":[16,16]},"south":{"uv":[0,0],"uv_size":[16,16]},"west":{"uv":[0,0],"uv_size":[16,16]},"up":{"uv":[16,16],"uv_size":[-16,-16]},"down":{"uv":[16,16],"uv_size":[-16,-16]}}}]},{"name":"bone298","parent":"bone16","pivot":[-7,39,0],"cubes":[{"origin":[-8,38,-1],"size":[2,2,2],"uv":{"north":{"uv":[0,0],"uv_size":[16,16]},"east":{"uv":[0,0],"uv_size":[16,16]},"south":{"uv":[0,0],"uv_size":[16,16]},"west":{"uv":[0,0],"uv_size":[16,16]},"up":{"uv":[16,16],"uv_size":[-16,-16]},"down":{"uv":[16,16],"uv_size":[-16,-16]}}}]},{"name":"bone299","parent":"bone16","pivot":[-9,39,0],"cubes":[{"origin":[-10,38,-1],"size":[2,2,2],"uv":{"north":{"uv":[0,0],"uv_size":[16,16]},"east":{"uv":[0,0],"uv_size":[16,16]},"south":{"uv":[0,0],"uv_size":[16,16]},"west":{"uv":[0,0],"uv_size":[16,16]},"up":{"uv":[16,16],"uv_size":[-16,-16]},"down":{"uv":[16,16],"uv_size":[-16,-16]}}}]},{"name":"bone256","parent":"bone","pivot":[0,34,0]},{"name":"bone257","parent":"bone256","pivot":[13,35,0],"cubes":[{"origin":[12,34,-1],"size":[2,2,2],"uv":{"north":{"uv":[0,0],"uv_size":[16,16]},"east":{"uv":[0,0],"uv_size":[16,16]},"south":{"uv":[0,0],"uv_size":[16,16]},"west":{"uv":[0,0],"uv_size":[16,16]},"up":{"uv":[16,16],"uv_size":[-16,-16]},"down":{"uv":[16,16],"uv_size":[-16,-16]}}}]},{"name":"bone258","parent":"bone256","pivot":[11,35,0],"cubes":[{"origin":[10,34,-1],"size":[2,2,2],"uv":{"north":{"uv":[32,0],"uv_size":[16,16]},"east":{"uv":[32,0],"uv_size":[16,16]},"south":{"uv":[32,0],"uv_size":[16,16]},"west":{"uv":[32,0],"uv_size":[16,16]},"up":{"uv":[48,16],"uv_size":[-16,-16]},"down":{"uv":[48,16],"uv_size":[-16,-16]}}}]},{"name":"bone259","parent":"bone256","pivot":[9,35,0],"cubes":[{"origin":[8,34,-1],"size":[2,2,2],"uv":{"north":{"uv":[32,0],"uv_size":[16,16]},"east":{"uv":[32,0],"uv_size":[16,16]},"south":{"uv":[32,0],"uv_size":[16,16]},"west":{"uv":[32,0],"uv_size":[16,16]},"up":{"uv":[48,16],"uv_size":[-16,-16]},"down":{"uv":[48,16],"uv_size":[-16,-16]}}}]},{"name":"bone260","parent":"bone256","pivot":[7,35,0],"cubes":[{"origin":[6,34,-1],"size":[2,2,2],"uv":{"north":{"uv":[64,0],"uv_size":[16,16]},"east":{"uv":[64,0],"uv_size":[16,16]},"south":{"uv":[64,0],"uv_size":[16,16]},"west":{"uv":[64,0],"uv_size":[16,16]},"up":{"uv":[80,16],"uv_size":[-16,-16]},"down":{"uv":[80,16],"uv_size":[-16,-16]}}}]},{"name":"bone261","parent":"bone256","pivot":[5,35,0],"cubes":[{"origin":[4,34,-1],"size":[2,2,2],"uv":{"north":{"uv":[0,0],"uv_size":[16,16]},"east":{"uv":[0,0],"uv_size":[16,16]},"south":{"uv":[0,0],"uv_size":[16,16]},"west":{"uv":[0,0],"uv_size":[16,16]},"up":{"uv":[16,16],"uv_size":[-16,-16]},"down":{"uv":[16,16],"uv_size":[-16,-16]}}}]},{"name":"bone262","parent":"bone256","pivot":[3,35,0],"cubes":[{"origin":[2,34,-1],"size":[2,2,2],"uv":{"north":{"uv":[32,0],"uv_size":[16,16]},"east":{"uv":[32,0],"uv_size":[16,16]},"south":{"uv":[32,0],"uv_size":[16,16]},"west":{"uv":[32,0],"uv_size":[16,16]},"up":{"uv":[48,16],"uv_size":[-16,-16]},"down":{"uv":[48,16],"uv_size":[-16,-16]}}}]},{"name":"bone263","parent":"bone256","pivot":[1,35,0],"cubes":[{"origin":[0,34,-1],"size":[2,2,2],"uv":{"north":{"uv":[32,0],"uv_size":[16,16]},"east":{"uv":[32,0],"uv_size":[16,16]},"south":{"uv":[32,0],"uv_size":[16,16]},"west":{"uv":[32,0],"uv_size":[16,16]},"up":{"uv":[48,16],"uv_size":[-16,-16]},"down":{"uv":[48,16],"uv_size":[-16,-16]}}}]},{"name":"bone264","parent":"bone256","pivot":[-1,35,0],"cubes":[{"origin":[-2,34,-1],"size":[2,2,2],"uv":{"north":{"uv":[32,0],"uv_size":[16,16]},"east":{"uv":[32,0],"uv_size":[16,16]},"south":{"uv":[32,0],"uv_size":[16,16]},"west":{"uv":[32,0],"uv_size":[16,16]},"up":{"uv":[48,16],"uv_size":[-16,-16]},"down":{"uv":[48,16],"uv_size":[-16,-16]}}}]},{"name":"bone265","parent":"bone256","pivot":[-3,35,0],"cubes":[{"origin":[-4,34,-1],"size":[2,2,2],"uv":{"north":{"uv":[32,0],"uv_size":[16,16]},"east":{"uv":[32,0],"uv_size":[16,16]},"south":{"uv":[32,0],"uv_size":[16,16]},"west":{"uv":[32,0],"uv_size":[16,16]},"up":{"uv":[48,16],"uv_size":[-16,-16]},"down":{"uv":[48,16],"uv_size":[-16,-16]}}}]},{"name":"bone266","parent":"bone256","pivot":[-5,35,0],"cubes":[{"origin":[-6,34,-1],"size":[2,2,2],"uv":{"north":{"uv":[64,0],"uv_size":[16,16]},"east":{"uv":[64,0],"uv_size":[16,16]},"south":{"uv":[64,0],"uv_size":[16,16]},"west":{"uv":[64,0],"uv_size":[16,16]},"up":{"uv":[80,16],"uv_size":[-16,-16]},"down":{"uv":[80,16],"uv_size":[-16,-16]}}}]},{"name":"bone267","parent":"bone256","pivot":[-7,35,0],"cubes":[{"origin":[-8,34,-1],"size":[2,2,2],"uv":{"north":{"uv":[0,0],"uv_size":[16,16]},"east":{"uv":[0,0],"uv_size":[16,16]},"south":{"uv":[0,0],"uv_size":[16,16]},"west":{"uv":[0,0],"uv_size":[16,16]},"up":{"uv":[16,16],"uv_size":[-16,-16]},"down":{"uv":[16,16],"uv_size":[-16,-16]}}}]},{"name":"bone268","parent":"bone256","pivot":[-9,35,0],"cubes":[{"origin":[-10,34,-1],"size":[2,2,2],"uv":{"north":{"uv":[32,0],"uv_size":[16,16]},"east":{"uv":[32,0],"uv_size":[16,16]},"south":{"uv":[32,0],"uv_size":[16,16]},"west":{"uv":[32,0],"uv_size":[16,16]},"up":{"uv":[48,16],"uv_size":[-16,-16]},"down":{"uv":[48,16],"uv_size":[-16,-16]}}}]},{"name":"bone269","parent":"bone256","pivot":[-11,35,0],"cubes":[{"origin":[-12,34,-1],"size":[2,2,2],"uv":{"north":{"uv":[32,0],"uv_size":[16,16]},"east":{"uv":[32,0],"uv_size":[16,16]},"south":{"uv":[32,0],"uv_size":[16,16]},"west":{"uv":[32,0],"uv_size":[16,16]},"up":{"uv":[48,16],"uv_size":[-16,-16]},"down":{"uv":[48,16],"uv_size":[-16,-16]}}}]},{"name":"bone270","parent":"bone256","pivot":[-13,35,0],"cubes":[{"origin":[-14,34,-1],"size":[2,2,2],"uv":{"north":{"uv":[0,0],"uv_size":[16,16]},"east":{"uv":[0,0],"uv_size":[16,16]},"south":{"uv":[0,0],"uv_size":[16,16]},"west":{"uv":[0,0],"uv_size":[16,16]},"up":{"uv":[16,16],"uv_size":[-16,-16]},"down":{"uv":[16,16],"uv_size":[-16,-16]}}}]},{"name":"bone205","parent":"bone","pivot":[0,28,0]},{"name":"bone206","parent":"bone205","pivot":[-15,29,0],"cubes":[{"origin":[-16,28,-1],"size":[2,2,2],"uv":{"north":{"uv":[0,0],"uv_size":[16,16]},"east":{"uv":[0,0],"uv_size":[16,16]},"south":{"uv":[0,0],"uv_size":[16,16]},"west":{"uv":[0,0],"uv_size":[16,16]},"up":{"uv":[16,16],"uv_size":[-16,-16]},"down":{"uv":[16,16],"uv_size":[-16,-16]}}}]},{"name":"bone207","parent":"bone205","pivot":[15,29,0],"cubes":[{"origin":[14,28,-1],"size":[2,2,2],"uv":{"north":{"uv":[0,0],"uv_size":[16,16]},"east":{"uv":[0,0],"uv_size":[16,16]},"south":{"uv":[0,0],"uv_size":[16,16]},"west":{"uv":[0,0],"uv_size":[16,16]},"up":{"uv":[16,16],"uv_size":[-16,-16]},"down":{"uv":[16,16],"uv_size":[-16,-16]}}}]},{"name":"bone208","parent":"bone205","pivot":[-13,29,0],"cubes":[{"origin":[-14,28,-1],"size":[2,2,2],"uv":{"north":{"uv":[32,0],"uv_size":[16,16]},"east":{"uv":[32,0],"uv_size":[16,16]},"south":{"uv":[32,0],"uv_size":[16,16]},"west":{"uv":[32,0],"uv_size":[16,16]},"up":{"uv":[48,16],"uv_size":[-16,-16]},"down":{"uv":[48,16],"uv_size":[-16,-16]}}}]},{"name":"bone209","parent":"bone205","pivot":[-11,29,0],"cubes":[{"origin":[-12,28,-1],"size":[2,2,2],"uv":{"north":{"uv":[32,0],"uv_size":[16,16]},"east":{"uv":[32,0],"uv_size":[16,16]},"south":{"uv":[32,0],"uv_size":[16,16]},"west":{"uv":[32,0],"uv_size":[16,16]},"up":{"uv":[48,16],"uv_size":[-16,-16]},"down":{"uv":[48,16],"uv_size":[-16,-16]}}}]},{"name":"bone210","parent":"bone205","pivot":[-9,29,0],"cubes":[{"origin":[-10,28,-1],"size":[2,2,2],"uv":{"north":{"uv":[32,0],"uv_size":[16,16]},"east":{"uv":[32,0],"uv_size":[16,16]},"south":{"uv":[32,0],"uv_size":[16,16]},"west":{"uv":[32,0],"uv_size":[16,16]},"up":{"uv":[48,16],"uv_size":[-16,-16]},"down":{"uv":[48,16],"uv_size":[-16,-16]}}}]},{"name":"bone211","parent":"bone205","pivot":[-7,29,0],"cubes":[{"origin":[-8,28,-1],"size":[2,2,2],"uv":{"north":{"uv":[32,0],"uv_size":[16,16]},"east":{"uv":[32,0],"uv_size":[16,16]},"south":{"uv":[32,0],"uv_size":[16,16]},"west":{"uv":[32,0],"uv_size":[16,16]},"up":{"uv":[48,16],"uv_size":[-16,-16]},"down":{"uv":[48,16],"uv_size":[-16,-16]}}}]},{"name":"bone212","parent":"bone205","pivot":[-5,29,0],"cubes":[{"origin":[-6,28,-1],"size":[2,2,2],"uv":{"north":{"uv":[32,0],"uv_size":[16,16]},"east":{"uv":[32,0],"uv_size":[16,16]},"south":{"uv":[32,0],"uv_size":[16,16]},"west":{"uv":[32,0],"uv_size":[16,16]},"up":{"uv":[48,16],"uv_size":[-16,-16]},"down":{"uv":[48,16],"uv_size":[-16,-16]}}}]},{"name":"bone213","parent":"bone205","pivot":[-3,29,0],"cubes":[{"origin":[-4,28,-1],"size":[2,2,2],"uv":{"north":{"uv":[32,0],"uv_size":[16,16]},"east":{"uv":[32,0],"uv_size":[16,16]},"south":{"uv":[32,0],"uv_size":[16,16]},"west":{"uv":[32,0],"uv_size":[16,16]},"up":{"uv":[48,16],"uv_size":[-16,-16]},"down":{"uv":[48,16],"uv_size":[-16,-16]}}}]},{"name":"bone214","parent":"bone205","pivot":[-1,29,0],"cubes":[{"origin":[-2,28,-1],"size":[2,2,2],"uv":{"north":{"uv":[32,0],"uv_size":[16,16]},"east":{"uv":[32,0],"uv_size":[16,16]},"south":{"uv":[32,0],"uv_size":[16,16]},"west":{"uv":[32,0],"uv_size":[16,16]},"up":{"uv":[48,16],"uv_size":[-16,-16]},"down":{"uv":[48,16],"uv_size":[-16,-16]}}}]},{"name":"bone215","parent":"bone205","pivot":[1,29,0],"cubes":[{"origin":[0,28,-1],"size":[2,2,2],"uv":{"north":{"uv":[32,0],"uv_size":[16,16]},"east":{"uv":[32,0],"uv_size":[16,16]},"south":{"uv":[32,0],"uv_size":[16,16]},"west":{"uv":[32,0],"uv_size":[16,16]},"up":{"uv":[48,16],"uv_size":[-16,-16]},"down":{"uv":[48,16],"uv_size":[-16,-16]}}}]},{"name":"bone216","parent":"bone205","pivot":[3,29,0],"cubes":[{"origin":[2,28,-1],"size":[2,2,2],"uv":{"north":{"uv":[32,0],"uv_size":[16,16]},"east":{"uv":[32,0],"uv_size":[16,16]},"south":{"uv":[32,0],"uv_size":[16,16]},"west":{"uv":[32,0],"uv_size":[16,16]},"up":{"uv":[48,16],"uv_size":[-16,-16]},"down":{"uv":[48,16],"uv_size":[-16,-16]}}}]},{"name":"bone217","parent":"bone205","pivot":[5,29,0],"cubes":[{"origin":[4,28,-1],"size":[2,2,2],"uv":{"north":{"uv":[32,0],"uv_size":[16,16]},"east":{"uv":[32,0],"uv_size":[16,16]},"south":{"uv":[32,0],"uv_size":[16,16]},"west":{"uv":[32,0],"uv_size":[16,16]},"up":{"uv":[48,16],"uv_size":[-16,-16]},"down":{"uv":[48,16],"uv_size":[-16,-16]}}}]},{"name":"bone218","parent":"bone205","pivot":[7,29,0],"cubes":[{"origin":[6,28,-1],"size":[2,2,2],"uv":{"north":{"uv":[32,0],"uv_size":[16,16]},"east":{"uv":[32,0],"uv_size":[16,16]},"south":{"uv":[32,0],"uv_size":[16,16]},"west":{"uv":[32,0],"uv_size":[16,16]},"up":{"uv":[48,16],"uv_size":[-16,-16]},"down":{"uv":[48,16],"uv_size":[-16,-16]}}}]},{"name":"bone219","parent":"bone205","pivot":[9,29,0],"cubes":[{"origin":[8,28,-1],"size":[2,2,2],"uv":{"north":{"uv":[32,0],"uv_size":[16,16]},"east":{"uv":[32,0],"uv_size":[16,16]},"south":{"uv":[32,0],"uv_size":[16,16]},"west":{"uv":[32,0],"uv_size":[16,16]},"up":{"uv":[48,16],"uv_size":[-16,-16]},"down":{"uv":[48,16],"uv_size":[-16,-16]}}}]},{"name":"bone220","parent":"bone205","pivot":[11,29,0],"cubes":[{"origin":[10,28,-1],"size":[2,2,2],"uv":{"north":{"uv":[32,0],"uv_size":[16,16]},"east":{"uv":[32,0],"uv_size":[16,16]},"south":{"uv":[32,0],"uv_size":[16,16]},"west":{"uv":[32,0],"uv_size":[16,16]},"up":{"uv":[48,16],"uv_size":[-16,-16]},"down":{"uv":[48,16],"uv_size":[-16,-16]}}}]},{"name":"bone221","parent":"bone205","pivot":[13,29,0],"cubes":[{"origin":[12,28,-1],"size":[2,2,2],"uv":{"north":{"uv":[32,0],"uv_size":[16,16]},"east":{"uv":[32,0],"uv_size":[16,16]},"south":{"uv":[32,0],"uv_size":[16,16]},"west":{"uv":[32,0],"uv_size":[16,16]},"up":{"uv":[48,16],"uv_size":[-16,-16]},"down":{"uv":[48,16],"uv_size":[-16,-16]}}}]},{"name":"bone271","parent":"bone","pivot":[0,37,0]},{"name":"bone272","parent":"bone271","pivot":[-15,37,0]},{"name":"bone273","parent":"bone271","pivot":[15,37,0]},{"name":"bone274","parent":"bone271","pivot":[-13,37,0]},{"name":"bone275","parent":"bone271","pivot":[-11,37,0],"cubes":[{"origin":[-12,36,-1],"size":[2,2,2],"uv":{"north":{"uv":[0,0],"uv_size":[16,16]},"east":{"uv":[0,0],"uv_size":[16,16]},"south":{"uv":[0,0],"uv_size":[16,16]},"west":{"uv":[0,0],"uv_size":[16,16]},"up":{"uv":[16,16],"uv_size":[-16,-16]},"down":{"uv":[16,16],"uv_size":[-16,-16]}}}]},{"name":"bone276","parent":"bone271","pivot":[-9,37,0],"cubes":[{"origin":[-10,36,-1],"size":[2,2,2],"uv":{"north":{"uv":[32,0],"uv_size":[16,16]},"east":{"uv":[32,0],"uv_size":[16,16]},"south":{"uv":[32,0],"uv_size":[16,16]},"west":{"uv":[32,0],"uv_size":[16,16]},"up":{"uv":[48,16],"uv_size":[-16,-16]},"down":{"uv":[48,16],"uv_size":[-16,-16]}}}]},{"name":"bone277","parent":"bone271","pivot":[-7,37,0],"cubes":[{"origin":[-8,36,-1],"size":[2,2,2],"uv":{"north":{"uv":[32,0],"uv_size":[16,16]},"east":{"uv":[32,0],"uv_size":[16,16]},"south":{"uv":[32,0],"uv_size":[16,16]},"west":{"uv":[32,0],"uv_size":[16,16]},"up":{"uv":[48,16],"uv_size":[-16,-16]},"down":{"uv":[48,16],"uv_size":[-16,-16]}}}]},{"name":"bone278","parent":"bone271","pivot":[-5,37,0],"cubes":[{"origin":[-6,36,-1],"size":[2,2,2],"uv":{"north":{"uv":[32,0],"uv_size":[16,16]},"east":{"uv":[32,0],"uv_size":[16,16]},"south":{"uv":[32,0],"uv_size":[16,16]},"west":{"uv":[32,0],"uv_size":[16,16]},"up":{"uv":[48,16],"uv_size":[-16,-16]},"down":{"uv":[48,16],"uv_size":[-16,-16]}}}]},{"name":"bone279","parent":"bone271","pivot":[-3,37,0],"cubes":[{"origin":[-4,36,-1],"size":[2,2,2],"uv":{"north":{"uv":[32,0],"uv_size":[16,16]},"east":{"uv":[32,0],"uv_size":[16,16]},"south":{"uv":[32,0],"uv_size":[16,16]},"west":{"uv":[32,0],"uv_size":[16,16]},"up":{"uv":[48,16],"uv_size":[-16,-16]},"down":{"uv":[48,16],"uv_size":[-16,-16]}}}]},{"name":"bone280","parent":"bone271","pivot":[-1,37,0],"cubes":[{"origin":[-2,36,-1],"size":[2,2,2],"uv":{"north":{"uv":[32,0],"uv_size":[16,16]},"east":{"uv":[32,0],"uv_size":[16,16]},"south":{"uv":[32,0],"uv_size":[16,16]},"west":{"uv":[32,0],"uv_size":[16,16]},"up":{"uv":[48,16],"uv_size":[-16,-16]},"down":{"uv":[48,16],"uv_size":[-16,-16]}}}]},{"name":"bone281","parent":"bone271","pivot":[1,37,0],"cubes":[{"origin":[0,36,-1],"size":[2,2,2],"uv":{"north":{"uv":[32,0],"uv_size":[16,16]},"east":{"uv":[32,0],"uv_size":[16,16]},"south":{"uv":[32,0],"uv_size":[16,16]},"west":{"uv":[32,0],"uv_size":[16,16]},"up":{"uv":[48,16],"uv_size":[-16,-16]},"down":{"uv":[48,16],"uv_size":[-16,-16]}}}]},{"name":"bone282","parent":"bone271","pivot":[3,37,0],"cubes":[{"origin":[2,36,-1],"size":[2,2,2],"uv":{"north":{"uv":[32,0],"uv_size":[16,16]},"east":{"uv":[32,0],"uv_size":[16,16]},"south":{"uv":[32,0],"uv_size":[16,16]},"west":{"uv":[32,0],"uv_size":[16,16]},"up":{"uv":[48,16],"uv_size":[-16,-16]},"down":{"uv":[48,16],"uv_size":[-16,-16]}}}]},{"name":"bone283","parent":"bone271","pivot":[5,37,0],"cubes":[{"origin":[4,36,-1],"size":[2,2,2],"uv":{"north":{"uv":[32,0],"uv_size":[16,16]},"east":{"uv":[32,0],"uv_size":[16,16]},"south":{"uv":[32,0],"uv_size":[16,16]},"west":{"uv":[32,0],"uv_size":[16,16]},"up":{"uv":[48,16],"uv_size":[-16,-16]},"down":{"uv":[48,16],"uv_size":[-16,-16]}}}]},{"name":"bone284","parent":"bone271","pivot":[7,37,0],"cubes":[{"origin":[6,36,-1],"size":[2,2,2],"uv":{"north":{"uv":[32,0],"uv_size":[16,16]},"east":{"uv":[32,0],"uv_size":[16,16]},"south":{"uv":[32,0],"uv_size":[16,16]},"west":{"uv":[32,0],"uv_size":[16,16]},"up":{"uv":[48,16],"uv_size":[-16,-16]},"down":{"uv":[48,16],"uv_size":[-16,-16]}}}]},{"name":"bone285","parent":"bone271","pivot":[9,37,0],"cubes":[{"origin":[8,36,-1],"size":[2,2,2],"uv":{"north":{"uv":[32,0],"uv_size":[16,16]},"east":{"uv":[32,0],"uv_size":[16,16]},"south":{"uv":[32,0],"uv_size":[16,16]},"west":{"uv":[32,0],"uv_size":[16,16]},"up":{"uv":[48,16],"uv_size":[-16,-16]},"down":{"uv":[48,16],"uv_size":[-16,-16]}}}]},{"name":"bone286","parent":"bone271","pivot":[11,37,0],"cubes":[{"origin":[10,36,-1],"size":[2,2,2],"uv":{"north":{"uv":[0,0],"uv_size":[16,16]},"east":{"uv":[0,0],"uv_size":[16,16]},"south":{"uv":[0,0],"uv_size":[16,16]},"west":{"uv":[0,0],"uv_size":[16,16]},"up":{"uv":[16,16],"uv_size":[-16,-16]},"down":{"uv":[16,16],"uv_size":[-16,-16]}}}]},{"name":"bone287","parent":"bone271","pivot":[13,37,0]},{"name":"bone239","parent":"bone","pivot":[0,33,0]},{"name":"bone240","parent":"bone239","pivot":[-15,33,0],"cubes":[{"origin":[-16,32,-1],"size":[2,2,2],"uv":{"north":{"uv":[0,0],"uv_size":[16,16]},"east":{"uv":[0,0],"uv_size":[16,16]},"south":{"uv":[0,0],"uv_size":[16,16]},"west":{"uv":[0,0],"uv_size":[16,16]},"up":{"uv":[16,16],"uv_size":[-16,-16]},"down":{"uv":[16,16],"uv_size":[-16,-16]}}}]},{"name":"bone241","parent":"bone239","pivot":[15,33,0],"cubes":[{"origin":[14,32,-1],"size":[2,2,2],"uv":{"north":{"uv":[0,0],"uv_size":[16,16]},"east":{"uv":[0,0],"uv_size":[16,16]},"south":{"uv":[0,0],"uv_size":[16,16]},"west":{"uv":[0,0],"uv_size":[16,16]},"up":{"uv":[16,16],"uv_size":[-16,-16]},"down":{"uv":[16,16],"uv_size":[-16,-16]}}}]},{"name":"bone242","parent":"bone239","pivot":[-13,33,0],"cubes":[{"origin":[-14,32,-1],"size":[2,2,2],"uv":{"north":{"uv":[32,0],"uv_size":[16,16]},"east":{"uv":[32,0],"uv_size":[16,16]},"south":{"uv":[32,0],"uv_size":[16,16]},"west":{"uv":[32,0],"uv_size":[16,16]},"up":{"uv":[48,16],"uv_size":[-16,-16]},"down":{"uv":[48,16],"uv_size":[-16,-16]}}}]},{"name":"bone243","parent":"bone239","pivot":[-11,33,0],"cubes":[{"origin":[-12,32,-1],"size":[2,2,2],"uv":{"north":{"uv":[32,0],"uv_size":[16,16]},"east":{"uv":[32,0],"uv_size":[16,16]},"south":{"uv":[32,0],"uv_size":[16,16]},"west":{"uv":[32,0],"uv_size":[16,16]},"up":{"uv":[48,16],"uv_size":[-16,-16]},"down":{"uv":[48,16],"uv_size":[-16,-16]}}}]},{"name":"bone244","parent":"bone239","pivot":[-9,33,0],"cubes":[{"origin":[-10,32,-1],"size":[2,2,2],"uv":{"north":{"uv":[32,0],"uv_size":[16,16]},"east":{"uv":[32,0],"uv_size":[16,16]},"south":{"uv":[32,0],"uv_size":[16,16]},"west":{"uv":[32,0],"uv_size":[16,16]},"up":{"uv":[48,16],"uv_size":[-16,-16]},"down":{"uv":[48,16],"uv_size":[-16,-16]}}}]},{"name":"bone245","parent":"bone239","pivot":[-7,33,0],"cubes":[{"origin":[-8,32,-1],"size":[2,2,2],"uv":{"north":{"uv":[0,0],"uv_size":[16,16]},"east":{"uv":[0,0],"uv_size":[16,16]},"south":{"uv":[0,0],"uv_size":[16,16]},"west":{"uv":[0,0],"uv_size":[16,16]},"up":{"uv":[16,16],"uv_size":[-16,-16]},"down":{"uv":[16,16],"uv_size":[-16,-16]}}}]},{"name":"bone246","parent":"bone239","pivot":[-5,33,0],"cubes":[{"origin":[-6,32,-1],"size":[2,2,2],"uv":{"north":{"uv":[0,0],"uv_size":[16,16]},"east":{"uv":[0,0],"uv_size":[16,16]},"south":{"uv":[0,0],"uv_size":[16,16]},"west":{"uv":[0,0],"uv_size":[16,16]},"up":{"uv":[16,16],"uv_size":[-16,-16]},"down":{"uv":[16,16],"uv_size":[-16,-16]}}}]},{"name":"bone247","parent":"bone239","pivot":[-3,33,0],"cubes":[{"origin":[-4,32,-1],"size":[2,2,2],"uv":{"north":{"uv":[32,0],"uv_size":[16,16]},"east":{"uv":[32,0],"uv_size":[16,16]},"south":{"uv":[32,0],"uv_size":[16,16]},"west":{"uv":[32,0],"uv_size":[16,16]},"up":{"uv":[48,16],"uv_size":[-16,-16]},"down":{"uv":[48,16],"uv_size":[-16,-16]}}}]},{"name":"bone248","parent":"bone239","pivot":[-1,33,0],"cubes":[{"origin":[-2,32,-1],"size":[2,2,2],"uv":{"north":{"uv":[32,0],"uv_size":[16,16]},"east":{"uv":[32,0],"uv_size":[16,16]},"south":{"uv":[32,0],"uv_size":[16,16]},"west":{"uv":[32,0],"uv_size":[16,16]},"up":{"uv":[48,16],"uv_size":[-16,-16]},"down":{"uv":[48,16],"uv_size":[-16,-16]}}}]},{"name":"bone249","parent":"bone239","pivot":[1,33,0],"cubes":[{"origin":[0,32,-1],"size":[2,2,2],"uv":{"north":{"uv":[32,0],"uv_size":[16,16]},"east":{"uv":[32,0],"uv_size":[16,16]},"south":{"uv":[32,0],"uv_size":[16,16]},"west":{"uv":[32,0],"uv_size":[16,16]},"up":{"uv":[48,16],"uv_size":[-16,-16]},"down":{"uv":[48,16],"uv_size":[-16,-16]}}}]},{"name":"bone250","parent":"bone239","pivot":[3,33,0],"cubes":[{"origin":[2,32,-1],"size":[2,2,2],"uv":{"north":{"uv":[32,0],"uv_size":[16,16]},"east":{"uv":[32,0],"uv_size":[16,16]},"south":{"uv":[32,0],"uv_size":[16,16]},"west":{"uv":[32,0],"uv_size":[16,16]},"up":{"uv":[48,16],"uv_size":[-16,-16]},"down":{"uv":[48,16],"uv_size":[-16,-16]}}}]},{"name":"bone251","parent":"bone239","pivot":[5,33,0],"cubes":[{"origin":[4,32,-1],"size":[2,2,2],"uv":{"north":{"uv":[0,0],"uv_size":[16,16]},"east":{"uv":[0,0],"uv_size":[16,16]},"south":{"uv":[0,0],"uv_size":[16,16]},"west":{"uv":[0,0],"uv_size":[16,16]},"up":{"uv":[16,16],"uv_size":[-16,-16]},"down":{"uv":[16,16],"uv_size":[-16,-16]}}}]},{"name":"bone252","parent":"bone239","pivot":[7,33,0],"cubes":[{"origin":[6,32,-1],"size":[2,2,2],"uv":{"north":{"uv":[0,0],"uv_size":[16,16]},"east":{"uv":[0,0],"uv_size":[16,16]},"south":{"uv":[0,0],"uv_size":[16,16]},"west":{"uv":[0,0],"uv_size":[16,16]},"up":{"uv":[16,16],"uv_size":[-16,-16]},"down":{"uv":[16,16],"uv_size":[-16,-16]}}}]},{"name":"bone253","parent":"bone239","pivot":[9,33,0],"cubes":[{"origin":[8,32,-1],"size":[2,2,2],"uv":{"north":{"uv":[32,0],"uv_size":[16,16]},"east":{"uv":[32,0],"uv_size":[16,16]},"south":{"uv":[32,0],"uv_size":[16,16]},"west":{"uv":[32,0],"uv_size":[16,16]},"up":{"uv":[48,16],"uv_size":[-16,-16]},"down":{"uv":[48,16],"uv_size":[-16,-16]}}}]},{"name":"bone254","parent":"bone239","pivot":[11,33,0],"cubes":[{"origin":[10,32,-1],"size":[2,2,2],"uv":{"north":{"uv":[32,0],"uv_size":[16,16]},"east":{"uv":[32,0],"uv_size":[16,16]},"south":{"uv":[32,0],"uv_size":[16,16]},"west":{"uv":[32,0],"uv_size":[16,16]},"up":{"uv":[48,16],"uv_size":[-16,-16]},"down":{"uv":[48,16],"uv_size":[-16,-16]}}}]},{"name":"bone255","parent":"bone239","pivot":[13,33,0],"cubes":[{"origin":[12,32,-1],"size":[2,2,2],"uv":{"north":{"uv":[32,0],"uv_size":[16,16]},"east":{"uv":[32,0],"uv_size":[16,16]},"south":{"uv":[32,0],"uv_size":[16,16]},"west":{"uv":[32,0],"uv_size":[16,16]},"up":{"uv":[48,16],"uv_size":[-16,-16]},"down":{"uv":[48,16],"uv_size":[-16,-16]}}}]},{"name":"bone222","parent":"bone","pivot":[0,31,0]},{"name":"bone223","parent":"bone222","pivot":[-15,31,0],"cubes":[{"origin":[-16,30,-1],"size":[2,2,2],"uv":{"north":{"uv":[0,0],"uv_size":[16,16]},"east":{"uv":[0,0],"uv_size":[16,16]},"south":{"uv":[0,0],"uv_size":[16,16]},"west":{"uv":[0,0],"uv_size":[16,16]},"up":{"uv":[16,16],"uv_size":[-16,-16]},"down":{"uv":[16,16],"uv_size":[-16,-16]}}}]},{"name":"bone224","parent":"bone222","pivot":[15,31,0],"cubes":[{"origin":[14,30,-1],"size":[2,2,2],"uv":{"north":{"uv":[0,0],"uv_size":[16,16]},"east":{"uv":[0,0],"uv_size":[16,16]},"south":{"uv":[0,0],"uv_size":[16,16]},"west":{"uv":[0,0],"uv_size":[16,16]},"up":{"uv":[16,16],"uv_size":[-16,-16]},"down":{"uv":[16,16],"uv_size":[-16,-16]}}}]},{"name":"bone225","parent":"bone222","pivot":[-13,31,0],"cubes":[{"origin":[-14,30,-1],"size":[2,2,2],"uv":{"north":{"uv":[32,0],"uv_size":[16,16]},"east":{"uv":[32,0],"uv_size":[16,16]},"south":{"uv":[32,0],"uv_size":[16,16]},"west":{"uv":[32,0],"uv_size":[16,16]},"up":{"uv":[48,16],"uv_size":[-16,-16]},"down":{"uv":[48,16],"uv_size":[-16,-16]}}}]},{"name":"bone226","parent":"bone222","pivot":[-11,31,0],"cubes":[{"origin":[-12,30,-1],"size":[2,2,2],"uv":{"north":{"uv":[32,0],"uv_size":[16,16]},"east":{"uv":[32,0],"uv_size":[16,16]},"south":{"uv":[32,0],"uv_size":[16,16]},"west":{"uv":[32,0],"uv_size":[16,16]},"up":{"uv":[48,16],"uv_size":[-16,-16]},"down":{"uv":[48,16],"uv_size":[-16,-16]}}}]},{"name":"bone227","parent":"bone222","pivot":[-9,31,0],"cubes":[{"origin":[-10,30,-1],"size":[2,2,2],"uv":{"north":{"uv":[32,0],"uv_size":[16,16]},"east":{"uv":[32,0],"uv_size":[16,16]},"south":{"uv":[32,0],"uv_size":[16,16]},"west":{"uv":[32,0],"uv_size":[16,16]},"up":{"uv":[48,16],"uv_size":[-16,-16]},"down":{"uv":[48,16],"uv_size":[-16,-16]}}}]},{"name":"bone228","parent":"bone222","pivot":[-7,31,0],"cubes":[{"origin":[-8,30,-1],"size":[2,2,2],"uv":{"north":{"uv":[32,0],"uv_size":[16,16]},"east":{"uv":[32,0],"uv_size":[16,16]},"south":{"uv":[32,0],"uv_size":[16,16]},"west":{"uv":[32,0],"uv_size":[16,16]},"up":{"uv":[48,16],"uv_size":[-16,-16]},"down":{"uv":[48,16],"uv_size":[-16,-16]}}}]},{"name":"bone229","parent":"bone222","pivot":[-5,31,0],"cubes":[{"origin":[-6,30,-1],"size":[2,2,2],"uv":{"north":{"uv":[32,0],"uv_size":[16,16]},"east":{"uv":[32,0],"uv_size":[16,16]},"south":{"uv":[32,0],"uv_size":[16,16]},"west":{"uv":[32,0],"uv_size":[16,16]},"up":{"uv":[48,16],"uv_size":[-16,-16]},"down":{"uv":[48,16],"uv_size":[-16,-16]}}}]},{"name":"bone230","parent":"bone222","pivot":[-3,31,0],"cubes":[{"origin":[-4,30,-1],"size":[2,2,2],"uv":{"north":{"uv":[32,0],"uv_size":[16,16]},"east":{"uv":[32,0],"uv_size":[16,16]},"south":{"uv":[32,0],"uv_size":[16,16]},"west":{"uv":[32,0],"uv_size":[16,16]},"up":{"uv":[48,16],"uv_size":[-16,-16]},"down":{"uv":[48,16],"uv_size":[-16,-16]}}}]},{"name":"bone231","parent":"bone222","pivot":[-1,31,0],"cubes":[{"origin":[-2,30,-1],"size":[2,2,2],"uv":{"north":{"uv":[0,0],"uv_size":[16,16]},"east":{"uv":[0,0],"uv_size":[16,16]},"south":{"uv":[0,0],"uv_size":[16,16]},"west":{"uv":[0,0],"uv_size":[16,16]},"up":{"uv":[16,16],"uv_size":[-16,-16]},"down":{"uv":[16,16],"uv_size":[-16,-16]}}}]},{"name":"bone232","parent":"bone222","pivot":[1,31,0],"cubes":[{"origin":[0,30,-1],"size":[2,2,2],"uv":{"north":{"uv":[0,0],"uv_size":[16,16]},"east":{"uv":[0,0],"uv_size":[16,16]},"south":{"uv":[0,0],"uv_size":[16,16]},"west":{"uv":[0,0],"uv_size":[16,16]},"up":{"uv":[16,16],"uv_size":[-16,-16]},"down":{"uv":[16,16],"uv_size":[-16,-16]}}}]},{"name":"bone233","parent":"bone222","pivot":[3,31,0],"cubes":[{"origin":[2,30,-1],"size":[2,2,2],"uv":{"north":{"uv":[32,0],"uv_size":[16,16]},"east":{"uv":[32,0],"uv_size":[16,16]},"south":{"uv":[32,0],"uv_size":[16,16]},"west":{"uv":[32,0],"uv_size":[16,16]},"up":{"uv":[48,16],"uv_size":[-16,-16]},"down":{"uv":[48,16],"uv_size":[-16,-16]}}}]},{"name":"bone234","parent":"bone222","pivot":[5,31,0],"cubes":[{"origin":[4,30,-1],"size":[2,2,2],"uv":{"north":{"uv":[32,0],"uv_size":[16,16]},"east":{"uv":[32,0],"uv_size":[16,16]},"south":{"uv":[32,0],"uv_size":[16,16]},"west":{"uv":[32,0],"uv_size":[16,16]},"up":{"uv":[48,16],"uv_size":[-16,-16]},"down":{"uv":[48,16],"uv_size":[-16,-16]}}}]},{"name":"bone235","parent":"bone222","pivot":[7,31,0],"cubes":[{"origin":[6,30,-1],"size":[2,2,2],"uv":{"north":{"uv":[32,0],"uv_size":[16,16]},"east":{"uv":[32,0],"uv_size":[16,16]},"south":{"uv":[32,0],"uv_size":[16,16]},"west":{"uv":[32,0],"uv_size":[16,16]},"up":{"uv":[48,16],"uv_size":[-16,-16]},"down":{"uv":[48,16],"uv_size":[-16,-16]}}}]},{"name":"bone236","parent":"bone222","pivot":[9,31,0],"cubes":[{"origin":[8,30,-1],"size":[2,2,2],"uv":{"north":{"uv":[32,0],"uv_size":[16,16]},"east":{"uv":[32,0],"uv_size":[16,16]},"south":{"uv":[32,0],"uv_size":[16,16]},"west":{"uv":[32,0],"uv_size":[16,16]},"up":{"uv":[48,16],"uv_size":[-16,-16]},"down":{"uv":[48,16],"uv_size":[-16,-16]}}}]},{"name":"bone237","parent":"bone222","pivot":[11,31,0],"cubes":[{"origin":[10,30,-1],"size":[2,2,2],"uv":{"north":{"uv":[32,0],"uv_size":[16,16]},"east":{"uv":[32,0],"uv_size":[16,16]},"south":{"uv":[32,0],"uv_size":[16,16]},"west":{"uv":[32,0],"uv_size":[16,16]},"up":{"uv":[48,16],"uv_size":[-16,-16]},"down":{"uv":[48,16],"uv_size":[-16,-16]}}}]},{"name":"bone238","parent":"bone222","pivot":[13,31,0],"cubes":[{"origin":[12,30,-1],"size":[2,2,2],"uv":{"north":{"uv":[32,0],"uv_size":[16,16]},"east":{"uv":[32,0],"uv_size":[16,16]},"south":{"uv":[32,0],"uv_size":[16,16]},"west":{"uv":[32,0],"uv_size":[16,16]},"up":{"uv":[48,16],"uv_size":[-16,-16]},"down":{"uv":[48,16],"uv_size":[-16,-16]}}}]},{"name":"bone188","parent":"bone","pivot":[0,14,0]},{"name":"bone189","parent":"bone188","pivot":[-15,15,0],"cubes":[{"origin":[-16,14,-1],"size":[2,2,2],"uv":{"north":{"uv":[0,0],"uv_size":[16,16]},"east":{"uv":[0,0],"uv_size":[16,16]},"south":{"uv":[0,0],"uv_size":[16,16]},"west":{"uv":[0,0],"uv_size":[16,16]},"up":{"uv":[16,16],"uv_size":[-16,-16]},"down":{"uv":[16,16],"uv_size":[-16,-16]}}}]},{"name":"bone190","parent":"bone188","pivot":[15,15,0],"cubes":[{"origin":[14,14,-1],"size":[2,2,2],"uv":{"north":{"uv":[0,0],"uv_size":[16,16]},"east":{"uv":[0,0],"uv_size":[16,16]},"south":{"uv":[0,0],"uv_size":[16,16]},"west":{"uv":[0,0],"uv_size":[16,16]},"up":{"uv":[16,16],"uv_size":[-16,-16]},"down":{"uv":[16,16],"uv_size":[-16,-16]}}}]},{"name":"bone191","parent":"bone188","pivot":[-13,15,0],"cubes":[{"origin":[-14,14,-1],"size":[2,2,2],"uv":{"north":{"uv":[32,0],"uv_size":[16,16]},"east":{"uv":[32,0],"uv_size":[16,16]},"south":{"uv":[32,0],"uv_size":[16,16]},"west":{"uv":[32,0],"uv_size":[16,16]},"up":{"uv":[48,16],"uv_size":[-16,-16]},"down":{"uv":[48,16],"uv_size":[-16,-16]}}}]},{"name":"bone192","parent":"bone188","pivot":[-11,15,0],"cubes":[{"origin":[-12,14,-1],"size":[2,2,2],"uv":{"north":{"uv":[32,0],"uv_size":[16,16]},"east":{"uv":[32,0],"uv_size":[16,16]},"south":{"uv":[32,0],"uv_size":[16,16]},"west":{"uv":[32,0],"uv_size":[16,16]},"up":{"uv":[48,16],"uv_size":[-16,-16]},"down":{"uv":[48,16],"uv_size":[-16,-16]}}}]},{"name":"bone193","parent":"bone188","pivot":[-9,15,0],"cubes":[{"origin":[-10,14,-1],"size":[2,2,2],"uv":{"north":{"uv":[32,0],"uv_size":[16,16]},"east":{"uv":[32,0],"uv_size":[16,16]},"south":{"uv":[32,0],"uv_size":[16,16]},"west":{"uv":[32,0],"uv_size":[16,16]},"up":{"uv":[48,16],"uv_size":[-16,-16]},"down":{"uv":[48,16],"uv_size":[-16,-16]}}}]},{"name":"bone194","parent":"bone188","pivot":[-7,15,0],"cubes":[{"origin":[-8,14,-1],"size":[2,2,2],"uv":{"north":{"uv":[32,0],"uv_size":[16,16]},"east":{"uv":[32,0],"uv_size":[16,16]},"south":{"uv":[32,0],"uv_size":[16,16]},"west":{"uv":[32,0],"uv_size":[16,16]},"up":{"uv":[48,16],"uv_size":[-16,-16]},"down":{"uv":[48,16],"uv_size":[-16,-16]}}}]},{"name":"bone195","parent":"bone188","pivot":[-5,15,0],"cubes":[{"origin":[-6,14,-1],"size":[2,2,2],"uv":{"north":{"uv":[32,0],"uv_size":[16,16]},"east":{"uv":[32,0],"uv_size":[16,16]},"south":{"uv":[32,0],"uv_size":[16,16]},"west":{"uv":[32,0],"uv_size":[16,16]},"up":{"uv":[48,16],"uv_size":[-16,-16]},"down":{"uv":[48,16],"uv_size":[-16,-16]}}}]},{"name":"bone196","parent":"bone188","pivot":[-3,15,0],"cubes":[{"origin":[-4,14,-1],"size":[2,2,2],"uv":{"north":{"uv":[32,0],"uv_size":[16,16]},"east":{"uv":[32,0],"uv_size":[16,16]},"south":{"uv":[32,0],"uv_size":[16,16]},"west":{"uv":[32,0],"uv_size":[16,16]},"up":{"uv":[48,16],"uv_size":[-16,-16]},"down":{"uv":[48,16],"uv_size":[-16,-16]}}}]},{"name":"bone197","parent":"bone188","pivot":[-1,15,0],"cubes":[{"origin":[-2,14,-1],"size":[2,2,2],"uv":{"north":{"uv":[32,0],"uv_size":[16,16]},"east":{"uv":[32,0],"uv_size":[16,16]},"south":{"uv":[32,0],"uv_size":[16,16]},"west":{"uv":[32,0],"uv_size":[16,16]},"up":{"uv":[48,16],"uv_size":[-16,-16]},"down":{"uv":[48,16],"uv_size":[-16,-16]}}}]},{"name":"bone198","parent":"bone188","pivot":[1,15,0],"cubes":[{"origin":[0,14,-1],"size":[2,2,2],"uv":{"north":{"uv":[32,0],"uv_size":[16,16]},"east":{"uv":[32,0],"uv_size":[16,16]},"south":{"uv":[32,0],"uv_size":[16,16]},"west":{"uv":[32,0],"uv_size":[16,16]},"up":{"uv":[48,16],"uv_size":[-16,-16]},"down":{"uv":[48,16],"uv_size":[-16,-16]}}}]},{"name":"bone199","parent":"bone188","pivot":[3,15,0],"cubes":[{"origin":[2,14,-1],"size":[2,2,2],"uv":{"north":{"uv":[32,0],"uv_size":[16,16]},"east":{"uv":[32,0],"uv_size":[16,16]},"south":{"uv":[32,0],"uv_size":[16,16]},"west":{"uv":[32,0],"uv_size":[16,16]},"up":{"uv":[48,16],"uv_size":[-16,-16]},"down":{"uv":[48,16],"uv_size":[-16,-16]}}}]},{"name":"bone200","parent":"bone188","pivot":[5,15,0],"cubes":[{"origin":[4,14,-1],"size":[2,2,2],"uv":{"north":{"uv":[32,0],"uv_size":[16,16]},"east":{"uv":[32,0],"uv_size":[16,16]},"south":{"uv":[32,0],"uv_size":[16,16]},"west":{"uv":[32,0],"uv_size":[16,16]},"up":{"uv":[48,16],"uv_size":[-16,-16]},"down":{"uv":[48,16],"uv_size":[-16,-16]}}}]},{"name":"bone201","parent":"bone188","pivot":[7,15,0],"cubes":[{"origin":[6,14,-1],"size":[2,2,2],"uv":{"north":{"uv":[32,0],"uv_size":[16,16]},"east":{"uv":[32,0],"uv_size":[16,16]},"south":{"uv":[32,0],"uv_size":[16,16]},"west":{"uv":[32,0],"uv_size":[16,16]},"up":{"uv":[48,16],"uv_size":[-16,-16]},"down":{"uv":[48,16],"uv_size":[-16,-16]}}}]},{"name":"bone202","parent":"bone188","pivot":[9,15,0],"cubes":[{"origin":[8,14,-1],"size":[2,2,2],"uv":{"north":{"uv":[32,0],"uv_size":[16,16]},"east":{"uv":[32,0],"uv_size":[16,16]},"south":{"uv":[32,0],"uv_size":[16,16]},"west":{"uv":[32,0],"uv_size":[16,16]},"up":{"uv":[48,16],"uv_size":[-16,-16]},"down":{"uv":[48,16],"uv_size":[-16,-16]}}}]},{"name":"bone203","parent":"bone188","pivot":[11,15,0],"cubes":[{"origin":[10,14,-1],"size":[2,2,2],"uv":{"north":{"uv":[32,0],"uv_size":[16,16]},"east":{"uv":[32,0],"uv_size":[16,16]},"south":{"uv":[32,0],"uv_size":[16,16]},"west":{"uv":[32,0],"uv_size":[16,16]},"up":{"uv":[48,16],"uv_size":[-16,-16]},"down":{"uv":[48,16],"uv_size":[-16,-16]}}}]},{"name":"bone204","parent":"bone188","pivot":[13,15,0],"cubes":[{"origin":[12,14,-1],"size":[2,2,2],"uv":{"north":{"uv":[32,0],"uv_size":[16,16]},"east":{"uv":[32,0],"uv_size":[16,16]},"south":{"uv":[32,0],"uv_size":[16,16]},"west":{"uv":[32,0],"uv_size":[16,16]},"up":{"uv":[48,16],"uv_size":[-16,-16]},"down":{"uv":[48,16],"uv_size":[-16,-16]}}}]},{"name":"bone3","parent":"bone","pivot":[0,20,0]},{"name":"bone113","parent":"bone3","pivot":[-15,21,0],"cubes":[{"origin":[-16,20,-1],"size":[2,2,2],"uv":{"north":{"uv":[48,0],"uv_size":[16,16]},"east":{"uv":[48,0],"uv_size":[16,16]},"south":{"uv":[48,0],"uv_size":[16,16]},"west":{"uv":[48,0],"uv_size":[16,16]},"up":{"uv":[64,16],"uv_size":[-16,-16]},"down":{"uv":[64,16],"uv_size":[-16,-16]}}}]},{"name":"bone129","parent":"bone3","pivot":[-17,21,0],"cubes":[{"origin":[-18,20,-1],"size":[2,2,2],"uv":{"north":{"uv":[0,0],"uv_size":[16,16]},"east":{"uv":[0,0],"uv_size":[16,16]},"south":{"uv":[0,0],"uv_size":[16,16]},"west":{"uv":[0,0],"uv_size":[16,16]},"up":{"uv":[16,16],"uv_size":[-16,-16]},"down":{"uv":[16,16],"uv_size":[-16,-16]}}}]},{"name":"bone130","parent":"bone3","pivot":[17,21,0],"cubes":[{"origin":[16,20,-1],"size":[2,2,2],"uv":{"north":{"uv":[0,0],"uv_size":[16,16]},"east":{"uv":[0,0],"uv_size":[16,16]},"south":{"uv":[0,0],"uv_size":[16,16]},"west":{"uv":[0,0],"uv_size":[16,16]},"up":{"uv":[16,16],"uv_size":[-16,-16]},"down":{"uv":[16,16],"uv_size":[-16,-16]}}}]},{"name":"bone114","parent":"bone3","pivot":[15,21,0],"cubes":[{"origin":[14,20,-1],"size":[2,2,2],"uv":{"north":{"uv":[48,0],"uv_size":[16,16]},"east":{"uv":[48,0],"uv_size":[16,16]},"south":{"uv":[48,0],"uv_size":[16,16]},"west":{"uv":[48,0],"uv_size":[16,16]},"up":{"uv":[64,16],"uv_size":[-16,-16]},"down":{"uv":[64,16],"uv_size":[-16,-16]}}}]},{"name":"bone115","parent":"bone3","pivot":[-13,21,0],"cubes":[{"origin":[-14,20,-1],"size":[2,2,2],"uv":{"north":{"uv":[48,0],"uv_size":[16,16]},"east":{"uv":[48,0],"uv_size":[16,16]},"south":{"uv":[48,0],"uv_size":[16,16]},"west":{"uv":[48,0],"uv_size":[16,16]},"up":{"uv":[64,16],"uv_size":[-16,-16]},"down":{"uv":[64,16],"uv_size":[-16,-16]}}}]},{"name":"bone116","parent":"bone3","pivot":[-11,21,0],"cubes":[{"origin":[-12,20,-1],"size":[2,2,2],"uv":{"north":{"uv":[48,0],"uv_size":[16,16]},"east":{"uv":[48,0],"uv_size":[16,16]},"south":{"uv":[48,0],"uv_size":[16,16]},"west":{"uv":[48,0],"uv_size":[16,16]},"up":{"uv":[64,16],"uv_size":[-16,-16]},"down":{"uv":[64,16],"uv_size":[-16,-16]}}}]},{"name":"bone117","parent":"bone3","pivot":[-9,21,0],"cubes":[{"origin":[-10,20,-1],"size":[2,2,2],"uv":{"north":{"uv":[48,0],"uv_size":[16,16]},"east":{"uv":[48,0],"uv_size":[16,16]},"south":{"uv":[48,0],"uv_size":[16,16]},"west":{"uv":[48,0],"uv_size":[16,16]},"up":{"uv":[64,16],"uv_size":[-16,-16]},"down":{"uv":[64,16],"uv_size":[-16,-16]}}}]},{"name":"bone118","parent":"bone3","pivot":[-7,21,0],"cubes":[{"origin":[-8,20,-1],"size":[2,2,2],"uv":{"north":{"uv":[48,0],"uv_size":[16,16]},"east":{"uv":[48,0],"uv_size":[16,16]},"south":{"uv":[48,0],"uv_size":[16,16]},"west":{"uv":[48,0],"uv_size":[16,16]},"up":{"uv":[64,16],"uv_size":[-16,-16]},"down":{"uv":[64,16],"uv_size":[-16,-16]}}}]},{"name":"bone119","parent":"bone3","pivot":[-5,21,0],"cubes":[{"origin":[-6,20,-1],"size":[2,2,2],"uv":{"north":{"uv":[48,0],"uv_size":[16,16]},"east":{"uv":[48,0],"uv_size":[16,16]},"south":{"uv":[48,0],"uv_size":[16,16]},"west":{"uv":[48,0],"uv_size":[16,16]},"up":{"uv":[64,16],"uv_size":[-16,-16]},"down":{"uv":[64,16],"uv_size":[-16,-16]}}}]},{"name":"bone120","parent":"bone3","pivot":[-3,21,0],"cubes":[{"origin":[-4,20,-1],"size":[2,2,2],"uv":{"north":{"uv":[48,0],"uv_size":[16,16]},"east":{"uv":[48,0],"uv_size":[16,16]},"south":{"uv":[48,0],"uv_size":[16,16]},"west":{"uv":[48,0],"uv_size":[16,16]},"up":{"uv":[64,16],"uv_size":[-16,-16]},"down":{"uv":[64,16],"uv_size":[-16,-16]}}}]},{"name":"bone121","parent":"bone3","pivot":[-1,21,0],"cubes":[{"origin":[-2,20,-1],"size":[2,2,2],"uv":{"north":{"uv":[48,0],"uv_size":[16,16]},"east":{"uv":[48,0],"uv_size":[16,16]},"south":{"uv":[48,0],"uv_size":[16,16]},"west":{"uv":[48,0],"uv_size":[16,16]},"up":{"uv":[64,16],"uv_size":[-16,-16]},"down":{"uv":[64,16],"uv_size":[-16,-16]}}}]},{"name":"bone122","parent":"bone3","pivot":[1,21,0],"cubes":[{"origin":[0,20,-1],"size":[2,2,2],"uv":{"north":{"uv":[48,0],"uv_size":[16,16]},"east":{"uv":[48,0],"uv_size":[16,16]},"south":{"uv":[48,0],"uv_size":[16,16]},"west":{"uv":[48,0],"uv_size":[16,16]},"up":{"uv":[64,16],"uv_size":[-16,-16]},"down":{"uv":[64,16],"uv_size":[-16,-16]}}}]},{"name":"bone123","parent":"bone3","pivot":[3,21,0],"cubes":[{"origin":[2,20,-1],"size":[2,2,2],"uv":{"north":{"uv":[48,0],"uv_size":[16,16]},"east":{"uv":[48,0],"uv_size":[16,16]},"south":{"uv":[48,0],"uv_size":[16,16]},"west":{"uv":[48,0],"uv_size":[16,16]},"up":{"uv":[64,16],"uv_size":[-16,-16]},"down":{"uv":[64,16],"uv_size":[-16,-16]}}}]},{"name":"bone124","parent":"bone3","pivot":[5,21,0],"cubes":[{"origin":[4,20,-1],"size":[2,2,2],"uv":{"north":{"uv":[48,0],"uv_size":[16,16]},"east":{"uv":[48,0],"uv_size":[16,16]},"south":{"uv":[48,0],"uv_size":[16,16]},"west":{"uv":[48,0],"uv_size":[16,16]},"up":{"uv":[64,16],"uv_size":[-16,-16]},"down":{"uv":[64,16],"uv_size":[-16,-16]}}}]},{"name":"bone125","parent":"bone3","pivot":[7,21,0],"cubes":[{"origin":[6,20,-1],"size":[2,2,2],"uv":{"north":{"uv":[48,0],"uv_size":[16,16]},"east":{"uv":[48,0],"uv_size":[16,16]},"south":{"uv":[48,0],"uv_size":[16,16]},"west":{"uv":[48,0],"uv_size":[16,16]},"up":{"uv":[64,16],"uv_size":[-16,-16]},"down":{"uv":[64,16],"uv_size":[-16,-16]}}}]},{"name":"bone126","parent":"bone3","pivot":[9,21,0],"cubes":[{"origin":[8,20,-1],"size":[2,2,2],"uv":{"north":{"uv":[48,0],"uv_size":[16,16]},"east":{"uv":[48,0],"uv_size":[16,16]},"south":{"uv":[48,0],"uv_size":[16,16]},"west":{"uv":[48,0],"uv_size":[16,16]},"up":{"uv":[64,16],"uv_size":[-16,-16]},"down":{"uv":[64,16],"uv_size":[-16,-16]}}}]},{"name":"bone127","parent":"bone3","pivot":[11,21,0],"cubes":[{"origin":[10,20,-1],"size":[2,2,2],"uv":{"north":{"uv":[48,0],"uv_size":[16,16]},"east":{"uv":[48,0],"uv_size":[16,16]},"south":{"uv":[48,0],"uv_size":[16,16]},"west":{"uv":[48,0],"uv_size":[16,16]},"up":{"uv":[64,16],"uv_size":[-16,-16]},"down":{"uv":[64,16],"uv_size":[-16,-16]}}}]},{"name":"bone128","parent":"bone3","pivot":[13,21,0],"cubes":[{"origin":[12,20,-1],"size":[2,2,2],"uv":{"north":{"uv":[48,0],"uv_size":[16,16]},"east":{"uv":[48,0],"uv_size":[16,16]},"south":{"uv":[48,0],"uv_size":[16,16]},"west":{"uv":[48,0],"uv_size":[16,16]},"up":{"uv":[64,16],"uv_size":[-16,-16]},"down":{"uv":[64,16],"uv_size":[-16,-16]}}}]},{"name":"bone150","parent":"bone","pivot":[0,24,0]},{"name":"bone151","parent":"bone150","pivot":[-15,25,0],"cubes":[{"origin":[-16,24,-1],"size":[2,2,2],"uv":{"north":{"uv":[16,0],"uv_size":[16,16]},"east":{"uv":[16,0],"uv_size":[16,16]},"south":{"uv":[16,0],"uv_size":[16,16]},"west":{"uv":[16,0],"uv_size":[16,16]},"up":{"uv":[32,16],"uv_size":[-16,-16]},"down":{"uv":[32,16],"uv_size":[-16,-16]}}}]},{"name":"bone152","parent":"bone150","pivot":[-17,25,0],"cubes":[{"origin":[-18,24,-1],"size":[2,2,2],"uv":{"north":{"uv":[0,0],"uv_size":[16,16]},"east":{"uv":[0,0],"uv_size":[16,16]},"south":{"uv":[0,0],"uv_size":[16,16]},"west":{"uv":[0,0],"uv_size":[16,16]},"up":{"uv":[16,16],"uv_size":[-16,-16]},"down":{"uv":[16,16],"uv_size":[-16,-16]}}}]},{"name":"bone153","parent":"bone150","pivot":[17,25,0],"cubes":[{"origin":[16,24,-1],"size":[2,2,2],"uv":{"north":{"uv":[0,0],"uv_size":[16,16]},"east":{"uv":[0,0],"uv_size":[16,16]},"south":{"uv":[0,0],"uv_size":[16,16]},"west":{"uv":[0,0],"uv_size":[16,16]},"up":{"uv":[16,16],"uv_size":[-16,-16]},"down":{"uv":[16,16],"uv_size":[-16,-16]}}}]},{"name":"bone154","parent":"bone150","pivot":[15,25,0],"cubes":[{"origin":[14,24,-1],"size":[2,2,2],"uv":{"north":{"uv":[16,0],"uv_size":[16,16]},"east":{"uv":[16,0],"uv_size":[16,16]},"south":{"uv":[16,0],"uv_size":[16,16]},"west":{"uv":[16,0],"uv_size":[16,16]},"up":{"uv":[32,16],"uv_size":[-16,-16]},"down":{"uv":[32,16],"uv_size":[-16,-16]}}}]},{"name":"bone155","parent":"bone150","pivot":[-13,25,0],"cubes":[{"origin":[-14,24,-1],"size":[2,2,2],"uv":{"north":{"uv":[16,0],"uv_size":[16,16]},"east":{"uv":[16,0],"uv_size":[16,16]},"south":{"uv":[16,0],"uv_size":[16,16]},"west":{"uv":[16,0],"uv_size":[16,16]},"up":{"uv":[32,16],"uv_size":[-16,-16]},"down":{"uv":[32,16],"uv_size":[-16,-16]}}}]},{"name":"bone156","parent":"bone150","pivot":[-11,25,0],"cubes":[{"origin":[-12,24,-1],"size":[2,2,2],"uv":{"north":{"uv":[16,0],"uv_size":[16,16]},"east":{"uv":[16,0],"uv_size":[16,16]},"south":{"uv":[16,0],"uv_size":[16,16]},"west":{"uv":[16,0],"uv_size":[16,16]},"up":{"uv":[32,16],"uv_size":[-16,-16]},"down":{"uv":[32,16],"uv_size":[-16,-16]}}}]},{"name":"bone157","parent":"bone150","pivot":[-9,25,0],"cubes":[{"origin":[-10,24,-1],"size":[2,2,2],"uv":{"north":{"uv":[16,0],"uv_size":[16,16]},"east":{"uv":[16,0],"uv_size":[16,16]},"south":{"uv":[16,0],"uv_size":[16,16]},"west":{"uv":[16,0],"uv_size":[16,16]},"up":{"uv":[32,16],"uv_size":[-16,-16]},"down":{"uv":[32,16],"uv_size":[-16,-16]}}}]},{"name":"bone158","parent":"bone150","pivot":[-7,25,0],"cubes":[{"origin":[-8,24,-1],"size":[2,2,2],"uv":{"north":{"uv":[16,0],"uv_size":[16,16]},"east":{"uv":[16,0],"uv_size":[16,16]},"south":{"uv":[16,0],"uv_size":[16,16]},"west":{"uv":[16,0],"uv_size":[16,16]},"up":{"uv":[32,16],"uv_size":[-16,-16]},"down":{"uv":[32,16],"uv_size":[-16,-16]}}}]},{"name":"bone159","parent":"bone150","pivot":[-5,25,0],"cubes":[{"origin":[-6,24,-1],"size":[2,2,2],"uv":{"north":{"uv":[16,0],"uv_size":[16,16]},"east":{"uv":[16,0],"uv_size":[16,16]},"south":{"uv":[16,0],"uv_size":[16,16]},"west":{"uv":[16,0],"uv_size":[16,16]},"up":{"uv":[32,16],"uv_size":[-16,-16]},"down":{"uv":[32,16],"uv_size":[-16,-16]}}}]},{"name":"bone160","parent":"bone150","pivot":[-3,25,0],"cubes":[{"origin":[-4,24,-1],"size":[2,2,2],"uv":{"north":{"uv":[16,0],"uv_size":[16,16]},"east":{"uv":[16,0],"uv_size":[16,16]},"south":{"uv":[16,0],"uv_size":[16,16]},"west":{"uv":[16,0],"uv_size":[16,16]},"up":{"uv":[32,16],"uv_size":[-16,-16]},"down":{"uv":[32,16],"uv_size":[-16,-16]}}}]},{"name":"bone161","parent":"bone150","pivot":[-1,25,0],"cubes":[{"origin":[-2,24,-1],"size":[2,2,2],"uv":{"north":{"uv":[16,0],"uv_size":[16,16]},"east":{"uv":[16,0],"uv_size":[16,16]},"south":{"uv":[16,0],"uv_size":[16,16]},"west":{"uv":[16,0],"uv_size":[16,16]},"up":{"uv":[32,16],"uv_size":[-16,-16]},"down":{"uv":[32,16],"uv_size":[-16,-16]}}}]},{"name":"bone162","parent":"bone150","pivot":[1,25,0],"cubes":[{"origin":[0,24,-1],"size":[2,2,2],"uv":{"north":{"uv":[16,0],"uv_size":[16,16]},"east":{"uv":[16,0],"uv_size":[16,16]},"south":{"uv":[16,0],"uv_size":[16,16]},"west":{"uv":[16,0],"uv_size":[16,16]},"up":{"uv":[32,16],"uv_size":[-16,-16]},"down":{"uv":[32,16],"uv_size":[-16,-16]}}}]},{"name":"bone163","parent":"bone150","pivot":[3,25,0],"cubes":[{"origin":[2,24,-1],"size":[2,2,2],"uv":{"north":{"uv":[16,0],"uv_size":[16,16]},"east":{"uv":[16,0],"uv_size":[16,16]},"south":{"uv":[16,0],"uv_size":[16,16]},"west":{"uv":[16,0],"uv_size":[16,16]},"up":{"uv":[32,16],"uv_size":[-16,-16]},"down":{"uv":[32,16],"uv_size":[-16,-16]}}}]},{"name":"bone164","parent":"bone150","pivot":[5,25,0],"cubes":[{"origin":[4,24,-1],"size":[2,2,2],"uv":{"north":{"uv":[16,0],"uv_size":[16,16]},"east":{"uv":[16,0],"uv_size":[16,16]},"south":{"uv":[16,0],"uv_size":[16,16]},"west":{"uv":[16,0],"uv_size":[16,16]},"up":{"uv":[32,16],"uv_size":[-16,-16]},"down":{"uv":[32,16],"uv_size":[-16,-16]}}}]},{"name":"bone165","parent":"bone150","pivot":[7,25,0],"cubes":[{"origin":[6,24,-1],"size":[2,2,2],"uv":{"north":{"uv":[16,0],"uv_size":[16,16]},"east":{"uv":[16,0],"uv_size":[16,16]},"south":{"uv":[16,0],"uv_size":[16,16]},"west":{"uv":[16,0],"uv_size":[16,16]},"up":{"uv":[32,16],"uv_size":[-16,-16]},"down":{"uv":[32,16],"uv_size":[-16,-16]}}}]},{"name":"bone166","parent":"bone150","pivot":[9,25,0],"cubes":[{"origin":[8,24,-1],"size":[2,2,2],"uv":{"north":{"uv":[16,0],"uv_size":[16,16]},"east":{"uv":[16,0],"uv_size":[16,16]},"south":{"uv":[16,0],"uv_size":[16,16]},"west":{"uv":[16,0],"uv_size":[16,16]},"up":{"uv":[32,16],"uv_size":[-16,-16]},"down":{"uv":[32,16],"uv_size":[-16,-16]}}}]},{"name":"bone167","parent":"bone150","pivot":[11,25,0],"cubes":[{"origin":[10,24,-1],"size":[2,2,2],"uv":{"north":{"uv":[16,0],"uv_size":[16,16]},"east":{"uv":[16,0],"uv_size":[16,16]},"south":{"uv":[16,0],"uv_size":[16,16]},"west":{"uv":[16,0],"uv_size":[16,16]},"up":{"uv":[32,16],"uv_size":[-16,-16]},"down":{"uv":[32,16],"uv_size":[-16,-16]}}}]},{"name":"bone168","parent":"bone150","pivot":[13,25,0],"cubes":[{"origin":[12,24,-1],"size":[2,2,2],"uv":{"north":{"uv":[16,0],"uv_size":[16,16]},"east":{"uv":[16,0],"uv_size":[16,16]},"south":{"uv":[16,0],"uv_size":[16,16]},"west":{"uv":[16,0],"uv_size":[16,16]},"up":{"uv":[32,16],"uv_size":[-16,-16]},"down":{"uv":[32,16],"uv_size":[-16,-16]}}}]},{"name":"bone169","parent":"bone","pivot":[0,26,0]},{"name":"bone170","parent":"bone169","pivot":[-15,27,0],"cubes":[{"origin":[-16,26,-1],"size":[2,2,2],"uv":{"north":{"uv":[0,0],"uv_size":[16,16]},"east":{"uv":[0,0],"uv_size":[16,16]},"south":{"uv":[0,0],"uv_size":[16,16]},"west":{"uv":[0,0],"uv_size":[16,16]},"up":{"uv":[16,16],"uv_size":[-16,-16]},"down":{"uv":[16,16],"uv_size":[-16,-16]}}}]},{"name":"bone171","parent":"bone169","pivot":[-17,27,0],"cubes":[{"origin":[-18,26,-1],"size":[2,2,2],"uv":{"north":{"uv":[0,0],"uv_size":[16,16]},"east":{"uv":[0,0],"uv_size":[16,16]},"south":{"uv":[0,0],"uv_size":[16,16]},"west":{"uv":[0,0],"uv_size":[16,16]},"up":{"uv":[16,16],"uv_size":[-16,-16]},"down":{"uv":[16,16],"uv_size":[-16,-16]}}}]},{"name":"bone172","parent":"bone169","pivot":[17,27,0],"cubes":[{"origin":[16,26,-1],"size":[2,2,2],"uv":{"north":{"uv":[0,0],"uv_size":[16,16]},"east":{"uv":[0,0],"uv_size":[16,16]},"south":{"uv":[0,0],"uv_size":[16,16]},"west":{"uv":[0,0],"uv_size":[16,16]},"up":{"uv":[16,16],"uv_size":[-16,-16]},"down":{"uv":[16,16],"uv_size":[-16,-16]}}}]},{"name":"bone173","parent":"bone169","pivot":[15,27,0],"cubes":[{"origin":[14,26,-1],"size":[2,2,2],"uv":{"north":{"uv":[0,0],"uv_size":[16,16]},"east":{"uv":[0,0],"uv_size":[16,16]},"south":{"uv":[0,0],"uv_size":[16,16]},"west":{"uv":[0,0],"uv_size":[16,16]},"up":{"uv":[16,16],"uv_size":[-16,-16]},"down":{"uv":[16,16],"uv_size":[-16,-16]}}}]},{"name":"bone174","parent":"bone169","pivot":[-13,27,0],"cubes":[{"origin":[-14,26,-1],"size":[2,2,2],"uv":{"north":{"uv":[0,0],"uv_size":[16,16]},"east":{"uv":[0,0],"uv_size":[16,16]},"south":{"uv":[0,0],"uv_size":[16,16]},"west":{"uv":[0,0],"uv_size":[16,16]},"up":{"uv":[16,16],"uv_size":[-16,-16]},"down":{"uv":[16,16],"uv_size":[-16,-16]}}}]},{"name":"bone175","parent":"bone169","pivot":[-11,27,0],"cubes":[{"origin":[-12,26,-1],"size":[2,2,2],"uv":{"north":{"uv":[0,0],"uv_size":[16,16]},"east":{"uv":[0,0],"uv_size":[16,16]},"south":{"uv":[0,0],"uv_size":[16,16]},"west":{"uv":[0,0],"uv_size":[16,16]},"up":{"uv":[16,16],"uv_size":[-16,-16]},"down":{"uv":[16,16],"uv_size":[-16,-16]}}}]},{"name":"bone176","parent":"bone169","pivot":[-9,27,0],"cubes":[{"origin":[-10,26,-1],"size":[2,2,2],"uv":{"north":{"uv":[0,0],"uv_size":[16,16]},"east":{"uv":[0,0],"uv_size":[16,16]},"south":{"uv":[0,0],"uv_size":[16,16]},"west":{"uv":[0,0],"uv_size":[16,16]},"up":{"uv":[16,16],"uv_size":[-16,-16]},"down":{"uv":[16,16],"uv_size":[-16,-16]}}}]},{"name":"bone177","parent":"bone169","pivot":[-7,27,0],"cubes":[{"origin":[-8,26,-1],"size":[2,2,2],"uv":{"north":{"uv":[0,0],"uv_size":[16,16]},"east":{"uv":[0,0],"uv_size":[16,16]},"south":{"uv":[0,0],"uv_size":[16,16]},"west":{"uv":[0,0],"uv_size":[16,16]},"up":{"uv":[16,16],"uv_size":[-16,-16]},"down":{"uv":[16,16],"uv_size":[-16,-16]}}}]},{"name":"bone178","parent":"bone169","pivot":[-5,27,0],"cubes":[{"origin":[-6,26,-1],"size":[2,2,2],"uv":{"north":{"uv":[0,0],"uv_size":[16,16]},"east":{"uv":[0,0],"uv_size":[16,16]},"south":{"uv":[0,0],"uv_size":[16,16]},"west":{"uv":[0,0],"uv_size":[16,16]},"up":{"uv":[16,16],"uv_size":[-16,-16]},"down":{"uv":[16,16],"uv_size":[-16,-16]}}}]},{"name":"bone179","parent":"bone169","pivot":[-3,27,0],"cubes":[{"origin":[-4,26,-1],"size":[2,2,2],"uv":{"north":{"uv":[0,0],"uv_size":[16,16]},"east":{"uv":[0,0],"uv_size":[16,16]},"south":{"uv":[0,0],"uv_size":[16,16]},"west":{"uv":[0,0],"uv_size":[16,16]},"up":{"uv":[16,16],"uv_size":[-16,-16]},"down":{"uv":[16,16],"uv_size":[-16,-16]}}}]},{"name":"bone180","parent":"bone169","pivot":[-1,27,0],"cubes":[{"origin":[-2,26,-1],"size":[2,2,2],"uv":{"north":{"uv":[0,0],"uv_size":[16,16]},"east":{"uv":[0,0],"uv_size":[16,16]},"south":{"uv":[0,0],"uv_size":[16,16]},"west":{"uv":[0,0],"uv_size":[16,16]},"up":{"uv":[16,16],"uv_size":[-16,-16]},"down":{"uv":[16,16],"uv_size":[-16,-16]}}}]},{"name":"bone181","parent":"bone169","pivot":[1,27,0],"cubes":[{"origin":[0,26,-1],"size":[2,2,2],"uv":{"north":{"uv":[0,0],"uv_size":[16,16]},"east":{"uv":[0,0],"uv_size":[16,16]},"south":{"uv":[0,0],"uv_size":[16,16]},"west":{"uv":[0,0],"uv_size":[16,16]},"up":{"uv":[16,16],"uv_size":[-16,-16]},"down":{"uv":[16,16],"uv_size":[-16,-16]}}}]},{"name":"bone182","parent":"bone169","pivot":[3,27,0],"cubes":[{"origin":[2,26,-1],"size":[2,2,2],"uv":{"north":{"uv":[0,0],"uv_size":[16,16]},"east":{"uv":[0,0],"uv_size":[16,16]},"south":{"uv":[0,0],"uv_size":[16,16]},"west":{"uv":[0,0],"uv_size":[16,16]},"up":{"uv":[16,16],"uv_size":[-16,-16]},"down":{"uv":[16,16],"uv_size":[-16,-16]}}}]},{"name":"bone183","parent":"bone169","pivot":[5,27,0],"cubes":[{"origin":[4,26,-1],"size":[2,2,2],"uv":{"north":{"uv":[0,0],"uv_size":[16,16]},"east":{"uv":[0,0],"uv_size":[16,16]},"south":{"uv":[0,0],"uv_size":[16,16]},"west":{"uv":[0,0],"uv_size":[16,16]},"up":{"uv":[16,16],"uv_size":[-16,-16]},"down":{"uv":[16,16],"uv_size":[-16,-16]}}}]},{"name":"bone184","parent":"bone169","pivot":[7,27,0],"cubes":[{"origin":[6,26,-1],"size":[2,2,2],"uv":{"north":{"uv":[0,0],"uv_size":[16,16]},"east":{"uv":[0,0],"uv_size":[16,16]},"south":{"uv":[0,0],"uv_size":[16,16]},"west":{"uv":[0,0],"uv_size":[16,16]},"up":{"uv":[16,16],"uv_size":[-16,-16]},"down":{"uv":[16,16],"uv_size":[-16,-16]}}}]},{"name":"bone185","parent":"bone169","pivot":[9,27,0],"cubes":[{"origin":[8,26,-1],"size":[2,2,2],"uv":{"north":{"uv":[0,0],"uv_size":[16,16]},"east":{"uv":[0,0],"uv_size":[16,16]},"south":{"uv":[0,0],"uv_size":[16,16]},"west":{"uv":[0,0],"uv_size":[16,16]},"up":{"uv":[16,16],"uv_size":[-16,-16]},"down":{"uv":[16,16],"uv_size":[-16,-16]}}}]},{"name":"bone186","parent":"bone169","pivot":[11,27,0],"cubes":[{"origin":[10,26,-1],"size":[2,2,2],"uv":{"north":{"uv":[0,0],"uv_size":[16,16]},"east":{"uv":[0,0],"uv_size":[16,16]},"south":{"uv":[0,0],"uv_size":[16,16]},"west":{"uv":[0,0],"uv_size":[16,16]},"up":{"uv":[16,16],"uv_size":[-16,-16]},"down":{"uv":[16,16],"uv_size":[-16,-16]}}}]},{"name":"bone187","parent":"bone169","pivot":[13,27,0],"cubes":[{"origin":[12,26,-1],"size":[2,2,2],"uv":{"north":{"uv":[0,0],"uv_size":[16,16]},"east":{"uv":[0,0],"uv_size":[16,16]},"south":{"uv":[0,0],"uv_size":[16,16]},"west":{"uv":[0,0],"uv_size":[16,16]},"up":{"uv":[16,16],"uv_size":[-16,-16]},"down":{"uv":[16,16],"uv_size":[-16,-16]}}}]},{"name":"bone131","parent":"bone","pivot":[0,22,0]},{"name":"bone132","parent":"bone131","pivot":[-15,23,0],"cubes":[{"origin":[-16,22,-1],"size":[2,2,2],"uv":{"north":{"uv":[0,0],"uv_size":[16,16]},"east":{"uv":[0,0],"uv_size":[16,16]},"south":{"uv":[0,0],"uv_size":[16,16]},"west":{"uv":[0,0],"uv_size":[16,16]},"up":{"uv":[16,16],"uv_size":[-16,-16]},"down":{"uv":[16,16],"uv_size":[-16,-16]}}}]},{"name":"bone133","parent":"bone131","pivot":[-17,23,0]},{"name":"bone134","parent":"bone131","pivot":[17,23,0]},{"name":"bone135","parent":"bone131","pivot":[15,23,0],"cubes":[{"origin":[14,22,-1],"size":[2,2,2],"uv":{"north":{"uv":[0,0],"uv_size":[16,16]},"east":{"uv":[0,0],"uv_size":[16,16]},"south":{"uv":[0,0],"uv_size":[16,16]},"west":{"uv":[0,0],"uv_size":[16,16]},"up":{"uv":[16,16],"uv_size":[-16,-16]},"down":{"uv":[16,16],"uv_size":[-16,-16]}}}]},{"name":"bone136","parent":"bone131","pivot":[-13,23,0],"cubes":[{"origin":[-14,22,-1],"size":[2,2,2],"uv":{"north":{"uv":[0,0],"uv_size":[16,16]},"east":{"uv":[0,0],"uv_size":[16,16]},"south":{"uv":[0,0],"uv_size":[16,16]},"west":{"uv":[0,0],"uv_size":[16,16]},"up":{"uv":[16,16],"uv_size":[-16,-16]},"down":{"uv":[16,16],"uv_size":[-16,-16]}}}]},{"name":"bone137","parent":"bone131","pivot":[-11,23,0],"cubes":[{"origin":[-12,22,-1],"size":[2,2,2],"uv":{"north":{"uv":[0,0],"uv_size":[16,16]},"east":{"uv":[0,0],"uv_size":[16,16]},"south":{"uv":[0,0],"uv_size":[16,16]},"west":{"uv":[0,0],"uv_size":[16,16]},"up":{"uv":[16,16],"uv_size":[-16,-16]},"down":{"uv":[16,16],"uv_size":[-16,-16]}}}]},{"name":"bone138","parent":"bone131","pivot":[-9,23,0],"cubes":[{"origin":[-10,22,-1],"size":[2,2,2],"uv":{"north":{"uv":[0,0],"uv_size":[16,16]},"east":{"uv":[0,0],"uv_size":[16,16]},"south":{"uv":[0,0],"uv_size":[16,16]},"west":{"uv":[0,0],"uv_size":[16,16]},"up":{"uv":[16,16],"uv_size":[-16,-16]},"down":{"uv":[16,16],"uv_size":[-16,-16]}}}]},{"name":"bone139","parent":"bone131","pivot":[-7,23,0],"cubes":[{"origin":[-8,22,-1],"size":[2,2,2],"uv":{"north":{"uv":[0,0],"uv_size":[16,16]},"east":{"uv":[0,0],"uv_size":[16,16]},"south":{"uv":[0,0],"uv_size":[16,16]},"west":{"uv":[0,0],"uv_size":[16,16]},"up":{"uv":[16,16],"uv_size":[-16,-16]},"down":{"uv":[16,16],"uv_size":[-16,-16]}}}]},{"name":"bone140","parent":"bone131","pivot":[-5,23,0],"cubes":[{"origin":[-6,22,-1],"size":[2,2,2],"uv":{"north":{"uv":[0,0],"uv_size":[16,16]},"east":{"uv":[0,0],"uv_size":[16,16]},"south":{"uv":[0,0],"uv_size":[16,16]},"west":{"uv":[0,0],"uv_size":[16,16]},"up":{"uv":[16,16],"uv_size":[-16,-16]},"down":{"uv":[16,16],"uv_size":[-16,-16]}}}]},{"name":"bone141","parent":"bone131","pivot":[-3,23,0],"cubes":[{"origin":[-4,22,-1],"size":[2,2,2],"uv":{"north":{"uv":[0,0],"uv_size":[16,16]},"east":{"uv":[0,0],"uv_size":[16,16]},"south":{"uv":[0,0],"uv_size":[16,16]},"west":{"uv":[0,0],"uv_size":[16,16]},"up":{"uv":[16,16],"uv_size":[-16,-16]},"down":{"uv":[16,16],"uv_size":[-16,-16]}}}]},{"name":"bone142","parent":"bone131","pivot":[-1,23,0],"cubes":[{"origin":[-2,22,-1],"size":[2,2,2],"uv":{"north":{"uv":[0,0],"uv_size":[16,16]},"east":{"uv":[0,0],"uv_size":[16,16]},"south":{"uv":[0,0],"uv_size":[16,16]},"west":{"uv":[0,0],"uv_size":[16,16]},"up":{"uv":[16,16],"uv_size":[-16,-16]},"down":{"uv":[16,16],"uv_size":[-16,-16]}}}]},{"name":"bone143","parent":"bone131","pivot":[1,23,0],"cubes":[{"origin":[0,22,-1],"size":[2,2,2],"uv":{"north":{"uv":[0,0],"uv_size":[16,16]},"east":{"uv":[0,0],"uv_size":[16,16]},"south":{"uv":[0,0],"uv_size":[16,16]},"west":{"uv":[0,0],"uv_size":[16,16]},"up":{"uv":[16,16],"uv_size":[-16,-16]},"down":{"uv":[16,16],"uv_size":[-16,-16]}}}]},{"name":"bone144","parent":"bone131","pivot":[3,23,0],"cubes":[{"origin":[2,22,-1],"size":[2,2,2],"uv":{"north":{"uv":[0,0],"uv_size":[16,16]},"east":{"uv":[0,0],"uv_size":[16,16]},"south":{"uv":[0,0],"uv_size":[16,16]},"west":{"uv":[0,0],"uv_size":[16,16]},"up":{"uv":[16,16],"uv_size":[-16,-16]},"down":{"uv":[16,16],"uv_size":[-16,-16]}}}]},{"name":"bone145","parent":"bone131","pivot":[5,23,0],"cubes":[{"origin":[4,22,-1],"size":[2,2,2],"uv":{"north":{"uv":[0,0],"uv_size":[16,16]},"east":{"uv":[0,0],"uv_size":[16,16]},"south":{"uv":[0,0],"uv_size":[16,16]},"west":{"uv":[0,0],"uv_size":[16,16]},"up":{"uv":[16,16],"uv_size":[-16,-16]},"down":{"uv":[16,16],"uv_size":[-16,-16]}}}]},{"name":"bone146","parent":"bone131","pivot":[7,23,0],"cubes":[{"origin":[6,22,-1],"size":[2,2,2],"uv":{"north":{"uv":[0,0],"uv_size":[16,16]},"east":{"uv":[0,0],"uv_size":[16,16]},"south":{"uv":[0,0],"uv_size":[16,16]},"west":{"uv":[0,0],"uv_size":[16,16]},"up":{"uv":[16,16],"uv_size":[-16,-16]},"down":{"uv":[16,16],"uv_size":[-16,-16]}}}]},{"name":"bone147","parent":"bone131","pivot":[9,23,0],"cubes":[{"origin":[8,22,-1],"size":[2,2,2],"uv":{"north":{"uv":[0,0],"uv_size":[16,16]},"east":{"uv":[0,0],"uv_size":[16,16]},"south":{"uv":[0,0],"uv_size":[16,16]},"west":{"uv":[0,0],"uv_size":[16,16]},"up":{"uv":[16,16],"uv_size":[-16,-16]},"down":{"uv":[16,16],"uv_size":[-16,-16]}}}]},{"name":"bone148","parent":"bone131","pivot":[11,23,0],"cubes":[{"origin":[10,22,-1],"size":[2,2,2],"uv":{"north":{"uv":[0,0],"uv_size":[16,16]},"east":{"uv":[0,0],"uv_size":[16,16]},"south":{"uv":[0,0],"uv_size":[16,16]},"west":{"uv":[0,0],"uv_size":[16,16]},"up":{"uv":[16,16],"uv_size":[-16,-16]},"down":{"uv":[16,16],"uv_size":[-16,-16]}}}]},{"name":"bone149","parent":"bone131","pivot":[13,23,0],"cubes":[{"origin":[12,22,-1],"size":[2,2,2],"uv":{"north":{"uv":[0,0],"uv_size":[16,16]},"east":{"uv":[0,0],"uv_size":[16,16]},"south":{"uv":[0,0],"uv_size":[16,16]},"west":{"uv":[0,0],"uv_size":[16,16]},"up":{"uv":[16,16],"uv_size":[-16,-16]},"down":{"uv":[16,16],"uv_size":[-16,-16]}}}]},{"name":"bone5","parent":"bone","pivot":[0,16,0]},{"name":"bone22","parent":"bone5","pivot":[-1,17,0],"cubes":[{"origin":[-2,16,-1],"size":[2,2,2],"uv":{"north":{"uv":[32,0],"uv_size":[16,16]},"east":{"uv":[32,0],"uv_size":[16,16]},"south":{"uv":[32,0],"uv_size":[16,16]},"west":{"uv":[32,0],"uv_size":[16,16]},"up":{"uv":[48,16],"uv_size":[-16,-16]},"down":{"uv":[48,16],"uv_size":[-16,-16]}}}]},{"name":"bone102","parent":"bone5","pivot":[-3,17,0],"cubes":[{"origin":[-4,16,-1],"size":[2,2,2],"uv":{"north":{"uv":[32,0],"uv_size":[16,16]},"east":{"uv":[32,0],"uv_size":[16,16]},"south":{"uv":[32,0],"uv_size":[16,16]},"west":{"uv":[32,0],"uv_size":[16,16]},"up":{"uv":[48,16],"uv_size":[-16,-16]},"down":{"uv":[48,16],"uv_size":[-16,-16]}}}]},{"name":"bone103","parent":"bone5","pivot":[-5,17,0],"cubes":[{"origin":[-6,16,-1],"size":[2,2,2],"uv":{"north":{"uv":[32,0],"uv_size":[16,16]},"east":{"uv":[32,0],"uv_size":[16,16]},"south":{"uv":[32,0],"uv_size":[16,16]},"west":{"uv":[32,0],"uv_size":[16,16]},"up":{"uv":[48,16],"uv_size":[-16,-16]},"down":{"uv":[48,16],"uv_size":[-16,-16]}}}]},{"name":"bone23","parent":"bone5","pivot":[-7,17,0],"cubes":[{"origin":[-8,16,-1],"size":[2,2,2],"uv":{"north":{"uv":[0,0],"uv_size":[16,16]},"east":{"uv":[0,0],"uv_size":[16,16]},"south":{"uv":[0,0],"uv_size":[16,16]},"west":{"uv":[0,0],"uv_size":[16,16]},"up":{"uv":[16,16],"uv_size":[-16,-16]},"down":{"uv":[16,16],"uv_size":[-16,-16]}}}]},{"name":"bone104","parent":"bone5","pivot":[-9,17,0],"cubes":[{"origin":[-10,16,-1],"size":[2,2,2],"uv":{"north":{"uv":[0,0],"uv_size":[16,16]},"east":{"uv":[0,0],"uv_size":[16,16]},"south":{"uv":[0,0],"uv_size":[16,16]},"west":{"uv":[0,0],"uv_size":[16,16]},"up":{"uv":[16,16],"uv_size":[-16,-16]},"down":{"uv":[16,16],"uv_size":[-16,-16]}}}]},{"name":"bone25","parent":"bone5","pivot":[-11,17,0],"cubes":[{"origin":[-12,16,-1],"size":[2,2,2],"uv":{"north":{"uv":[32,0],"uv_size":[16,16]},"east":{"uv":[32,0],"uv_size":[16,16]},"south":{"uv":[32,0],"uv_size":[16,16]},"west":{"uv":[32,0],"uv_size":[16,16]},"up":{"uv":[48,16],"uv_size":[-16,-16]},"down":{"uv":[48,16],"uv_size":[-16,-16]}}}]},{"name":"bone24","parent":"bone5","pivot":[-13,17,0],"cubes":[{"origin":[-14,16,-1],"size":[2,2,2],"uv":{"north":{"uv":[0,0],"uv_size":[16,16]},"east":{"uv":[0,0],"uv_size":[16,16]},"south":{"uv":[0,0],"uv_size":[16,16]},"west":{"uv":[0,0],"uv_size":[16,16]},"up":{"uv":[16,16],"uv_size":[-16,-16]},"down":{"uv":[16,16],"uv_size":[-16,-16]}}}]},{"name":"bone112","parent":"bone5","pivot":[-15,17,0],"cubes":[{"origin":[-16,16,-1],"size":[2,2,2],"uv":{"north":{"uv":[0,0],"uv_size":[16,16]},"east":{"uv":[0,0],"uv_size":[16,16]},"south":{"uv":[0,0],"uv_size":[16,16]},"west":{"uv":[0,0],"uv_size":[16,16]},"up":{"uv":[16,16],"uv_size":[-16,-16]},"down":{"uv":[16,16],"uv_size":[-16,-16]}}}]},{"name":"bone18","parent":"bone5","pivot":[15,17,0],"cubes":[{"origin":[14,16,-1],"size":[2,2,2],"uv":{"north":{"uv":[0,0],"uv_size":[16,16]},"east":{"uv":[0,0],"uv_size":[16,16]},"south":{"uv":[0,0],"uv_size":[16,16]},"west":{"uv":[0,0],"uv_size":[16,16]},"up":{"uv":[16,16],"uv_size":[-16,-16]},"down":{"uv":[16,16],"uv_size":[-16,-16]}}}]},{"name":"bone21","parent":"bone5","pivot":[5,17,0],"cubes":[{"origin":[4,16,-1],"size":[2,2,2],"uv":{"north":{"uv":[0,0],"uv_size":[16,16]},"east":{"uv":[0,0],"uv_size":[16,16]},"south":{"uv":[0,0],"uv_size":[16,16]},"west":{"uv":[0,0],"uv_size":[16,16]},"up":{"uv":[16,16],"uv_size":[-16,-16]},"down":{"uv":[16,16],"uv_size":[-16,-16]}}}]},{"name":"bone100","parent":"bone5","pivot":[3,17,0],"cubes":[{"origin":[2,16,-1],"size":[2,2,2],"uv":{"north":{"uv":[0,0],"uv_size":[16,16]},"east":{"uv":[0,0],"uv_size":[16,16]},"south":{"uv":[0,0],"uv_size":[16,16]},"west":{"uv":[0,0],"uv_size":[16,16]},"up":{"uv":[16,16],"uv_size":[-16,-16]},"down":{"uv":[16,16],"uv_size":[-16,-16]}}}]},{"name":"bone101","parent":"bone5","pivot":[1,17,0],"cubes":[{"origin":[0,16,-1],"size":[2,2,2],"uv":{"north":{"uv":[0,0],"uv_size":[16,16]},"east":{"uv":[0,0],"uv_size":[16,16]},"south":{"uv":[0,0],"uv_size":[16,16]},"west":{"uv":[0,0],"uv_size":[16,16]},"up":{"uv":[16,16],"uv_size":[-16,-16]},"down":{"uv":[16,16],"uv_size":[-16,-16]}}}]},{"name":"bone26","parent":"bone5","pivot":[7,17,0],"cubes":[{"origin":[6,16,-1],"size":[2,2,2],"uv":{"north":{"uv":[32,0],"uv_size":[16,16]},"east":{"uv":[32,0],"uv_size":[16,16]},"south":{"uv":[32,0],"uv_size":[16,16]},"west":{"uv":[32,0],"uv_size":[16,16]},"up":{"uv":[48,16],"uv_size":[-16,-16]},"down":{"uv":[48,16],"uv_size":[-16,-16]}}}]},{"name":"bone20","parent":"bone5","pivot":[11,17,0],"cubes":[{"origin":[10,16,-1],"size":[2,2,2],"uv":{"north":{"uv":[0,0],"uv_size":[16,16]},"east":{"uv":[0,0],"uv_size":[16,16]},"south":{"uv":[0,0],"uv_size":[16,16]},"west":{"uv":[0,0],"uv_size":[16,16]},"up":{"uv":[16,16],"uv_size":[-16,-16]},"down":{"uv":[16,16],"uv_size":[-16,-16]}}}]},{"name":"bone99","parent":"bone5","pivot":[9,17,0],"cubes":[{"origin":[8,16,-1],"size":[2,2,2],"uv":{"north":{"uv":[0,0],"uv_size":[16,16]},"east":{"uv":[0,0],"uv_size":[16,16]},"south":{"uv":[0,0],"uv_size":[16,16]},"west":{"uv":[0,0],"uv_size":[16,16]},"up":{"uv":[16,16],"uv_size":[-16,-16]},"down":{"uv":[16,16],"uv_size":[-16,-16]}}}]},{"name":"bone19","parent":"bone5","pivot":[13,17,0],"cubes":[{"origin":[12,16,-1],"size":[2,2,2],"uv":{"north":{"uv":[32,0],"uv_size":[16,16]},"east":{"uv":[32,0],"uv_size":[16,16]},"south":{"uv":[32,0],"uv_size":[16,16]},"west":{"uv":[32,0],"uv_size":[16,16]},"up":{"uv":[48,16],"uv_size":[-16,-16]},"down":{"uv":[48,16],"uv_size":[-16,-16]}}}]},{"name":"bone6","parent":"bone","pivot":[0,18,0]},{"name":"bone30","parent":"bone6","pivot":[-1,19,0],"cubes":[{"origin":[-2,18,-1],"size":[2,2,2],"uv":{"north":{"uv":[0,0],"uv_size":[16,16]},"east":{"uv":[0,0],"uv_size":[16,16]},"south":{"uv":[0,0],"uv_size":[16,16]},"west":{"uv":[0,0],"uv_size":[16,16]},"up":{"uv":[16,16],"uv_size":[-16,-16]},"down":{"uv":[16,16],"uv_size":[-16,-16]}}}]},{"name":"bone109","parent":"bone6","pivot":[-3,19,0],"cubes":[{"origin":[-4,18,-1],"size":[2,2,2],"uv":{"north":{"uv":[0,0],"uv_size":[16,16]},"east":{"uv":[0,0],"uv_size":[16,16]},"south":{"uv":[0,0],"uv_size":[16,16]},"west":{"uv":[0,0],"uv_size":[16,16]},"up":{"uv":[16,16],"uv_size":[-16,-16]},"down":{"uv":[16,16],"uv_size":[-16,-16]}}}]},{"name":"bone110","parent":"bone6","pivot":[-5,19,0],"cubes":[{"origin":[-6,18,-1],"size":[2,2,2],"uv":{"north":{"uv":[0,0],"uv_size":[16,16]},"east":{"uv":[0,0],"uv_size":[16,16]},"south":{"uv":[0,0],"uv_size":[16,16]},"west":{"uv":[0,0],"uv_size":[16,16]},"up":{"uv":[16,16],"uv_size":[-16,-16]},"down":{"uv":[16,16],"uv_size":[-16,-16]}}}]},{"name":"bone31","parent":"bone6","pivot":[-7,19,0],"cubes":[{"origin":[-8,18,-1],"size":[2,2,2],"uv":{"north":{"uv":[48,0],"uv_size":[16,16]},"east":{"uv":[48,0],"uv_size":[16,16]},"south":{"uv":[48,0],"uv_size":[16,16]},"west":{"uv":[48,0],"uv_size":[16,16]},"up":{"uv":[64,16],"uv_size":[-16,-16]},"down":{"uv":[64,16],"uv_size":[-16,-16]}}}]},{"name":"bone111","parent":"bone6","pivot":[-9,19,0],"cubes":[{"origin":[-10,18,-1],"size":[2,2,2],"uv":{"north":{"uv":[48,0],"uv_size":[16,16]},"east":{"uv":[48,0],"uv_size":[16,16]},"south":{"uv":[48,0],"uv_size":[16,16]},"west":{"uv":[48,0],"uv_size":[16,16]},"up":{"uv":[64,16],"uv_size":[-16,-16]},"down":{"uv":[64,16],"uv_size":[-16,-16]}}}]},{"name":"bone32","parent":"bone6","pivot":[-11,19,0],"cubes":[{"origin":[-12,18,-1],"size":[2,2,2],"uv":{"north":{"uv":[0,0],"uv_size":[16,16]},"east":{"uv":[0,0],"uv_size":[16,16]},"south":{"uv":[0,0],"uv_size":[16,16]},"west":{"uv":[0,0],"uv_size":[16,16]},"up":{"uv":[16,16],"uv_size":[-16,-16]},"down":{"uv":[16,16],"uv_size":[-16,-16]}}}]},{"name":"bone33","parent":"bone6","pivot":[-13,19,0],"cubes":[{"origin":[-14,18,-1],"size":[2,2,2],"uv":{"north":{"uv":[48,0],"uv_size":[16,16]},"east":{"uv":[48,0],"uv_size":[16,16]},"south":{"uv":[48,0],"uv_size":[16,16]},"west":{"uv":[48,0],"uv_size":[16,16]},"up":{"uv":[64,16],"uv_size":[-16,-16]},"down":{"uv":[64,16],"uv_size":[-16,-16]}}}]},{"name":"bone34","parent":"bone6","pivot":[-15,19,0],"cubes":[{"origin":[-16,18,-1],"size":[2,2,2],"uv":{"north":{"uv":[0,0],"uv_size":[16,16]},"east":{"uv":[0,0],"uv_size":[16,16]},"south":{"uv":[0,0],"uv_size":[16,16]},"west":{"uv":[0,0],"uv_size":[16,16]},"up":{"uv":[16,16],"uv_size":[-16,-16]},"down":{"uv":[16,16],"uv_size":[-16,-16]}}}]},{"name":"bone29","parent":"bone6","pivot":[5,19,0],"cubes":[{"origin":[4,18,-1],"size":[2,2,2],"uv":{"north":{"uv":[48,0],"uv_size":[16,16]},"east":{"uv":[48,0],"uv_size":[16,16]},"south":{"uv":[48,0],"uv_size":[16,16]},"west":{"uv":[48,0],"uv_size":[16,16]},"up":{"uv":[64,16],"uv_size":[-16,-16]},"down":{"uv":[64,16],"uv_size":[-16,-16]}}}]},{"name":"bone107","parent":"bone6","pivot":[3,19,0],"cubes":[{"origin":[2,18,-1],"size":[2,2,2],"uv":{"north":{"uv":[48,0],"uv_size":[16,16]},"east":{"uv":[48,0],"uv_size":[16,16]},"south":{"uv":[48,0],"uv_size":[16,16]},"west":{"uv":[48,0],"uv_size":[16,16]},"up":{"uv":[64,16],"uv_size":[-16,-16]},"down":{"uv":[64,16],"uv_size":[-16,-16]}}}]},{"name":"bone108","parent":"bone6","pivot":[1,19,0],"cubes":[{"origin":[0,18,-1],"size":[2,2,2],"uv":{"north":{"uv":[48,0],"uv_size":[16,16]},"east":{"uv":[48,0],"uv_size":[16,16]},"south":{"uv":[48,0],"uv_size":[16,16]},"west":{"uv":[48,0],"uv_size":[16,16]},"up":{"uv":[64,16],"uv_size":[-16,-16]},"down":{"uv":[64,16],"uv_size":[-16,-16]}}}]},{"name":"bone35","parent":"bone6","pivot":[7,19,0],"cubes":[{"origin":[6,18,-1],"size":[2,2,2],"uv":{"north":{"uv":[0,0],"uv_size":[16,16]},"east":{"uv":[0,0],"uv_size":[16,16]},"south":{"uv":[0,0],"uv_size":[16,16]},"west":{"uv":[0,0],"uv_size":[16,16]},"up":{"uv":[16,16],"uv_size":[-16,-16]},"down":{"uv":[16,16],"uv_size":[-16,-16]}}}]},{"name":"bone28","parent":"bone6","pivot":[11,19,0],"cubes":[{"origin":[10,18,-1],"size":[2,2,2],"uv":{"north":{"uv":[48,0],"uv_size":[16,16]},"east":{"uv":[48,0],"uv_size":[16,16]},"south":{"uv":[48,0],"uv_size":[16,16]},"west":{"uv":[48,0],"uv_size":[16,16]},"up":{"uv":[64,16],"uv_size":[-16,-16]},"down":{"uv":[64,16],"uv_size":[-16,-16]}}}]},{"name":"bone106","parent":"bone6","pivot":[9,19,0],"cubes":[{"origin":[8,18,-1],"size":[2,2,2],"uv":{"north":{"uv":[48,0],"uv_size":[16,16]},"east":{"uv":[48,0],"uv_size":[16,16]},"south":{"uv":[48,0],"uv_size":[16,16]},"west":{"uv":[48,0],"uv_size":[16,16]},"up":{"uv":[64,16],"uv_size":[-16,-16]},"down":{"uv":[64,16],"uv_size":[-16,-16]}}}]},{"name":"bone27","parent":"bone6","pivot":[15,19,0],"cubes":[{"origin":[14,18,-1],"size":[2,2,2],"uv":{"north":{"uv":[0,0],"uv_size":[16,16]},"east":{"uv":[0,0],"uv_size":[16,16]},"south":{"uv":[0,0],"uv_size":[16,16]},"west":{"uv":[0,0],"uv_size":[16,16]},"up":{"uv":[16,16],"uv_size":[-16,-16]},"down":{"uv":[16,16],"uv_size":[-16,-16]}}}]},{"name":"bone105","parent":"bone6","pivot":[13,19,0],"cubes":[{"origin":[12,18,-1],"size":[2,2,2],"uv":{"north":{"uv":[0,0],"uv_size":[16,16]},"east":{"uv":[0,0],"uv_size":[16,16]},"south":{"uv":[0,0],"uv_size":[16,16]},"west":{"uv":[0,0],"uv_size":[16,16]},"up":{"uv":[16,16],"uv_size":[-16,-16]},"down":{"uv":[16,16],"uv_size":[-16,-16]}}}]}]}]}