{"format_version":"1.12.0","minecraft:geometry":[{"description":{"identifier":"geometry.duplication_potion","texture_width":128,"texture_height":128,"visible_bounds_width":20,"visible_bounds_height":13,"visible_bounds_offset":[0,4.5,0]},"bones":[{"name":"bone16","pivot":[-16,-8,1]},{"name":"bone2","parent":"bone16","pivot":[7,0,1],"rotation":[0,90,0]},{"name":"Blocks","parent":"bone2","pivot":[48,0,2]},{"name":"bone3","parent":"bone16","pivot":[-58,-32,-20],"rotation":[0,90,0]},{"name":"StoneBlocks","parent":"bone3","pivot":[-16,-16,1]},{"name":"Grass12","parent":"StoneBlocks","pivot":[-78.11764,8,21.94118],"cubes":[{"origin":[-86,0,-17],"size":[16,16,16],"pivot":[-78.05882,8.11765,6.47059],"rotation":[0,180,0],"uv":{"north":{"uv":[48,80],"uv_size":[16,16]},"east":{"uv":[48,80],"uv_size":[16,16]},"south":{"uv":[48,80],"uv_size":[16,16]},"west":{"uv":[48,80],"uv_size":[16,16]},"up":{"uv":[64,96],"uv_size":[-16,-16]},"down":{"uv":[64,96],"uv_size":[-16,-16]}}}]},{"name":"Grass13","parent":"StoneBlocks","pivot":[-78.11764,8,21.94118],"cubes":[{"origin":[-86,0,-17],"size":[16,16,16],"inflate":0.012,"pivot":[-78.05882,8.11765,6.47059],"rotation":[0,180,0],"uv":{"north":{"uv":[0,64],"uv_size":[16,16]},"east":{"uv":[0,64],"uv_size":[16,16]},"south":{"uv":[0,64],"uv_size":[16,16]},"west":{"uv":[0,64],"uv_size":[16,16]},"up":{"uv":[16,80],"uv_size":[-16,-16]},"down":{"uv":[16,80],"uv_size":[-16,-16]}}}]},{"name":"Grass14","parent":"StoneBlocks","pivot":[-78.11764,8,21.94118],"cubes":[{"origin":[-86,0,-17],"size":[16,16,16],"inflate":0.012,"pivot":[-78.05882,8.11765,6.47059],"rotation":[0,180,0],"uv":{"north":{"uv":[16,64],"uv_size":[16,16]},"east":{"uv":[16,64],"uv_size":[16,16]},"south":{"uv":[16,64],"uv_size":[16,16]},"west":{"uv":[16,64],"uv_size":[16,16]},"up":{"uv":[32,80],"uv_size":[-16,-16]},"down":{"uv":[32,80],"uv_size":[-16,-16]}}}]},{"name":"Grass15","parent":"StoneBlocks","pivot":[-78.11764,8,21.94118],"cubes":[{"origin":[-86,0,-17],"size":[16,16,16],"inflate":0.012,"pivot":[-78.05882,8.11765,6.47059],"rotation":[0,180,0],"uv":{"north":{"uv":[32,64],"uv_size":[16,16]},"east":{"uv":[32,64],"uv_size":[16,16]},"south":{"uv":[32,64],"uv_size":[16,16]},"west":{"uv":[32,64],"uv_size":[16,16]},"up":{"uv":[48,80],"uv_size":[-16,-16]},"down":{"uv":[48,80],"uv_size":[-16,-16]}}}]},{"name":"Grass16","parent":"StoneBlocks","pivot":[-78.11764,8,21.94118],"cubes":[{"origin":[-86,0,-17],"size":[16,16,16],"inflate":0.012,"pivot":[-78.05882,8.11765,6.47059],"rotation":[0,180,0],"uv":{"north":{"uv":[48,64],"uv_size":[16,16]},"east":{"uv":[48,64],"uv_size":[16,16]},"south":{"uv":[48,64],"uv_size":[16,16]},"west":{"uv":[48,64],"uv_size":[16,16]},"up":{"uv":[64,80],"uv_size":[-16,-16]},"down":{"uv":[64,80],"uv_size":[-16,-16]}}}]},{"name":"Grass17","parent":"StoneBlocks","pivot":[-78.11764,8,21.94118],"cubes":[{"origin":[-86,0,-17],"size":[16,16,16],"inflate":0.012,"pivot":[-78.05882,8.11765,6.47059],"rotation":[0,180,0],"uv":{"north":{"uv":[64,64],"uv_size":[16,16]},"east":{"uv":[64,64],"uv_size":[16,16]},"south":{"uv":[64,64],"uv_size":[16,16]},"west":{"uv":[64,64],"uv_size":[16,16]},"up":{"uv":[80,80],"uv_size":[-16,-16]},"down":{"uv":[80,80],"uv_size":[-16,-16]}}}]},{"name":"Grass18","parent":"StoneBlocks","pivot":[-78.11764,8,21.94118],"cubes":[{"origin":[-86,0,-17],"size":[16,16,16],"inflate":0.012,"pivot":[-78.05882,8.11765,6.47059],"rotation":[0,180,0],"uv":{"north":{"uv":[80,64],"uv_size":[16,16]},"east":{"uv":[80,64],"uv_size":[16,16]},"south":{"uv":[80,64],"uv_size":[16,16]},"west":{"uv":[80,64],"uv_size":[16,16]},"up":{"uv":[96,80],"uv_size":[-16,-16]},"down":{"uv":[96,80],"uv_size":[-16,-16]}}}]},{"name":"Grass19","parent":"StoneBlocks","pivot":[-78.11764,8,21.94118],"cubes":[{"origin":[-86,0,-17],"size":[16,16,16],"inflate":0.012,"pivot":[-78.05882,8.11765,6.47059],"rotation":[0,180,0],"uv":{"north":{"uv":[96,64],"uv_size":[16,16]},"east":{"uv":[96,64],"uv_size":[16,16]},"south":{"uv":[96,64],"uv_size":[16,16]},"west":{"uv":[96,64],"uv_size":[16,16]},"up":{"uv":[112,80],"uv_size":[-16,-16]},"down":{"uv":[112,80],"uv_size":[-16,-16]}}}]},{"name":"Grass20","parent":"StoneBlocks","pivot":[-78.11764,8,21.94118],"cubes":[{"origin":[-86,0,-17],"size":[16,16,16],"inflate":0.012,"pivot":[-78.05882,8.11765,6.47059],"rotation":[0,180,0],"uv":{"north":{"uv":[112,64],"uv_size":[16,16]},"east":{"uv":[112,64],"uv_size":[16,16]},"south":{"uv":[112,64],"uv_size":[16,16]},"west":{"uv":[112,64],"uv_size":[16,16]},"up":{"uv":[128,80],"uv_size":[-16,-16]},"down":{"uv":[128,80],"uv_size":[-16,-16]}}}]},{"name":"Grass21","parent":"StoneBlocks","pivot":[-78.11764,8,21.94118],"cubes":[{"origin":[-86,0,-17],"size":[16,16,16],"inflate":0.012,"pivot":[-78.05882,8.11765,6.47059],"rotation":[0,180,0],"uv":{"north":{"uv":[0,80],"uv_size":[16,16]},"east":{"uv":[0,80],"uv_size":[16,16]},"south":{"uv":[0,80],"uv_size":[16,16]},"west":{"uv":[0,80],"uv_size":[16,16]},"up":{"uv":[16,96],"uv_size":[-16,-16]},"down":{"uv":[16,96],"uv_size":[-16,-16]}}}]},{"name":"Grass22","parent":"StoneBlocks","pivot":[-78.11764,8,21.94118],"cubes":[{"origin":[-86,0,-17],"size":[16,16,16],"inflate":0.012,"pivot":[-78.05882,8.11765,6.47059],"rotation":[0,180,0],"uv":{"north":{"uv":[16,80],"uv_size":[16,16]},"east":{"uv":[16,80],"uv_size":[16,16]},"south":{"uv":[16,80],"uv_size":[16,16]},"west":{"uv":[16,80],"uv_size":[16,16]},"up":{"uv":[32,96],"uv_size":[-16,-16]},"down":{"uv":[32,96],"uv_size":[-16,-16]}}}]},{"name":"ShrapnelStone","parent":"bone3","pivot":[-58,-32,-20]},{"name":"bone6","parent":"ShrapnelStone","pivot":[-78.05882,8.11765,6.47059],"cubes":[{"origin":[-86,-0.05,-1],"size":[16,16,16],"pivot":[-78.05882,8.11765,6.47059],"rotation":[0,180,0],"uv":{"north":{"uv":[48,80],"uv_size":[16,16]},"east":{"uv":[48,80],"uv_size":[16,16]},"south":{"uv":[48,80],"uv_size":[16,16]},"west":{"uv":[48,80],"uv_size":[16,16]},"up":{"uv":[64,96],"uv_size":[-16,-16]},"down":{"uv":[64,96],"uv_size":[-16,-16]}}}]},{"name":"bone5","parent":"ShrapnelStone","pivot":[-86,0,14]},{"name":"bone7","parent":"bone5","pivot":[-78.05882,8.11765,6.47059],"cubes":[{"origin":[-86,-0.05,-1],"size":[16,16,16],"pivot":[-78.05882,8.11765,6.47059],"rotation":[0,180,0],"uv":{"north":{"uv":[48,80],"uv_size":[16,16]},"east":{"uv":[48,80],"uv_size":[16,16]},"south":{"uv":[48,80],"uv_size":[16,16]},"west":{"uv":[48,80],"uv_size":[16,16]},"up":{"uv":[64,96],"uv_size":[-16,-16]},"down":{"uv":[64,96],"uv_size":[-16,-16]}}}]},{"name":"bone8","parent":"bone5","pivot":[-78.05882,8.11765,6.47059],"cubes":[{"origin":[-86,-0.05,-1],"size":[16,16,16],"pivot":[-78.05882,8.11765,6.47059],"rotation":[0,180,0],"uv":{"north":{"uv":[48,80],"uv_size":[16,16]},"east":{"uv":[48,80],"uv_size":[16,16]},"south":{"uv":[48,80],"uv_size":[16,16]},"west":{"uv":[48,80],"uv_size":[16,16]},"up":{"uv":[64,96],"uv_size":[-16,-16]},"down":{"uv":[64,96],"uv_size":[-16,-16]}}}]},{"name":"bone10","parent":"bone5","pivot":[-78.05882,8.11765,6.47059],"cubes":[{"origin":[-86,-0.05,-1],"size":[16,16,16],"pivot":[-78.05882,8.11765,6.47059],"rotation":[0,180,0],"uv":{"north":{"uv":[48,80],"uv_size":[16,16]},"east":{"uv":[48,80],"uv_size":[16,16]},"south":{"uv":[48,80],"uv_size":[16,16]},"west":{"uv":[48,80],"uv_size":[16,16]},"up":{"uv":[64,96],"uv_size":[-16,-16]},"down":{"uv":[64,96],"uv_size":[-16,-16]}}}]},{"name":"bone11","parent":"bone5","pivot":[-78.05882,8.11765,6.47059],"cubes":[{"origin":[-86,-0.05,-1],"size":[16,16,16],"pivot":[-78.05882,8.11765,6.47059],"rotation":[0,180,0],"uv":{"north":{"uv":[48,80],"uv_size":[16,16]},"east":{"uv":[48,80],"uv_size":[16,16]},"south":{"uv":[48,80],"uv_size":[16,16]},"west":{"uv":[48,80],"uv_size":[16,16]},"up":{"uv":[64,96],"uv_size":[-16,-16]},"down":{"uv":[64,96],"uv_size":[-16,-16]}}}]},{"name":"bone12","parent":"bone5","pivot":[-78.05882,8.11765,6.47059],"cubes":[{"origin":[-86,-0.05,-1],"size":[16,16,16],"pivot":[-78.05882,8.11765,6.47059],"rotation":[0,180,0],"uv":{"north":{"uv":[48,80],"uv_size":[16,16]},"east":{"uv":[48,80],"uv_size":[16,16]},"south":{"uv":[48,80],"uv_size":[16,16]},"west":{"uv":[48,80],"uv_size":[16,16]},"up":{"uv":[64,96],"uv_size":[-16,-16]},"down":{"uv":[64,96],"uv_size":[-16,-16]}}}]},{"name":"bone13","parent":"bone5","pivot":[-78.05882,8.11765,6.47059],"cubes":[{"origin":[-86,-0.05,-1],"size":[16,16,16],"pivot":[-78.05882,8.11765,6.47059],"rotation":[0,180,0],"uv":{"north":{"uv":[48,80],"uv_size":[16,16]},"east":{"uv":[48,80],"uv_size":[16,16]},"south":{"uv":[48,80],"uv_size":[16,16]},"west":{"uv":[48,80],"uv_size":[16,16]},"up":{"uv":[64,96],"uv_size":[-16,-16]},"down":{"uv":[64,96],"uv_size":[-16,-16]}}}]},{"name":"bone14","parent":"bone5","pivot":[-78.05882,8.11765,6.47059],"cubes":[{"origin":[-86,-0.05,-1],"size":[16,16,16],"pivot":[-78.05882,8.11765,6.47059],"rotation":[0,180,0],"uv":{"north":{"uv":[48,80],"uv_size":[16,16]},"east":{"uv":[48,80],"uv_size":[16,16]},"south":{"uv":[48,80],"uv_size":[16,16]},"west":{"uv":[48,80],"uv_size":[16,16]},"up":{"uv":[64,96],"uv_size":[-16,-16]},"down":{"uv":[64,96],"uv_size":[-16,-16]}}}]},{"name":"Player2","parent":"bone3","pivot":[-96,0,2],"rotation":[0,52.5,0]},{"name":"body2","parent":"Player2","pivot":[-95.22566,18.29476,1.745],"rotation":[-12.5,0,0],"cubes":[{"origin":[-99.22566,12.29476,-0.255],"size":[8,12,4],"uv":{"north":{"uv":[96,20],"uv_size":[8,12]},"east":{"uv":[92,20],"uv_size":[4,12]},"south":{"uv":[84,20],"uv_size":[8,12]},"west":{"uv":[80,20],"uv_size":[4,12]},"up":{"uv":[92,20],"uv_size":[-8,-4]},"down":{"uv":[100,20],"uv_size":[-8,-4]}}},{"origin":[-99.22566,12.29476,-0.255],"size":[8,12,4],"inflate":0.25,"uv":{"north":{"uv":[96,36],"uv_size":[8,12]},"east":{"uv":[92,36],"uv_size":[4,12]},"south":{"uv":[84,36],"uv_size":[8,12]},"west":{"uv":[80,36],"uv_size":[4,12]},"up":{"uv":[92,38],"uv_size":[-8,-3]},"down":{"uv":[92,38],"uv_size":[-8,-3]}}}]},{"name":"head2","parent":"Player2","pivot":[-95.22566,28.09472,4.745],"rotation":[-12.5,0,0],"cubes":[{"origin":[-99.22566,24.09472,0.745],"size":[8,8,8],"uv":{"north":{"uv":[88,8],"uv_size":[8,8]},"east":{"uv":[80,8],"uv_size":[8,8]},"south":{"uv":[72,8],"uv_size":[8,8]},"west":{"uv":[64,8],"uv_size":[8,8]},"up":{"uv":[80,8],"uv_size":[-8,-8]},"down":{"uv":[88,8],"uv_size":[-8,-8]}}},{"origin":[-99.22566,24.09472,0.745],"size":[8,8,8],"inflate":0.25,"uv":{"north":{"uv":[120,8],"uv_size":[8,8]},"east":{"uv":[113,8],"uv_size":[8,8]},"south":{"uv":[104,8],"uv_size":[8,8]},"west":{"uv":[96,8],"uv_size":[8,8]},"up":{"uv":[112,8],"uv_size":[-8,-8]},"down":{"uv":[120,0],"uv_size":[-8,8]}}}]},{"name":"leftArm2","parent":"Player2","pivot":[-101.02571,23.12822,1.62813],"rotation":[-79.68477,-8.51711,0.80812],"cubes":[{"origin":[-103.52571,17.12822,5.62813],"size":[4,12,4],"pivot":[-101.02571,23.12822,7.62813],"rotation":[85,-2.5,0],"uv":{"north":{"uv":[108,52],"uv_size":[4,12]},"east":{"uv":[104,52],"uv_size":[4,12]},"south":{"uv":[100,52],"uv_size":[4,12]},"west":{"uv":[96,52],"uv_size":[4,12]},"up":{"uv":[104,52],"uv_size":[-4,-4]},"down":{"uv":[108,52],"uv_size":[-4,-4]}}},{"origin":[-103.52571,17.12822,5.62813],"size":[4,12,4],"inflate":0.25,"pivot":[-101.02571,23.12822,7.62813],"rotation":[85,-2.5,0],"uv":{"north":{"uv":[124,52],"uv_size":[4,12]},"east":{"uv":[120,52],"uv_size":[4,12]},"south":{"uv":[116,52],"uv_size":[4,12]},"west":{"uv":[112,52],"uv_size":[4,12]},"up":{"uv":[124,53],"uv_size":[-3,-2]},"down":{"uv":[124,53],"uv_size":[-3,-2]}}}]},{"name":"pickaxe2","parent":"leftArm2","pivot":[-101.52571,21.12822,11.47023],"rotation":[-37.5,180,0],"cubes":[{"origin":[-102.02571,20.65963,10.35592],"size":[1,1,2],"uv":{"north":{"uv":[67,89],"uv_size":[2,1]},"east":{"uv":[67,89],"uv_size":[2,1]},"south":{"uv":[69,89],"uv_size":[-2,1]},"west":{"uv":[67,89],"uv_size":[2,1]},"up":{"uv":[69,90],"uv_size":[-2,-1]},"down":{"uv":[69,90],"uv_size":[-2,-1]}}},{"origin":[-102.02571,21.65963,9.35592],"size":[1,1,3],"uv":{"north":{"uv":[69,90],"uv_size":[1,1]},"east":{"uv":[67,90],"uv_size":[3,1]},"south":{"uv":[68,90],"uv_size":[-1,1]},"west":{"uv":[70,90],"uv_size":[-3,1]},"up":{"uv":[72,89],"uv_size":[-1,3]},"down":{"uv":[72,92],"uv_size":[-1,-3]}}},{"origin":[-102.02571,22.65963,8.35592],"size":[1,1,3],"uv":{"north":{"uv":[69,91],"uv_size":[1,1]},"east":{"uv":[70,91],"uv_size":[-3,1]},"south":{"uv":[68,91],"uv_size":[-1,1]},"west":{"uv":[67,91],"uv_size":[3,1]},"up":{"uv":[71,89],"uv_size":[-1,3]},"down":{"uv":[71,92],"uv_size":[-1,-3]}}},{"origin":[-102.02571,24.65963,6.35592],"size":[1,1,3],"uv":{"north":{"uv":[69,91],"uv_size":[1,1]},"east":{"uv":[70,91],"uv_size":[-3,1]},"south":{"uv":[68,91],"uv_size":[-1,1]},"west":{"uv":[67,91],"uv_size":[3,1]},"up":{"uv":[71,89],"uv_size":[-1,3]},"down":{"uv":[71,92],"uv_size":[-1,-3]}}},{"origin":[-102.02571,23.65963,7.35592],"size":[1,1,3],"uv":{"north":{"uv":[69,90],"uv_size":[1,1]},"east":{"uv":[70,90],"uv_size":[-3,1]},"south":{"uv":[68,90],"uv_size":[-1,1]},"west":{"uv":[67,90],"uv_size":[3,1]},"up":{"uv":[72,89],"uv_size":[-1,3]},"down":{"uv":[72,92],"uv_size":[-1,-3]}}},{"origin":[-102.02571,28.65963,2.35592],"size":[1,1,3],"uv":{"north":{"uv":[69,91],"uv_size":[1,1]},"east":{"uv":[70,91],"uv_size":[-3,1]},"south":{"uv":[68,91],"uv_size":[-1,1]},"west":{"uv":[67,91],"uv_size":[3,1]},"up":{"uv":[71,89],"uv_size":[-1,3]},"down":{"uv":[71,92],"uv_size":[-1,-3]}}},{"origin":[-102.02571,27.65963,3.35592],"size":[1,1,3],"uv":{"north":{"uv":[69,90],"uv_size":[1,1]},"east":{"uv":[70,90],"uv_size":[-3,1]},"south":{"uv":[68,90],"uv_size":[-1,1]},"west":{"uv":[67,90],"uv_size":[3,1]},"up":{"uv":[72,89],"uv_size":[-1,3]},"down":{"uv":[72,92],"uv_size":[-1,-3]}}},{"origin":[-102.02571,26.65963,4.35592],"size":[1,1,3],"uv":{"north":{"uv":[69,91],"uv_size":[1,1]},"east":{"uv":[70,91],"uv_size":[-3,1]},"south":{"uv":[68,91],"uv_size":[-1,1]},"west":{"uv":[67,91],"uv_size":[3,1]},"up":{"uv":[71,89],"uv_size":[-1,3]},"down":{"uv":[71,92],"uv_size":[-1,-3]}}},{"origin":[-102.02571,25.65963,5.35592],"size":[1,1,3],"uv":{"north":{"uv":[69,90],"uv_size":[1,1]},"east":{"uv":[70,90],"uv_size":[-3,1]},"south":{"uv":[68,90],"uv_size":[-1,1]},"west":{"uv":[67,90],"uv_size":[3,1]},"up":{"uv":[72,89],"uv_size":[-1,3]},"down":{"uv":[72,92],"uv_size":[-1,-3]}}},{"origin":[-102.02571,29.65963,2.35592],"size":[1,1,1],"uv":{"north":{"uv":[69,89],"uv_size":[1,1]},"east":{"uv":[69,89],"uv_size":[1,1]},"south":{"uv":[69,89],"uv_size":[1,1]},"west":{"uv":[69,89],"uv_size":[1,1]},"up":{"uv":[70,90],"uv_size":[-1,-1]},"down":{"uv":[70,90],"uv_size":[-1,-1]}}},{"origin":[-102.02571,29.65963,3.35592],"size":[1,1,1],"uv":{"north":{"uv":[69,91],"uv_size":[1,1]},"east":{"uv":[69,91],"uv_size":[1,1]},"south":{"uv":[69,91],"uv_size":[1,1]},"west":{"uv":[69,91],"uv_size":[1,1]},"up":{"uv":[70,92],"uv_size":[-1,-1]},"down":{"uv":[70,92],"uv_size":[-1,-1]}}}]},{"name":"Pick","parent":"pickaxe2","pivot":[-101.52571,29.84713,2.73092],"cubes":[{"origin":[-102.02571,30.65963,2.35592],"size":[1,1,6],"uv":{"north":{"uv":[69,89],"uv_size":[1,1]},"east":{"uv":[67,93],"uv_size":[6,1]},"south":{"uv":[67,93],"uv_size":[1,1]},"west":{"uv":[73,93],"uv_size":[-6,1]},"up":{"uv":[69,94],"uv_size":[-1,-1]},"down":{"uv":[68,101],"uv_size":[-1,-6]}}},{"origin":[-102.02571,31.65963,2.35592],"size":[1,1,7],"uv":{"north":{"uv":[69,89],"uv_size":[1,1]},"east":{"uv":[67,92],"uv_size":[7,1]},"south":{"uv":[67,93],"uv_size":[1,1]},"west":{"uv":[74,92],"uv_size":[-7,1]},"up":{"uv":[69,94],"uv_size":[-1,-1]},"down":{"uv":[68,93],"uv_size":[-1,-1]}}},{"origin":[-102.02571,32.65963,3.35592],"size":[1,1,5],"uv":{"north":{"uv":[67,93],"uv_size":[1,1]},"east":{"uv":[67,93],"uv_size":[1,1]},"south":{"uv":[67,93],"uv_size":[1,1]},"west":{"uv":[67,93],"uv_size":[1,1]},"up":{"uv":[68,94],"uv_size":[-1,-1]},"down":{"uv":[68,94],"uv_size":[-1,-1]}}},{"origin":[-102.02571,24.65963,0.35592],"size":[1,6,2],"uv":{"north":{"uv":[68,94],"uv_size":[1,6]},"east":{"uv":[67,94],"uv_size":[2,6]},"south":{"uv":[67,94],"uv_size":[1,6]},"west":{"uv":[69,94],"uv_size":[-2,6]},"up":{"uv":[69,96],"uv_size":[-1,-2]},"down":{"uv":[69,96],"uv_size":[-1,-2]}}},{"origin":[-102.02571,24.65963,-0.64408],"size":[1,5,1],"uv":{"north":{"uv":[68,94],"uv_size":[1,1]},"east":{"uv":[68,94],"uv_size":[1,1]},"south":{"uv":[68,94],"uv_size":[1,1]},"west":{"uv":[68,94],"uv_size":[1,1]},"up":{"uv":[69,95],"uv_size":[-1,-1]},"down":{"uv":[69,95],"uv_size":[-1,-1]}}},{"origin":[-102.02571,23.65963,0.35592],"size":[1,1,1],"uv":{"north":{"uv":[68,94],"uv_size":[1,1]},"east":{"uv":[68,94],"uv_size":[1,1]},"south":{"uv":[68,94],"uv_size":[1,1]},"west":{"uv":[68,94],"uv_size":[1,1]},"up":{"uv":[69,95],"uv_size":[-1,-1]},"down":{"uv":[69,95],"uv_size":[-1,-1]}}},{"origin":[-102.02571,30.65963,0.35592],"size":[1,1,2],"uv":{"north":{"uv":[69,90],"uv_size":[1,1]},"east":{"uv":[68,90],"uv_size":[2,1]},"south":{"uv":[68,90],"uv_size":[1,1]},"west":{"uv":[70,90],"uv_size":[-2,1]},"up":{"uv":[72,90],"uv_size":[-1,2]},"down":{"uv":[72,92],"uv_size":[-1,-2]}}},{"origin":[-102.02571,31.65963,0.35592],"size":[1,1,2],"uv":{"north":{"uv":[68,91],"uv_size":[1,1]},"east":{"uv":[67,91],"uv_size":[2,1]},"south":{"uv":[67,91],"uv_size":[1,1]},"west":{"uv":[69,91],"uv_size":[-2,1]},"up":{"uv":[71,89],"uv_size":[-1,2]},"down":{"uv":[71,91],"uv_size":[-1,-2]}}}]},{"name":"rightArm2","parent":"Player2","pivot":[-89.70173,23.44213,3.31446],"rotation":[-88.40995,15.88056,-63.37614],"cubes":[{"origin":[-95.92979,15.99814,4.85852],"size":[4,12,4],"pivot":[-94.42979,21.99814,6.85852],"rotation":[82.5,-50,0],"uv":{"north":{"uv":[116,20],"uv_size":[4,12]},"east":{"uv":[112,20],"uv_size":[4,12]},"south":{"uv":[108,20],"uv_size":[4,12]},"west":{"uv":[104,20],"uv_size":[4,12]},"up":{"uv":[112,20],"uv_size":[-4,-4]},"down":{"uv":[116,20],"uv_size":[-4,-4]}}},{"origin":[-95.92979,15.99814,4.85852],"size":[4,12,4],"inflate":0.25,"pivot":[-94.42979,21.99814,6.85852],"rotation":[82.5,-50,0],"uv":{"north":{"uv":[116,36],"uv_size":[4,12]},"east":{"uv":[112,36],"uv_size":[4,12]},"south":{"uv":[108,36],"uv_size":[4,12]},"west":{"uv":[104,36],"uv_size":[4,12]},"up":{"uv":[111,37],"uv_size":[-4,-3]},"down":{"uv":[111,37],"uv_size":[-4,-3]}}}]},{"name":"leftLeg2","parent":"Player2","pivot":[-97.12566,11.66624,0.33005],"rotation":[-37.5,0,0],"cubes":[{"origin":[-99.12566,24.66624,3.33005],"size":[4,12,4],"pivot":[-109.52917,18.22457,30.66848],"rotation":[47.5,0,0],"uv":{"north":{"uv":[92,52],"uv_size":[4,12]},"east":{"uv":[88,52],"uv_size":[4,12]},"south":{"uv":[84,52],"uv_size":[4,12]},"west":{"uv":[80,52],"uv_size":[4,12]},"up":{"uv":[88,52],"uv_size":[-4,-4]},"down":{"uv":[92,52],"uv_size":[-4,-4]}}},{"origin":[-99.12566,24.66624,3.33005],"size":[4,12,4],"inflate":0.25,"pivot":[-109.52917,18.22457,30.66848],"rotation":[47.5,0,0],"uv":{"north":{"uv":[76,52],"uv_size":[4,12]},"east":{"uv":[72,52],"uv_size":[4,12]},"south":{"uv":[68,52],"uv_size":[4,12]},"west":{"uv":[64,52],"uv_size":[4,12]},"up":{"uv":[72,52],"uv_size":[-4,-4]},"down":{"uv":[76,52],"uv_size":[-4,-4]}}}]},{"name":"rightLeg2","parent":"Player2","pivot":[-93.32566,11.99465,0.66721],"rotation":[22.5,0,0],"cubes":[{"origin":[-95.32566,-14.00535,4.66721],"size":[4,12,4],"pivot":[-109.52917,16.82457,30.36849],"rotation":[-30,0,0],"uv":{"north":{"uv":[72,20],"uv_size":[4,12]},"east":{"uv":[76,20],"uv_size":[4,12]},"south":{"uv":[68,20],"uv_size":[4,12]},"west":{"uv":[64,20],"uv_size":[4,12]},"up":{"uv":[72,20],"uv_size":[-4,-4]},"down":{"uv":[76,20],"uv_size":[-4,-4]}}},{"origin":[-95.32566,-14.00535,4.66721],"size":[4,12,4],"inflate":0.25,"pivot":[-109.52917,16.82457,30.36849],"rotation":[-30,0,0],"uv":{"north":{"uv":[72,36],"uv_size":[4,12]},"east":{"uv":[76,36],"uv_size":[4,12]},"south":{"uv":[68,36],"uv_size":[4,12]},"west":{"uv":[64,36],"uv_size":[4,12]},"up":{"uv":[72,36],"uv_size":[-4,-4]},"down":{"uv":[76,36],"uv_size":[-4,-4]}}}]},{"name":"bone4","pivot":[16,-8,1]},{"name":"bone9","parent":"bone4","pivot":[-7,0,1],"rotation":[0,-90,0]},{"name":"Blocks2","parent":"bone9","pivot":[-48,0,2]},{"name":"bone15","parent":"bone4","pivot":[58,-32,-20],"rotation":[0,-90,0]},{"name":"StoneBlocks2","parent":"bone15","pivot":[16,-16,1]},{"name":"Grass2","parent":"StoneBlocks2","pivot":[78.11764,8,21.94118],"cubes":[{"origin":[70,0,-17],"size":[16,16,16],"pivot":[78.05882,8.11765,6.47059],"rotation":[0,-180,0],"uv":{"north":{"uv":[48,80],"uv_size":[16,16]},"east":{"uv":[48,80],"uv_size":[16,16]},"south":{"uv":[48,80],"uv_size":[16,16]},"west":{"uv":[48,80],"uv_size":[16,16]},"up":{"uv":[64,96],"uv_size":[-16,-16]},"down":{"uv":[64,96],"uv_size":[-16,-16]}}}]},{"name":"Grass3","parent":"StoneBlocks2","pivot":[78.11764,8,21.94118],"cubes":[{"origin":[70,0,-17],"size":[16,16,16],"inflate":0.012,"pivot":[78.05882,8.11765,6.47059],"rotation":[0,-180,0],"uv":{"north":{"uv":[0,64],"uv_size":[16,16]},"east":{"uv":[0,64],"uv_size":[16,16]},"south":{"uv":[0,64],"uv_size":[16,16]},"west":{"uv":[0,64],"uv_size":[16,16]},"up":{"uv":[16,80],"uv_size":[-16,-16]},"down":{"uv":[16,80],"uv_size":[-16,-16]}}}]},{"name":"Grass4","parent":"StoneBlocks2","pivot":[78.11764,8,21.94118],"cubes":[{"origin":[70,0,-17],"size":[16,16,16],"inflate":0.012,"pivot":[78.05882,8.11765,6.47059],"rotation":[0,-180,0],"uv":{"north":{"uv":[16,64],"uv_size":[16,16]},"east":{"uv":[16,64],"uv_size":[16,16]},"south":{"uv":[16,64],"uv_size":[16,16]},"west":{"uv":[16,64],"uv_size":[16,16]},"up":{"uv":[32,80],"uv_size":[-16,-16]},"down":{"uv":[32,80],"uv_size":[-16,-16]}}}]},{"name":"Grass5","parent":"StoneBlocks2","pivot":[78.11764,8,21.94118],"cubes":[{"origin":[70,0,-17],"size":[16,16,16],"inflate":0.012,"pivot":[78.05882,8.11765,6.47059],"rotation":[0,-180,0],"uv":{"north":{"uv":[32,64],"uv_size":[16,16]},"east":{"uv":[32,64],"uv_size":[16,16]},"south":{"uv":[32,64],"uv_size":[16,16]},"west":{"uv":[32,64],"uv_size":[16,16]},"up":{"uv":[48,80],"uv_size":[-16,-16]},"down":{"uv":[48,80],"uv_size":[-16,-16]}}}]},{"name":"Grass6","parent":"StoneBlocks2","pivot":[78.11764,8,21.94118],"cubes":[{"origin":[70,0,-17],"size":[16,16,16],"inflate":0.012,"pivot":[78.05882,8.11765,6.47059],"rotation":[0,-180,0],"uv":{"north":{"uv":[48,64],"uv_size":[16,16]},"east":{"uv":[48,64],"uv_size":[16,16]},"south":{"uv":[48,64],"uv_size":[16,16]},"west":{"uv":[48,64],"uv_size":[16,16]},"up":{"uv":[64,80],"uv_size":[-16,-16]},"down":{"uv":[64,80],"uv_size":[-16,-16]}}}]},{"name":"Grass7","parent":"StoneBlocks2","pivot":[78.11764,8,21.94118],"cubes":[{"origin":[70,0,-17],"size":[16,16,16],"inflate":0.012,"pivot":[78.05882,8.11765,6.47059],"rotation":[0,-180,0],"uv":{"north":{"uv":[64,64],"uv_size":[16,16]},"east":{"uv":[64,64],"uv_size":[16,16]},"south":{"uv":[64,64],"uv_size":[16,16]},"west":{"uv":[64,64],"uv_size":[16,16]},"up":{"uv":[80,80],"uv_size":[-16,-16]},"down":{"uv":[80,80],"uv_size":[-16,-16]}}}]},{"name":"Grass8","parent":"StoneBlocks2","pivot":[78.11764,8,21.94118],"cubes":[{"origin":[70,0,-17],"size":[16,16,16],"inflate":0.012,"pivot":[78.05882,8.11765,6.47059],"rotation":[0,-180,0],"uv":{"north":{"uv":[80,64],"uv_size":[16,16]},"east":{"uv":[80,64],"uv_size":[16,16]},"south":{"uv":[80,64],"uv_size":[16,16]},"west":{"uv":[80,64],"uv_size":[16,16]},"up":{"uv":[96,80],"uv_size":[-16,-16]},"down":{"uv":[96,80],"uv_size":[-16,-16]}}}]},{"name":"Grass9","parent":"StoneBlocks2","pivot":[78.11764,8,21.94118],"cubes":[{"origin":[70,0,-17],"size":[16,16,16],"inflate":0.012,"pivot":[78.05882,8.11765,6.47059],"rotation":[0,-180,0],"uv":{"north":{"uv":[96,64],"uv_size":[16,16]},"east":{"uv":[96,64],"uv_size":[16,16]},"south":{"uv":[96,64],"uv_size":[16,16]},"west":{"uv":[96,64],"uv_size":[16,16]},"up":{"uv":[112,80],"uv_size":[-16,-16]},"down":{"uv":[112,80],"uv_size":[-16,-16]}}}]},{"name":"Grass10","parent":"StoneBlocks2","pivot":[78.11764,8,21.94118],"cubes":[{"origin":[70,0,-17],"size":[16,16,16],"inflate":0.012,"pivot":[78.05882,8.11765,6.47059],"rotation":[0,-180,0],"uv":{"north":{"uv":[112,64],"uv_size":[16,16]},"east":{"uv":[112,64],"uv_size":[16,16]},"south":{"uv":[112,64],"uv_size":[16,16]},"west":{"uv":[112,64],"uv_size":[16,16]},"up":{"uv":[128,80],"uv_size":[-16,-16]},"down":{"uv":[128,80],"uv_size":[-16,-16]}}}]},{"name":"Grass11","parent":"StoneBlocks2","pivot":[78.11764,8,21.94118],"cubes":[{"origin":[70,0,-17],"size":[16,16,16],"inflate":0.012,"pivot":[78.05882,8.11765,6.47059],"rotation":[0,-180,0],"uv":{"north":{"uv":[0,80],"uv_size":[16,16]},"east":{"uv":[0,80],"uv_size":[16,16]},"south":{"uv":[0,80],"uv_size":[16,16]},"west":{"uv":[0,80],"uv_size":[16,16]},"up":{"uv":[16,96],"uv_size":[-16,-16]},"down":{"uv":[16,96],"uv_size":[-16,-16]}}}]},{"name":"Grass23","parent":"StoneBlocks2","pivot":[78.11764,8,21.94118],"cubes":[{"origin":[70,0,-17],"size":[16,16,16],"inflate":0.012,"pivot":[78.05882,8.11765,6.47059],"rotation":[0,-180,0],"uv":{"north":{"uv":[16,80],"uv_size":[16,16]},"east":{"uv":[16,80],"uv_size":[16,16]},"south":{"uv":[16,80],"uv_size":[16,16]},"west":{"uv":[16,80],"uv_size":[16,16]},"up":{"uv":[32,96],"uv_size":[-16,-16]},"down":{"uv":[32,96],"uv_size":[-16,-16]}}}]},{"name":"ShrapnelStone2","parent":"bone15","pivot":[58,-32,-20]},{"name":"bone17","parent":"ShrapnelStone2","pivot":[75.05882,8.11765,3.52941],"cubes":[{"origin":[68,-0.05,-4],"size":[16,16,16],"pivot":[75.05882,8.11765,3.52941],"rotation":[0,180,0],"uv":{"north":{"uv":[48,80],"uv_size":[16,16]},"east":{"uv":[48,80],"uv_size":[16,16]},"south":{"uv":[48,80],"uv_size":[16,16]},"west":{"uv":[48,80],"uv_size":[16,16]},"up":{"uv":[48,80],"uv_size":[16,16]},"down":{"uv":[48,80],"uv_size":[16,16]}}}]},{"name":"bone26","parent":"ShrapnelStone2","pivot":[81.05882,8.11765,7.52941],"cubes":[{"origin":[73,-0.05,-1],"size":[16,16,16],"pivot":[81.05882,8.11765,7.52941],"rotation":[0,180,0],"uv":{"north":{"uv":[48,80],"uv_size":[16,16]},"east":{"uv":[48,80],"uv_size":[16,16]},"south":{"uv":[48,80],"uv_size":[16,16]},"west":{"uv":[48,80],"uv_size":[16,16]},"up":{"uv":[48,80],"uv_size":[16,16]},"down":{"uv":[48,80],"uv_size":[16,16]}}}]},{"name":"bone18","parent":"ShrapnelStone2","pivot":[86,0,14]},{"name":"bone19","parent":"bone18","pivot":[78.05882,8.11765,6.47059],"cubes":[{"origin":[70,-0.05,-1],"size":[16,16,16],"pivot":[78.05882,8.11765,6.47059],"rotation":[0,-180,0],"uv":{"north":{"uv":[64,80],"uv_size":[-16,16]},"east":{"uv":[64,80],"uv_size":[-16,16]},"south":{"uv":[64,80],"uv_size":[-16,16]},"west":{"uv":[64,80],"uv_size":[-16,16]},"up":{"uv":[48,96],"uv_size":[16,-16]},"down":{"uv":[48,96],"uv_size":[16,-16]}}}]},{"name":"bone20","parent":"bone18","pivot":[78.05882,8.11765,6.47059],"cubes":[{"origin":[70,-0.05,-1],"size":[16,16,16],"pivot":[78.05882,8.11765,6.47059],"rotation":[0,-180,0],"uv":{"north":{"uv":[64,80],"uv_size":[-16,16]},"east":{"uv":[64,80],"uv_size":[-16,16]},"south":{"uv":[64,80],"uv_size":[-16,16]},"west":{"uv":[64,80],"uv_size":[-16,16]},"up":{"uv":[48,96],"uv_size":[16,-16]},"down":{"uv":[48,96],"uv_size":[16,-16]}}}]},{"name":"bone21","parent":"bone18","pivot":[78.05882,8.11765,6.47059],"cubes":[{"origin":[70,-0.05,-1],"size":[16,16,16],"pivot":[78.05882,8.11765,6.47059],"rotation":[0,-180,0],"uv":{"north":{"uv":[64,80],"uv_size":[-16,16]},"east":{"uv":[64,80],"uv_size":[-16,16]},"south":{"uv":[64,80],"uv_size":[-16,16]},"west":{"uv":[64,80],"uv_size":[-16,16]},"up":{"uv":[48,96],"uv_size":[16,-16]},"down":{"uv":[48,96],"uv_size":[16,-16]}}}]},{"name":"bone22","parent":"bone18","pivot":[78.05882,8.11765,6.47059],"cubes":[{"origin":[70,-0.05,-1],"size":[16,16,16],"pivot":[78.05882,8.11765,6.47059],"rotation":[0,-180,0],"uv":{"north":{"uv":[64,80],"uv_size":[-16,16]},"east":{"uv":[64,80],"uv_size":[-16,16]},"south":{"uv":[64,80],"uv_size":[-16,16]},"west":{"uv":[64,80],"uv_size":[-16,16]},"up":{"uv":[48,96],"uv_size":[16,-16]},"down":{"uv":[48,96],"uv_size":[16,-16]}}}]},{"name":"bone23","parent":"bone18","pivot":[78.05882,8.11765,6.47059],"cubes":[{"origin":[70,-0.05,-1],"size":[16,16,16],"pivot":[78.05882,8.11765,6.47059],"rotation":[0,-180,0],"uv":{"north":{"uv":[64,80],"uv_size":[-16,16]},"east":{"uv":[64,80],"uv_size":[-16,16]},"south":{"uv":[64,80],"uv_size":[-16,16]},"west":{"uv":[64,80],"uv_size":[-16,16]},"up":{"uv":[48,96],"uv_size":[16,-16]},"down":{"uv":[48,96],"uv_size":[16,-16]}}}]},{"name":"bone24","parent":"bone18","pivot":[78.05882,8.11765,6.47059],"cubes":[{"origin":[70,-0.05,-1],"size":[16,16,16],"pivot":[78.05882,8.11765,6.47059],"rotation":[0,-180,0],"uv":{"north":{"uv":[64,80],"uv_size":[-16,16]},"east":{"uv":[64,80],"uv_size":[-16,16]},"south":{"uv":[64,80],"uv_size":[-16,16]},"west":{"uv":[64,80],"uv_size":[-16,16]},"up":{"uv":[48,96],"uv_size":[16,-16]},"down":{"uv":[48,96],"uv_size":[16,-16]}}}]},{"name":"bone25","parent":"bone18","pivot":[78.05882,8.11765,6.47059],"cubes":[{"origin":[70,-0.05,-1],"size":[16,16,16],"pivot":[78.05882,8.11765,6.47059],"rotation":[0,-180,0],"uv":{"north":{"uv":[64,80],"uv_size":[-16,16]},"east":{"uv":[64,80],"uv_size":[-16,16]},"south":{"uv":[64,80],"uv_size":[-16,16]},"west":{"uv":[64,80],"uv_size":[-16,16]},"up":{"uv":[48,96],"uv_size":[16,-16]},"down":{"uv":[48,96],"uv_size":[16,-16]}}}]},{"name":"Player3","parent":"bone15","pivot":[96,0,2],"rotation":[0,-52.5,0]},{"name":"body3","parent":"Player3","pivot":[95.22566,18.29476,1.745],"rotation":[-12.5,0,0],"cubes":[{"origin":[91.22566,12.29476,-0.255],"size":[8,12,4],"uv":{"north":{"uv":[40,20],"uv_size":[-8,12]},"east":{"uv":[20,20],"uv_size":[-4,12]},"south":{"uv":[28,20],"uv_size":[-8,12]},"west":{"uv":[32,20],"uv_size":[-4,12]},"up":{"uv":[20,20],"uv_size":[8,-4]},"down":{"uv":[28,20],"uv_size":[8,-4]}}},{"origin":[91.22566,12.29476,-0.255],"size":[8,12,4],"inflate":0.25,"uv":{"north":{"uv":[40,36],"uv_size":[-8,12]},"east":{"uv":[20,36],"uv_size":[-4,12]},"south":{"uv":[28,36],"uv_size":[-8,12]},"west":{"uv":[32,36],"uv_size":[-4,12]},"up":{"uv":[20,38],"uv_size":[8,-3]},"down":{"uv":[20,38],"uv_size":[8,-3]}}}]},{"name":"head3","parent":"Player3","pivot":[95.22566,28.09472,4.745],"rotation":[-12.5,0,0],"cubes":[{"origin":[91.22566,24.09472,0.745],"size":[8,8,8],"uv":{"north":{"uv":[32,8],"uv_size":[-8,8]},"east":{"uv":[8,8],"uv_size":[-8,8]},"south":{"uv":[16,8],"uv_size":[-8,8]},"west":{"uv":[24,8],"uv_size":[-8,8]},"up":{"uv":[8,8],"uv_size":[8,-8]},"down":{"uv":[16,8],"uv_size":[8,-8]}}},{"origin":[91.22566,24.09472,0.745],"size":[8,8,8],"inflate":0.25,"uv":{"north":{"uv":[64,8],"uv_size":[-8,8]},"east":{"uv":[40,8],"uv_size":[-8,8]},"south":{"uv":[48,8],"uv_size":[-8,8]},"west":{"uv":[57,8],"uv_size":[-8,8]},"up":{"uv":[40,8],"uv_size":[8,-8]},"down":{"uv":[48,0],"uv_size":[8,8]}}}]},{"name":"leftArm3","parent":"Player3","pivot":[101.02571,23.12822,1.62813],"rotation":[-79.68477,8.51711,-0.80812],"cubes":[{"origin":[99.52571,17.12822,5.62813],"size":[3,12,4],"pivot":[101.02571,23.12822,7.62813],"rotation":[85,2.5,0],"uv":{"north":{"uv":[46,52],"uv_size":[-3,12]},"east":{"uv":[36,52],"uv_size":[-4,12]},"south":{"uv":[39,52],"uv_size":[-3,12]},"west":{"uv":[43,52],"uv_size":[-4,12]},"up":{"uv":[36,52],"uv_size":[3,-4]},"down":{"uv":[39,52],"uv_size":[3,-4]}}},{"origin":[99.52571,17.12822,5.62813],"size":[3,12,4],"inflate":0.25,"pivot":[101.02571,23.12822,7.62813],"rotation":[85,2.5,0],"uv":{"north":{"uv":[62,52],"uv_size":[-3,12]},"east":{"uv":[52,52],"uv_size":[-4,12]},"south":{"uv":[55,52],"uv_size":[-3,12]},"west":{"uv":[59,52],"uv_size":[-4,12]},"up":{"uv":[57,53],"uv_size":[2,-2]},"down":{"uv":[56,53],"uv_size":[2,-2]}}}]},{"name":"pickaxe3","parent":"leftArm3","pivot":[101.52571,21.12822,11.47023],"rotation":[-37.5,-180,0],"cubes":[{"origin":[101.02571,20.65963,10.35592],"size":[1,1,2],"uv":{"north":{"uv":[69,89],"uv_size":[-2,1]},"east":{"uv":[69,89],"uv_size":[-2,1]},"south":{"uv":[67,89],"uv_size":[2,1]},"west":{"uv":[69,89],"uv_size":[-2,1]},"up":{"uv":[67,90],"uv_size":[2,-1]},"down":{"uv":[67,90],"uv_size":[2,-1]}}},{"origin":[101.02571,21.65963,9.35592],"size":[1,1,3],"uv":{"north":{"uv":[70,90],"uv_size":[-1,1]},"east":{"uv":[67,90],"uv_size":[3,1]},"south":{"uv":[67,90],"uv_size":[1,1]},"west":{"uv":[70,90],"uv_size":[-3,1]},"up":{"uv":[71,89],"uv_size":[1,3]},"down":{"uv":[71,92],"uv_size":[1,-3]}}},{"origin":[101.02571,22.65963,8.35592],"size":[1,1,3],"uv":{"north":{"uv":[70,91],"uv_size":[-1,1]},"east":{"uv":[70,91],"uv_size":[-3,1]},"south":{"uv":[67,91],"uv_size":[1,1]},"west":{"uv":[67,91],"uv_size":[3,1]},"up":{"uv":[70,89],"uv_size":[1,3]},"down":{"uv":[70,92],"uv_size":[1,-3]}}},{"origin":[101.02571,24.65963,6.35592],"size":[1,1,3],"uv":{"north":{"uv":[70,91],"uv_size":[-1,1]},"east":{"uv":[70,91],"uv_size":[-3,1]},"south":{"uv":[67,91],"uv_size":[1,1]},"west":{"uv":[67,91],"uv_size":[3,1]},"up":{"uv":[70,89],"uv_size":[1,3]},"down":{"uv":[70,92],"uv_size":[1,-3]}}},{"origin":[101.02571,23.65963,7.35592],"size":[1,1,3],"uv":{"north":{"uv":[70,90],"uv_size":[-1,1]},"east":{"uv":[70,90],"uv_size":[-3,1]},"south":{"uv":[67,90],"uv_size":[1,1]},"west":{"uv":[67,90],"uv_size":[3,1]},"up":{"uv":[71,89],"uv_size":[1,3]},"down":{"uv":[71,92],"uv_size":[1,-3]}}},{"origin":[101.02571,28.65963,2.35592],"size":[1,1,3],"uv":{"north":{"uv":[70,91],"uv_size":[-1,1]},"east":{"uv":[70,91],"uv_size":[-3,1]},"south":{"uv":[67,91],"uv_size":[1,1]},"west":{"uv":[67,91],"uv_size":[3,1]},"up":{"uv":[70,89],"uv_size":[1,3]},"down":{"uv":[70,92],"uv_size":[1,-3]}}},{"origin":[101.02571,27.65963,3.35592],"size":[1,1,3],"uv":{"north":{"uv":[70,90],"uv_size":[-1,1]},"east":{"uv":[70,90],"uv_size":[-3,1]},"south":{"uv":[67,90],"uv_size":[1,1]},"west":{"uv":[67,90],"uv_size":[3,1]},"up":{"uv":[71,89],"uv_size":[1,3]},"down":{"uv":[71,92],"uv_size":[1,-3]}}},{"origin":[101.02571,26.65963,4.35592],"size":[1,1,3],"uv":{"north":{"uv":[70,91],"uv_size":[-1,1]},"east":{"uv":[70,91],"uv_size":[-3,1]},"south":{"uv":[67,91],"uv_size":[1,1]},"west":{"uv":[67,91],"uv_size":[3,1]},"up":{"uv":[70,89],"uv_size":[1,3]},"down":{"uv":[70,92],"uv_size":[1,-3]}}},{"origin":[101.02571,25.65963,5.35592],"size":[1,1,3],"uv":{"north":{"uv":[70,90],"uv_size":[-1,1]},"east":{"uv":[70,90],"uv_size":[-3,1]},"south":{"uv":[67,90],"uv_size":[1,1]},"west":{"uv":[67,90],"uv_size":[3,1]},"up":{"uv":[71,89],"uv_size":[1,3]},"down":{"uv":[71,92],"uv_size":[1,-3]}}},{"origin":[101.02571,29.65963,2.35592],"size":[1,1,1],"uv":{"north":{"uv":[70,89],"uv_size":[-1,1]},"east":{"uv":[70,89],"uv_size":[-1,1]},"south":{"uv":[70,89],"uv_size":[-1,1]},"west":{"uv":[70,89],"uv_size":[-1,1]},"up":{"uv":[69,90],"uv_size":[1,-1]},"down":{"uv":[69,90],"uv_size":[1,-1]}}},{"origin":[101.02571,29.65963,3.35592],"size":[1,1,1],"uv":{"north":{"uv":[70,91],"uv_size":[-1,1]},"east":{"uv":[70,91],"uv_size":[-1,1]},"south":{"uv":[70,91],"uv_size":[-1,1]},"west":{"uv":[70,91],"uv_size":[-1,1]},"up":{"uv":[69,92],"uv_size":[1,-1]},"down":{"uv":[69,92],"uv_size":[1,-1]}}}]},{"name":"Pick2","parent":"pickaxe3","pivot":[101.52571,29.84713,2.73092],"cubes":[{"origin":[101.02571,30.65963,2.35592],"size":[1,1,6],"uv":{"north":{"uv":[70,89],"uv_size":[-1,1]},"east":{"uv":[67,93],"uv_size":[6,1]},"south":{"uv":[68,93],"uv_size":[-1,1]},"west":{"uv":[73,93],"uv_size":[-6,1]},"up":{"uv":[68,94],"uv_size":[1,-1]},"down":{"uv":[67,101],"uv_size":[1,-6]}}},{"origin":[101.02571,31.65963,2.35592],"size":[1,1,7],"uv":{"north":{"uv":[70,89],"uv_size":[-1,1]},"east":{"uv":[67,92],"uv_size":[7,1]},"south":{"uv":[68,93],"uv_size":[-1,1]},"west":{"uv":[74,92],"uv_size":[-7,1]},"up":{"uv":[68,94],"uv_size":[1,-1]},"down":{"uv":[67,93],"uv_size":[1,-1]}}},{"origin":[101.02571,32.65963,3.35592],"size":[1,1,5],"uv":{"north":{"uv":[68,93],"uv_size":[-1,1]},"east":{"uv":[68,93],"uv_size":[-1,1]},"south":{"uv":[68,93],"uv_size":[-1,1]},"west":{"uv":[68,93],"uv_size":[-1,1]},"up":{"uv":[67,94],"uv_size":[1,-1]},"down":{"uv":[67,94],"uv_size":[1,-1]}}},{"origin":[101.02571,24.65963,0.35592],"size":[1,6,2],"uv":{"north":{"uv":[69,94],"uv_size":[-1,6]},"east":{"uv":[67,94],"uv_size":[2,6]},"south":{"uv":[68,94],"uv_size":[-1,6]},"west":{"uv":[69,94],"uv_size":[-2,6]},"up":{"uv":[68,96],"uv_size":[1,-2]},"down":{"uv":[68,96],"uv_size":[1,-2]}}},{"origin":[101.02571,24.65963,-0.64408],"size":[1,5,1],"uv":{"north":{"uv":[69,94],"uv_size":[-1,1]},"east":{"uv":[69,94],"uv_size":[-1,1]},"south":{"uv":[69,94],"uv_size":[-1,1]},"west":{"uv":[69,94],"uv_size":[-1,1]},"up":{"uv":[68,95],"uv_size":[1,-1]},"down":{"uv":[68,95],"uv_size":[1,-1]}}},{"origin":[101.02571,23.65963,0.35592],"size":[1,1,1],"uv":{"north":{"uv":[69,94],"uv_size":[-1,1]},"east":{"uv":[69,94],"uv_size":[-1,1]},"south":{"uv":[69,94],"uv_size":[-1,1]},"west":{"uv":[69,94],"uv_size":[-1,1]},"up":{"uv":[68,95],"uv_size":[1,-1]},"down":{"uv":[68,95],"uv_size":[1,-1]}}},{"origin":[101.02571,30.65963,0.35592],"size":[1,1,2],"uv":{"north":{"uv":[70,90],"uv_size":[-1,1]},"east":{"uv":[68,90],"uv_size":[2,1]},"south":{"uv":[69,90],"uv_size":[-1,1]},"west":{"uv":[70,90],"uv_size":[-2,1]},"up":{"uv":[71,90],"uv_size":[1,2]},"down":{"uv":[71,92],"uv_size":[1,-2]}}},{"origin":[101.02571,31.65963,0.35592],"size":[1,1,2],"uv":{"north":{"uv":[69,91],"uv_size":[-1,1]},"east":{"uv":[67,91],"uv_size":[2,1]},"south":{"uv":[68,91],"uv_size":[-1,1]},"west":{"uv":[69,91],"uv_size":[-2,1]},"up":{"uv":[70,89],"uv_size":[1,2]},"down":{"uv":[70,91],"uv_size":[1,-2]}}}]},{"name":"rightArm3","parent":"Player3","pivot":[89.70173,23.44213,3.31446],"rotation":[-88.40995,-15.88056,63.37614],"cubes":[{"origin":[92.92979,15.99814,4.85852],"size":[3,12,4],"pivot":[94.42979,21.99814,6.85852],"rotation":[82.5,50,0],"uv":{"north":{"uv":[54,20],"uv_size":[-3,12]},"east":{"uv":[44,20],"uv_size":[-4,12]},"south":{"uv":[47,20],"uv_size":[-3,12]},"west":{"uv":[51,20],"uv_size":[-4,12]},"up":{"uv":[44,20],"uv_size":[3,-4]},"down":{"uv":[47,20],"uv_size":[3,-4]}}},{"origin":[92.92979,15.99814,4.85852],"size":[3,12,4],"inflate":0.25,"pivot":[94.42979,21.99814,6.85852],"rotation":[82.5,50,0],"uv":{"north":{"uv":[54,36],"uv_size":[-3,12]},"east":{"uv":[44,36],"uv_size":[-4,12]},"south":{"uv":[47,36],"uv_size":[-3,12]},"west":{"uv":[51,36],"uv_size":[-4,12]},"up":{"uv":[43,37],"uv_size":[4,-3]},"down":{"uv":[43,37],"uv_size":[4,-3]}}}]},{"name":"leftLeg3","parent":"Player3","pivot":[97.12566,11.66624,0.33005],"rotation":[-37.5,0,0],"cubes":[{"origin":[95.12566,24.66624,3.33005],"size":[4,12,4],"pivot":[109.52917,18.22457,30.66848],"rotation":[47.5,0,0],"uv":{"north":{"uv":[32,52],"uv_size":[-4,12]},"east":{"uv":[20,52],"uv_size":[-4,12]},"south":{"uv":[24,52],"uv_size":[-4,12]},"west":{"uv":[28,52],"uv_size":[-4,12]},"up":{"uv":[20,52],"uv_size":[4,-4]},"down":{"uv":[24,52],"uv_size":[4,-4]}}},{"origin":[95.12566,24.66624,3.33005],"size":[4,12,4],"inflate":0.25,"pivot":[109.52917,18.22457,30.66848],"rotation":[47.5,0,0],"uv":{"north":{"uv":[16,52],"uv_size":[-4,12]},"east":{"uv":[4,52],"uv_size":[-4,12]},"south":{"uv":[8,52],"uv_size":[-4,12]},"west":{"uv":[12,52],"uv_size":[-4,12]},"up":{"uv":[4,52],"uv_size":[4,-4]},"down":{"uv":[8,52],"uv_size":[4,-4]}}}]},{"name":"rightLeg3","parent":"Player3","pivot":[93.32566,11.99465,0.66721],"rotation":[22.5,0,0],"cubes":[{"origin":[91.32566,-14.00535,4.66721],"size":[4,12,4],"pivot":[109.52917,16.82457,30.36849],"rotation":[-30,0,0],"uv":{"north":{"uv":[12,20],"uv_size":[-4,12]},"east":{"uv":[4,20],"uv_size":[-4,12]},"south":{"uv":[8,20],"uv_size":[-4,12]},"west":{"uv":[16,20],"uv_size":[-4,12]},"up":{"uv":[4,20],"uv_size":[4,-4]},"down":{"uv":[8,20],"uv_size":[4,-4]}}},{"origin":[91.32566,-14.00535,4.66721],"size":[4,12,4],"inflate":0.25,"pivot":[109.52917,16.82457,30.36849],"rotation":[-30,0,0],"uv":{"north":{"uv":[12,36],"uv_size":[-4,12]},"east":{"uv":[4,36],"uv_size":[-4,12]},"south":{"uv":[8,36],"uv_size":[-4,12]},"west":{"uv":[16,36],"uv_size":[-4,12]},"up":{"uv":[4,36],"uv_size":[4,-4]},"down":{"uv":[8,36],"uv_size":[4,-4]}}}]},{"name":"bone","pivot":[36,57,14],"cubes":[{"origin":[28,46,14],"size":[16,16,16],"pivot":[36,57,14],"rotation":[0,37.5,0],"uv":{"north":{"uv":[48,96],"uv_size":[16,16]}}}]}]}]}