{"format_version":"1.12.0","minecraft:geometry":[{"description":{"identifier":"geometry.fantasy_dragon_kid","texture_width":256,"texture_height":256,"visible_bounds_width":15,"visible_bounds_height":6,"visible_bounds_offset":[0,2,0]},"bones":[{"name":"all","pivot":[0.35,11.75,9.5],"cubes":[{"origin":[-4.4,6.99318,6.82796],"size":[9,7,10],"pivot":[0.1,12.41676,12.48103],"rotation":[-10,0,0],"uv":{"north":{"uv":[147,28],"uv_size":[13,11]},"east":{"uv":[133,28],"uv_size":[14,11]},"south":{"uv":[174,28],"uv_size":[13,11]},"west":{"uv":[160,28],"uv_size":[14,11]},"up":{"uv":[147,14],"uv_size":[13,14]},"down":{"uv":[160,28],"uv_size":[13,-14]}}},{"origin":[-5.4,5.72467,0.21218],"size":[11,9,10],"pivot":[0.6,28.73804,13.33499],"rotation":[-7.5,0,0],"uv":{"north":{"uv":[213,47],"uv_size":[15,13]},"east":{"uv":[199,47],"uv_size":[14,13]},"south":{"uv":[242,47],"uv_size":[15,13]},"west":{"uv":[228,47],"uv_size":[14,13]},"up":{"uv":[213,33],"uv_size":[15,14]},"down":{"uv":[228,47],"uv_size":[15,-14]}}},{"origin":[-0.4,14.40979,-1.55217],"size":[1,3,3],"pivot":[0.6,15.40979,0.44783],"rotation":[-52.5,0,0],"uv":{"north":{"uv":[136,4],"uv_size":[2,4]},"east":{"uv":[132,4],"uv_size":[4,4]},"south":{"uv":[142,4],"uv_size":[2,4]},"west":{"uv":[138,4],"uv_size":[4,4]},"up":{"uv":[136,0],"uv_size":[2,4]},"down":{"uv":[138,4],"uv_size":[2,-4]}}},{"origin":[-0.4,13.40979,3.44783],"size":[1,3,3],"pivot":[0.6,14.40979,5.44783],"rotation":[-52.5,0,0],"uv":{"north":{"uv":[136,4],"uv_size":[2,4]},"east":{"uv":[132,4],"uv_size":[4,4]},"south":{"uv":[142,4],"uv_size":[2,4]},"west":{"uv":[138,4],"uv_size":[4,4]},"up":{"uv":[136,0],"uv_size":[2,4]},"down":{"uv":[138,4],"uv_size":[2,-4]}}},{"origin":[-0.4,10.54845,9.34223],"size":[1,3,3],"pivot":[0.1,12.41676,12.48103],"rotation":[-59.5,0,0],"uv":{"north":{"uv":[136,4],"uv_size":[2,4]},"east":{"uv":[132,4],"uv_size":[4,4]},"south":{"uv":[142,4],"uv_size":[2,4]},"west":{"uv":[138,4],"uv_size":[4,4]},"up":{"uv":[136,0],"uv_size":[2,4]},"down":{"uv":[138,4],"uv_size":[2,-4]}}},{"origin":[-0.4,12.99664,11.69109],"size":[1,3,3],"pivot":[0.1,12.41676,12.48103],"rotation":[-56.5,0,0],"uv":{"north":{"uv":[136,4],"uv_size":[2,4]},"east":{"uv":[132,4],"uv_size":[4,4]},"south":{"uv":[142,4],"uv_size":[2,4]},"west":{"uv":[138,4],"uv_size":[4,4]},"up":{"uv":[136,0],"uv_size":[2,4]},"down":{"uv":[138,4],"uv_size":[2,-4]}}}]},{"name":"rightArm","parent":"all","pivot":[-5,11.8654,1.49942],"cubes":[{"origin":[-3.28033,10.56796,-7.08914],"size":[2.1,3.5,3.1],"pivot":[2.6,28.73804,13.33499],"rotation":[25,0,12.5],"uv":{"north":{"uv":[82,13],"uv_size":[3,5]},"east":{"uv":[78,13],"uv_size":[4,5]},"south":{"uv":[89,13],"uv_size":[3,5]},"west":{"uv":[85,13],"uv_size":[4,5]},"up":{"uv":[82,9],"uv_size":[3,4]},"down":{"uv":[85,13],"uv_size":[3,-4]}}},{"origin":[-0.09602,12.46236,-8.17991],"size":[3.1,5.5,4.8],"pivot":[2.6,28.73804,13.33499],"rotation":[25,0,21.5],"uv":{"north":{"uv":[115,19],"uv_size":[4,6]},"east":{"uv":[109,19],"uv_size":[6,6]},"south":{"uv":[125,19],"uv_size":[4,6]},"west":{"uv":[119,19],"uv_size":[6,6]},"up":{"uv":[115,13],"uv_size":[4,6]},"down":{"uv":[119,19],"uv_size":[4,-6]}}},{"origin":[-3.86906,-1.53354,10.62368],"size":[2.1,5.5,3.1],"pivot":[3.1,32.23804,12.83499],"rotation":[-17.5,0,10],"uv":{"north":{"uv":[98,24],"uv_size":[3,6]},"east":{"uv":[94,24],"uv_size":[4,6]},"south":{"uv":[105,24],"uv_size":[3,6]},"west":{"uv":[101,24],"uv_size":[4,6]},"up":{"uv":[98,20],"uv_size":[3,4]},"down":{"uv":[101,24],"uv_size":[3,-4]}}}]},{"name":"bone","parent":"rightArm","pivot":[-7.8,1.8654,2.49942],"cubes":[{"origin":[-11,-0.1346,-1.10058],"size":[5.1,2.5,6.1],"uv":{"north":{"uv":[89,6],"uv_size":[5,2]},"east":{"uv":[83,6],"uv_size":[6,2]},"south":{"uv":[100,6],"uv_size":[5,2]},"west":{"uv":[94,6],"uv_size":[6,2]},"up":{"uv":[89,0],"uv_size":[5,6]},"down":{"uv":[94,6],"uv_size":[5,-6]}}},{"origin":[-9.4,-0.2346,-4.10058],"size":[2,2,6],"uv":{"north":{"uv":[137,19],"uv_size":[2,2]},"east":{"uv":[131,19],"uv_size":[6,2]},"south":{"uv":[145,19],"uv_size":[2,2]},"west":{"uv":[139,19],"uv_size":[6,2]},"up":{"uv":[137,13],"uv_size":[2,6]},"down":{"uv":[139,19],"uv_size":[2,-6]}}},{"origin":[-8.9,-0.1346,-5.10058],"size":[1,1,1],"uv":{"north":{"uv":[75,1],"uv_size":[1,1]},"east":{"uv":[74,1],"uv_size":[1,1]},"south":{"uv":[77,1],"uv_size":[1,1]},"west":{"uv":[76,1],"uv_size":[1,1]},"up":{"uv":[75,0],"uv_size":[1,1]},"down":{"uv":[76,1],"uv_size":[1,-1]}}},{"origin":[-8.83211,-0.2346,-2.02987],"size":[2,2,5],"pivot":[3.6,30.63804,13.33499],"rotation":[0,-8,0],"uv":{"north":{"uv":[136,18],"uv_size":[2,2]},"east":{"uv":[131,18],"uv_size":[5,2]},"south":{"uv":[143,18],"uv_size":[2,2]},"west":{"uv":[138,18],"uv_size":[5,2]},"up":{"uv":[136,13],"uv_size":[2,5]},"down":{"uv":[138,18],"uv_size":[2,-5]}}},{"origin":[-8.32306,-0.1346,-3.00043],"size":[1,1,1],"pivot":[3.6,30.73804,13.33499],"rotation":[0,-8,0],"uv":{"north":{"uv":[75,1],"uv_size":[1,1]},"east":{"uv":[74,1],"uv_size":[1,1]},"south":{"uv":[77,1],"uv_size":[1,1]},"west":{"uv":[76,1],"uv_size":[1,1]},"up":{"uv":[75,0],"uv_size":[1,1]},"down":{"uv":[76,1],"uv_size":[1,-1]}}},{"origin":[-10.00653,-0.2346,-5.15237],"size":[2,2,5],"pivot":[3.6,30.63804,13.33499],"rotation":[0,7,0],"uv":{"north":{"uv":[136,18],"uv_size":[2,2]},"east":{"uv":[131,18],"uv_size":[5,2]},"south":{"uv":[143,18],"uv_size":[2,2]},"west":{"uv":[138,18],"uv_size":[5,2]},"up":{"uv":[136,13],"uv_size":[2,5]},"down":{"uv":[138,18],"uv_size":[2,-5]}}},{"origin":[-9.51499,-0.1346,-6.11405],"size":[1,1,1],"pivot":[3.6,30.73804,13.33499],"rotation":[0,7,0],"uv":{"north":{"uv":[75,1],"uv_size":[1,1]},"east":{"uv":[74,1],"uv_size":[1,1]},"south":{"uv":[77,1],"uv_size":[1,1]},"west":{"uv":[76,1],"uv_size":[1,1]},"up":{"uv":[75,0],"uv_size":[1,1]},"down":{"uv":[76,1],"uv_size":[1,-1]}}}]},{"name":"leftArm","parent":"all","pivot":[5.2,11.8654,1.49942],"cubes":[{"origin":[1.38033,10.56796,-7.08914],"size":[2.1,3.5,3.1],"pivot":[-2.4,28.73804,13.33499],"rotation":[25,0,-12.5],"uv":{"north":{"uv":[85,13],"uv_size":[-3,5]},"east":{"uv":[89,13],"uv_size":[-4,5]},"south":{"uv":[92,13],"uv_size":[-3,5]},"west":{"uv":[82,13],"uv_size":[-4,5]},"up":{"uv":[85,9],"uv_size":[-3,4]},"down":{"uv":[88,13],"uv_size":[-3,-4]}}},{"origin":[-2.80398,12.46236,-8.17991],"size":[3.1,5.5,4.8],"pivot":[-2.4,28.73804,13.33499],"rotation":[25,0,-21.5],"uv":{"north":{"uv":[119,19],"uv_size":[-4,6]},"east":{"uv":[125,19],"uv_size":[-6,6]},"south":{"uv":[129,19],"uv_size":[-4,6]},"west":{"uv":[115,19],"uv_size":[-6,6]},"up":{"uv":[119,13],"uv_size":[-4,6]},"down":{"uv":[123,19],"uv_size":[-4,-6]}}},{"origin":[1.86906,-1.53354,10.62368],"size":[2.1,5.5,3.1],"pivot":[-3,32.23804,12.83499],"rotation":[-17.5,0,-10],"uv":{"north":{"uv":[101,24],"uv_size":[-3,6]},"east":{"uv":[105,24],"uv_size":[-4,6]},"south":{"uv":[108,24],"uv_size":[-3,6]},"west":{"uv":[98,24],"uv_size":[-4,6]},"up":{"uv":[101,20],"uv_size":[-3,4]},"down":{"uv":[104,24],"uv_size":[-3,-4]}}}]},{"name":"bone3","parent":"leftArm","pivot":[8,1.8654,2.49942],"cubes":[{"origin":[6.1,-0.1346,-1.10058],"size":[5.1,2.5,6.1],"uv":{"north":{"uv":[94,6],"uv_size":[-5,2]},"east":{"uv":[100,6],"uv_size":[-6,2]},"south":{"uv":[105,6],"uv_size":[-5,2]},"west":{"uv":[89,6],"uv_size":[-6,2]},"up":{"uv":[94,0],"uv_size":[-5,6]},"down":{"uv":[99,6],"uv_size":[-5,-6]}}},{"origin":[7.6,-0.2346,-4.10058],"size":[2,2,6],"uv":{"north":{"uv":[139,19],"uv_size":[-2,2]},"east":{"uv":[145,19],"uv_size":[-6,2]},"south":{"uv":[147,19],"uv_size":[-2,2]},"west":{"uv":[137,19],"uv_size":[-6,2]},"up":{"uv":[139,13],"uv_size":[-2,6]},"down":{"uv":[141,19],"uv_size":[-2,-6]}}},{"origin":[8.1,-0.1346,-5.10058],"size":[1,1,1],"uv":{"north":{"uv":[76,1],"uv_size":[-1,1]},"east":{"uv":[77,1],"uv_size":[-1,1]},"south":{"uv":[78,1],"uv_size":[-1,1]},"west":{"uv":[75,1],"uv_size":[-1,1]},"up":{"uv":[76,0],"uv_size":[-1,1]},"down":{"uv":[77,1],"uv_size":[-1,-1]}}},{"origin":[7.03211,-0.2346,-2.02987],"size":[2,2,5],"pivot":[-3.4,30.63804,13.33499],"rotation":[0,8,0],"uv":{"north":{"uv":[138,18],"uv_size":[-2,2]},"east":{"uv":[143,18],"uv_size":[-5,2]},"south":{"uv":[145,18],"uv_size":[-2,2]},"west":{"uv":[136,18],"uv_size":[-5,2]},"up":{"uv":[138,13],"uv_size":[-2,5]},"down":{"uv":[140,18],"uv_size":[-2,-5]}}},{"origin":[7.52306,-0.1346,-3.00043],"size":[1,1,1],"pivot":[-3.4,30.73804,13.33499],"rotation":[0,8,0],"uv":{"north":{"uv":[76,1],"uv_size":[-1,1]},"east":{"uv":[77,1],"uv_size":[-1,1]},"south":{"uv":[78,1],"uv_size":[-1,1]},"west":{"uv":[75,1],"uv_size":[-1,1]},"up":{"uv":[76,0],"uv_size":[-1,1]},"down":{"uv":[77,1],"uv_size":[-1,-1]}}},{"origin":[8.20653,-0.2346,-5.15237],"size":[2,2,5],"pivot":[-3.4,30.63804,13.33499],"rotation":[0,-7,0],"uv":{"north":{"uv":[138,18],"uv_size":[-2,2]},"east":{"uv":[143,18],"uv_size":[-5,2]},"south":{"uv":[145,18],"uv_size":[-2,2]},"west":{"uv":[136,18],"uv_size":[-5,2]},"up":{"uv":[138,13],"uv_size":[-2,5]},"down":{"uv":[140,18],"uv_size":[-2,-5]}}},{"origin":[8.71499,-0.1346,-6.11405],"size":[1,1,1],"pivot":[-3.4,30.73804,13.33499],"rotation":[0,-7,0],"uv":{"north":{"uv":[76,1],"uv_size":[-1,1]},"east":{"uv":[77,1],"uv_size":[-1,1]},"south":{"uv":[78,1],"uv_size":[-1,1]},"west":{"uv":[75,1],"uv_size":[-1,1]},"up":{"uv":[76,0],"uv_size":[-1,1]},"down":{"uv":[77,1],"uv_size":[-1,-1]}}}]},{"name":"head","parent":"all","pivot":[0.3,23.40835,-5.63777],"rotation":[15,0,0],"cubes":[{"origin":[0.39924,28.10533,-13.36881],"size":[3.9,1,1],"pivot":[2.34924,28.60533,-12.86881],"rotation":[-19.71975,-3.40487,8.09196],"uv":{"north":{"uv":[82,23],"uv_size":[3,1]},"east":{"uv":[81,23],"uv_size":[1,1]},"south":{"uv":[86,23],"uv_size":[3,1]},"west":{"uv":[85,23],"uv_size":[1,1]},"up":{"uv":[82,22],"uv_size":[3,1]},"down":{"uv":[85,23],"uv_size":[3,-1]}}},{"origin":[-1.7,22.33073,-20.22764],"size":[4,3,7],"uv":{"north":{"uv":[185,77],"uv_size":[21,13]},"east":{"uv":[163,87],"uv_size":[-28,16]},"south":{"uv":[203,8],"uv_size":[6,3]},"west":{"uv":[135,87],"uv_size":[28,16]},"up":{"uv":[189,0],"uv_size":[6,8]},"down":{"uv":[195,8],"uv_size":[6,-8]}}},{"origin":[-0.2,24.83303,-19.40564],"size":[1,1,2],"pivot":[0.3,26.07331,-19.5772],"rotation":[-27.5,0,0],"uv":{"north":{"uv":[213,2],"uv_size":[1,3]},"east":{"uv":[211,2],"uv_size":[2,3]},"south":{"uv":[216,2],"uv_size":[1,3]},"west":{"uv":[214,2],"uv_size":[2,3]},"up":{"uv":[213,0],"uv_size":[1,2]},"down":{"uv":[214,2],"uv_size":[1,-2]}}},{"origin":[-0.7,24.86671,-18.04139],"size":[2,1,5],"uv":{"north":{"uv":[217,6],"uv_size":[4,1]},"east":{"uv":[211,6],"uv_size":[6,1]},"south":{"uv":[227,6],"uv_size":[4,1]},"west":{"uv":[221,6],"uv_size":[6,1]},"up":{"uv":[217,0],"uv_size":[4,6]},"down":{"uv":[221,6],"uv_size":[4,-6]}}},{"origin":[7.85081,58.03301,-0.98499],"size":[2,2,7],"pivot":[0.3,37.58478,26.35836],"rotation":[55,5,17.5],"uv":{"north":{"uv":[58,13],"uv_size":[2,2]},"east":{"uv":[53,13],"uv_size":[5,2]},"south":{"uv":[65,13],"uv_size":[2,2]},"west":{"uv":[60,13],"uv_size":[5,2]},"up":{"uv":[58,8],"uv_size":[2,5]},"down":{"uv":[60,13],"uv_size":[2,-5]}}},{"origin":[-2.3,44.06354,-9.10333],"size":[5.1,2,4],"pivot":[0.3,37.58478,26.35836],"rotation":[30,0,0],"uv":{"north":{"uv":[79,30],"uv_size":[5,2]},"east":{"uv":[75,30],"uv_size":[4,2]},"south":{"uv":[88,30],"uv_size":[5,2]},"west":{"uv":[84,30],"uv_size":[4,2]},"up":{"uv":[79,26],"uv_size":[5,4]},"down":{"uv":[84,30],"uv_size":[5,-4]}}},{"origin":[-9.25081,58.03301,-0.98499],"size":[2,2,7],"pivot":[0.3,37.58478,26.35836],"rotation":[55,-5,-17.5],"uv":{"north":{"uv":[60,13],"uv_size":[-2,2]},"east":{"uv":[65,13],"uv_size":[-5,2]},"south":{"uv":[67,13],"uv_size":[-2,2]},"west":{"uv":[58,13],"uv_size":[-5,2]},"up":{"uv":[60,8],"uv_size":[-2,5]},"down":{"uv":[62,13],"uv_size":[-2,-5]}}},{"origin":[5.17594,65.90276,6.04216],"size":[2,2,7],"pivot":[0.3,37.58478,26.35836],"rotation":[53.76338,-10.44629,81.71801],"uv":{"north":{"uv":[58,13],"uv_size":[2,2]},"east":{"uv":[53,13],"uv_size":[5,2]},"south":{"uv":[65,13],"uv_size":[2,2]},"west":{"uv":[60,13],"uv_size":[5,2]},"up":{"uv":[58,8],"uv_size":[2,5]},"down":{"uv":[60,13],"uv_size":[2,-5]}}},{"origin":[-6.57594,65.90276,6.04216],"size":[2,2,7],"pivot":[0.3,37.58478,26.35836],"rotation":[53.76338,10.44629,-81.71801],"uv":{"north":{"uv":[60,13],"uv_size":[-2,2]},"east":{"uv":[65,13],"uv_size":[-5,2]},"south":{"uv":[67,13],"uv_size":[-2,2]},"west":{"uv":[58,13],"uv_size":[-5,2]},"up":{"uv":[60,8],"uv_size":[-2,5]},"down":{"uv":[62,13],"uv_size":[-2,-5]}}},{"origin":[5.45691,33.63043,-21.7381],"size":[1.3,1.7,2.3],"pivot":[0.3,37.58478,26.35836],"rotation":[12,9,-15],"uv":{"north":{"uv":[40,2],"uv_size":[1,1]},"east":{"uv":[38,2],"uv_size":[2,1]},"south":{"uv":[43,2],"uv_size":[1,1]},"west":{"uv":[41,2],"uv_size":[2,1]},"up":{"uv":[40,0],"uv_size":[1,2]},"down":{"uv":[134,64],"uv_size":[6,-9]}}},{"origin":[-6.15691,33.63043,-21.7381],"size":[1.3,1.7,2.3],"pivot":[0.3,37.58478,26.35836],"rotation":[12,-9,15],"uv":{"north":{"uv":[34,2],"uv_size":[-1,1]},"east":{"uv":[36,2],"uv_size":[-2,1]},"south":{"uv":[37,2],"uv_size":[-1,1]},"west":{"uv":[33,2],"uv_size":[-2,1]},"up":{"uv":[34,0],"uv_size":[-1,2]},"down":{"uv":[140,64],"uv_size":[-6,-9]}}},{"origin":[-3.69924,28.10533,-13.36881],"size":[3.9,1,1],"pivot":[-1.74924,28.60533,-12.86881],"rotation":[-19.71975,3.40487,-8.09196],"uv":{"north":{"uv":[85,23],"uv_size":[-3,1]},"east":{"uv":[86,23],"uv_size":[-1,1]},"south":{"uv":[89,23],"uv_size":[-3,1]},"west":{"uv":[82,23],"uv_size":[-1,1]},"up":{"uv":[85,22],"uv_size":[-3,1]},"down":{"uv":[88,23],"uv_size":[-3,-1]}}},{"origin":[-3.7,19.33073,-13.22764],"size":[8,9,8],"uv":{"north":{"uv":[174,66],"uv_size":[18,18]},"east":{"uv":[164,50],"uv_size":[8,9]},"south":{"uv":[188,50],"uv_size":[8,9]},"west":{"uv":[180,50],"uv_size":[8,9]},"up":{"uv":[172,42],"uv_size":[8,8]},"down":{"uv":[180,50],"uv_size":[8,-8]}}}]},{"name":"jaw","parent":"head","pivot":[0.3,21.00687,-13.04646],"cubes":[{"origin":[-1.7,20.00687,-20.04646],"size":[4,2,7],"uv":{"north":{"uv":[159,8],"uv_size":[6,2]},"east":{"uv":[151,8],"uv_size":[8,2]},"south":{"uv":[173,8],"uv_size":[6,2]},"west":{"uv":[165,8],"uv_size":[8,2]},"up":{"uv":[159,0],"uv_size":[6,8]},"down":{"uv":[165,8],"uv_size":[6,-8]}}}],"locators":{"feed":[0.56395,22.56191,-17.16352]}},{"name":"neck","parent":"all","pivot":[0.3,13.4,-2.9],"rotation":[-42.5,0,0]},{"name":"3","parent":"neck","pivot":[0.3,13.3211,-1.64949],"cubes":[{"origin":[-2.8,10.55325,-5.36841],"size":[6.4,6,5],"uv":{"north":{"uv":[181,18],"uv_size":[8,9]},"east":{"uv":[174,18],"uv_size":[7,9]},"south":{"uv":[196,18],"uv_size":[8,9]},"west":{"uv":[189,18],"uv_size":[7,9]},"up":{"uv":[181,11],"uv_size":[8,7]},"down":{"uv":[189,18],"uv_size":[8,-7]}}}]},{"name":"2","parent":"3","pivot":[0.3,13.36461,-5.29358],"rotation":[-17.5,0,0],"cubes":[{"origin":[-0.4,6.98599,-1.84456],"size":[1,2,2],"pivot":[0.1,18.54905,3.92498],"rotation":[-52.5,0,0],"uv":{"north":{"uv":[136,4],"uv_size":[2,4]},"east":{"uv":[132,4],"uv_size":[4,4]},"south":{"uv":[142,4],"uv_size":[2,4]},"west":{"uv":[138,4],"uv_size":[4,4]},"up":{"uv":[136,0],"uv_size":[2,4]},"down":{"uv":[138,4],"uv_size":[2,-4]}}},{"origin":[-2.3,11.2202,-8.81957],"size":[5.3,5,4],"uv":{"north":{"uv":[212,24],"uv_size":[7,8]},"east":{"uv":[206,24],"uv_size":[6,8]},"south":{"uv":[225,24],"uv_size":[7,8]},"west":{"uv":[219,24],"uv_size":[6,8]},"up":{"uv":[212,18],"uv_size":[7,6]},"down":{"uv":[219,24],"uv_size":[7,-6]}}}]},{"name":"1","parent":"2","pivot":[0.3,13.44633,-8.19761],"rotation":[-20,0,0],"cubes":[{"origin":[-0.5,14.27453,-12.69976],"size":[1.2,1.5,1.8],"pivot":[0.2,14.16823,-11.09116],"rotation":[-40,0,0],"uv":{"north":{"uv":[136,4],"uv_size":[2,4]},"east":{"uv":[132,4],"uv_size":[4,4]},"south":{"uv":[142,4],"uv_size":[2,4]},"west":{"uv":[138,4],"uv_size":[4,4]},"up":{"uv":[136,0],"uv_size":[2,4]},"down":{"uv":[138,4],"uv_size":[2,-4]}}},{"origin":[-1.7,10.58479,-14.33915],"size":[4,5,6],"pivot":[0.2,14.16823,-11.09116],"rotation":[12.5,0,0],"uv":{"north":{"uv":[239,23],"uv_size":[6,7]},"east":{"uv":[233,23],"uv_size":[6,7]},"south":{"uv":[251,23],"uv_size":[6,7]},"west":{"uv":[245,23],"uv_size":[6,7]},"up":{"uv":[239,17],"uv_size":[6,6]},"down":{"uv":[245,23],"uv_size":[6,-6]}}}]},{"name":"tail","parent":"all","pivot":[0.6,9.5,15.8],"rotation":[-22.5,0,0],"cubes":[{"origin":[-2.4,7.92388,15.41732],"size":[5,5,6],"uv":{"north":{"uv":[227,72],"uv_size":[9,9]},"east":{"uv":[215,72],"uv_size":[12,9]},"south":{"uv":[248,72],"uv_size":[9,9]},"west":{"uv":[236,72],"uv_size":[12,9]},"up":{"uv":[227,60],"uv_size":[9,12]},"down":{"uv":[236,72],"uv_size":[9,-12]}}},{"origin":[-0.4,11.84289,15.54964],"size":[1,2,2],"pivot":[0.3,12.92388,17.41732],"rotation":[44.5,0,0],"uv":{"north":{"uv":[136,4],"uv_size":[2,4]},"east":{"uv":[132,4],"uv_size":[4,4]},"south":{"uv":[142,4],"uv_size":[2,4]},"west":{"uv":[138,4],"uv_size":[4,4]},"up":{"uv":[136,0],"uv_size":[2,4]},"down":{"uv":[138,4],"uv_size":[2,-4]}}},{"origin":[-0.4,9.90427,17.67844],"size":[1,2,2],"pivot":[0.3,12.92388,17.41732],"rotation":[44.5,0,0],"uv":{"north":{"uv":[136,4],"uv_size":[2,4]},"east":{"uv":[132,4],"uv_size":[4,4]},"south":{"uv":[142,4],"uv_size":[2,4]},"west":{"uv":[138,4],"uv_size":[4,4]},"up":{"uv":[136,0],"uv_size":[2,4]},"down":{"uv":[138,4],"uv_size":[2,-4]}}}]},{"name":"6","parent":"tail","pivot":[0.6,10.63018,21.52217],"rotation":[10,0,0],"cubes":[{"origin":[-1.5,8.71209,20.60249],"size":[3.3,3.7,9],"uv":{"north":{"uv":[231,94],"uv_size":[7,7]},"east":{"uv":[219,94],"uv_size":[12,7]},"south":{"uv":[250,94],"uv_size":[7,7]},"west":{"uv":[238,94],"uv_size":[12,7]},"up":{"uv":[231,82],"uv_size":[7,12]},"down":{"uv":[238,94],"uv_size":[7,-12]}}},{"origin":[-0.5,10.79336,23.46835],"size":[1.3,2,2],"pivot":[0.15,12.56209,24.60249],"rotation":[-45,0,0],"uv":{"north":{"uv":[136,4],"uv_size":[1,4]},"east":{"uv":[132,4],"uv_size":[4,4]},"south":{"uv":[141,4],"uv_size":[1,4]},"west":{"uv":[137,4],"uv_size":[4,4]},"up":{"uv":[136,0],"uv_size":[1,4]},"down":{"uv":[137,4],"uv_size":[1,-4]}}},{"origin":[-0.5,13.70648,26.15418],"size":[1.3,2,2],"pivot":[0.15,12.56209,24.60249],"rotation":[-45,0,0],"uv":{"north":{"uv":[136,4],"uv_size":[1,4]},"east":{"uv":[132,4],"uv_size":[4,4]},"south":{"uv":[141,4],"uv_size":[1,4]},"west":{"uv":[137,4],"uv_size":[4,4]},"up":{"uv":[136,0],"uv_size":[1,4]},"down":{"uv":[137,4],"uv_size":[1,-4]}}}]},{"name":"5","parent":"6","pivot":[0.6,10.48173,28.95573],"rotation":[10,0,0],"cubes":[{"origin":[-0.6,9.87949,28.11717],"size":[1.6,1.6,9],"uv":{"north":{"uv":[235,113],"uv_size":[5,5]},"east":{"uv":[223,113],"uv_size":[12,5]},"south":{"uv":[252,113],"uv_size":[5,5]},"west":{"uv":[240,113],"uv_size":[12,5]},"up":{"uv":[235,101],"uv_size":[5,12]},"down":{"uv":[240,113],"uv_size":[5,-12]}}},{"origin":[-0.4,10.58746,30.03513],"size":[1.2,2,2],"pivot":[0.2,11.97949,31.61717],"rotation":[43,0,0],"uv":{"north":{"uv":[135,3],"uv_size":[1,3]},"east":{"uv":[132,3],"uv_size":[3,3]},"south":{"uv":[139,3],"uv_size":[1,3]},"west":{"uv":[136,3],"uv_size":[3,3]},"up":{"uv":[135,0],"uv_size":[1,3]},"down":{"uv":[136,3],"uv_size":[1,-3]}}},{"origin":[-0.4,8.4332,32.40349],"size":[1.2,2,2],"pivot":[0.2,11.97949,31.61717],"rotation":[43,0,0],"uv":{"north":{"uv":[135,3],"uv_size":[1,3]},"east":{"uv":[132,3],"uv_size":[3,3]},"south":{"uv":[139,3],"uv_size":[1,3]},"west":{"uv":[136,3],"uv_size":[3,3]},"up":{"uv":[135,0],"uv_size":[1,3]},"down":{"uv":[136,3],"uv_size":[1,-3]}}}]},{"name":"4","parent":"5","pivot":[0.6,10.45295,39.64075],"rotation":[15,0,0]},{"name":"leftLeg","parent":"all","pivot":[4.7,10.3,15.6],"cubes":[{"origin":[5.6,4.71305,25.44378],"size":[2,5.5,3],"pivot":[-3.4,30.73804,11.33499],"rotation":[-17.5,0,0],"uv":{"north":{"uv":[97,14],"uv_size":[3,6]},"east":{"uv":[93,14],"uv_size":[4,6]},"south":{"uv":[104,14],"uv_size":[3,6]},"west":{"uv":[100,14],"uv_size":[4,6]},"up":{"uv":[97,10],"uv_size":[3,4]},"down":{"uv":[100,14],"uv_size":[3,-4]}}},{"origin":[-0.19242,4.46188,19.25769],"size":[2,3.5,7],"pivot":[-3.4,28.73804,12.33499],"rotation":[-17.5,0,-13],"uv":{"north":{"uv":[57,30],"uv_size":[3,3]},"east":{"uv":[49,30],"uv_size":[8,3]},"south":{"uv":[68,30],"uv_size":[3,3]},"west":{"uv":[60,30],"uv_size":[8,3]},"up":{"uv":[57,22],"uv_size":[3,8]},"down":{"uv":[60,30],"uv_size":[3,-8]}}},{"origin":[-5.92592,5.88873,18.85228],"size":[4,5.5,6],"pivot":[-3.4,28.73804,12.33499],"rotation":[-17.5,9,-23],"uv":{"north":{"uv":[117,33],"uv_size":[4,6]},"east":{"uv":[110,33],"uv_size":[7,6]},"south":{"uv":[128,33],"uv_size":[4,6]},"west":{"uv":[121,33],"uv_size":[7,6]},"up":{"uv":[117,26],"uv_size":[4,7]},"down":{"uv":[121,33],"uv_size":[4,-7]}}}]},{"name":"bone4","parent":"leftLeg","pivot":[6.6,1.9,19.8],"cubes":[{"origin":[4.6,-0.1,16.4],"size":[5,2.5,6],"uv":{"north":{"uv":[89,6],"uv_size":[5,2]},"east":{"uv":[83,6],"uv_size":[6,2]},"south":{"uv":[100,6],"uv_size":[5,2]},"west":{"uv":[94,6],"uv_size":[6,2]},"up":{"uv":[89,0],"uv_size":[5,6]},"down":{"uv":[94,6],"uv_size":[5,-6]}}},{"origin":[8.94961,-0.2,12.20404],"size":[2,2,4],"pivot":[-2.4,30.63804,12.33499],"rotation":[0,-7.5,0],"uv":{"north":{"uv":[135,17],"uv_size":[2,2]},"east":{"uv":[131,17],"uv_size":[4,2]},"south":{"uv":[141,17],"uv_size":[2,2]},"west":{"uv":[137,17],"uv_size":[4,2]},"up":{"uv":[135,13],"uv_size":[2,4]},"down":{"uv":[137,17],"uv_size":[2,-4]}}},{"origin":[9.45389,-0.1,11.26931],"size":[1,1,1],"pivot":[-2.4,30.73804,12.33499],"rotation":[0,-7.5,0],"uv":{"north":{"uv":[75,1],"uv_size":[1,1]},"east":{"uv":[74,1],"uv_size":[1,1]},"south":{"uv":[77,1],"uv_size":[1,1]},"west":{"uv":[76,1],"uv_size":[1,1]},"up":{"uv":[75,0],"uv_size":[1,1]},"down":{"uv":[76,1],"uv_size":[1,-1]}}},{"origin":[6.1,-0.2,13.2],"size":[2,2,4],"uv":{"north":{"uv":[135,17],"uv_size":[2,2]},"east":{"uv":[131,17],"uv_size":[4,2]},"south":{"uv":[141,17],"uv_size":[2,2]},"west":{"uv":[137,17],"uv_size":[4,2]},"up":{"uv":[135,13],"uv_size":[2,4]},"down":{"uv":[137,17],"uv_size":[2,-4]}}},{"origin":[6.6,-0.1,12.2],"size":[1,1,1],"uv":{"north":{"uv":[75,1],"uv_size":[1,1]},"east":{"uv":[74,1],"uv_size":[1,1]},"south":{"uv":[77,1],"uv_size":[1,1]},"west":{"uv":[76,1],"uv_size":[1,1]},"up":{"uv":[75,0],"uv_size":[1,1]},"down":{"uv":[76,1],"uv_size":[1,-1]}}},{"origin":[2.89196,-0.2,14.9629],"size":[2,2,4],"pivot":[-2.4,30.63804,12.33499],"rotation":[0,10,0],"uv":{"north":{"uv":[135,17],"uv_size":[2,2]},"east":{"uv":[131,17],"uv_size":[4,2]},"south":{"uv":[141,17],"uv_size":[2,2]},"west":{"uv":[137,17],"uv_size":[4,2]},"up":{"uv":[135,13],"uv_size":[2,4]},"down":{"uv":[137,17],"uv_size":[2,-4]}}},{"origin":[3.36483,-0.1,14.07303],"size":[1,1,1],"pivot":[-2.4,30.73804,12.33499],"rotation":[0,10,0],"uv":{"north":{"uv":[75,1],"uv_size":[1,1]},"east":{"uv":[74,1],"uv_size":[1,1]},"south":{"uv":[77,1],"uv_size":[1,1]},"west":{"uv":[76,1],"uv_size":[1,1]},"up":{"uv":[75,0],"uv_size":[1,1]},"down":{"uv":[76,1],"uv_size":[1,-1]}}}]},{"name":"rightLeg","parent":"all","pivot":[-4.5,10.3,15.6],"cubes":[{"origin":[-8.4,4.71305,25.44378],"size":[2,5.5,3],"pivot":[2.6,30.73804,11.33499],"rotation":[-17.5,0,0],"uv":{"north":{"uv":[100,14],"uv_size":[-3,6]},"east":{"uv":[104,14],"uv_size":[-4,6]},"south":{"uv":[107,14],"uv_size":[-3,6]},"west":{"uv":[97,14],"uv_size":[-4,6]},"up":{"uv":[100,10],"uv_size":[-3,4]},"down":{"uv":[103,14],"uv_size":[-3,-4]}}},{"origin":[-2.60758,5.46188,19.25769],"size":[2,2.5,7],"pivot":[2.6,28.73804,12.33499],"rotation":[-17.5,0,13],"uv":{"north":{"uv":[60,30],"uv_size":[-3,3]},"east":{"uv":[68,30],"uv_size":[-8,3]},"south":{"uv":[71,30],"uv_size":[-3,3]},"west":{"uv":[57,30],"uv_size":[-8,3]},"up":{"uv":[60,22],"uv_size":[-3,8]},"down":{"uv":[63,30],"uv_size":[-3,-8]}}},{"origin":[2.12592,5.88873,18.85228],"size":[3,6.5,6],"pivot":[2.6,28.73804,12.33499],"rotation":[-17.5,-9,23],"uv":{"north":{"uv":[121,33],"uv_size":[-4,6]},"east":{"uv":[128,33],"uv_size":[-7,6]},"south":{"uv":[132,33],"uv_size":[-4,6]},"west":{"uv":[117,33],"uv_size":[-7,6]},"up":{"uv":[121,26],"uv_size":[-4,7]},"down":{"uv":[125,33],"uv_size":[-4,-7]}}}]},{"name":"bone2","parent":"rightLeg","pivot":[-7.4,1.9,19.8],"cubes":[{"origin":[-10.4,-0.1,16.4],"size":[5,2.5,6],"uv":{"north":{"uv":[94,6],"uv_size":[-5,2]},"east":{"uv":[100,6],"uv_size":[-6,2]},"south":{"uv":[105,6],"uv_size":[-5,2]},"west":{"uv":[89,6],"uv_size":[-6,2]},"up":{"uv":[94,0],"uv_size":[-5,6]},"down":{"uv":[99,6],"uv_size":[-5,-6]}}},{"origin":[-11.74961,-0.2,12.20404],"size":[2,2,4],"pivot":[1.6,30.63804,12.33499],"rotation":[0,7.5,0],"uv":{"north":{"uv":[137,17],"uv_size":[-2,2]},"east":{"uv":[141,17],"uv_size":[-4,2]},"south":{"uv":[143,17],"uv_size":[-2,2]},"west":{"uv":[135,17],"uv_size":[-4,2]},"up":{"uv":[137,13],"uv_size":[-2,4]},"down":{"uv":[139,17],"uv_size":[-2,-4]}}},{"origin":[-11.25389,-0.1,11.26931],"size":[1,1,1],"pivot":[1.6,30.73804,12.33499],"rotation":[0,7.5,0],"uv":{"north":{"uv":[76,1],"uv_size":[-1,1]},"east":{"uv":[77,1],"uv_size":[-1,1]},"south":{"uv":[78,1],"uv_size":[-1,1]},"west":{"uv":[75,1],"uv_size":[-1,1]},"up":{"uv":[76,0],"uv_size":[-1,1]},"down":{"uv":[77,1],"uv_size":[-1,-1]}}},{"origin":[-8.9,-0.2,13.2],"size":[2,2,4],"uv":{"north":{"uv":[137,17],"uv_size":[-2,2]},"east":{"uv":[141,17],"uv_size":[-4,2]},"south":{"uv":[143,17],"uv_size":[-2,2]},"west":{"uv":[135,17],"uv_size":[-4,2]},"up":{"uv":[137,13],"uv_size":[-2,4]},"down":{"uv":[139,17],"uv_size":[-2,-4]}}},{"origin":[-8.4,-0.1,12.2],"size":[1,1,1],"uv":{"north":{"uv":[76,1],"uv_size":[-1,1]},"east":{"uv":[77,1],"uv_size":[-1,1]},"south":{"uv":[78,1],"uv_size":[-1,1]},"west":{"uv":[75,1],"uv_size":[-1,1]},"up":{"uv":[76,0],"uv_size":[-1,1]},"down":{"uv":[77,1],"uv_size":[-1,-1]}}},{"origin":[-5.69196,-0.2,14.9629],"size":[2,2,4],"pivot":[1.6,30.63804,12.33499],"rotation":[0,-10,0],"uv":{"north":{"uv":[137,17],"uv_size":[-2,2]},"east":{"uv":[141,17],"uv_size":[-4,2]},"south":{"uv":[143,17],"uv_size":[-2,2]},"west":{"uv":[135,17],"uv_size":[-4,2]},"up":{"uv":[137,13],"uv_size":[-2,4]},"down":{"uv":[139,17],"uv_size":[-2,-4]}}},{"origin":[-5.16483,-0.1,14.07303],"size":[1,1,1],"pivot":[1.6,30.73804,12.33499],"rotation":[0,-10,0],"uv":{"north":{"uv":[76,1],"uv_size":[-1,1]},"east":{"uv":[77,1],"uv_size":[-1,1]},"south":{"uv":[78,1],"uv_size":[-1,1]},"west":{"uv":[75,1],"uv_size":[-1,1]},"up":{"uv":[76,0],"uv_size":[-1,1]},"down":{"uv":[77,1],"uv_size":[-1,-1]}}}]},{"name":"wings","parent":"all","pivot":[-3.5,15.5,0.5]},{"name":"WingLeft","parent":"wings","pivot":[4.6,15,3.3],"rotation":[-41,-64,-28],"cubes":[{"origin":[4.10535,13.62262,2.35966],"size":[9,2,2],"uv":{"north":{"uv":[80,38],"uv_size":[12,2]},"east":{"uv":[78,38],"uv_size":[2,2]},"south":{"uv":[94,38],"uv_size":[12,2]},"west":{"uv":[92,38],"uv_size":[2,2]},"up":{"uv":[80,36],"uv_size":[12,2]},"down":{"uv":[92,38],"uv_size":[12,-2]}}}]},{"name":"wL1","parent":"WingLeft","pivot":[12.7784,14.62262,2.97687],"rotation":[0,147.5,0],"cubes":[{"origin":[12.1609,13.62262,1.80758],"size":[13,2,2],"uv":{"north":{"uv":[124,49],"uv_size":[17,2]},"east":{"uv":[122,49],"uv_size":[2,2]},"south":{"uv":[143,49],"uv_size":[17,2]},"west":{"uv":[141,49],"uv_size":[2,2]},"up":{"uv":[124,47],"uv_size":[17,2]},"down":{"uv":[141,49],"uv_size":[17,-2]}}}]},{"name":"wL2","parent":"wL1","pivot":[24.40613,14.79316,3.27457],"rotation":[0,12.5,0],"cubes":[{"origin":[7.61596,14.30294,3.19207],"size":[17,1,1],"uv":{"north":{"uv":[123,48],"uv_size":[24,1]},"east":{"uv":[122,48],"uv_size":[1,1]},"south":{"uv":[148,48],"uv_size":[24,1]},"west":{"uv":[147,48],"uv_size":[1,1]},"up":{"uv":[123,47],"uv_size":[24,1]},"down":{"uv":[147,48],"uv_size":[24,-1]}}},{"origin":[8.61596,14.60294,-9.80793],"size":[16,0.2,13],"uv":{"north":{"uv":[13,255],"uv_size":[23,0]},"east":{"uv":[0,255],"uv_size":[13,0]},"south":{"uv":[49,255],"uv_size":[23,0]},"west":{"uv":[36,255],"uv_size":[13,0]},"up":{"uv":[70,248],"uv_size":[11,8]},"down":{"uv":[50,256],"uv_size":[38,-23]}}}]},{"name":"wL3","parent":"wL2","pivot":[24.45003,14.79316,3.68933],"rotation":[0,12.5,0],"cubes":[{"origin":[7.61596,14.30294,3.19207],"size":[17,1,1],"uv":{"north":{"uv":[123,48],"uv_size":[24,1]},"east":{"uv":[122,48],"uv_size":[1,1]},"south":{"uv":[148,48],"uv_size":[24,1]},"west":{"uv":[147,48],"uv_size":[1,1]},"up":{"uv":[123,47],"uv_size":[24,1]},"down":{"uv":[147,48],"uv_size":[24,-1]}}},{"origin":[8.61596,14.70294,-9.80793],"size":[16,0.2,13],"uv":{"north":{"uv":[13,255],"uv_size":[23,0]},"east":{"uv":[0,255],"uv_size":[13,0]},"south":{"uv":[49,255],"uv_size":[23,0]},"west":{"uv":[36,255],"uv_size":[13,0]},"up":{"uv":[68,251],"uv_size":[9,5]},"down":{"uv":[50,256],"uv_size":[38,-23]}}}]},{"name":"wL4","parent":"wL3","pivot":[24.45003,14.79316,3.68933],"rotation":[0,15,0],"cubes":[{"origin":[7.61596,14.30294,3.19207],"size":[17,1,1],"uv":{"north":{"uv":[123,48],"uv_size":[24,1]},"east":{"uv":[122,48],"uv_size":[1,1]},"south":{"uv":[148,48],"uv_size":[24,1]},"west":{"uv":[147,48],"uv_size":[1,1]},"up":{"uv":[123,47],"uv_size":[24,1]},"down":{"uv":[147,48],"uv_size":[24,-1]}}},{"origin":[8.61596,14.80294,-9.80793],"size":[16,0.2,13],"uv":{"north":{"uv":[13,255],"uv_size":[23,0]},"east":{"uv":[0,255],"uv_size":[13,0]},"south":{"uv":[49,255],"uv_size":[23,0]},"west":{"uv":[36,255],"uv_size":[13,0]},"up":{"uv":[69,252],"uv_size":[7,4]},"down":{"uv":[50,256],"uv_size":[38,-23]}}}]},{"name":"wL5","parent":"wL4","pivot":[24.45003,14.79316,3.68933],"rotation":[0,17.5,0],"cubes":[{"origin":[7.61596,14.30294,3.19207],"size":[17,1,1],"uv":{"north":{"uv":[123,48],"uv_size":[24,1]},"east":{"uv":[122,48],"uv_size":[1,1]},"south":{"uv":[148,48],"uv_size":[24,1]},"west":{"uv":[147,48],"uv_size":[1,1]},"up":{"uv":[123,47],"uv_size":[24,1]},"down":{"uv":[147,48],"uv_size":[24,-1]}}},{"origin":[8.61596,14.90294,-9.80793],"size":[16,0.2,13],"uv":{"north":{"uv":[13,255],"uv_size":[23,0]},"east":{"uv":[0,255],"uv_size":[13,0]},"south":{"uv":[49,255],"uv_size":[23,0]},"west":{"uv":[36,255],"uv_size":[13,0]},"up":{"uv":[68,250],"uv_size":[17,6]},"down":{"uv":[50,256],"uv_size":[38,-23]}}}]},{"name":"wings2","parent":"all","pivot":[2.5,15.5,2.5]},{"name":"WingRight","parent":"wings2","pivot":[-4.6,15,3.3],"rotation":[-41,64,28],"cubes":[{"origin":[-13.10874,13.58736,2.12362],"size":[9,2,2],"uv":{"north":{"uv":[92,38],"uv_size":[-12,2]},"east":{"uv":[94,38],"uv_size":[-2,2]},"south":{"uv":[106,38],"uv_size":[-12,2]},"west":{"uv":[80,38],"uv_size":[-2,2]},"up":{"uv":[92,36],"uv_size":[-12,2]},"down":{"uv":[104,38],"uv_size":[-12,-2]}}}]},{"name":"wR1","parent":"WingRight","pivot":[-12.78179,14.58736,2.74083],"rotation":[0,-147.5,0],"cubes":[{"origin":[-25.16429,13.58736,1.57154],"size":[13,2,2],"uv":{"north":{"uv":[141,49],"uv_size":[-17,2]},"east":{"uv":[143,49],"uv_size":[-2,2]},"south":{"uv":[160,49],"uv_size":[-17,2]},"west":{"uv":[124,49],"uv_size":[-2,2]},"up":{"uv":[141,47],"uv_size":[-17,2]},"down":{"uv":[158,49],"uv_size":[-17,-2]}}}]},{"name":"wR2","parent":"wR1","pivot":[-24.49995,14.5931,3.19558],"rotation":[0,-12.5,0],"cubes":[{"origin":[-24.66588,14.10288,2.69832],"size":[17,1,1],"uv":{"north":{"uv":[147,48],"uv_size":[-24,1]},"east":{"uv":[148,48],"uv_size":[-1,1]},"south":{"uv":[172,48],"uv_size":[-24,1]},"west":{"uv":[123,48],"uv_size":[-1,1]},"up":{"uv":[147,47],"uv_size":[-24,1]},"down":{"uv":[171,48],"uv_size":[-24,-1]}}},{"origin":[-24.66588,14.40288,-10.30168],"size":[16,0.2,13],"uv":{"north":{"uv":[36,255],"uv_size":[-23,0]},"east":{"uv":[49,255],"uv_size":[-13,0]},"south":{"uv":[72,255],"uv_size":[-23,0]},"west":{"uv":[13,255],"uv_size":[-13,0]},"up":{"uv":[78,250],"uv_size":[-9,6]},"down":{"uv":[3,256],"uv_size":[38,-23]}}}]},{"name":"wR3","parent":"wR2","pivot":[-24.49995,14.5931,3.19558],"rotation":[0,-12.5,0],"cubes":[{"origin":[-24.66588,14.10288,2.69832],"size":[17,1,1],"uv":{"north":{"uv":[147,48],"uv_size":[-24,1]},"east":{"uv":[148,48],"uv_size":[-1,1]},"south":{"uv":[172,48],"uv_size":[-24,1]},"west":{"uv":[123,48],"uv_size":[-1,1]},"up":{"uv":[147,47],"uv_size":[-24,1]},"down":{"uv":[171,48],"uv_size":[-24,-1]}}},{"origin":[-24.66588,14.50288,-10.30168],"size":[16,0.2,13],"uv":{"north":{"uv":[36,255],"uv_size":[-23,0]},"east":{"uv":[49,255],"uv_size":[-13,0]},"south":{"uv":[72,255],"uv_size":[-23,0]},"west":{"uv":[13,255],"uv_size":[-13,0]},"up":{"uv":[83,251],"uv_size":[-7,5]},"down":{"uv":[3,256],"uv_size":[38,-23]}}}]},{"name":"wR4","parent":"wR3","pivot":[-24.49995,14.5931,3.19558],"rotation":[0,-15,0],"cubes":[{"origin":[-24.66588,14.10288,2.69832],"size":[17,1,1],"uv":{"north":{"uv":[147,48],"uv_size":[-24,1]},"east":{"uv":[148,48],"uv_size":[-1,1]},"south":{"uv":[172,48],"uv_size":[-24,1]},"west":{"uv":[123,48],"uv_size":[-1,1]},"up":{"uv":[147,47],"uv_size":[-24,1]},"down":{"uv":[171,48],"uv_size":[-24,-1]}}},{"origin":[-24.66588,14.60288,-10.30168],"size":[16,0.2,13],"uv":{"north":{"uv":[36,255],"uv_size":[-23,0]},"east":{"uv":[49,255],"uv_size":[-13,0]},"south":{"uv":[72,255],"uv_size":[-23,0]},"west":{"uv":[13,255],"uv_size":[-13,0]},"up":{"uv":[84,254],"uv_size":[-11,2]},"down":{"uv":[3,255],"uv_size":[38,-22]}}}]},{"name":"wR5","parent":"wR4","pivot":[-24.49995,14.5931,3.19558],"rotation":[0,-17.5,0],"cubes":[{"origin":[-24.66588,14.10288,2.69832],"size":[17,1,1],"uv":{"north":{"uv":[147,48],"uv_size":[-24,1]},"east":{"uv":[148,48],"uv_size":[-1,1]},"south":{"uv":[172,48],"uv_size":[-24,1]},"west":{"uv":[123,48],"uv_size":[-1,1]},"up":{"uv":[147,47],"uv_size":[-24,1]},"down":{"uv":[171,48],"uv_size":[-24,-1]}}},{"origin":[-24.66588,14.70288,-10.30168],"size":[16,0.2,13],"uv":{"north":{"uv":[36,255],"uv_size":[-23,0]},"east":{"uv":[49,255],"uv_size":[-13,0]},"south":{"uv":[72,255],"uv_size":[-23,0]},"west":{"uv":[13,255],"uv_size":[-13,0]},"up":{"uv":[80,252],"uv_size":[-15,4]},"down":{"uv":[3,256],"uv_size":[38,-23]}}}]}]}]}