{"format_version":"1.12.0","minecraft:geometry":[{"description":{"identifier":"geometry.golden_retriver","texture_width":128,"texture_height":128,"visible_bounds_width":12,"visible_bounds_height":9,"visible_bounds_offset":[0,0,0]},"bones":[{"name":"dog","pivot":[-6,0,0]},{"name":"body","parent":"dog","pivot":[-3,17,1.75],"rotation":[-2.5,0,0],"cubes":[{"origin":[-5,11.98953,1.52019],"size":[10,10,11],"pivot":[-3,26.48953,2.52019],"rotation":[2.5,0,0],"uv":{"north":{"uv":[11,35],"uv_size":[10,10]},"east":{"uv":[0,35],"uv_size":[11,10]},"south":{"uv":[32,35],"uv_size":[10,10]},"west":{"uv":[21,35],"uv_size":[11,10]},"up":{"uv":[11,24],"uv_size":[10,11]},"down":{"uv":[21,35],"uv_size":[10,-11]}}},{"origin":[-4.8,8.67476,-12.90562],"size":[9.7,11,17],"pivot":[0,13.17476,-4.40562],"rotation":[10,0,0],"uv":{"north":{"uv":[17,88],"uv_size":[9,11]},"east":{"uv":[0,88],"uv_size":[17,11]},"south":{"uv":[43,88],"uv_size":[9,11]},"west":{"uv":[26,88],"uv_size":[17,11]},"up":{"uv":[17,71],"uv_size":[9,17]},"down":{"uv":[26,88],"uv_size":[9,-17]}}}]},{"name":"bone","parent":"body","pivot":[-2,17.29039,-2.10639],"cubes":[{"origin":[-6,10.79039,-11.60639],"size":[12,11,13],"pivot":[-2,29.29039,-2.10639],"rotation":[2.5,0,0],"uv":{"north":{"uv":[13,13],"uv_size":[12,11]},"east":{"uv":[0,13],"uv_size":[13,11]},"south":{"uv":[38,13],"uv_size":[12,11]},"west":{"uv":[25,13],"uv_size":[13,11]},"up":{"uv":[13,0],"uv_size":[12,13]},"down":{"uv":[25,13],"uv_size":[12,-13]}}}]},{"name":"sheya","parent":"body","pivot":[-3,20.17691,-8.13457],"rotation":[2.5,0,0],"cubes":[{"origin":[-3.5,18.6289,-8.43952],"size":[7,6,9],"pivot":[-3,33.84344,-8.78476],"rotation":[-30,0,0],"uv":{"north":{"uv":[50,24],"uv_size":[7,6]},"east":{"uv":[41,24],"uv_size":[9,6]},"south":{"uv":[66,24],"uv_size":[7,6]},"west":{"uv":[57,24],"uv_size":[9,6]},"up":{"uv":[50,15],"uv_size":[7,9]},"down":{"uv":[57,24],"uv_size":[7,-9]}}}]},{"name":"head","parent":"sheya","pivot":[0.4,21.34344,-11.78476],"cubes":[{"origin":[-4.6,18.34344,-18.78476],"size":[9,9,8],"uv":{"north":{"uv":[42,45],"uv_size":[9,9]},"east":{"uv":[35,45],"uv_size":[7,9]},"south":{"uv":[58,45],"uv_size":[9,9]},"west":{"uv":[51,45],"uv_size":[7,9]},"up":{"uv":[42,38],"uv_size":[9,7]},"down":{"uv":[51,45],"uv_size":[9,-7]}}},{"origin":[-2.6,19.40344,-21.78476],"size":[5,3,4],"uv":{"north":{"uv":[41,4],"uv_size":[5,3]},"east":{"uv":[37,4],"uv_size":[4,3]},"south":{"uv":[50,4],"uv_size":[5,3]},"west":{"uv":[46,4],"uv_size":[4,3]},"up":{"uv":[41,0],"uv_size":[5,4]},"down":{"uv":[46,4],"uv_size":[5,-4]}}},{"origin":[-1.1,21.65344,-22.23476],"size":[2,1,1],"uv":{"north":{"uv":[8,12],"uv_size":[2,1]},"east":{"uv":[7,12],"uv_size":[1,1]},"south":{"uv":[11,12],"uv_size":[2,1]},"west":{"uv":[10,12],"uv_size":[1,1]},"up":{"uv":[8,11],"uv_size":[2,1]},"down":{"uv":[10,12],"uv_size":[2,-1]}}}],"locators":{"lead2":[-3.6,23.84344,-10.78476]}},{"name":"uho1","parent":"head","pivot":[3.353,26.59121,-14.28476],"rotation":[167.5,-90,0],"cubes":[{"origin":[1.853,25.28395,-15.0249],"size":[3,5,3],"uv":{"north":{"uv":[67,17],"uv_size":[3,5]},"east":{"uv":[64,17],"uv_size":[3,5]},"south":{"uv":[73,17],"uv_size":[3,5]},"west":{"uv":[70,17],"uv_size":[3,5]},"up":{"uv":[67,14],"uv_size":[3,3]},"down":{"uv":[70,17],"uv_size":[3,-3]}}}]},{"name":"uho2","parent":"head","pivot":[-3.553,26.59121,-14.28476],"rotation":[165,90,0],"cubes":[{"origin":[-5.053,25.31595,-15.07765],"size":[3,5,3],"uv":{"north":{"uv":[3,3],"uv_size":[3,5]},"east":{"uv":[0,3],"uv_size":[3,5]},"south":{"uv":[9,3],"uv_size":[3,5]},"west":{"uv":[6,3],"uv_size":[3,5]},"up":{"uv":[3,0],"uv_size":[3,3]},"down":{"uv":[6,3],"uv_size":[3,-3]}}}]},{"name":"chelust","parent":"head","pivot":[0,18.90344,-17.78476],"cubes":[{"origin":[-1.5,18.40344,-20.78476],"size":[3,1,4],"uv":{"north":{"uv":[19,49],"uv_size":[3,1]},"east":{"uv":[15,49],"uv_size":[4,1]},"south":{"uv":[26,49],"uv_size":[3,1]},"west":{"uv":[22,49],"uv_size":[4,1]},"up":{"uv":[19,45],"uv_size":[3,4]},"down":{"uv":[22,49],"uv_size":[3,-4]}}}]},{"name":"yazik","parent":"chelust","pivot":[0,19.40344,-18.15976],"cubes":[{"origin":[-1,19.40344,-20.53476],"size":[2,0,4.75],"uv":{"north":{"uv":[8,78],"uv_size":[2,0]},"east":{"uv":[4,78],"uv_size":[4,0]},"south":{"uv":[14,78],"uv_size":[2,0]},"west":{"uv":[10,78],"uv_size":[4,0]},"up":{"uv":[8,74],"uv_size":[2,4]},"down":{"uv":[10,78],"uv_size":[2,-4]}}}]},{"name":"hats","parent":"head","pivot":[-0.13223,27.22314,-14.40579]},{"name":"tail","parent":"body","pivot":[0,20.29297,12.42629],"rotation":[100,0,0]},{"name":"t5","parent":"tail","pivot":[-1.5,19.88988,12.60362],"cubes":[{"origin":[-1.5,14.4983,8.57795],"size":[3,6,6],"uv":{"north":{"uv":[35,30],"uv_size":[3,5]},"east":{"uv":[31,30],"uv_size":[4,5]},"south":{"uv":[42,30],"uv_size":[3,5]},"west":{"uv":[38,30],"uv_size":[4,5]},"up":{"uv":[35,26],"uv_size":[3,4]},"down":{"uv":[38,30],"uv_size":[3,-4]}}}]},{"name":"t6","parent":"t5","pivot":[0.1,12.30109,12.40678],"cubes":[{"origin":[-1.2,3.89124,10.96139],"size":[2.4,9,7],"pivot":[-0.4,-26.7646,-6.81009],"rotation":[5,0,0],"uv":{"north":{"uv":[64,67],"uv_size":[2,5]},"east":{"uv":[61,67],"uv_size":[3,5]},"south":{"uv":[69,67],"uv_size":[2,5]},"west":{"uv":[66,67],"uv_size":[3,5]},"up":{"uv":[64,64],"uv_size":[2,3]},"down":{"uv":[66,67],"uv_size":[2,-3]}}}]},{"name":"leg4","parent":"body","pivot":[3.5,10.98953,-8.47981],"rotation":[5,0,0],"cubes":[{"origin":[2.5,5.21808,-10.42197],"size":[4,7,4],"uv":{"north":{"uv":[42,58],"uv_size":[4,7]},"east":{"uv":[38,58],"uv_size":[4,7]},"south":{"uv":[50,58],"uv_size":[4,7]},"west":{"uv":[46,58],"uv_size":[4,7]},"up":{"uv":[42,54],"uv_size":[4,4]},"down":{"uv":[46,58],"uv_size":[4,-4]}}}]},{"name":"L7","parent":"leg4","pivot":[3.5,11.11818,-6.42633],"rotation":[-7.5,0,0],"cubes":[{"origin":[2.55859,-0.7822,-9.43505],"size":[3.88281,6,4],"uv":{"north":{"uv":[18,65],"uv_size":[3,6]},"east":{"uv":[14,65],"uv_size":[4,6]},"south":{"uv":[25,65],"uv_size":[3,6]},"west":{"uv":[21,65],"uv_size":[4,6]},"up":{"uv":[18,61],"uv_size":[3,4]},"down":{"uv":[21,65],"uv_size":[3,-4]}}}]},{"name":"leg2","parent":"body","pivot":[-3.5,10.98953,-8.47981],"rotation":[5,0,0],"cubes":[{"origin":[-6.5,5.11818,-10.42633],"size":[4,7,4],"uv":{"north":{"uv":[26,54],"uv_size":[4,7]},"east":{"uv":[22,54],"uv_size":[4,7]},"south":{"uv":[34,54],"uv_size":[4,7]},"west":{"uv":[30,54],"uv_size":[4,7]},"up":{"uv":[26,50],"uv_size":[4,4]},"down":{"uv":[30,54],"uv_size":[4,-4]}}}]},{"name":"L8","parent":"leg2","pivot":[-4.5,11.11818,-6.42633],"rotation":[-7.5,0,0],"cubes":[{"origin":[-6.4414,-0.88182,-9.42633],"size":[3.88281,6,4],"uv":{"north":{"uv":[64,34],"uv_size":[3,6]},"east":{"uv":[60,34],"uv_size":[4,6]},"south":{"uv":[71,34],"uv_size":[3,6]},"west":{"uv":[67,34],"uv_size":[4,6]},"up":{"uv":[64,30],"uv_size":[3,4]},"down":{"uv":[67,34],"uv_size":[3,-4]}}}]},{"name":"leg0","parent":"body","pivot":[5,13.94916,9.24925],"rotation":[20,0,0],"cubes":[{"origin":[3,7.6103,5.99235],"size":[4,7,7],"uv":{"north":{"uv":[57,7],"uv_size":[4,7]},"east":{"uv":[50,7],"uv_size":[7,7]},"south":{"uv":[68,7],"uv_size":[4,7]},"west":{"uv":[61,7],"uv_size":[7,7]},"up":{"uv":[57,0],"uv_size":[4,7]},"down":{"uv":[61,7],"uv_size":[4,-7]}}}]},{"name":"L15","parent":"leg0","pivot":[4,6.80249,12.5233],"rotation":[22.5,0,0],"cubes":[{"origin":[3.5,3.64398,7.87397],"size":[3,6,4],"uv":{"north":{"uv":[4,63],"uv_size":[3,6]},"east":{"uv":[0,63],"uv_size":[4,6]},"south":{"uv":[11,63],"uv_size":[3,6]},"west":{"uv":[7,63],"uv_size":[4,6]},"up":{"uv":[4,59],"uv_size":[3,4]},"down":{"uv":[7,63],"uv_size":[3,-4]}}}]},{"name":"L16","parent":"L15","pivot":[4.3203,-3.15714,13.6984],"rotation":[-55,0,0],"cubes":[{"origin":[4.04062,-6.75067,4.0808],"size":[2.35938,6,3],"uv":{"north":{"uv":[54,67],"uv_size":[2,6]},"east":{"uv":[51,67],"uv_size":[3,6]},"south":{"uv":[59,67],"uv_size":[2,6]},"west":{"uv":[56,67],"uv_size":[3,6]},"up":{"uv":[54,64],"uv_size":[2,3]},"down":{"uv":[56,67],"uv_size":[2,-3]}}}]},{"name":"L17","parent":"L16","pivot":[4.25,-6.96135,7.23924],"rotation":[15,0,0],"cubes":[{"origin":[3.5,-6.71684,3.14073],"size":[3.5,2,4],"uv":{"north":{"uv":[32,65],"uv_size":[3,2]},"east":{"uv":[28,65],"uv_size":[4,2]},"south":{"uv":[39,65],"uv_size":[3,2]},"west":{"uv":[35,65],"uv_size":[4,2]},"up":{"uv":[32,61],"uv_size":[3,4]},"down":{"uv":[35,65],"uv_size":[3,-4]}}}]},{"name":"leg1","parent":"body","pivot":[-5,13.94916,9.24925],"rotation":[20,0,0],"cubes":[{"origin":[-7,7.6103,5.99235],"size":[4,7,7],"uv":{"north":{"uv":[7,52],"uv_size":[4,7]},"east":{"uv":[0,52],"uv_size":[7,7]},"south":{"uv":[18,52],"uv_size":[4,7]},"west":{"uv":[11,52],"uv_size":[7,7]},"up":{"uv":[7,45],"uv_size":[4,7]},"down":{"uv":[11,52],"uv_size":[4,-7]}}}]},{"name":"L9","parent":"leg1","pivot":[-6,6.80249,12.5233],"rotation":[22.5,0,0],"cubes":[{"origin":[-6.5,3.64398,7.87397],"size":[3,6,4],"uv":{"north":{"uv":[58,58],"uv_size":[3,6]},"east":{"uv":[54,58],"uv_size":[4,6]},"south":{"uv":[65,58],"uv_size":[3,6]},"west":{"uv":[61,58],"uv_size":[4,6]},"up":{"uv":[58,54],"uv_size":[3,4]},"down":{"uv":[61,58],"uv_size":[3,-4]}}}]},{"name":"L10","parent":"L9","pivot":[-6.1797,-3.15714,13.6984],"rotation":[-55,0,0],"cubes":[{"origin":[-6.45938,-6.75067,4.0808],"size":[2.35938,6,3],"uv":{"north":{"uv":[3,27],"uv_size":[2,6]},"east":{"uv":[0,27],"uv_size":[3,6]},"south":{"uv":[8,27],"uv_size":[2,6]},"west":{"uv":[5,27],"uv_size":[3,6]},"up":{"uv":[3,24],"uv_size":[2,3]},"down":{"uv":[5,27],"uv_size":[2,-3]}}}]},{"name":"L14","parent":"L10","pivot":[-6.25,-6.96135,7.23924],"rotation":[15,0,0],"cubes":[{"origin":[-7,-6.71684,3.14073],"size":[3.5,2,4],"uv":{"north":{"uv":[46,35],"uv_size":[3,2]},"east":{"uv":[42,35],"uv_size":[4,2]},"south":{"uv":[53,35],"uv_size":[3,2]},"west":{"uv":[49,35],"uv_size":[4,2]},"up":{"uv":[46,31],"uv_size":[3,4]},"down":{"uv":[49,35],"uv_size":[3,-4]}}}]}]}]}