{"format_version":"1.12.0","minecraft:geometry":[{"description":{"identifier":"geometry.jeep_robot","texture_width":512,"texture_height":512,"visible_bounds_width":9,"visible_bounds_height":9,"visible_bounds_offset":[0,2.5,0]},"bones":[{"name":"body","pivot":[0,37,-14]},{"name":"telo","parent":"body","pivot":[0,46,-1],"cubes":[{"origin":[-11,33,-13],"size":[22,12,24],"uv":{"north":{"uv":[327,0],"uv_size":[28,13]},"east":{"uv":[328,14],"uv_size":[28,13]},"south":{"uv":[328,14],"uv_size":[28,13]},"west":{"uv":[328,14],"uv_size":[28,13]},"up":{"uv":[356,27],"uv_size":[-28,-13]},"down":{"uv":[356,27],"uv_size":[-28,-13]}}}]},{"name":"zad","parent":"body","pivot":[20.99609,66.5,-6.5],"cubes":[{"origin":[19.99609,57,-17],"size":[2,10,29],"uv":{"north":{"uv":[56,198],"uv_size":[2,10]},"east":{"uv":[27,198],"uv_size":[29,10]},"south":{"uv":[87,198],"uv_size":[2,10]},"west":{"uv":[58,198],"uv_size":[29,10]},"up":{"uv":[56,169],"uv_size":[2,29]},"down":{"uv":[58,198],"uv_size":[2,-29]}}},{"origin":[-21.99609,57,-17],"size":[2,10,29],"uv":{"north":{"uv":[135,193],"uv_size":[2,10]},"east":{"uv":[106,193],"uv_size":[29,10]},"south":{"uv":[166,193],"uv_size":[2,10]},"west":{"uv":[137,193],"uv_size":[29,10]},"up":{"uv":[135,164],"uv_size":[2,29]},"down":{"uv":[137,193],"uv_size":[2,-29]}}},{"origin":[19.99609,45,-17],"size":[2,12,9],"uv":{"north":{"uv":[9,159],"uv_size":[2,12]},"east":{"uv":[0,159],"uv_size":[9,12]},"south":{"uv":[20,159],"uv_size":[2,12]},"west":{"uv":[11,159],"uv_size":[9,12]},"up":{"uv":[9,150],"uv_size":[2,9]},"down":{"uv":[11,159],"uv_size":[2,-9]}}},{"origin":[-21.99609,45,-17],"size":[2,12,9],"uv":{"north":{"uv":[9,51],"uv_size":[2,12]},"east":{"uv":[0,51],"uv_size":[9,12]},"south":{"uv":[20,51],"uv_size":[2,12]},"west":{"uv":[11,51],"uv_size":[9,12]},"up":{"uv":[9,42],"uv_size":[2,9]},"down":{"uv":[11,51],"uv_size":[2,-9]}}},{"origin":[19.99609,81,-17],"size":[2,2,25],"uv":{"north":{"uv":[168,211],"uv_size":[2,2]},"east":{"uv":[143,211],"uv_size":[25,2]},"south":{"uv":[195,211],"uv_size":[2,2]},"west":{"uv":[170,211],"uv_size":[25,2]},"up":{"uv":[168,186],"uv_size":[2,25]},"down":{"uv":[170,211],"uv_size":[2,-25]}}},{"origin":[-21.99609,81,-17],"size":[2,2,25],"uv":{"north":{"uv":[89,208],"uv_size":[2,2]},"east":{"uv":[64,208],"uv_size":[25,2]},"south":{"uv":[116,208],"uv_size":[2,2]},"west":{"uv":[91,208],"uv_size":[25,2]},"up":{"uv":[89,183],"uv_size":[2,25]},"down":{"uv":[91,208],"uv_size":[2,-25]}}},{"origin":[13.99609,65.5,6],"size":[8,17.5,2],"pivot":[20.99609,83,8],"rotation":[22.5,0,0],"uv":{"north":{"uv":[2,110],"uv_size":[8,17]},"east":{"uv":[0,110],"uv_size":[2,17]},"south":{"uv":[12,110],"uv_size":[8,17]},"west":{"uv":[10,110],"uv_size":[2,17]},"up":{"uv":[2,108],"uv_size":[8,2]},"down":{"uv":[10,110],"uv_size":[8,-2]}}},{"origin":[20.99609,65.5,1],"size":[0,17.5,7],"pivot":[20.99609,83,8],"rotation":[22.5,0,0],"uv":{"north":{"uv":[146,164],"uv_size":[0,17]},"east":{"uv":[139,164],"uv_size":[7,17]},"south":{"uv":[153,164],"uv_size":[0,17]},"west":{"uv":[146,164],"uv_size":[7,17]},"up":{"uv":[146,157],"uv_size":[0,7]},"down":{"uv":[146,164],"uv_size":[0,-7]}}},{"origin":[-20.99609,65.5,1],"size":[0,17.5,7],"pivot":[-20.99609,83,8],"rotation":[22.5,0,0],"uv":{"north":{"uv":[115,78],"uv_size":[0,17]},"east":{"uv":[108,78],"uv_size":[7,17]},"south":{"uv":[122,78],"uv_size":[0,17]},"west":{"uv":[115,78],"uv_size":[7,17]},"up":{"uv":[115,71],"uv_size":[0,7]},"down":{"uv":[115,78],"uv_size":[0,-7]}}},{"origin":[-14.00391,81,6],"size":[28,2,2],"pivot":[12.99609,83,8],"rotation":[22.5,0,0],"uv":{"north":{"uv":[32,166],"uv_size":[28,2]},"east":{"uv":[30,166],"uv_size":[2,2]},"south":{"uv":[62,166],"uv_size":[28,2]},"west":{"uv":[60,166],"uv_size":[2,2]},"up":{"uv":[32,164],"uv_size":[28,2]},"down":{"uv":[60,166],"uv_size":[28,-2]}}},{"origin":[-14.00391,65,6],"size":[28,2,2],"pivot":[12.99609,83,8],"rotation":[22.5,0,0],"uv":{"north":{"uv":[122,37],"uv_size":[28,2]},"east":{"uv":[120,37],"uv_size":[2,2]},"south":{"uv":[152,37],"uv_size":[28,2]},"west":{"uv":[150,37],"uv_size":[2,2]},"up":{"uv":[122,35],"uv_size":[28,2]},"down":{"uv":[150,37],"uv_size":[28,-2]}}},{"origin":[-14.00391,67,7],"size":[28,14,0],"pivot":[12.99609,83,8],"rotation":[22.5,0,0],"uv":{"north":{"uv":[30,150],"uv_size":[28,14]},"east":{"uv":[30,150],"uv_size":[0,14]},"west":{"uv":[58,150],"uv_size":[0,14]},"up":{"uv":[30,150],"uv_size":[28,0]},"down":{"uv":[58,150],"uv_size":[28,0]}}},{"origin":[-21.99609,65.5,6],"size":[8,17.5,2],"pivot":[-20.99609,83,8],"rotation":[22.5,0,0],"uv":{"north":{"uv":[2,80],"uv_size":[8,17]},"east":{"uv":[0,80],"uv_size":[2,17]},"south":{"uv":[12,80],"uv_size":[8,17]},"west":{"uv":[10,80],"uv_size":[2,17]},"up":{"uv":[2,78],"uv_size":[8,2]},"down":{"uv":[10,80],"uv_size":[8,-2]}}},{"origin":[19.99609,67,0],"size":[2,14,4],"uv":{"north":{"uv":[56,247],"uv_size":[2,14]},"east":{"uv":[52,247],"uv_size":[4,14]},"south":{"uv":[62,247],"uv_size":[2,14]},"west":{"uv":[58,247],"uv_size":[4,14]},"up":{"uv":[56,243],"uv_size":[2,4]},"down":{"uv":[58,247],"uv_size":[2,-4]}}},{"origin":[20.99609,67,4],"size":[0,14,4],"uv":{"north":{"uv":[97,192],"uv_size":[0,14]},"east":{"uv":[93,192],"uv_size":[4,14]},"south":{"uv":[101,192],"uv_size":[0,14]},"west":{"uv":[97,192],"uv_size":[4,14]},"up":{"uv":[97,188],"uv_size":[0,4]},"down":{"uv":[97,192],"uv_size":[0,-4]}}},{"origin":[-20.99609,67,4],"size":[0,14,4],"uv":{"north":{"uv":[76,108],"uv_size":[0,14]},"east":{"uv":[72,108],"uv_size":[4,14]},"south":{"uv":[80,108],"uv_size":[0,14]},"west":{"uv":[76,108],"uv_size":[4,14]},"up":{"uv":[76,104],"uv_size":[0,4]},"down":{"uv":[76,108],"uv_size":[0,-4]}}},{"origin":[-21.99609,67,0],"size":[2,14,4],"uv":{"north":{"uv":[232,244],"uv_size":[2,14]},"east":{"uv":[228,244],"uv_size":[4,14]},"south":{"uv":[238,244],"uv_size":[2,14]},"west":{"uv":[234,244],"uv_size":[4,14]},"up":{"uv":[232,240],"uv_size":[2,4]},"down":{"uv":[234,244],"uv_size":[2,-4]}}},{"origin":[19.99609,67,-17],"size":[2,14,2],"uv":{"north":{"uv":[111,246],"uv_size":[2,14]},"east":{"uv":[109,246],"uv_size":[2,14]},"south":{"uv":[115,246],"uv_size":[2,14]},"west":{"uv":[113,246],"uv_size":[2,14]},"up":{"uv":[111,244],"uv_size":[2,2]},"down":{"uv":[113,246],"uv_size":[2,-2]}}},{"origin":[-21.99609,67,-17],"size":[2,14,2],"uv":{"north":{"uv":[103,246],"uv_size":[2,14]},"east":{"uv":[101,246],"uv_size":[2,14]},"south":{"uv":[107,246],"uv_size":[2,14]},"west":{"uv":[105,246],"uv_size":[2,14]},"up":{"uv":[103,244],"uv_size":[2,2]},"down":{"uv":[105,246],"uv_size":[2,-2]}}},{"origin":[21.75,60.58579,6.34315],"size":[4,5,12],"pivot":[23.25,60.58579,3.34315],"rotation":[-45,0,0],"uv":{"north":{"uv":[228,12],"uv_size":[4,5]},"east":{"uv":[216,12],"uv_size":[12,5]},"south":{"uv":[244,12],"uv_size":[4,5]},"west":{"uv":[232,12],"uv_size":[12,5]},"up":{"uv":[228,0],"uv_size":[4,12]},"down":{"uv":[232,12],"uv_size":[4,-12]}}},{"origin":[-25.75,60.58579,6.34315],"size":[4,5,12],"pivot":[-23.25,60.58579,3.34315],"rotation":[-45,0,0],"uv":{"north":{"uv":[232,12],"uv_size":[-4,5]},"east":{"uv":[244,12],"uv_size":[-12,5]},"south":{"uv":[248,12],"uv_size":[-4,5]},"west":{"uv":[228,12],"uv_size":[-12,5]},"up":{"uv":[232,0],"uv_size":[-4,12]},"down":{"uv":[236,12],"uv_size":[-4,-12]}}},{"origin":[21.6875,57,-5],"size":[4,5,14],"uv":{"north":{"uv":[222,88],"uv_size":[4,5]},"east":{"uv":[208,88],"uv_size":[14,5]},"south":{"uv":[240,88],"uv_size":[4,5]},"west":{"uv":[226,88],"uv_size":[14,5]},"up":{"uv":[222,74],"uv_size":[4,14]},"down":{"uv":[226,88],"uv_size":[4,-14]}}},{"origin":[-25.6875,57,-5],"size":[4,5,14],"uv":{"north":{"uv":[226,88],"uv_size":[-4,5]},"east":{"uv":[240,88],"uv_size":[-14,5]},"south":{"uv":[244,88],"uv_size":[-4,5]},"west":{"uv":[222,88],"uv_size":[-14,5]},"up":{"uv":[226,74],"uv_size":[-4,14]},"down":{"uv":[230,88],"uv_size":[-4,-14]}}},{"origin":[21.75,60.58579,-14.34315],"size":[4,5,12],"pivot":[23.25,60.58579,0.65685],"rotation":[45,0,0],"uv":{"north":{"uv":[172,225],"uv_size":[4,5]},"east":{"uv":[160,225],"uv_size":[12,5]},"south":{"uv":[188,225],"uv_size":[4,5]},"west":{"uv":[176,225],"uv_size":[12,5]},"up":{"uv":[172,213],"uv_size":[4,12]},"down":{"uv":[176,225],"uv_size":[4,-12]}}},{"origin":[-25.75,60.58579,-14.34315],"size":[4,5,12],"pivot":[-23.25,60.58579,0.65685],"rotation":[45,0,0],"uv":{"north":{"uv":[176,225],"uv_size":[-4,5]},"east":{"uv":[188,225],"uv_size":[-12,5]},"south":{"uv":[192,225],"uv_size":[-4,5]},"west":{"uv":[172,225],"uv_size":[-12,5]},"up":{"uv":[176,213],"uv_size":[-4,12]},"down":{"uv":[180,225],"uv_size":[-4,-12]}}},{"origin":[12,57,13],"size":[6,8,4],"uv":{"north":{"uv":[117,179],"uv_size":[6,8]},"east":{"uv":[113,179],"uv_size":[4,8]},"south":{"uv":[127,179],"uv_size":[6,8]},"west":{"uv":[123,179],"uv_size":[4,8]},"up":{"uv":[117,175],"uv_size":[6,4]},"down":{"uv":[123,179],"uv_size":[6,-4]}}},{"origin":[-18,57,13],"size":[6,8,4],"uv":{"north":{"uv":[24,26],"uv_size":[6,8]},"east":{"uv":[20,26],"uv_size":[4,8]},"south":{"uv":[34,26],"uv_size":[6,8]},"west":{"uv":[30,26],"uv_size":[4,8]},"up":{"uv":[24,22],"uv_size":[6,4]},"down":{"uv":[30,26],"uv_size":[6,-4]}}},{"origin":[16.5,51.5,13],"size":[4,4,4],"uv":{"north":{"uv":[152,217],"uv_size":[4,4]},"east":{"uv":[148,217],"uv_size":[4,4]},"south":{"uv":[160,217],"uv_size":[4,4]},"west":{"uv":[156,217],"uv_size":[4,4]},"up":{"uv":[152,213],"uv_size":[4,4]},"down":{"uv":[156,217],"uv_size":[4,-4]}}},{"origin":[-20.5,51.5,13],"size":[4,4,4],"uv":{"north":{"uv":[156,207],"uv_size":[4,4]},"east":{"uv":[152,207],"uv_size":[4,4]},"south":{"uv":[164,207],"uv_size":[4,4]},"west":{"uv":[160,207],"uv_size":[4,4]},"up":{"uv":[156,203],"uv_size":[4,4]},"down":{"uv":[160,207],"uv_size":[4,-4]}}},{"origin":[-22,50,12],"size":[44,17,4],"uv":{"north":{"uv":[124,4],"uv_size":[44,17]},"east":{"uv":[120,4],"uv_size":[4,17]},"south":{"uv":[172,4],"uv_size":[44,17]},"west":{"uv":[168,4],"uv_size":[4,17]},"up":{"uv":[124,0],"uv_size":[44,4]},"down":{"uv":[168,4],"uv_size":[44,-4]}}}]},{"name":"ship1","parent":"zad","pivot":[0,84,14],"rotation":[-10,0,0],"cubes":[{"origin":[-2,77,7],"size":[4,14,14],"uv":{"north":{"uv":[306,22],"uv_size":[2,2]},"east":{"uv":[313,14],"uv_size":[11,11]},"south":{"uv":[306,22],"uv_size":[2,2]},"west":{"uv":[313,14],"uv_size":[11,11]},"up":{"uv":[308,24],"uv_size":[-2,-2]},"down":{"uv":[308,24],"uv_size":[-2,-2]}}}]},{"name":"ship2","parent":"zad","pivot":[0,65,21],"rotation":[-40,0,0],"cubes":[{"origin":[-2,58,14],"size":[4,14,14],"uv":{"north":{"uv":[306,22],"uv_size":[2,2]},"east":{"uv":[313,14],"uv_size":[11,11]},"south":{"uv":[306,22],"uv_size":[2,2]},"west":{"uv":[313,14],"uv_size":[11,11]},"up":{"uv":[308,24],"uv_size":[-2,-2]},"down":{"uv":[308,24],"uv_size":[-2,-2]}}}]},{"name":"ship3","parent":"zad","pivot":[0,45,18],"rotation":[-67.5,0,0],"cubes":[{"origin":[-2,38,11],"size":[4,14,14],"uv":{"north":{"uv":[306,22],"uv_size":[2,2]},"east":{"uv":[313,14],"uv_size":[11,11]},"south":{"uv":[306,22],"uv_size":[2,2]},"west":{"uv":[313,14],"uv_size":[11,11]},"up":{"uv":[308,24],"uv_size":[-2,-2]},"down":{"uv":[308,24],"uv_size":[-2,-2]}}}]},{"name":"krysha","parent":"zad","pivot":[-0.00391,82,-12],"cubes":[{"origin":[-20.00391,81,-17],"size":[40,2,25],"uv":{"north":{"uv":[40,40],"uv_size":[40,2]},"east":{"uv":[0,40],"uv_size":[40,2]},"south":{"uv":[120,40],"uv_size":[40,2]},"west":{"uv":[80,40],"uv_size":[40,2]},"up":{"uv":[40,0],"uv_size":[40,40]},"down":{"uv":[80,40],"uv_size":[40,-40]}}}]},{"name":"head","parent":"zad","pivot":[0,83,-2],"cubes":[{"origin":[-1,83,-11],"size":[2,6,4],"uv":{"north":{"uv":[278,20],"uv_size":[3,6]},"east":{"uv":[278,20],"uv_size":[3,6]},"south":{"uv":[278,20],"uv_size":[3,6]},"west":{"uv":[278,20],"uv_size":[3,6]},"up":{"uv":[281,26],"uv_size":[-3,-6]},"down":{"uv":[313,11],"uv_size":[-1,-2]}}},{"origin":[-1,91,-11],"size":[2,5,1],"uv":{"north":{"uv":[278,20],"uv_size":[3,6]},"east":{"uv":[278,20],"uv_size":[3,6]},"south":{"uv":[278,20],"uv_size":[3,6]},"west":{"uv":[278,20],"uv_size":[3,6]},"up":{"uv":[281,26],"uv_size":[-3,-6]},"down":{"uv":[281,26],"uv_size":[-3,-6]}}},{"origin":[-1,95.97419,-11.94465],"size":[2,5,5],"pivot":[0,94.97419,-11.44465],"rotation":[-50,0,0],"uv":{"north":{"uv":[312,9],"uv_size":[1,2]},"east":{"uv":[298,9],"uv_size":[5,2]},"south":{"uv":[312,9],"uv_size":[5,2]},"west":{"uv":[312,9],"uv_size":[5,2]},"up":{"uv":[317,11],"uv_size":[-5,-2]},"down":{"uv":[317,11],"uv_size":[-5,-2]}}},{"origin":[-1,95.97419,0.6051],"size":[2,5,5],"pivot":[0,94.97419,5.1051],"rotation":[50,0,0],"uv":{"north":{"uv":[298,10],"uv_size":[5,2]},"east":{"uv":[312,8],"uv_size":[5,2]},"south":{"uv":[312,9],"uv_size":[1,2]},"west":{"uv":[298,10],"uv_size":[5,2]},"up":{"uv":[303,12],"uv_size":[-5,-2]},"down":{"uv":[303,12],"uv_size":[-5,-2]}}},{"origin":[-1,93.21394,-7.16978],"size":[2,6,8],"uv":{"north":{"uv":[314,7],"uv_size":[2,5]},"east":{"uv":[314,7],"uv_size":[2,5]},"south":{"uv":[314,7],"uv_size":[2,5]},"west":{"uv":[314,7],"uv_size":[2,5]},"up":{"uv":[313,11],"uv_size":[-1,-2]},"down":{"uv":[316,12],"uv_size":[-2,-5]}}},{"origin":[-1,85,-2.33956],"size":[2,11,7],"uv":{"north":{"uv":[298,9],"uv_size":[5,2]},"east":{"uv":[312,9],"uv_size":[5,2]},"south":{"uv":[312,9],"uv_size":[1,2]},"west":{"uv":[298,9],"uv_size":[5,2]},"up":{"uv":[303,11],"uv_size":[-5,-2]},"down":{"uv":[313,11],"uv_size":[-1,-2]}}},{"origin":[-4,83,-7],"size":[8,11,8],"uv":{"north":{"uv":[326,17],"uv_size":[2,2]},"east":{"uv":[326,17],"uv_size":[2,2]},"south":{"uv":[326,17],"uv_size":[2,2]},"west":{"uv":[326,17],"uv_size":[2,2]},"up":{"uv":[328,19],"uv_size":[-2,-2]},"down":{"uv":[313,11],"uv_size":[-1,-2]}}},{"origin":[-6,83,-6],"size":[12,6,8],"uv":{"north":{"uv":[275,20],"uv_size":[8,6]},"east":{"uv":[275,20],"uv_size":[8,6]},"south":{"uv":[275,20],"uv_size":[11,6]},"west":{"uv":[278,20],"uv_size":[8,6]},"up":{"uv":[283,26],"uv_size":[-8,-6]},"down":{"uv":[313,11],"uv_size":[-1,-2]}}},{"origin":[0.35355,83,-10.43934],"size":[7,6,3],"pivot":[1.35355,85,-9.93934],"rotation":[0,-45,0],"uv":{"north":{"uv":[278,20],"uv_size":[3,6]},"east":{"uv":[278,20],"uv_size":[3,6]},"south":{"uv":[278,20],"uv_size":[3,6]},"west":{"uv":[278,20],"uv_size":[3,6]},"up":{"uv":[281,26],"uv_size":[-3,-6]},"down":{"uv":[313,11],"uv_size":[-1,-2]}}},{"origin":[2.35355,88,-9.43934],"size":[3,4,2],"pivot":[1.35355,85,-9.93934],"rotation":[0,-45,0],"uv":{"north":{"uv":[328,28],"uv_size":[2,3]},"east":{"uv":[326,17],"uv_size":[2,2]},"south":{"uv":[326,17],"uv_size":[2,2]},"west":{"uv":[326,17],"uv_size":[2,2]},"up":{"uv":[328,19],"uv_size":[-2,-2]},"down":{"uv":[328,19],"uv_size":[-2,-2]}}},{"origin":[-5.35355,88,-9.43934],"size":[3,4,2],"pivot":[-1.35355,85,-9.93934],"rotation":[0,45,0],"uv":{"north":{"uv":[328,28],"uv_size":[2,3]},"east":{"uv":[326,17],"uv_size":[2,2]},"south":{"uv":[326,17],"uv_size":[2,2]},"west":{"uv":[326,17],"uv_size":[2,2]},"up":{"uv":[328,19],"uv_size":[-2,-2]},"down":{"uv":[328,19],"uv_size":[-2,-2]}}},{"origin":[-1.70711,88,-8.87868],"size":[3.41421,4,2],"uv":{"north":{"uv":[328,28],"uv_size":[2,3]},"east":{"uv":[326,17],"uv_size":[2,2]},"south":{"uv":[326,17],"uv_size":[2,2]},"west":{"uv":[326,17],"uv_size":[2,2]},"up":{"uv":[328,19],"uv_size":[-2,-2]},"down":{"uv":[328,19],"uv_size":[-2,-2]}}},{"origin":[0.35355,91,-10.43934],"size":[7,5,1],"pivot":[1.35355,93,-9.93934],"rotation":[0,-45,0],"uv":{"north":{"uv":[278,20],"uv_size":[8,6]},"east":{"uv":[278,20],"uv_size":[8,6]},"south":{"uv":[278,20],"uv_size":[8,6]},"west":{"uv":[278,20],"uv_size":[8,6]},"up":{"uv":[286,26],"uv_size":[-8,-6]},"down":{"uv":[286,26],"uv_size":[-8,-6]}}},{"origin":[-7.35355,83,-10.43934],"size":[7,6,3],"pivot":[-1.35355,85,-9.93934],"rotation":[0,45,0],"uv":{"north":{"uv":[278,20],"uv_size":[3,6]},"east":{"uv":[278,20],"uv_size":[3,6]},"south":{"uv":[278,20],"uv_size":[3,6]},"west":{"uv":[278,20],"uv_size":[3,6]},"up":{"uv":[281,26],"uv_size":[-3,-6]},"down":{"uv":[313,11],"uv_size":[-1,-2]}}},{"origin":[-7.35355,91,-10.43934],"size":[7,5,1],"pivot":[-1.35355,93,-9.93934],"rotation":[0,45,0],"uv":{"north":{"uv":[275,20],"uv_size":[8,6]},"east":{"uv":[275,20],"uv_size":[8,6]},"south":{"uv":[275,20],"uv_size":[8,6]},"west":{"uv":[275,20],"uv_size":[8,6]},"up":{"uv":[283,26],"uv_size":[-8,-6]},"down":{"uv":[283,26],"uv_size":[-8,-6]}}}]},{"name":"rukaL","parent":"body","pivot":[27,71.5,4]},{"name":"RL1","parent":"rukaL","pivot":[27,71.5,4],"cubes":[{"origin":[32,55,-1],"size":[6,20,10],"uv":{"north":{"uv":[275,0],"uv_size":[11,20]},"east":{"uv":[275,0],"uv_size":[11,20]},"south":{"uv":[275,0],"uv_size":[11,20]},"west":{"uv":[275,0],"uv_size":[11,20]},"up":{"uv":[286,20],"uv_size":[-11,-20]},"down":{"uv":[286,20],"uv_size":[-11,-20]}}},{"origin":[33,49,2],"size":[4,6,4],"uv":{"north":{"uv":[303,16],"uv_size":[3,3]},"east":{"uv":[303,16],"uv_size":[3,3]},"south":{"uv":[303,16],"uv_size":[3,3]},"west":{"uv":[303,16],"uv_size":[3,3]},"up":{"uv":[306,19],"uv_size":[-3,-3]},"down":{"uv":[306,19],"uv_size":[-3,-3]}}},{"origin":[34,67,1],"size":[6,6,6],"uv":{"north":{"uv":[285,27],"uv_size":[11,11]},"east":{"uv":[285,27],"uv_size":[11,11]},"south":{"uv":[285,27],"uv_size":[11,11]},"west":{"uv":[285,27],"uv_size":[11,11]},"up":{"uv":[296,38],"uv_size":[-11,-11]},"down":{"uv":[296,38],"uv_size":[-11,-11]}}},{"origin":[33,56,-3],"size":[6,9,8],"uv":{"north":{"uv":[285,27],"uv_size":[11,11]},"east":{"uv":[285,27],"uv_size":[11,11]},"south":{"uv":[285,27],"uv_size":[11,11]},"west":{"uv":[285,27],"uv_size":[11,11]},"up":{"uv":[296,38],"uv_size":[-11,-11]},"down":{"uv":[296,38],"uv_size":[-11,-11]}}}]},{"name":"RL2","parent":"RL1","pivot":[35,49,4],"cubes":[{"origin":[31,41,-1],"size":[9,10,10],"uv":{"north":{"uv":[313,26],"uv_size":[11,11]},"east":{"uv":[313,26],"uv_size":[11,11]},"south":{"uv":[313,26],"uv_size":[11,11]},"west":{"uv":[313,26],"uv_size":[11,11]},"up":{"uv":[296,38],"uv_size":[-11,-11]},"down":{"uv":[296,38],"uv_size":[-11,-11]}}},{"origin":[34,36,1],"size":[5,5,6],"uv":{"north":{"uv":[297,0],"uv_size":[4,4]},"east":{"uv":[297,0],"uv_size":[4,4]},"south":{"uv":[297,0],"uv_size":[4,4]},"west":{"uv":[297,0],"uv_size":[4,4]},"up":{"uv":[301,4],"uv_size":[-4,-4]},"down":{"uv":[301,4],"uv_size":[-4,-4]}}}]},{"name":"bone","parent":"RL2","pivot":[38,36.25,2],"rotation":[-15,0,-10],"cubes":[{"origin":[37,31.5,1],"size":[2,5,2],"uv":{"north":{"uv":[298,6],"uv_size":[4,5]},"east":{"uv":[298,6],"uv_size":[4,5]},"south":{"uv":[298,6],"uv_size":[4,5]},"west":{"uv":[298,6],"uv_size":[4,5]},"up":{"uv":[302,11],"uv_size":[-4,-5]},"down":{"uv":[302,11],"uv_size":[-4,-5]}}},{"origin":[35.68474,27.62538,1],"size":[2,5,2],"pivot":[36.68474,30.12538,2],"rotation":[0,0,37.5],"uv":{"north":{"uv":[298,12],"uv_size":[4,3]},"east":{"uv":[298,12],"uv_size":[4,3]},"south":{"uv":[298,12],"uv_size":[4,3]},"west":{"uv":[298,12],"uv_size":[4,3]},"up":{"uv":[302,15],"uv_size":[-4,-3]},"down":{"uv":[302,15],"uv_size":[-4,-1]}}}]},{"name":"bone2","parent":"RL2","pivot":[38,36.25,4],"rotation":[0,0,-15],"cubes":[{"origin":[37,31.5,3],"size":[2,5,2],"uv":{"north":{"uv":[298,6],"uv_size":[4,5]},"east":{"uv":[298,6],"uv_size":[4,5]},"south":{"uv":[298,6],"uv_size":[4,5]},"west":{"uv":[298,6],"uv_size":[4,5]},"up":{"uv":[302,11],"uv_size":[-4,-5]},"down":{"uv":[302,11],"uv_size":[-4,-5]}}},{"origin":[35.68474,27.62538,3],"size":[2,5,2],"pivot":[36.68474,30.12538,4],"rotation":[0,0,37.5],"uv":{"north":{"uv":[298,12],"uv_size":[4,3]},"east":{"uv":[298,12],"uv_size":[4,3]},"south":{"uv":[298,12],"uv_size":[4,3]},"west":{"uv":[298,12],"uv_size":[4,3]},"up":{"uv":[302,15],"uv_size":[-4,-3]},"down":{"uv":[302,15],"uv_size":[-4,-1]}}}]},{"name":"bone4","parent":"RL2","pivot":[35,37.25,2],"rotation":[-40,-25,60],"cubes":[{"origin":[34,33.5,1],"size":[2,4,2],"uv":{"north":{"uv":[298,6],"uv_size":[4,5]},"east":{"uv":[298,6],"uv_size":[4,5]},"south":{"uv":[298,6],"uv_size":[4,5]},"west":{"uv":[298,6],"uv_size":[4,5]},"up":{"uv":[302,11],"uv_size":[-4,-5]},"down":{"uv":[302,11],"uv_size":[-4,-5]}}},{"origin":[35.67928,31.73264,1],"size":[2,4,2],"pivot":[36.67928,33.23264,2],"rotation":[0,0,-62.5],"uv":{"north":{"uv":[298,12],"uv_size":[4,3]},"east":{"uv":[298,12],"uv_size":[4,3]},"south":{"uv":[298,12],"uv_size":[4,3]},"west":{"uv":[298,12],"uv_size":[4,3]},"up":{"uv":[302,15],"uv_size":[-4,-3]},"down":{"uv":[302,15],"uv_size":[-4,-1]}}}]},{"name":"bone3","parent":"RL2","pivot":[38,36.25,6],"rotation":[15,0,-10],"cubes":[{"origin":[37,31.5,5],"size":[2,5,2],"uv":{"north":{"uv":[298,6],"uv_size":[4,5]},"east":{"uv":[298,6],"uv_size":[4,5]},"south":{"uv":[298,6],"uv_size":[4,5]},"west":{"uv":[298,6],"uv_size":[4,5]},"up":{"uv":[302,11],"uv_size":[-4,-5]},"down":{"uv":[302,11],"uv_size":[-4,-5]}}},{"origin":[35.68474,27.62538,5],"size":[2,5,2],"pivot":[36.68474,30.12538,6],"rotation":[0,0,37.5],"uv":{"north":{"uv":[298,12],"uv_size":[4,3]},"east":{"uv":[298,12],"uv_size":[4,3]},"south":{"uv":[298,12],"uv_size":[4,3]},"west":{"uv":[298,12],"uv_size":[4,3]},"up":{"uv":[302,15],"uv_size":[-4,-3]},"down":{"uv":[302,15],"uv_size":[-4,-1]}}}]},{"name":"leftArm","parent":"rukaL","pivot":[27,71.5,4],"cubes":[{"origin":[22,77,2.11328],"size":[10,4,3.76953],"uv":{"north":{"uv":[245,41],"uv_size":[10,4]},"east":{"uv":[242,41],"uv_size":[3,4]},"south":{"uv":[258,41],"uv_size":[10,4]},"west":{"uv":[255,41],"uv_size":[3,4]},"up":{"uv":[245,38],"uv_size":[10,3]},"down":{"uv":[255,41],"uv_size":[10,-3]}}},{"origin":[23,66,-1.88672],"size":[8,11,11.76953],"uv":{"north":{"uv":[11,209],"uv_size":[8,11]},"east":{"uv":[0,209],"uv_size":[11,11]},"south":{"uv":[30,209],"uv_size":[8,11]},"west":{"uv":[19,209],"uv_size":[11,11]},"up":{"uv":[11,198],"uv_size":[8,11]},"down":{"uv":[19,209],"uv_size":[8,-11]}}},{"origin":[22,62,2.11328],"size":[10,4,3.76953],"uv":{"north":{"uv":[245,34],"uv_size":[10,4]},"east":{"uv":[242,34],"uv_size":[3,4]},"south":{"uv":[258,34],"uv_size":[10,4]},"west":{"uv":[255,34],"uv_size":[3,4]},"up":{"uv":[245,31],"uv_size":[10,3]},"down":{"uv":[255,34],"uv_size":[10,-3]}}},{"origin":[22,77,2.11328],"size":[10,4,3.76953],"pivot":[27,71.5,4],"rotation":[-90,0,0],"uv":{"north":{"uv":[245,27],"uv_size":[10,4]},"east":{"uv":[242,27],"uv_size":[3,4]},"south":{"uv":[258,27],"uv_size":[10,4]},"west":{"uv":[255,27],"uv_size":[3,4]},"up":{"uv":[245,24],"uv_size":[10,3]},"down":{"uv":[255,27],"uv_size":[10,-3]}}},{"origin":[22,62,2.11328],"size":[10,4,3.76953],"pivot":[27,71.5,4],"rotation":[-90,0,0],"uv":{"north":{"uv":[78,244],"uv_size":[10,4]},"east":{"uv":[75,244],"uv_size":[3,4]},"south":{"uv":[91,244],"uv_size":[10,4]},"west":{"uv":[88,244],"uv_size":[3,4]},"up":{"uv":[78,241],"uv_size":[10,3]},"down":{"uv":[88,244],"uv_size":[10,-3]}}},{"origin":[22,77,2.11328],"size":[10,4,3.76953],"pivot":[27,71.5,4],"rotation":[-45,0,0],"uv":{"north":{"uv":[29,244],"uv_size":[10,4]},"east":{"uv":[26,244],"uv_size":[3,4]},"south":{"uv":[42,244],"uv_size":[10,4]},"west":{"uv":[39,244],"uv_size":[3,4]},"up":{"uv":[29,241],"uv_size":[10,3]},"down":{"uv":[39,244],"uv_size":[10,-3]}}},{"origin":[22,62,2.11328],"size":[10,4,3.76953],"pivot":[27,71.5,4],"rotation":[-45,0,0],"uv":{"north":{"uv":[205,243],"uv_size":[10,4]},"east":{"uv":[202,243],"uv_size":[3,4]},"south":{"uv":[218,243],"uv_size":[10,4]},"west":{"uv":[215,243],"uv_size":[3,4]},"up":{"uv":[205,240],"uv_size":[10,3]},"down":{"uv":[215,243],"uv_size":[10,-3]}}},{"origin":[22,77,2.11328],"size":[10,4,3.76953],"pivot":[27,71.5,4],"rotation":[45,0,0],"uv":{"north":{"uv":[179,242],"uv_size":[10,4]},"east":{"uv":[176,242],"uv_size":[3,4]},"south":{"uv":[192,242],"uv_size":[10,4]},"west":{"uv":[189,242],"uv_size":[3,4]},"up":{"uv":[179,239],"uv_size":[10,3]},"down":{"uv":[189,242],"uv_size":[10,-3]}}},{"origin":[22,62,2.11328],"size":[10,4,3.76953],"pivot":[27,71.5,4],"rotation":[45,0,0],"uv":{"north":{"uv":[153,242],"uv_size":[10,4]},"east":{"uv":[150,242],"uv_size":[3,4]},"south":{"uv":[166,242],"uv_size":[10,4]},"west":{"uv":[163,242],"uv_size":[3,4]},"up":{"uv":[153,239],"uv_size":[10,3]},"down":{"uv":[163,242],"uv_size":[10,-3]}}},{"origin":[22,77,2.11328],"size":[10,4,3.76953],"pivot":[27,71.5,4],"rotation":[-22.5,0,0],"uv":{"north":{"uv":[241,135],"uv_size":[10,4]},"east":{"uv":[238,135],"uv_size":[3,4]},"south":{"uv":[254,135],"uv_size":[10,4]},"west":{"uv":[251,135],"uv_size":[3,4]},"up":{"uv":[241,132],"uv_size":[10,3]},"down":{"uv":[251,135],"uv_size":[10,-3]}}},{"origin":[22,62,2.11328],"size":[10,4,3.76953],"pivot":[27,71.5,4],"rotation":[-22.5,0,0],"uv":{"north":{"uv":[241,20],"uv_size":[10,4]},"east":{"uv":[238,20],"uv_size":[3,4]},"south":{"uv":[254,20],"uv_size":[10,4]},"west":{"uv":[251,20],"uv_size":[3,4]},"up":{"uv":[241,17],"uv_size":[10,3]},"down":{"uv":[251,20],"uv_size":[10,-3]}}},{"origin":[22,77,2.11328],"size":[10,4,3.76953],"pivot":[27,71.5,4],"rotation":[22.5,0,0],"uv":{"north":{"uv":[3,241],"uv_size":[10,4]},"east":{"uv":[0,241],"uv_size":[3,4]},"south":{"uv":[16,241],"uv_size":[10,4]},"west":{"uv":[13,241],"uv_size":[3,4]},"up":{"uv":[3,238],"uv_size":[10,3]},"down":{"uv":[13,241],"uv_size":[10,-3]}}},{"origin":[22,62,2.11328],"size":[10,4,3.76953],"pivot":[27,71.5,4],"rotation":[22.5,0,0],"uv":{"north":{"uv":[239,240],"uv_size":[10,4]},"east":{"uv":[236,240],"uv_size":[3,4]},"south":{"uv":[252,240],"uv_size":[10,4]},"west":{"uv":[249,240],"uv_size":[3,4]},"up":{"uv":[239,237],"uv_size":[10,3]},"down":{"uv":[249,240],"uv_size":[10,-3]}}},{"origin":[22,77,2.11328],"size":[10,4,3.76953],"pivot":[27,71.5,4],"rotation":[-67.5,0,0],"uv":{"north":{"uv":[127,240],"uv_size":[10,4]},"east":{"uv":[124,240],"uv_size":[3,4]},"south":{"uv":[140,240],"uv_size":[10,4]},"west":{"uv":[137,240],"uv_size":[3,4]},"up":{"uv":[127,237],"uv_size":[10,3]},"down":{"uv":[137,240],"uv_size":[10,-3]}}},{"origin":[22,62,2.11328],"size":[10,4,3.76953],"pivot":[27,71.5,4],"rotation":[-67.5,0,0],"uv":{"north":{"uv":[101,240],"uv_size":[10,4]},"east":{"uv":[98,240],"uv_size":[3,4]},"south":{"uv":[114,240],"uv_size":[10,4]},"west":{"uv":[111,240],"uv_size":[3,4]},"up":{"uv":[101,237],"uv_size":[10,3]},"down":{"uv":[111,240],"uv_size":[10,-3]}}},{"origin":[22,77,2.11328],"size":[10,4,3.76953],"pivot":[27,71.5,4],"rotation":[67.5,0,0],"uv":{"north":{"uv":[239,229],"uv_size":[10,4]},"east":{"uv":[236,229],"uv_size":[3,4]},"south":{"uv":[252,229],"uv_size":[10,4]},"west":{"uv":[249,229],"uv_size":[3,4]},"up":{"uv":[239,226],"uv_size":[10,3]},"down":{"uv":[249,229],"uv_size":[10,-3]}}},{"origin":[22,62,2.11328],"size":[10,4,3.76953],"pivot":[27,71.5,4],"rotation":[67.5,0,0],"uv":{"north":{"uv":[55,239],"uv_size":[10,4]},"east":{"uv":[52,239],"uv_size":[3,4]},"south":{"uv":[68,239],"uv_size":[10,4]},"west":{"uv":[65,239],"uv_size":[3,4]},"up":{"uv":[55,236],"uv_size":[10,3]},"down":{"uv":[65,239],"uv_size":[10,-3]}}}]},{"name":"dverL","parent":"rukaL","pivot":[37.99609,85.1875,4.40625],"rotation":[0,0,-10],"cubes":[{"origin":[36.99609,58,-10],"size":[2,22,26],"uv":{"north":{"uv":[214,164],"uv_size":[2,22]},"east":{"uv":[160,164],"uv_size":[26,22]},"south":{"uv":[214,164],"uv_size":[2,22]},"west":{"uv":[188,164],"uv_size":[26,22]},"up":{"uv":[186,138],"uv_size":[2,26]},"down":{"uv":[188,164],"uv_size":[2,-26]}}},{"origin":[39.24609,65,-1],"size":[0,9,8],"uv":{"west":{"uv":[271,43],"uv_size":[16,20]}}},{"origin":[38.99609,80,-9],"size":[5,4,2],"uv":{"north":{"uv":[128,212],"uv_size":[5,4]},"east":{"uv":[126,212],"uv_size":[2,4]},"south":{"uv":[135,212],"uv_size":[5,4]},"west":{"uv":[133,212],"uv_size":[2,4]},"up":{"uv":[128,210],"uv_size":[5,2]},"down":{"uv":[133,212],"uv_size":[5,-2]}}},{"origin":[36.99609,80,-10],"size":[2,19.5,2],"pivot":[37.99609,80,-10],"rotation":[-35,0,0],"uv":{"north":{"uv":[66,245],"uv_size":[2,19]},"east":{"uv":[64,245],"uv_size":[2,19]},"south":{"uv":[70,245],"uv_size":[2,19]},"west":{"uv":[68,245],"uv_size":[2,19]},"up":{"uv":[66,243],"uv_size":[2,2]},"down":{"uv":[68,245],"uv_size":[2,-2]}}},{"origin":[36.99609,94,1.25],"size":[2,2,14.75],"uv":{"north":{"uv":[192,230],"uv_size":[2,2]},"east":{"uv":[178,230],"uv_size":[14,2]},"south":{"uv":[208,230],"uv_size":[2,2]},"west":{"uv":[194,230],"uv_size":[14,2]},"up":{"uv":[192,216],"uv_size":[2,14]},"down":{"uv":[194,230],"uv_size":[2,-14]}}},{"origin":[36.99609,80,14],"size":[2,14,2],"uv":{"north":{"uv":[127,246],"uv_size":[2,14]},"east":{"uv":[125,246],"uv_size":[2,14]},"south":{"uv":[131,246],"uv_size":[2,14]},"west":{"uv":[129,246],"uv_size":[2,14]},"up":{"uv":[127,244],"uv_size":[2,2]},"down":{"uv":[129,246],"uv_size":[2,-2]}}}]},{"name":"rukaR","parent":"body","pivot":[-27,71.5,4]},{"name":"RR1","parent":"rukaR","pivot":[-27,71.5,4],"cubes":[{"origin":[-38,55,-1],"size":[6,20,10],"uv":{"north":{"uv":[286,0],"uv_size":[-11,20]},"east":{"uv":[286,0],"uv_size":[-11,20]},"south":{"uv":[286,0],"uv_size":[-11,20]},"west":{"uv":[286,0],"uv_size":[-11,20]},"up":{"uv":[275,20],"uv_size":[11,-20]},"down":{"uv":[275,20],"uv_size":[11,-20]}}},{"origin":[-37,49,2],"size":[4,6,4],"uv":{"north":{"uv":[306,16],"uv_size":[-3,3]},"east":{"uv":[306,16],"uv_size":[-3,3]},"south":{"uv":[306,16],"uv_size":[-3,3]},"west":{"uv":[306,16],"uv_size":[-3,3]},"up":{"uv":[303,19],"uv_size":[3,-3]},"down":{"uv":[303,19],"uv_size":[3,-3]}}},{"origin":[-40,67,1],"size":[6,6,6],"uv":{"north":{"uv":[296,27],"uv_size":[-11,11]},"east":{"uv":[296,27],"uv_size":[-11,11]},"south":{"uv":[296,27],"uv_size":[-11,11]},"west":{"uv":[296,27],"uv_size":[-11,11]},"up":{"uv":[285,38],"uv_size":[11,-11]},"down":{"uv":[285,38],"uv_size":[11,-11]}}},{"origin":[-39,56,-3],"size":[6,9,8],"uv":{"north":{"uv":[296,27],"uv_size":[-11,11]},"east":{"uv":[296,27],"uv_size":[-11,11]},"south":{"uv":[296,27],"uv_size":[-11,11]},"west":{"uv":[296,27],"uv_size":[-11,11]},"up":{"uv":[285,38],"uv_size":[11,-11]},"down":{"uv":[285,38],"uv_size":[11,-11]}}}]},{"name":"RR2","parent":"RR1","pivot":[-35,49,4],"cubes":[{"origin":[-40,41,-1],"size":[9,10,10],"uv":{"north":{"uv":[324,26],"uv_size":[-11,11]},"east":{"uv":[324,26],"uv_size":[-11,11]},"south":{"uv":[324,26],"uv_size":[-11,11]},"west":{"uv":[324,26],"uv_size":[-11,11]},"up":{"uv":[285,38],"uv_size":[11,-11]},"down":{"uv":[285,38],"uv_size":[11,-11]}}},{"origin":[-39,36,1],"size":[5,5,6],"uv":{"north":{"uv":[301,0],"uv_size":[-4,4]},"east":{"uv":[301,0],"uv_size":[-4,4]},"south":{"uv":[301,0],"uv_size":[-4,4]},"west":{"uv":[301,0],"uv_size":[-4,4]},"up":{"uv":[297,4],"uv_size":[4,-4]},"down":{"uv":[297,4],"uv_size":[4,-4]}}}]},{"name":"bone5","parent":"RR2","pivot":[-38,36.25,2],"rotation":[-15,0,10],"cubes":[{"origin":[-39,31.5,1],"size":[2,5,2],"uv":{"north":{"uv":[302,6],"uv_size":[-4,5]},"east":{"uv":[302,6],"uv_size":[-4,5]},"south":{"uv":[302,6],"uv_size":[-4,5]},"west":{"uv":[302,6],"uv_size":[-4,5]},"up":{"uv":[298,11],"uv_size":[4,-5]},"down":{"uv":[298,11],"uv_size":[4,-5]}}},{"origin":[-37.68474,27.62538,1],"size":[2,5,2],"pivot":[-36.68474,30.12538,2],"rotation":[0,0,-37.5],"uv":{"north":{"uv":[302,12],"uv_size":[-4,3]},"east":{"uv":[302,12],"uv_size":[-4,3]},"south":{"uv":[302,12],"uv_size":[-4,3]},"west":{"uv":[302,12],"uv_size":[-4,3]},"up":{"uv":[298,15],"uv_size":[4,-3]},"down":{"uv":[298,15],"uv_size":[4,-1]}}}]},{"name":"bone6","parent":"RR2","pivot":[-38,36.25,4],"rotation":[0,0,15],"cubes":[{"origin":[-39,31.5,3],"size":[2,5,2],"uv":{"north":{"uv":[302,6],"uv_size":[-4,5]},"east":{"uv":[302,6],"uv_size":[-4,5]},"south":{"uv":[302,6],"uv_size":[-4,5]},"west":{"uv":[302,6],"uv_size":[-4,5]},"up":{"uv":[298,11],"uv_size":[4,-5]},"down":{"uv":[298,11],"uv_size":[4,-5]}}},{"origin":[-37.68474,27.62538,3],"size":[2,5,2],"pivot":[-36.68474,30.12538,4],"rotation":[0,0,-37.5],"uv":{"north":{"uv":[302,12],"uv_size":[-4,3]},"east":{"uv":[302,12],"uv_size":[-4,3]},"south":{"uv":[302,12],"uv_size":[-4,3]},"west":{"uv":[302,12],"uv_size":[-4,3]},"up":{"uv":[298,15],"uv_size":[4,-3]},"down":{"uv":[298,15],"uv_size":[4,-1]}}}]},{"name":"bone7","parent":"RR2","pivot":[-35,37.25,2],"rotation":[-40,25,-60],"cubes":[{"origin":[-36,33.5,1],"size":[2,4,2],"uv":{"north":{"uv":[302,6],"uv_size":[-4,5]},"east":{"uv":[302,6],"uv_size":[-4,5]},"south":{"uv":[302,6],"uv_size":[-4,5]},"west":{"uv":[302,6],"uv_size":[-4,5]},"up":{"uv":[298,11],"uv_size":[4,-5]},"down":{"uv":[298,11],"uv_size":[4,-5]}}},{"origin":[-37.67928,31.73264,1],"size":[2,4,2],"pivot":[-36.67928,33.23264,2],"rotation":[0,0,62.5],"uv":{"north":{"uv":[302,12],"uv_size":[-4,3]},"east":{"uv":[302,12],"uv_size":[-4,3]},"south":{"uv":[302,12],"uv_size":[-4,3]},"west":{"uv":[302,12],"uv_size":[-4,3]},"up":{"uv":[298,15],"uv_size":[4,-3]},"down":{"uv":[298,15],"uv_size":[4,-1]}}}]},{"name":"bone8","parent":"RR2","pivot":[-38,36.25,6],"rotation":[15,0,10],"cubes":[{"origin":[-39,31.5,5],"size":[2,5,2],"uv":{"north":{"uv":[302,6],"uv_size":[-4,5]},"east":{"uv":[302,6],"uv_size":[-4,5]},"south":{"uv":[302,6],"uv_size":[-4,5]},"west":{"uv":[302,6],"uv_size":[-4,5]},"up":{"uv":[298,11],"uv_size":[4,-5]},"down":{"uv":[298,11],"uv_size":[4,-5]}}},{"origin":[-37.68474,27.62538,5],"size":[2,5,2],"pivot":[-36.68474,30.12538,6],"rotation":[0,0,-37.5],"uv":{"north":{"uv":[302,12],"uv_size":[-4,3]},"east":{"uv":[302,12],"uv_size":[-4,3]},"south":{"uv":[302,12],"uv_size":[-4,3]},"west":{"uv":[302,12],"uv_size":[-4,3]},"up":{"uv":[298,15],"uv_size":[4,-3]},"down":{"uv":[298,15],"uv_size":[4,-1]}}}]},{"name":"rightArm","parent":"rukaR","pivot":[-27,71.5,4],"cubes":[{"origin":[-32,77,2.11328],"size":[10,4,3.76953],"uv":{"north":{"uv":[255,41],"uv_size":[-10,4]},"east":{"uv":[258,41],"uv_size":[-3,4]},"south":{"uv":[268,41],"uv_size":[-10,4]},"west":{"uv":[245,41],"uv_size":[-3,4]},"up":{"uv":[255,38],"uv_size":[-10,3]},"down":{"uv":[265,41],"uv_size":[-10,-3]}}},{"origin":[-31,66,-1.88672],"size":[8,11,11.76953],"uv":{"north":{"uv":[19,209],"uv_size":[-8,11]},"east":{"uv":[30,209],"uv_size":[-11,11]},"south":{"uv":[38,209],"uv_size":[-8,11]},"west":{"uv":[11,209],"uv_size":[-11,11]},"up":{"uv":[19,198],"uv_size":[-8,11]},"down":{"uv":[27,209],"uv_size":[-8,-11]}}},{"origin":[-32,62,2.11328],"size":[10,4,3.76953],"uv":{"north":{"uv":[255,34],"uv_size":[-10,4]},"east":{"uv":[258,34],"uv_size":[-3,4]},"south":{"uv":[268,34],"uv_size":[-10,4]},"west":{"uv":[245,34],"uv_size":[-3,4]},"up":{"uv":[255,31],"uv_size":[-10,3]},"down":{"uv":[265,34],"uv_size":[-10,-3]}}},{"origin":[-32,77,2.11328],"size":[10,4,3.76953],"pivot":[-27,71.5,4],"rotation":[-90,0,0],"uv":{"north":{"uv":[255,27],"uv_size":[-10,4]},"east":{"uv":[258,27],"uv_size":[-3,4]},"south":{"uv":[268,27],"uv_size":[-10,4]},"west":{"uv":[245,27],"uv_size":[-3,4]},"up":{"uv":[255,24],"uv_size":[-10,3]},"down":{"uv":[265,27],"uv_size":[-10,-3]}}},{"origin":[-32,62,2.11328],"size":[10,4,3.76953],"pivot":[-27,71.5,4],"rotation":[-90,0,0],"uv":{"north":{"uv":[88,244],"uv_size":[-10,4]},"east":{"uv":[91,244],"uv_size":[-3,4]},"south":{"uv":[101,244],"uv_size":[-10,4]},"west":{"uv":[78,244],"uv_size":[-3,4]},"up":{"uv":[88,241],"uv_size":[-10,3]},"down":{"uv":[98,244],"uv_size":[-10,-3]}}},{"origin":[-32,77,2.11328],"size":[10,4,3.76953],"pivot":[-27,71.5,4],"rotation":[-45,0,0],"uv":{"north":{"uv":[39,244],"uv_size":[-10,4]},"east":{"uv":[42,244],"uv_size":[-3,4]},"south":{"uv":[52,244],"uv_size":[-10,4]},"west":{"uv":[29,244],"uv_size":[-3,4]},"up":{"uv":[39,241],"uv_size":[-10,3]},"down":{"uv":[49,244],"uv_size":[-10,-3]}}},{"origin":[-32,62,2.11328],"size":[10,4,3.76953],"pivot":[-27,71.5,4],"rotation":[-45,0,0],"uv":{"north":{"uv":[215,243],"uv_size":[-10,4]},"east":{"uv":[218,243],"uv_size":[-3,4]},"south":{"uv":[228,243],"uv_size":[-10,4]},"west":{"uv":[205,243],"uv_size":[-3,4]},"up":{"uv":[215,240],"uv_size":[-10,3]},"down":{"uv":[225,243],"uv_size":[-10,-3]}}},{"origin":[-32,77,2.11328],"size":[10,4,3.76953],"pivot":[-27,71.5,4],"rotation":[45,0,0],"uv":{"north":{"uv":[189,242],"uv_size":[-10,4]},"east":{"uv":[192,242],"uv_size":[-3,4]},"south":{"uv":[202,242],"uv_size":[-10,4]},"west":{"uv":[179,242],"uv_size":[-3,4]},"up":{"uv":[189,239],"uv_size":[-10,3]},"down":{"uv":[199,242],"uv_size":[-10,-3]}}},{"origin":[-32,62,2.11328],"size":[10,4,3.76953],"pivot":[-27,71.5,4],"rotation":[45,0,0],"uv":{"north":{"uv":[163,242],"uv_size":[-10,4]},"east":{"uv":[166,242],"uv_size":[-3,4]},"south":{"uv":[176,242],"uv_size":[-10,4]},"west":{"uv":[153,242],"uv_size":[-3,4]},"up":{"uv":[163,239],"uv_size":[-10,3]},"down":{"uv":[173,242],"uv_size":[-10,-3]}}},{"origin":[-32,77,2.11328],"size":[10,4,3.76953],"pivot":[-27,71.5,4],"rotation":[-22.5,0,0],"uv":{"north":{"uv":[251,135],"uv_size":[-10,4]},"east":{"uv":[254,135],"uv_size":[-3,4]},"south":{"uv":[264,135],"uv_size":[-10,4]},"west":{"uv":[241,135],"uv_size":[-3,4]},"up":{"uv":[251,132],"uv_size":[-10,3]},"down":{"uv":[261,135],"uv_size":[-10,-3]}}},{"origin":[-32,62,2.11328],"size":[10,4,3.76953],"pivot":[-27,71.5,4],"rotation":[-22.5,0,0],"uv":{"north":{"uv":[251,20],"uv_size":[-10,4]},"east":{"uv":[254,20],"uv_size":[-3,4]},"south":{"uv":[264,20],"uv_size":[-10,4]},"west":{"uv":[241,20],"uv_size":[-3,4]},"up":{"uv":[251,17],"uv_size":[-10,3]},"down":{"uv":[261,20],"uv_size":[-10,-3]}}},{"origin":[-32,77,2.11328],"size":[10,4,3.76953],"pivot":[-27,71.5,4],"rotation":[22.5,0,0],"uv":{"north":{"uv":[13,241],"uv_size":[-10,4]},"east":{"uv":[16,241],"uv_size":[-3,4]},"south":{"uv":[26,241],"uv_size":[-10,4]},"west":{"uv":[3,241],"uv_size":[-3,4]},"up":{"uv":[13,238],"uv_size":[-10,3]},"down":{"uv":[23,241],"uv_size":[-10,-3]}}},{"origin":[-32,62,2.11328],"size":[10,4,3.76953],"pivot":[-27,71.5,4],"rotation":[22.5,0,0],"uv":{"north":{"uv":[249,240],"uv_size":[-10,4]},"east":{"uv":[252,240],"uv_size":[-3,4]},"south":{"uv":[262,240],"uv_size":[-10,4]},"west":{"uv":[239,240],"uv_size":[-3,4]},"up":{"uv":[249,237],"uv_size":[-10,3]},"down":{"uv":[259,240],"uv_size":[-10,-3]}}},{"origin":[-32,77,2.11328],"size":[10,4,3.76953],"pivot":[-27,71.5,4],"rotation":[-67.5,0,0],"uv":{"north":{"uv":[137,240],"uv_size":[-10,4]},"east":{"uv":[140,240],"uv_size":[-3,4]},"south":{"uv":[150,240],"uv_size":[-10,4]},"west":{"uv":[127,240],"uv_size":[-3,4]},"up":{"uv":[137,237],"uv_size":[-10,3]},"down":{"uv":[147,240],"uv_size":[-10,-3]}}},{"origin":[-32,62,2.11328],"size":[10,4,3.76953],"pivot":[-27,71.5,4],"rotation":[-67.5,0,0],"uv":{"north":{"uv":[111,240],"uv_size":[-10,4]},"east":{"uv":[114,240],"uv_size":[-3,4]},"south":{"uv":[124,240],"uv_size":[-10,4]},"west":{"uv":[101,240],"uv_size":[-3,4]},"up":{"uv":[111,237],"uv_size":[-10,3]},"down":{"uv":[121,240],"uv_size":[-10,-3]}}},{"origin":[-32,77,2.11328],"size":[10,4,3.76953],"pivot":[-27,71.5,4],"rotation":[67.5,0,0],"uv":{"north":{"uv":[249,229],"uv_size":[-10,4]},"east":{"uv":[252,229],"uv_size":[-3,4]},"south":{"uv":[262,229],"uv_size":[-10,4]},"west":{"uv":[239,229],"uv_size":[-3,4]},"up":{"uv":[249,226],"uv_size":[-10,3]},"down":{"uv":[259,229],"uv_size":[-10,-3]}}},{"origin":[-32,62,2.11328],"size":[10,4,3.76953],"pivot":[-27,71.5,4],"rotation":[67.5,0,0],"uv":{"north":{"uv":[65,239],"uv_size":[-10,4]},"east":{"uv":[68,239],"uv_size":[-3,4]},"south":{"uv":[78,239],"uv_size":[-10,4]},"west":{"uv":[55,239],"uv_size":[-3,4]},"up":{"uv":[65,236],"uv_size":[-10,3]},"down":{"uv":[75,239],"uv_size":[-10,-3]}}}]},{"name":"dverR","parent":"rukaR","pivot":[-37.99609,85.1875,4.40625],"rotation":[0,0,10],"cubes":[{"origin":[-38.99609,58,-10],"size":[2,22,26],"uv":{"north":{"uv":[216,164],"uv_size":[-2,22]},"east":{"uv":[214,164],"uv_size":[-26,22]},"south":{"uv":[216,164],"uv_size":[-2,22]},"west":{"uv":[186,164],"uv_size":[-26,22]},"up":{"uv":[188,138],"uv_size":[-2,26]},"down":{"uv":[190,164],"uv_size":[-2,-26]}}},{"origin":[-43.99609,80,-9],"size":[5,4,2],"uv":{"north":{"uv":[133,212],"uv_size":[-5,4]},"east":{"uv":[135,212],"uv_size":[-2,4]},"south":{"uv":[140,212],"uv_size":[-5,4]},"west":{"uv":[128,212],"uv_size":[-2,4]},"up":{"uv":[133,210],"uv_size":[-5,2]},"down":{"uv":[138,212],"uv_size":[-5,-2]}}},{"origin":[-38.99609,80,-10],"size":[2,19.5,2],"pivot":[-37.99609,80,-10],"rotation":[-35,0,0],"uv":{"north":{"uv":[68,245],"uv_size":[-2,19]},"east":{"uv":[70,245],"uv_size":[-2,19]},"south":{"uv":[72,245],"uv_size":[-2,19]},"west":{"uv":[66,245],"uv_size":[-2,19]},"up":{"uv":[68,243],"uv_size":[-2,2]},"down":{"uv":[70,245],"uv_size":[-2,-2]}}},{"origin":[-38.99609,94,1.25],"size":[2,2,14.75],"uv":{"north":{"uv":[194,230],"uv_size":[-2,2]},"east":{"uv":[208,230],"uv_size":[-14,2]},"south":{"uv":[210,230],"uv_size":[-2,2]},"west":{"uv":[192,230],"uv_size":[-14,2]},"up":{"uv":[194,216],"uv_size":[-2,14]},"down":{"uv":[196,230],"uv_size":[-2,-14]}}},{"origin":[-38.99609,80,14],"size":[2,14,2],"uv":{"north":{"uv":[129,246],"uv_size":[-2,14]},"east":{"uv":[131,246],"uv_size":[-2,14]},"south":{"uv":[133,246],"uv_size":[-2,14]},"west":{"uv":[127,246],"uv_size":[-2,14]},"up":{"uv":[129,244],"uv_size":[-2,2]},"down":{"uv":[131,246],"uv_size":[-2,-2]}}},{"origin":[-39.24609,65,-1],"size":[0,9,8],"uv":{"east":{"uv":[287,43],"uv_size":[-16,20]}}}]},{"name":"nogaL","parent":"body","pivot":[16,38,-1]},{"name":"NL1","parent":"nogaL","pivot":[16,38,-1],"cubes":[{"origin":[11,33,-6],"size":[10,10,10],"uv":{"north":{"uv":[285,27],"uv_size":[11,11]},"east":{"uv":[285,27],"uv_size":[11,11]},"south":{"uv":[285,27],"uv_size":[11,11]},"west":{"uv":[285,27],"uv_size":[11,11]},"up":{"uv":[296,38],"uv_size":[-11,-11]},"down":{"uv":[296,38],"uv_size":[-11,-11]}}},{"origin":[21,35,-4],"size":[1,6,6],"uv":{"north":{"uv":[285,27],"uv_size":[11,11]},"east":{"uv":[285,27],"uv_size":[11,11]},"south":{"uv":[285,27],"uv_size":[11,11]},"west":{"uv":[285,27],"uv_size":[11,11]},"up":{"uv":[296,38],"uv_size":[-11,-11]},"down":{"uv":[296,38],"uv_size":[-11,-11]}}},{"origin":[12,19,-7],"size":[8,19,12],"uv":{"north":{"uv":[297,4],"uv_size":[6,11]},"east":{"uv":[297,4],"uv_size":[6,11]},"south":{"uv":[297,4],"uv_size":[6,11]},"west":{"uv":[303,4],"uv_size":[8,11]},"up":{"uv":[303,15],"uv_size":[-6,-11]},"down":{"uv":[303,15],"uv_size":[-6,-11]}}},{"origin":[8,22,-4],"size":[2,14,5],"pivot":[9,29,-1.5],"rotation":[0,0,-40],"uv":{"north":{"uv":[391,5],"uv_size":[3,4]},"east":{"uv":[391,5],"uv_size":[3,4]},"south":{"uv":[391,5],"uv_size":[3,4]},"west":{"uv":[391,5],"uv_size":[3,4]},"up":{"uv":[394,9],"uv_size":[-3,-4]},"down":{"uv":[394,9],"uv_size":[-3,-4]}}}]},{"name":"NL2","parent":"NL1","pivot":[16,20,-2],"cubes":[{"origin":[13,4,-6],"size":[6,18,8],"uv":{"north":{"uv":[297,4],"uv_size":[6,11]},"east":{"uv":[297,4],"uv_size":[6,11]},"south":{"uv":[297,4],"uv_size":[6,11]},"west":{"uv":[297,4],"uv_size":[6,11]},"up":{"uv":[303,15],"uv_size":[-6,-11]},"down":{"uv":[303,15],"uv_size":[-6,-11]}}},{"origin":[12.25,7,-2],"size":[7.5,9,6],"uv":{"north":{"uv":[297,4],"uv_size":[6,11]},"east":{"uv":[297,4],"uv_size":[6,11]},"south":{"uv":[297,4],"uv_size":[6,11]},"west":{"uv":[297,4],"uv_size":[6,11]},"up":{"uv":[303,15],"uv_size":[-6,-11]},"down":{"uv":[303,15],"uv_size":[-6,-11]}}},{"origin":[12.25,15,-8],"size":[7.5,9,3],"uv":{"north":{"uv":[303,16],"uv_size":[4,3]},"east":{"uv":[303,16],"uv_size":[4,3]},"south":{"uv":[303,16],"uv_size":[4,3]},"west":{"uv":[303,16],"uv_size":[4,3]},"up":{"uv":[306,17],"uv_size":[-3,-1]},"down":{"uv":[306,17],"uv_size":[-3,-1]}}}]},{"name":"NL3","parent":"NL2","pivot":[16,5,-3.5],"cubes":[{"origin":[12,0,-7],"size":[8,6,7],"uv":{"north":{"uv":[312,7],"uv_size":[6,6]},"east":{"uv":[312,7],"uv_size":[6,6]},"south":{"uv":[312,7],"uv_size":[6,6]},"west":{"uv":[312,7],"uv_size":[6,6]},"up":{"uv":[318,13],"uv_size":[-6,-6]},"down":{"uv":[318,13],"uv_size":[-6,-6]}}},{"origin":[9,0.25,-11],"size":[14,3.75,9],"uv":{"north":{"uv":[301,0],"uv_size":[6,4]},"east":{"uv":[301,0],"uv_size":[6,4]},"south":{"uv":[275,20],"uv_size":[11,6]},"west":{"uv":[301,0],"uv_size":[6,4]},"up":{"uv":[286,26],"uv_size":[-11,-6]},"down":{"uv":[286,26],"uv_size":[-11,-6]}}},{"origin":[7,0,-15],"size":[7,5,7],"pivot":[10,2.5,-12.5],"rotation":[0,25,0],"uv":{"north":{"uv":[312,7],"uv_size":[6,6]},"east":{"uv":[312,7],"uv_size":[6,6]},"south":{"uv":[312,7],"uv_size":[6,6]},"west":{"uv":[312,7],"uv_size":[6,6]},"up":{"uv":[318,13],"uv_size":[-6,-6]},"down":{"uv":[318,13],"uv_size":[-6,-6]}}},{"origin":[18,0,-15],"size":[7,5,7],"pivot":[22,2.5,-12.5],"rotation":[0,-25,0],"uv":{"north":{"uv":[312,7],"uv_size":[6,6]},"east":{"uv":[312,7],"uv_size":[6,6]},"south":{"uv":[312,7],"uv_size":[6,6]},"west":{"uv":[312,7],"uv_size":[6,6]},"up":{"uv":[318,13],"uv_size":[-6,-6]},"down":{"uv":[318,13],"uv_size":[-6,-6]}}}]},{"name":"leftLeg","parent":"nogaL","pivot":[25,38,-1],"cubes":[{"origin":[20,43.5,-2.88672],"size":[10,4,3.76953],"uv":{"north":{"uv":[245,41],"uv_size":[10,4]},"east":{"uv":[242,41],"uv_size":[3,4]},"south":{"uv":[258,41],"uv_size":[10,4]},"west":{"uv":[255,41],"uv_size":[3,4]},"up":{"uv":[245,38],"uv_size":[10,3]},"down":{"uv":[255,41],"uv_size":[10,-3]}}},{"origin":[21,32.5,-6.88672],"size":[8,11,11.76953],"uv":{"north":{"uv":[11,209],"uv_size":[8,11]},"east":{"uv":[0,209],"uv_size":[11,11]},"south":{"uv":[30,209],"uv_size":[8,11]},"west":{"uv":[19,209],"uv_size":[11,11]},"up":{"uv":[11,198],"uv_size":[8,11]},"down":{"uv":[19,209],"uv_size":[8,-11]}}},{"origin":[20,28.5,-2.88672],"size":[10,4,3.76953],"uv":{"north":{"uv":[245,34],"uv_size":[10,4]},"east":{"uv":[242,34],"uv_size":[3,4]},"south":{"uv":[258,34],"uv_size":[10,4]},"west":{"uv":[255,34],"uv_size":[3,4]},"up":{"uv":[245,31],"uv_size":[10,3]},"down":{"uv":[255,34],"uv_size":[10,-3]}}},{"origin":[20,43.5,-2.88672],"size":[10,4,3.76953],"pivot":[25,38,-1],"rotation":[-90,0,0],"uv":{"north":{"uv":[245,27],"uv_size":[10,4]},"east":{"uv":[242,27],"uv_size":[3,4]},"south":{"uv":[258,27],"uv_size":[10,4]},"west":{"uv":[255,27],"uv_size":[3,4]},"up":{"uv":[245,24],"uv_size":[10,3]},"down":{"uv":[255,27],"uv_size":[10,-3]}}},{"origin":[20,28.5,-2.88672],"size":[10,4,3.76953],"pivot":[25,38,-1],"rotation":[-90,0,0],"uv":{"north":{"uv":[78,244],"uv_size":[10,4]},"east":{"uv":[75,244],"uv_size":[3,4]},"south":{"uv":[91,244],"uv_size":[10,4]},"west":{"uv":[88,244],"uv_size":[3,4]},"up":{"uv":[78,241],"uv_size":[10,3]},"down":{"uv":[88,244],"uv_size":[10,-3]}}},{"origin":[20,43.5,-2.88672],"size":[10,4,3.76953],"pivot":[25,38,-1],"rotation":[-45,0,0],"uv":{"north":{"uv":[29,244],"uv_size":[10,4]},"east":{"uv":[26,244],"uv_size":[3,4]},"south":{"uv":[42,244],"uv_size":[10,4]},"west":{"uv":[39,244],"uv_size":[3,4]},"up":{"uv":[29,241],"uv_size":[10,3]},"down":{"uv":[39,244],"uv_size":[10,-3]}}},{"origin":[20,28.5,-2.88672],"size":[10,4,3.76953],"pivot":[25,38,-1],"rotation":[-45,0,0],"uv":{"north":{"uv":[205,243],"uv_size":[10,4]},"east":{"uv":[202,243],"uv_size":[3,4]},"south":{"uv":[218,243],"uv_size":[10,4]},"west":{"uv":[215,243],"uv_size":[3,4]},"up":{"uv":[205,240],"uv_size":[10,3]},"down":{"uv":[215,243],"uv_size":[10,-3]}}},{"origin":[20,43.5,-2.88672],"size":[10,4,3.76953],"pivot":[25,38,-1],"rotation":[45,0,0],"uv":{"north":{"uv":[179,242],"uv_size":[10,4]},"east":{"uv":[176,242],"uv_size":[3,4]},"south":{"uv":[192,242],"uv_size":[10,4]},"west":{"uv":[189,242],"uv_size":[3,4]},"up":{"uv":[179,239],"uv_size":[10,3]},"down":{"uv":[189,242],"uv_size":[10,-3]}}},{"origin":[20,28.5,-2.88672],"size":[10,4,3.76953],"pivot":[25,38,-1],"rotation":[45,0,0],"uv":{"north":{"uv":[153,242],"uv_size":[10,4]},"east":{"uv":[150,242],"uv_size":[3,4]},"south":{"uv":[166,242],"uv_size":[10,4]},"west":{"uv":[163,242],"uv_size":[3,4]},"up":{"uv":[153,239],"uv_size":[10,3]},"down":{"uv":[163,242],"uv_size":[10,-3]}}},{"origin":[20,43.5,-2.88672],"size":[10,4,3.76953],"pivot":[25,38,-1],"rotation":[-22.5,0,0],"uv":{"north":{"uv":[241,135],"uv_size":[10,4]},"east":{"uv":[238,135],"uv_size":[3,4]},"south":{"uv":[254,135],"uv_size":[10,4]},"west":{"uv":[251,135],"uv_size":[3,4]},"up":{"uv":[241,132],"uv_size":[10,3]},"down":{"uv":[251,135],"uv_size":[10,-3]}}},{"origin":[20,28.5,-2.88672],"size":[10,4,3.76953],"pivot":[25,38,-1],"rotation":[-22.5,0,0],"uv":{"north":{"uv":[241,20],"uv_size":[10,4]},"east":{"uv":[238,20],"uv_size":[3,4]},"south":{"uv":[254,20],"uv_size":[10,4]},"west":{"uv":[251,20],"uv_size":[3,4]},"up":{"uv":[241,17],"uv_size":[10,3]},"down":{"uv":[251,20],"uv_size":[10,-3]}}},{"origin":[20,43.5,-2.88672],"size":[10,4,3.76953],"pivot":[25,38,-1],"rotation":[22.5,0,0],"uv":{"north":{"uv":[3,241],"uv_size":[10,4]},"east":{"uv":[0,241],"uv_size":[3,4]},"south":{"uv":[16,241],"uv_size":[10,4]},"west":{"uv":[13,241],"uv_size":[3,4]},"up":{"uv":[3,238],"uv_size":[10,3]},"down":{"uv":[13,241],"uv_size":[10,-3]}}},{"origin":[20,28.5,-2.88672],"size":[10,4,3.76953],"pivot":[25,38,-1],"rotation":[22.5,0,0],"uv":{"north":{"uv":[239,240],"uv_size":[10,4]},"east":{"uv":[236,240],"uv_size":[3,4]},"south":{"uv":[252,240],"uv_size":[10,4]},"west":{"uv":[249,240],"uv_size":[3,4]},"up":{"uv":[239,237],"uv_size":[10,3]},"down":{"uv":[249,240],"uv_size":[10,-3]}}},{"origin":[20,43.5,-2.88672],"size":[10,4,3.76953],"pivot":[25,38,-1],"rotation":[-67.5,0,0],"uv":{"north":{"uv":[127,240],"uv_size":[10,4]},"east":{"uv":[124,240],"uv_size":[3,4]},"south":{"uv":[140,240],"uv_size":[10,4]},"west":{"uv":[137,240],"uv_size":[3,4]},"up":{"uv":[127,237],"uv_size":[10,3]},"down":{"uv":[137,240],"uv_size":[10,-3]}}},{"origin":[20,28.5,-2.88672],"size":[10,4,3.76953],"pivot":[25,38,-1],"rotation":[-67.5,0,0],"uv":{"north":{"uv":[101,240],"uv_size":[10,4]},"east":{"uv":[98,240],"uv_size":[3,4]},"south":{"uv":[114,240],"uv_size":[10,4]},"west":{"uv":[111,240],"uv_size":[3,4]},"up":{"uv":[101,237],"uv_size":[10,3]},"down":{"uv":[111,240],"uv_size":[10,-3]}}},{"origin":[20,43.5,-2.88672],"size":[10,4,3.76953],"pivot":[25,38,-1],"rotation":[67.5,0,0],"uv":{"north":{"uv":[239,229],"uv_size":[10,4]},"east":{"uv":[236,229],"uv_size":[3,4]},"south":{"uv":[252,229],"uv_size":[10,4]},"west":{"uv":[249,229],"uv_size":[3,4]},"up":{"uv":[239,226],"uv_size":[10,3]},"down":{"uv":[249,229],"uv_size":[10,-3]}}},{"origin":[20,28.5,-2.88672],"size":[10,4,3.76953],"pivot":[25,38,-1],"rotation":[67.5,0,0],"uv":{"north":{"uv":[55,239],"uv_size":[10,4]},"east":{"uv":[52,239],"uv_size":[3,4]},"south":{"uv":[68,239],"uv_size":[10,4]},"west":{"uv":[65,239],"uv_size":[3,4]},"up":{"uv":[55,236],"uv_size":[10,3]},"down":{"uv":[65,239],"uv_size":[10,-3]}}}]},{"name":"nogaR","parent":"body","pivot":[-16,38,-1]},{"name":"NR1","parent":"nogaR","pivot":[-16,38,-1],"cubes":[{"origin":[-21,33,-6],"size":[10,10,10],"uv":{"north":{"uv":[296,27],"uv_size":[-11,11]},"east":{"uv":[296,27],"uv_size":[-11,11]},"south":{"uv":[296,27],"uv_size":[-11,11]},"west":{"uv":[296,27],"uv_size":[-11,11]},"up":{"uv":[285,38],"uv_size":[11,-11]},"down":{"uv":[285,38],"uv_size":[11,-11]}}},{"origin":[-22,35,-4],"size":[1,6,6],"uv":{"north":{"uv":[296,27],"uv_size":[-11,11]},"east":{"uv":[296,27],"uv_size":[-11,11]},"south":{"uv":[296,27],"uv_size":[-11,11]},"west":{"uv":[296,27],"uv_size":[-11,11]},"up":{"uv":[285,38],"uv_size":[11,-11]},"down":{"uv":[285,38],"uv_size":[11,-11]}}},{"origin":[-20,19,-7],"size":[8,19,12],"uv":{"north":{"uv":[303,4],"uv_size":[-6,11]},"east":{"uv":[311,4],"uv_size":[-8,11]},"south":{"uv":[303,4],"uv_size":[-6,11]},"west":{"uv":[303,4],"uv_size":[-6,11]},"up":{"uv":[297,15],"uv_size":[6,-11]},"down":{"uv":[297,15],"uv_size":[6,-11]}}},{"origin":[-10,22,-4],"size":[2,14,5],"pivot":[-9,29,-1.5],"rotation":[0,0,40],"uv":{"north":{"uv":[394,5],"uv_size":[-3,4]},"east":{"uv":[394,5],"uv_size":[-3,4]},"south":{"uv":[394,5],"uv_size":[-3,4]},"west":{"uv":[394,5],"uv_size":[-3,4]},"up":{"uv":[391,9],"uv_size":[3,-4]},"down":{"uv":[391,9],"uv_size":[3,-4]}}}]},{"name":"NR2","parent":"NR1","pivot":[-16,20,-2],"cubes":[{"origin":[-19,4,-6],"size":[6,18,8],"uv":{"north":{"uv":[303,4],"uv_size":[-6,11]},"east":{"uv":[303,4],"uv_size":[-6,11]},"south":{"uv":[303,4],"uv_size":[-6,11]},"west":{"uv":[303,4],"uv_size":[-6,11]},"up":{"uv":[297,15],"uv_size":[6,-11]},"down":{"uv":[297,15],"uv_size":[6,-11]}}},{"origin":[-19.75,7,-2],"size":[7.5,9,6],"uv":{"north":{"uv":[303,4],"uv_size":[-6,11]},"east":{"uv":[303,4],"uv_size":[-6,11]},"south":{"uv":[303,4],"uv_size":[-6,11]},"west":{"uv":[303,4],"uv_size":[-6,11]},"up":{"uv":[297,15],"uv_size":[6,-11]},"down":{"uv":[297,15],"uv_size":[6,-11]}}},{"origin":[-19.75,15,-8],"size":[7.5,9,3],"uv":{"north":{"uv":[307,16],"uv_size":[-4,3]},"east":{"uv":[307,16],"uv_size":[-4,3]},"south":{"uv":[307,16],"uv_size":[-4,3]},"west":{"uv":[307,16],"uv_size":[-4,3]},"up":{"uv":[303,17],"uv_size":[3,-1]},"down":{"uv":[303,17],"uv_size":[3,-1]}}}]},{"name":"NR3","parent":"NR2","pivot":[-16,5,-3.5],"cubes":[{"origin":[-20,0,-7],"size":[8,6,7],"uv":{"north":{"uv":[318,7],"uv_size":[-6,6]},"east":{"uv":[318,7],"uv_size":[-6,6]},"south":{"uv":[318,7],"uv_size":[-6,6]},"west":{"uv":[318,7],"uv_size":[-6,6]},"up":{"uv":[312,13],"uv_size":[6,-6]},"down":{"uv":[312,13],"uv_size":[6,-6]}}},{"origin":[-23,0.25,-11],"size":[14,3.75,9],"uv":{"north":{"uv":[307,0],"uv_size":[-6,4]},"east":{"uv":[307,0],"uv_size":[-6,4]},"south":{"uv":[286,20],"uv_size":[-11,6]},"west":{"uv":[307,0],"uv_size":[-6,4]},"up":{"uv":[275,26],"uv_size":[11,-6]},"down":{"uv":[275,26],"uv_size":[11,-6]}}},{"origin":[-14,0,-15],"size":[7,5,7],"pivot":[-10,2.5,-12.5],"rotation":[0,-25,0],"uv":{"north":{"uv":[318,7],"uv_size":[-6,6]},"east":{"uv":[318,7],"uv_size":[-6,6]},"south":{"uv":[318,7],"uv_size":[-6,6]},"west":{"uv":[318,7],"uv_size":[-6,6]},"up":{"uv":[312,13],"uv_size":[6,-6]},"down":{"uv":[312,13],"uv_size":[6,-6]}}},{"origin":[-25,0,-15],"size":[7,5,7],"pivot":[-22,2.5,-12.5],"rotation":[0,25,0],"uv":{"north":{"uv":[318,7],"uv_size":[-6,6]},"east":{"uv":[318,7],"uv_size":[-6,6]},"south":{"uv":[318,7],"uv_size":[-6,6]},"west":{"uv":[318,7],"uv_size":[-6,6]},"up":{"uv":[312,13],"uv_size":[6,-6]},"down":{"uv":[312,13],"uv_size":[6,-6]}}}]},{"name":"rightLeg","parent":"nogaR","pivot":[-25,38,-1],"cubes":[{"origin":[-30,43.5,-2.88672],"size":[10,4,3.76953],"uv":{"north":{"uv":[255,41],"uv_size":[-10,4]},"east":{"uv":[258,41],"uv_size":[-3,4]},"south":{"uv":[268,41],"uv_size":[-10,4]},"west":{"uv":[245,41],"uv_size":[-3,4]},"up":{"uv":[255,38],"uv_size":[-10,3]},"down":{"uv":[265,41],"uv_size":[-10,-3]}}},{"origin":[-29,32.5,-6.88672],"size":[8,11,11.76953],"uv":{"north":{"uv":[19,209],"uv_size":[-8,11]},"east":{"uv":[30,209],"uv_size":[-11,11]},"south":{"uv":[38,209],"uv_size":[-8,11]},"west":{"uv":[11,209],"uv_size":[-11,11]},"up":{"uv":[19,198],"uv_size":[-8,11]},"down":{"uv":[27,209],"uv_size":[-8,-11]}}},{"origin":[-30,28.5,-2.88672],"size":[10,4,3.76953],"uv":{"north":{"uv":[255,34],"uv_size":[-10,4]},"east":{"uv":[258,34],"uv_size":[-3,4]},"south":{"uv":[268,34],"uv_size":[-10,4]},"west":{"uv":[245,34],"uv_size":[-3,4]},"up":{"uv":[255,31],"uv_size":[-10,3]},"down":{"uv":[265,34],"uv_size":[-10,-3]}}},{"origin":[-30,43.5,-2.88672],"size":[10,4,3.76953],"pivot":[-25,38,-1],"rotation":[-90,0,0],"uv":{"north":{"uv":[255,27],"uv_size":[-10,4]},"east":{"uv":[258,27],"uv_size":[-3,4]},"south":{"uv":[268,27],"uv_size":[-10,4]},"west":{"uv":[245,27],"uv_size":[-3,4]},"up":{"uv":[255,24],"uv_size":[-10,3]},"down":{"uv":[265,27],"uv_size":[-10,-3]}}},{"origin":[-30,28.5,-2.88672],"size":[10,4,3.76953],"pivot":[-25,38,-1],"rotation":[-90,0,0],"uv":{"north":{"uv":[88,244],"uv_size":[-10,4]},"east":{"uv":[91,244],"uv_size":[-3,4]},"south":{"uv":[101,244],"uv_size":[-10,4]},"west":{"uv":[78,244],"uv_size":[-3,4]},"up":{"uv":[88,241],"uv_size":[-10,3]},"down":{"uv":[98,244],"uv_size":[-10,-3]}}},{"origin":[-30,43.5,-2.88672],"size":[10,4,3.76953],"pivot":[-25,38,-1],"rotation":[-45,0,0],"uv":{"north":{"uv":[39,244],"uv_size":[-10,4]},"east":{"uv":[42,244],"uv_size":[-3,4]},"south":{"uv":[52,244],"uv_size":[-10,4]},"west":{"uv":[29,244],"uv_size":[-3,4]},"up":{"uv":[39,241],"uv_size":[-10,3]},"down":{"uv":[49,244],"uv_size":[-10,-3]}}},{"origin":[-30,28.5,-2.88672],"size":[10,4,3.76953],"pivot":[-25,38,-1],"rotation":[-45,0,0],"uv":{"north":{"uv":[215,243],"uv_size":[-10,4]},"east":{"uv":[218,243],"uv_size":[-3,4]},"south":{"uv":[228,243],"uv_size":[-10,4]},"west":{"uv":[205,243],"uv_size":[-3,4]},"up":{"uv":[215,240],"uv_size":[-10,3]},"down":{"uv":[225,243],"uv_size":[-10,-3]}}},{"origin":[-30,43.5,-2.88672],"size":[10,4,3.76953],"pivot":[-25,38,-1],"rotation":[45,0,0],"uv":{"north":{"uv":[189,242],"uv_size":[-10,4]},"east":{"uv":[192,242],"uv_size":[-3,4]},"south":{"uv":[202,242],"uv_size":[-10,4]},"west":{"uv":[179,242],"uv_size":[-3,4]},"up":{"uv":[189,239],"uv_size":[-10,3]},"down":{"uv":[199,242],"uv_size":[-10,-3]}}},{"origin":[-30,28.5,-2.88672],"size":[10,4,3.76953],"pivot":[-25,38,-1],"rotation":[45,0,0],"uv":{"north":{"uv":[163,242],"uv_size":[-10,4]},"east":{"uv":[166,242],"uv_size":[-3,4]},"south":{"uv":[176,242],"uv_size":[-10,4]},"west":{"uv":[153,242],"uv_size":[-3,4]},"up":{"uv":[163,239],"uv_size":[-10,3]},"down":{"uv":[173,242],"uv_size":[-10,-3]}}},{"origin":[-30,43.5,-2.88672],"size":[10,4,3.76953],"pivot":[-25,38,-1],"rotation":[-22.5,0,0],"uv":{"north":{"uv":[251,135],"uv_size":[-10,4]},"east":{"uv":[254,135],"uv_size":[-3,4]},"south":{"uv":[264,135],"uv_size":[-10,4]},"west":{"uv":[241,135],"uv_size":[-3,4]},"up":{"uv":[251,132],"uv_size":[-10,3]},"down":{"uv":[261,135],"uv_size":[-10,-3]}}},{"origin":[-30,28.5,-2.88672],"size":[10,4,3.76953],"pivot":[-25,38,-1],"rotation":[-22.5,0,0],"uv":{"north":{"uv":[251,20],"uv_size":[-10,4]},"east":{"uv":[254,20],"uv_size":[-3,4]},"south":{"uv":[264,20],"uv_size":[-10,4]},"west":{"uv":[241,20],"uv_size":[-3,4]},"up":{"uv":[251,17],"uv_size":[-10,3]},"down":{"uv":[261,20],"uv_size":[-10,-3]}}},{"origin":[-30,43.5,-2.88672],"size":[10,4,3.76953],"pivot":[-25,38,-1],"rotation":[22.5,0,0],"uv":{"north":{"uv":[13,241],"uv_size":[-10,4]},"east":{"uv":[16,241],"uv_size":[-3,4]},"south":{"uv":[26,241],"uv_size":[-10,4]},"west":{"uv":[3,241],"uv_size":[-3,4]},"up":{"uv":[13,238],"uv_size":[-10,3]},"down":{"uv":[23,241],"uv_size":[-10,-3]}}},{"origin":[-30,28.5,-2.88672],"size":[10,4,3.76953],"pivot":[-25,38,-1],"rotation":[22.5,0,0],"uv":{"north":{"uv":[249,240],"uv_size":[-10,4]},"east":{"uv":[252,240],"uv_size":[-3,4]},"south":{"uv":[262,240],"uv_size":[-10,4]},"west":{"uv":[239,240],"uv_size":[-3,4]},"up":{"uv":[249,237],"uv_size":[-10,3]},"down":{"uv":[259,240],"uv_size":[-10,-3]}}},{"origin":[-30,43.5,-2.88672],"size":[10,4,3.76953],"pivot":[-25,38,-1],"rotation":[-67.5,0,0],"uv":{"north":{"uv":[137,240],"uv_size":[-10,4]},"east":{"uv":[140,240],"uv_size":[-3,4]},"south":{"uv":[150,240],"uv_size":[-10,4]},"west":{"uv":[127,240],"uv_size":[-3,4]},"up":{"uv":[137,237],"uv_size":[-10,3]},"down":{"uv":[147,240],"uv_size":[-10,-3]}}},{"origin":[-30,28.5,-2.88672],"size":[10,4,3.76953],"pivot":[-25,38,-1],"rotation":[-67.5,0,0],"uv":{"north":{"uv":[111,240],"uv_size":[-10,4]},"east":{"uv":[114,240],"uv_size":[-3,4]},"south":{"uv":[124,240],"uv_size":[-10,4]},"west":{"uv":[101,240],"uv_size":[-3,4]},"up":{"uv":[111,237],"uv_size":[-10,3]},"down":{"uv":[121,240],"uv_size":[-10,-3]}}},{"origin":[-30,43.5,-2.88672],"size":[10,4,3.76953],"pivot":[-25,38,-1],"rotation":[67.5,0,0],"uv":{"north":{"uv":[249,229],"uv_size":[-10,4]},"east":{"uv":[252,229],"uv_size":[-3,4]},"south":{"uv":[262,229],"uv_size":[-10,4]},"west":{"uv":[239,229],"uv_size":[-3,4]},"up":{"uv":[249,226],"uv_size":[-10,3]},"down":{"uv":[259,229],"uv_size":[-10,-3]}}},{"origin":[-30,28.5,-2.88672],"size":[10,4,3.76953],"pivot":[-25,38,-1],"rotation":[67.5,0,0],"uv":{"north":{"uv":[65,239],"uv_size":[-10,4]},"east":{"uv":[68,239],"uv_size":[-3,4]},"south":{"uv":[78,239],"uv_size":[-10,4]},"west":{"uv":[55,239],"uv_size":[-3,4]},"up":{"uv":[65,236],"uv_size":[-10,3]},"down":{"uv":[75,239],"uv_size":[-10,-3]}}}]},{"name":"morda","parent":"body","pivot":[0,67.38431,-16.15],"rotation":[20,0,0],"cubes":[{"origin":[22,60.58579,-22.65685],"size":[4,5,12],"pivot":[23.5,60.58579,-25.65685],"rotation":[-45,0,0],"uv":{"north":{"uv":[72,222],"uv_size":[4,5]},"east":{"uv":[60,222],"uv_size":[12,5]},"south":{"uv":[88,222],"uv_size":[4,5]},"west":{"uv":[76,222],"uv_size":[12,5]},"up":{"uv":[72,210],"uv_size":[4,12]},"down":{"uv":[76,222],"uv_size":[4,-12]}}},{"origin":[-26,60.58579,-22.65685],"size":[4,5,12],"pivot":[-23.5,60.58579,-25.65685],"rotation":[-45,0,0],"uv":{"north":{"uv":[76,222],"uv_size":[-4,5]},"east":{"uv":[88,222],"uv_size":[-12,5]},"south":{"uv":[92,222],"uv_size":[-4,5]},"west":{"uv":[72,222],"uv_size":[-12,5]},"up":{"uv":[76,210],"uv_size":[-4,12]},"down":{"uv":[80,222],"uv_size":[-4,-12]}}},{"origin":[21.98438,57,-34],"size":[4,5,14],"uv":{"north":{"uv":[118,217],"uv_size":[4,5]},"east":{"uv":[104,217],"uv_size":[14,5]},"south":{"uv":[136,217],"uv_size":[4,5]},"west":{"uv":[122,217],"uv_size":[14,5]},"up":{"uv":[118,203],"uv_size":[4,14]},"down":{"uv":[122,217],"uv_size":[4,-14]}}},{"origin":[-25.98437,57,-34],"size":[4,5,14],"uv":{"north":{"uv":[122,217],"uv_size":[-4,5]},"east":{"uv":[136,217],"uv_size":[-14,5]},"south":{"uv":[140,217],"uv_size":[-4,5]},"west":{"uv":[118,217],"uv_size":[-14,5]},"up":{"uv":[122,203],"uv_size":[-4,14]},"down":{"uv":[126,217],"uv_size":[-4,-14]}}},{"origin":[22,60.58579,-43.34315],"size":[4,5,12],"pivot":[23.5,60.58579,-28.34315],"rotation":[45,0,0],"uv":{"north":{"uv":[221,186],"uv_size":[4,5]},"east":{"uv":[209,186],"uv_size":[12,5]},"south":{"uv":[237,186],"uv_size":[4,5]},"west":{"uv":[225,186],"uv_size":[12,5]},"up":{"uv":[221,174],"uv_size":[4,12]},"down":{"uv":[225,186],"uv_size":[4,-12]}}},{"origin":[-26,60.58579,-43.34315],"size":[4,5,12],"pivot":[-23.5,60.58579,-28.34315],"rotation":[45,0,0],"uv":{"north":{"uv":[225,186],"uv_size":[-4,5]},"east":{"uv":[237,186],"uv_size":[-12,5]},"south":{"uv":[241,186],"uv_size":[-4,5]},"west":{"uv":[221,186],"uv_size":[-12,5]},"up":{"uv":[225,174],"uv_size":[-4,12]},"down":{"uv":[229,186],"uv_size":[-4,-12]}}},{"origin":[-22,50,-41],"size":[44,17,4],"uv":{"north":{"uv":[115,46],"uv_size":[44,17]},"east":{"uv":[111,46],"uv_size":[4,17]},"south":{"uv":[163,46],"uv_size":[44,17]},"west":{"uv":[159,46],"uv_size":[4,17]},"up":{"uv":[115,42],"uv_size":[44,4]},"down":{"uv":[159,46],"uv_size":[44,-4]}}},{"origin":[9,57,-42],"size":[8,8,1],"uv":{"north":{"uv":[173,203],"uv_size":[8,8]},"east":{"uv":[172,203],"uv_size":[1,8]},"south":{"uv":[182,203],"uv_size":[8,8]},"west":{"uv":[181,203],"uv_size":[1,8]},"up":{"uv":[173,202],"uv_size":[8,1]},"down":{"uv":[181,203],"uv_size":[8,-1]}}},{"origin":[-17,57,-42],"size":[8,8,1],"uv":{"north":{"uv":[95,110],"uv_size":[8,8]},"east":{"uv":[94,110],"uv_size":[1,8]},"south":{"uv":[104,110],"uv_size":[8,8]},"west":{"uv":[103,110],"uv_size":[1,8]},"up":{"uv":[95,109],"uv_size":[8,1]},"down":{"uv":[103,110],"uv_size":[8,-1]}}},{"origin":[12,52,-42],"size":[5,3,1],"uv":{"north":{"uv":[1,27],"uv_size":[5,3]},"east":{"uv":[0,27],"uv_size":[1,3]},"south":{"uv":[7,27],"uv_size":[5,3]},"west":{"uv":[6,27],"uv_size":[1,3]},"up":{"uv":[1,26],"uv_size":[5,1]},"down":{"uv":[6,27],"uv_size":[5,-1]}}},{"origin":[-17,52,-42],"size":[5,3,1],"uv":{"north":{"uv":[1,23],"uv_size":[5,3]},"east":{"uv":[0,23],"uv_size":[1,3]},"south":{"uv":[7,23],"uv_size":[5,3]},"west":{"uv":[6,23],"uv_size":[1,3]},"up":{"uv":[1,22],"uv_size":[5,1]},"down":{"uv":[6,23],"uv_size":[5,-1]}}},{"origin":[-22,57,-37],"size":[44,10,20],"uv":{"north":{"uv":[20,98],"uv_size":[44,10]},"east":{"uv":[0,98],"uv_size":[20,10]},"south":{"uv":[84,98],"uv_size":[44,10]},"west":{"uv":[64,98],"uv_size":[20,10]},"up":{"uv":[20,78],"uv_size":[44,20]},"down":{"uv":[64,98],"uv_size":[44,-20]}}},{"origin":[-13,67,-37],"size":[26,1.5,20],"uv":{"north":{"uv":[142,83],"uv_size":[26,1]},"east":{"uv":[122,83],"uv_size":[20,1]},"south":{"uv":[188,83],"uv_size":[26,1]},"west":{"uv":[168,83],"uv_size":[20,1]},"up":{"uv":[142,63],"uv_size":[26,20]},"down":{"uv":[168,83],"uv_size":[26,-20]}}},{"origin":[-13,45,-37],"size":[26,22,20],"uv":{"north":{"uv":[20,128],"uv_size":[26,22]},"east":{"uv":[0,128],"uv_size":[20,22]},"south":{"uv":[66,128],"uv_size":[26,22]},"west":{"uv":[46,128],"uv_size":[20,22]},"up":{"uv":[20,108],"uv_size":[26,20]},"down":{"uv":[46,128],"uv_size":[26,-20]}}}]},{"name":"kabina","parent":"body","pivot":[0,56,-16.5],"cubes":[{"origin":[-20,45,-17],"size":[40,22,1],"uv":{"north":{"uv":[105,142],"uv_size":[40,22]},"east":{"uv":[104,142],"uv_size":[1,22]},"south":{"uv":[146,142],"uv_size":[40,22]},"west":{"uv":[145,142],"uv_size":[1,22]},"up":{"uv":[105,141],"uv_size":[40,1]},"down":{"uv":[145,142],"uv_size":[40,-1]}}},{"origin":[-20,59.49326,-9.86001],"size":[40,9.75,4],"pivot":[-2,39.49326,-3.86001],"rotation":[20,0,0],"uv":{"north":{"uv":[124,25],"uv_size":[40,10]},"east":{"uv":[120,25],"uv_size":[4,10]},"south":{"uv":[168,25],"uv_size":[40,10]},"west":{"uv":[164,25],"uv_size":[4,10]},"up":{"uv":[124,21],"uv_size":[40,4]},"down":{"uv":[164,25],"uv_size":[40,-4]}}},{"origin":[-20,45,-16],"size":[40,5,31],"uv":{"north":{"uv":[31,73],"uv_size":[40,5]},"east":{"uv":[0,73],"uv_size":[31,5]},"south":{"uv":[102,73],"uv_size":[40,5]},"west":{"uv":[71,73],"uv_size":[31,5]},"up":{"uv":[31,42],"uv_size":[40,31]},"down":{"uv":[71,73],"uv_size":[40,-31]}}},{"origin":[-3,50,-16],"size":[6,3,31],"uv":{"north":{"uv":[92,172],"uv_size":[6,3]},"east":{"uv":[61,172],"uv_size":[31,3]},"south":{"uv":[129,172],"uv_size":[6,3]},"west":{"uv":[98,172],"uv_size":[31,3]},"up":{"uv":[92,141],"uv_size":[6,31]},"down":{"uv":[98,172],"uv_size":[6,-31]}}},{"origin":[-3,53,-16],"size":[6,5,3],"uv":{"north":{"uv":[89,178],"uv_size":[6,5]},"east":{"uv":[86,178],"uv_size":[3,5]},"south":{"uv":[98,178],"uv_size":[6,5]},"west":{"uv":[95,178],"uv_size":[3,5]},"up":{"uv":[89,175],"uv_size":[6,3]},"down":{"uv":[95,178],"uv_size":[6,-3]}}},{"origin":[4,50,-8],"size":[13,3,11],"uv":{"north":{"uv":[201,136],"uv_size":[13,5]},"east":{"uv":[190,136],"uv_size":[11,5]},"south":{"uv":[225,136],"uv_size":[13,5]},"west":{"uv":[214,136],"uv_size":[11,5]},"up":{"uv":[201,125],"uv_size":[13,11]},"down":{"uv":[214,136],"uv_size":[13,-11]}}},{"origin":[-17,50,-8],"size":[13,3,11],"uv":{"north":{"uv":[183,197],"uv_size":[13,5]},"east":{"uv":[172,197],"uv_size":[11,5]},"south":{"uv":[207,197],"uv_size":[13,5]},"west":{"uv":[196,197],"uv_size":[11,5]},"up":{"uv":[183,186],"uv_size":[13,11]},"down":{"uv":[196,197],"uv_size":[13,-11]}}},{"origin":[4,48,0],"size":[13,22,4],"pivot":[10.5,50,3],"rotation":[-12.5,0,0],"uv":{"north":{"uv":[212,25],"uv_size":[13,20]},"east":{"uv":[208,25],"uv_size":[4,20]},"south":{"uv":[229,25],"uv_size":[13,20]},"west":{"uv":[225,25],"uv_size":[4,20]},"up":{"uv":[212,21],"uv_size":[13,4]},"down":{"uv":[225,25],"uv_size":[13,-4]}}},{"origin":[-17,48,0],"size":[13,22,4],"pivot":[-10.5,50,3],"rotation":[-12.5,0,0],"uv":{"north":{"uv":[201,206],"uv_size":[13,20]},"east":{"uv":[197,206],"uv_size":[4,20]},"south":{"uv":[218,206],"uv_size":[13,20]},"west":{"uv":[214,206],"uv_size":[4,20]},"up":{"uv":[201,202],"uv_size":[13,4]},"down":{"uv":[214,206],"uv_size":[13,-4]}}}]},{"name":"rulevaya","parent":"kabina","pivot":[10.5,62.30154,-14.2899],"rotation":[20,0,0]},{"name":"rule","parent":"rulevaya","pivot":[10.5,62.30154,-14.2899],"cubes":[{"origin":[8,56.30154,-10.2899],"size":[5,2,2],"pivot":[10.5,62.30154,-9.2899],"rotation":[0,0,-45],"uv":{"north":{"uv":[103,205],"uv_size":[5,2]},"east":{"uv":[101,205],"uv_size":[2,2]},"south":{"uv":[110,205],"uv_size":[5,2]},"west":{"uv":[108,205],"uv_size":[2,2]},"up":{"uv":[103,203],"uv_size":[5,2]},"down":{"uv":[108,205],"uv_size":[5,-2]}}},{"origin":[9.5,61.30154,-16.2899],"size":[2,2,6],"uv":{"north":{"uv":[190,131],"uv_size":[2,2]},"east":{"uv":[184,131],"uv_size":[6,2]},"south":{"uv":[198,131],"uv_size":[2,2]},"west":{"uv":[192,131],"uv_size":[6,2]},"up":{"uv":[190,125],"uv_size":[2,6]},"down":{"uv":[192,131],"uv_size":[2,-6]}}},{"origin":[8,66.30154,-10.2899],"size":[5,2,2],"uv":{"north":{"uv":[141,183],"uv_size":[5,2]},"east":{"uv":[139,183],"uv_size":[2,2]},"south":{"uv":[148,183],"uv_size":[5,2]},"west":{"uv":[146,183],"uv_size":[2,2]},"up":{"uv":[141,181],"uv_size":[5,2]},"down":{"uv":[146,183],"uv_size":[5,-2]}}},{"origin":[6.5,61.30154,-10.2899],"size":[8,2,1.75],"uv":{"north":{"uv":[1,71],"uv_size":[8,2]},"east":{"uv":[0,71],"uv_size":[1,2]},"south":{"uv":[10,71],"uv_size":[8,2]},"west":{"uv":[9,71],"uv_size":[1,2]},"up":{"uv":[1,70],"uv_size":[8,1]},"down":{"uv":[9,71],"uv_size":[8,-1]}}},{"origin":[8,56.30154,-10.2899],"size":[5,2,2],"uv":{"north":{"uv":[2,173],"uv_size":[5,2]},"east":{"uv":[0,173],"uv_size":[2,2]},"south":{"uv":[9,173],"uv_size":[5,2]},"west":{"uv":[7,173],"uv_size":[2,2]},"up":{"uv":[2,171],"uv_size":[5,2]},"down":{"uv":[7,173],"uv_size":[5,-2]}}},{"origin":[8,66.30154,-10.2899],"size":[5,2,2],"pivot":[10.5,62.30154,-9.2899],"rotation":[0,0,90],"uv":{"north":{"uv":[76,170],"uv_size":[5,2]},"east":{"uv":[74,170],"uv_size":[2,2]},"south":{"uv":[83,170],"uv_size":[5,2]},"west":{"uv":[81,170],"uv_size":[2,2]},"up":{"uv":[76,168],"uv_size":[5,2]},"down":{"uv":[81,170],"uv_size":[5,-2]}}},{"origin":[8,56.30154,-10.2899],"size":[5,2,2],"pivot":[10.5,62.30154,-9.2899],"rotation":[0,0,90],"uv":{"north":{"uv":[62,170],"uv_size":[5,2]},"east":{"uv":[60,170],"uv_size":[2,2]},"south":{"uv":[69,170],"uv_size":[5,2]},"west":{"uv":[67,170],"uv_size":[2,2]},"up":{"uv":[62,168],"uv_size":[5,2]},"down":{"uv":[67,170],"uv_size":[5,-2]}}},{"origin":[8,66.30154,-10.2899],"size":[5,2,2],"pivot":[10.5,62.30154,-9.2899],"rotation":[0,0,45],"uv":{"north":{"uv":[166,127],"uv_size":[5,2]},"east":{"uv":[164,127],"uv_size":[2,2]},"south":{"uv":[173,127],"uv_size":[5,2]},"west":{"uv":[171,127],"uv_size":[2,2]},"up":{"uv":[166,125],"uv_size":[5,2]},"down":{"uv":[171,127],"uv_size":[5,-2]}}},{"origin":[8,56.30154,-10.2899],"size":[5,2,2],"pivot":[10.5,62.30154,-9.2899],"rotation":[0,0,45],"uv":{"north":{"uv":[124,80],"uv_size":[5,2]},"east":{"uv":[122,80],"uv_size":[2,2]},"south":{"uv":[131,80],"uv_size":[5,2]},"west":{"uv":[129,80],"uv_size":[2,2]},"up":{"uv":[124,78],"uv_size":[5,2]},"down":{"uv":[129,80],"uv_size":[5,-2]}}},{"origin":[8,66.30154,-10.2899],"size":[5,2,2],"pivot":[10.5,62.30154,-9.2899],"rotation":[0,0,-45],"uv":{"north":{"uv":[96,120],"uv_size":[5,2]},"east":{"uv":[94,120],"uv_size":[2,2]},"south":{"uv":[103,120],"uv_size":[5,2]},"west":{"uv":[101,120],"uv_size":[2,2]},"up":{"uv":[96,118],"uv_size":[5,2]},"down":{"uv":[101,120],"uv_size":[5,-2]}}}]}]}]}