{"format_version":"1.12.0","minecraft:geometry":[{"description":{"identifier":"geometry.geometry.oneblock","texture_width":128,"texture_height":128,"visible_bounds_width":20,"visible_bounds_height":13,"visible_bounds_offset":[0,4.5,0]},"bones":[{"name":"bone16","pivot":[0,8,0]},{"name":"bone2","parent":"bone16","pivot":[23,16,0],"rotation":[0,90,0]},{"name":"Blocks","parent":"bone2","pivot":[64,16,1]},{"name":"bone3","parent":"bone16","pivot":[-42,-16,-21],"rotation":[0,90,0]},{"name":"GrassBlocks","parent":"bone3","pivot":[0,0,0]},{"name":"Grass","parent":"GrassBlocks","pivot":[-62.11764,24,20.94118],"cubes":[{"origin":[-70,16,-18],"size":[16,16,16],"pivot":[-62.05882,24.11765,5.47059],"rotation":[0,180,0],"uv":{"north":{"uv":[48,0],"uv_size":[16,16]},"east":{"uv":[48,0],"uv_size":[16,16]},"south":{"uv":[48,0],"uv_size":[16,16]},"west":{"uv":[48,0],"uv_size":[16,16]},"up":{"uv":[64,64],"uv_size":[-16,-16]},"down":{"uv":[64,32],"uv_size":[-16,-16]}}}]},{"name":"Grass2","parent":"GrassBlocks","pivot":[-62.11764,24,20.94118],"cubes":[{"origin":[-70,16,-18],"size":[16,16,16],"inflate":0.012,"pivot":[-62.05882,24.11765,5.47059],"rotation":[0,180,0],"uv":{"north":{"uv":[48,80],"uv_size":[16,16]},"east":{"uv":[48,80],"uv_size":[16,16]},"south":{"uv":[48,80],"uv_size":[16,16]},"west":{"uv":[48,80],"uv_size":[16,16]},"up":{"uv":[64,96],"uv_size":[-16,-16]},"down":{"uv":[64,96],"uv_size":[-16,-16]}}}]},{"name":"Grass3","parent":"GrassBlocks","pivot":[-62.11764,24,20.94118],"cubes":[{"origin":[-70,16,-18],"size":[16,16,16],"inflate":0.012,"pivot":[-62.05882,24.11765,5.47059],"rotation":[0,180,0],"uv":{"north":{"uv":[64,80],"uv_size":[16,16]},"east":{"uv":[64,80],"uv_size":[16,16]},"south":{"uv":[64,80],"uv_size":[16,16]},"west":{"uv":[64,80],"uv_size":[16,16]},"up":{"uv":[80,96],"uv_size":[-16,-16]},"down":{"uv":[80,96],"uv_size":[-16,-16]}}}]},{"name":"Grass4","parent":"GrassBlocks","pivot":[-62.11764,24,20.94118],"cubes":[{"origin":[-70,16,-18],"size":[16,16,16],"inflate":0.012,"pivot":[-62.05882,24.11765,5.47059],"rotation":[0,180,0],"uv":{"north":{"uv":[80,80],"uv_size":[16,16]},"east":{"uv":[80,80],"uv_size":[16,16]},"south":{"uv":[80,80],"uv_size":[16,16]},"west":{"uv":[80,80],"uv_size":[16,16]},"up":{"uv":[96,96],"uv_size":[-16,-16]},"down":{"uv":[96,96],"uv_size":[-16,-16]}}}]},{"name":"Grass5","parent":"GrassBlocks","pivot":[-62.11764,24,20.94118],"cubes":[{"origin":[-70,16,-18],"size":[16,16,16],"inflate":0.012,"pivot":[-62.05882,24.11765,5.47059],"rotation":[0,180,0],"uv":{"north":{"uv":[96,80],"uv_size":[16,16]},"east":{"uv":[96,80],"uv_size":[16,16]},"south":{"uv":[96,80],"uv_size":[16,16]},"west":{"uv":[96,80],"uv_size":[16,16]},"up":{"uv":[112,96],"uv_size":[-16,-16]},"down":{"uv":[112,96],"uv_size":[-16,-16]}}}]},{"name":"Grass6","parent":"GrassBlocks","pivot":[-62.11764,24,20.94118],"cubes":[{"origin":[-70,16,-18],"size":[16,16,16],"inflate":0.012,"pivot":[-62.05882,24.11765,5.47059],"rotation":[0,180,0],"uv":{"north":{"uv":[112,80],"uv_size":[16,16]},"east":{"uv":[112,80],"uv_size":[16,16]},"south":{"uv":[112,80],"uv_size":[16,16]},"west":{"uv":[112,80],"uv_size":[16,16]},"up":{"uv":[128,96],"uv_size":[-16,-16]},"down":{"uv":[128,96],"uv_size":[-16,-16]}}}]},{"name":"Grass7","parent":"GrassBlocks","pivot":[-62.11764,24,20.94118],"cubes":[{"origin":[-70,16,-18],"size":[16,16,16],"inflate":0.012,"pivot":[-62.05882,24.11765,5.47059],"rotation":[0,180,0],"uv":{"north":{"uv":[0,96],"uv_size":[16,16]},"east":{"uv":[0,96],"uv_size":[16,16]},"south":{"uv":[0,96],"uv_size":[16,16]},"west":{"uv":[0,96],"uv_size":[16,16]},"up":{"uv":[16,112],"uv_size":[-16,-16]},"down":{"uv":[16,112],"uv_size":[-16,-16]}}}]},{"name":"Grass8","parent":"GrassBlocks","pivot":[-62.11764,24,20.94118],"cubes":[{"origin":[-70,16,-18],"size":[16,16,16],"inflate":0.012,"pivot":[-62.05882,24.11765,5.47059],"rotation":[0,180,0],"uv":{"north":{"uv":[16,96],"uv_size":[16,16]},"east":{"uv":[16,96],"uv_size":[16,16]},"south":{"uv":[16,96],"uv_size":[16,16]},"west":{"uv":[16,96],"uv_size":[16,16]},"up":{"uv":[32,112],"uv_size":[-16,-16]},"down":{"uv":[32,112],"uv_size":[-16,-16]}}}]},{"name":"Grass9","parent":"GrassBlocks","pivot":[-62.11764,24,20.94118],"cubes":[{"origin":[-70,16,-18],"size":[16,16,16],"inflate":0.012,"pivot":[-62.05882,24.11765,5.47059],"rotation":[0,180,0],"uv":{"north":{"uv":[32,96],"uv_size":[16,16]},"east":{"uv":[32,96],"uv_size":[16,16]},"south":{"uv":[32,96],"uv_size":[16,16]},"west":{"uv":[32,96],"uv_size":[16,16]},"up":{"uv":[48,112],"uv_size":[-16,-16]},"down":{"uv":[48,112],"uv_size":[-16,-16]}}}]},{"name":"Grass10","parent":"GrassBlocks","pivot":[-62.11764,24,20.94118],"cubes":[{"origin":[-70,16,-18],"size":[16,16,16],"inflate":0.012,"pivot":[-62.05882,24.11765,5.47059],"rotation":[0,180,0],"uv":{"north":{"uv":[48,96],"uv_size":[16,16]},"east":{"uv":[48,96],"uv_size":[16,16]},"south":{"uv":[48,96],"uv_size":[16,16]},"west":{"uv":[48,96],"uv_size":[16,16]},"up":{"uv":[64,112],"uv_size":[-16,-16]},"down":{"uv":[64,112],"uv_size":[-16,-16]}}}]},{"name":"Grass11","parent":"GrassBlocks","pivot":[-62.11764,24,20.94118],"cubes":[{"origin":[-70,16,-18],"size":[16,16,16],"inflate":0.012,"pivot":[-62.05882,24.11765,5.47059],"rotation":[0,180,0],"uv":{"north":{"uv":[64,96],"uv_size":[16,16]},"east":{"uv":[64,96],"uv_size":[16,16]},"south":{"uv":[64,96],"uv_size":[16,16]},"west":{"uv":[64,96],"uv_size":[16,16]},"up":{"uv":[80,112],"uv_size":[-16,-16]},"down":{"uv":[80,112],"uv_size":[-16,-16]}}}]},{"name":"GrassShrapnel","parent":"bone3","pivot":[-62.05882,24.11765,5.47059]},{"name":"bone8","parent":"GrassShrapnel","pivot":[-62.05882,24.11765,5.47059],"cubes":[{"origin":[-70,16,-2],"size":[16,16,16],"pivot":[-62.05882,24.11765,5.47059],"rotation":[0,180,0],"uv":{"north":{"uv":[16,25],"uv_size":[16,16]},"east":{"uv":[16,25],"uv_size":[16,16]},"south":{"uv":[16,25],"uv_size":[16,16]},"west":{"uv":[16,25],"uv_size":[16,16]},"up":{"uv":[32,41],"uv_size":[-16,-16]},"down":{"uv":[32,41],"uv_size":[-16,-16]}}}]},{"name":"bone9","parent":"GrassShrapnel","pivot":[-62.05882,24.11765,5.47059],"cubes":[{"origin":[-70,16,-2],"size":[16,16,16],"pivot":[-62.05882,24.11765,5.47059],"rotation":[0,180,0],"uv":{"north":{"uv":[16,25],"uv_size":[16,16]},"east":{"uv":[16,25],"uv_size":[16,16]},"south":{"uv":[16,25],"uv_size":[16,16]},"west":{"uv":[16,25],"uv_size":[16,16]},"up":{"uv":[32,41],"uv_size":[-16,-16]},"down":{"uv":[32,41],"uv_size":[-16,-16]}}}]},{"name":"bone10","parent":"GrassShrapnel","pivot":[-62.05882,24.11765,5.47059],"cubes":[{"origin":[-70,16,-2],"size":[16,16,16],"pivot":[-62.05882,24.11765,5.47059],"rotation":[0,180,0],"uv":{"north":{"uv":[16,25],"uv_size":[16,16]},"east":{"uv":[16,25],"uv_size":[16,16]},"south":{"uv":[16,25],"uv_size":[16,16]},"west":{"uv":[16,25],"uv_size":[16,16]},"up":{"uv":[32,41],"uv_size":[-16,-16]},"down":{"uv":[32,41],"uv_size":[-16,-16]}}}]},{"name":"bone11","parent":"GrassShrapnel","pivot":[-62.05882,24.11765,5.47059],"cubes":[{"origin":[-70,16,-2],"size":[16,16,16],"pivot":[-62.05882,24.11765,5.47059],"rotation":[0,180,0],"uv":{"north":{"uv":[16,25],"uv_size":[16,16]},"east":{"uv":[16,25],"uv_size":[16,16]},"south":{"uv":[16,25],"uv_size":[16,16]},"west":{"uv":[16,25],"uv_size":[16,16]},"up":{"uv":[32,41],"uv_size":[-16,-16]},"down":{"uv":[32,41],"uv_size":[-16,-16]}}}]},{"name":"bone12","parent":"GrassShrapnel","pivot":[-62.05882,24.11765,5.47059],"cubes":[{"origin":[-70,16,-2],"size":[16,16,16],"pivot":[-62.05882,24.11765,5.47059],"rotation":[0,180,0],"uv":{"north":{"uv":[16,25],"uv_size":[16,16]},"east":{"uv":[16,25],"uv_size":[16,16]},"south":{"uv":[16,25],"uv_size":[16,16]},"west":{"uv":[16,25],"uv_size":[16,16]},"up":{"uv":[32,41],"uv_size":[-16,-16]},"down":{"uv":[32,41],"uv_size":[-16,-16]}}}]},{"name":"bone13","parent":"GrassShrapnel","pivot":[-62.05882,24.11765,5.47059],"cubes":[{"origin":[-70,16,-2],"size":[16,16,16],"pivot":[-62.05882,24.11765,5.47059],"rotation":[0,180,0],"uv":{"north":{"uv":[16,25],"uv_size":[16,16]},"east":{"uv":[16,25],"uv_size":[16,16]},"south":{"uv":[16,25],"uv_size":[16,16]},"west":{"uv":[16,25],"uv_size":[16,16]},"up":{"uv":[32,41],"uv_size":[-16,-16]},"down":{"uv":[32,41],"uv_size":[-16,-16]}}}]},{"name":"bone14","parent":"GrassShrapnel","pivot":[-62.05882,24.11765,5.47059],"cubes":[{"origin":[-70,16,-2],"size":[16,16,16],"pivot":[-62.05882,24.11765,5.47059],"rotation":[0,180,0],"uv":{"north":{"uv":[16,25],"uv_size":[16,16]},"east":{"uv":[16,25],"uv_size":[16,16]},"south":{"uv":[16,25],"uv_size":[16,16]},"west":{"uv":[16,25],"uv_size":[16,16]},"up":{"uv":[32,41],"uv_size":[-16,-16]},"down":{"uv":[32,41],"uv_size":[-16,-16]}}}]},{"name":"StoneBlocks","parent":"bone3","pivot":[0,0,0]},{"name":"Grass12","parent":"StoneBlocks","pivot":[-62.11764,24,20.94118],"cubes":[{"origin":[-70,16,-18],"size":[16,16,16],"pivot":[-62.05882,24.11765,5.47059],"rotation":[0,180,0],"uv":{"north":{"uv":[48,32],"uv_size":[16,16]},"east":{"uv":[48,32],"uv_size":[16,16]},"south":{"uv":[48,32],"uv_size":[16,16]},"west":{"uv":[48,32],"uv_size":[16,16]},"up":{"uv":[64,48],"uv_size":[-16,-16]},"down":{"uv":[64,48],"uv_size":[-16,-16]}}}]},{"name":"Grass13","parent":"StoneBlocks","pivot":[-62.11764,24,20.94118],"cubes":[{"origin":[-70,16,-18],"size":[16,16,16],"inflate":0.012,"pivot":[-62.05882,24.11765,5.47059],"rotation":[0,180,0],"uv":{"north":{"uv":[0,64],"uv_size":[16,16]},"east":{"uv":[0,64],"uv_size":[16,16]},"south":{"uv":[0,64],"uv_size":[16,16]},"west":{"uv":[0,64],"uv_size":[16,16]},"up":{"uv":[16,80],"uv_size":[-16,-16]},"down":{"uv":[16,80],"uv_size":[-16,-16]}}}]},{"name":"Grass14","parent":"StoneBlocks","pivot":[-62.11764,24,20.94118],"cubes":[{"origin":[-70,16,-18],"size":[16,16,16],"inflate":0.012,"pivot":[-62.05882,24.11765,5.47059],"rotation":[0,180,0],"uv":{"north":{"uv":[16,64],"uv_size":[16,16]},"east":{"uv":[16,64],"uv_size":[16,16]},"south":{"uv":[16,64],"uv_size":[16,16]},"west":{"uv":[16,64],"uv_size":[16,16]},"up":{"uv":[32,80],"uv_size":[-16,-16]},"down":{"uv":[32,80],"uv_size":[-16,-16]}}}]},{"name":"Grass15","parent":"StoneBlocks","pivot":[-62.11764,24,20.94118],"cubes":[{"origin":[-70,16,-18],"size":[16,16,16],"inflate":0.012,"pivot":[-62.05882,24.11765,5.47059],"rotation":[0,180,0],"uv":{"north":{"uv":[32,64],"uv_size":[16,16]},"east":{"uv":[32,64],"uv_size":[16,16]},"south":{"uv":[32,64],"uv_size":[16,16]},"west":{"uv":[32,64],"uv_size":[16,16]},"up":{"uv":[48,80],"uv_size":[-16,-16]},"down":{"uv":[48,80],"uv_size":[-16,-16]}}}]},{"name":"Grass16","parent":"StoneBlocks","pivot":[-62.11764,24,20.94118],"cubes":[{"origin":[-70,16,-18],"size":[16,16,16],"inflate":0.012,"pivot":[-62.05882,24.11765,5.47059],"rotation":[0,180,0],"uv":{"north":{"uv":[48,64],"uv_size":[16,16]},"east":{"uv":[48,64],"uv_size":[16,16]},"south":{"uv":[48,64],"uv_size":[16,16]},"west":{"uv":[48,64],"uv_size":[16,16]},"up":{"uv":[64,80],"uv_size":[-16,-16]},"down":{"uv":[64,80],"uv_size":[-16,-16]}}}]},{"name":"Grass17","parent":"StoneBlocks","pivot":[-62.11764,24,20.94118],"cubes":[{"origin":[-70,16,-18],"size":[16,16,16],"inflate":0.012,"pivot":[-62.05882,24.11765,5.47059],"rotation":[0,180,0],"uv":{"north":{"uv":[64,64],"uv_size":[16,16]},"east":{"uv":[64,64],"uv_size":[16,16]},"south":{"uv":[64,64],"uv_size":[16,16]},"west":{"uv":[64,64],"uv_size":[16,16]},"up":{"uv":[80,80],"uv_size":[-16,-16]},"down":{"uv":[80,80],"uv_size":[-16,-16]}}}]},{"name":"Grass18","parent":"StoneBlocks","pivot":[-62.11764,24,20.94118],"cubes":[{"origin":[-70,16,-18],"size":[16,16,16],"inflate":0.012,"pivot":[-62.05882,24.11765,5.47059],"rotation":[0,180,0],"uv":{"north":{"uv":[80,64],"uv_size":[16,16]},"east":{"uv":[80,64],"uv_size":[16,16]},"south":{"uv":[80,64],"uv_size":[16,16]},"west":{"uv":[80,64],"uv_size":[16,16]},"up":{"uv":[96,80],"uv_size":[-16,-16]},"down":{"uv":[96,80],"uv_size":[-16,-16]}}}]},{"name":"Grass19","parent":"StoneBlocks","pivot":[-62.11764,24,20.94118],"cubes":[{"origin":[-70,16,-18],"size":[16,16,16],"inflate":0.012,"pivot":[-62.05882,24.11765,5.47059],"rotation":[0,180,0],"uv":{"north":{"uv":[96,64],"uv_size":[16,16]},"east":{"uv":[96,64],"uv_size":[16,16]},"south":{"uv":[96,64],"uv_size":[16,16]},"west":{"uv":[96,64],"uv_size":[16,16]},"up":{"uv":[112,80],"uv_size":[-16,-16]},"down":{"uv":[112,80],"uv_size":[-16,-16]}}}]},{"name":"Grass20","parent":"StoneBlocks","pivot":[-62.11764,24,20.94118],"cubes":[{"origin":[-70,16,-18],"size":[16,16,16],"inflate":0.012,"pivot":[-62.05882,24.11765,5.47059],"rotation":[0,180,0],"uv":{"north":{"uv":[112,64],"uv_size":[16,16]},"east":{"uv":[112,64],"uv_size":[16,16]},"south":{"uv":[112,64],"uv_size":[16,16]},"west":{"uv":[112,64],"uv_size":[16,16]},"up":{"uv":[128,80],"uv_size":[-16,-16]},"down":{"uv":[128,80],"uv_size":[-16,-16]}}}]},{"name":"Grass21","parent":"StoneBlocks","pivot":[-62.11764,24,20.94118],"cubes":[{"origin":[-70,16,-18],"size":[16,16,16],"inflate":0.012,"pivot":[-62.05882,24.11765,5.47059],"rotation":[0,180,0],"uv":{"north":{"uv":[0,80],"uv_size":[16,16]},"east":{"uv":[0,80],"uv_size":[16,16]},"south":{"uv":[0,80],"uv_size":[16,16]},"west":{"uv":[0,80],"uv_size":[16,16]},"up":{"uv":[16,96],"uv_size":[-16,-16]},"down":{"uv":[16,96],"uv_size":[-16,-16]}}}]},{"name":"Grass22","parent":"StoneBlocks","pivot":[-62.11764,24,20.94118],"cubes":[{"origin":[-70,16,-18],"size":[16,16,16],"inflate":0.012,"pivot":[-62.05882,24.11765,5.47059],"rotation":[0,180,0],"uv":{"north":{"uv":[16,80],"uv_size":[16,16]},"east":{"uv":[16,80],"uv_size":[16,16]},"south":{"uv":[16,80],"uv_size":[16,16]},"west":{"uv":[16,80],"uv_size":[16,16]},"up":{"uv":[32,96],"uv_size":[-16,-16]},"down":{"uv":[32,96],"uv_size":[-16,-16]}}}]},{"name":"ShrapnelStone","parent":"bone3","pivot":[-42,-16,-21]},{"name":"bone20","parent":"ShrapnelStone","pivot":[-62.05882,24.11765,5.47059],"cubes":[{"origin":[-70,16,-2],"size":[16,16,16],"pivot":[-62.05882,24.11765,5.47059],"rotation":[0,180,0],"uv":{"north":{"uv":[16,25],"uv_size":[16,16]},"east":{"uv":[16,25],"uv_size":[16,16]},"south":{"uv":[16,25],"uv_size":[16,16]},"west":{"uv":[16,25],"uv_size":[16,16]},"up":{"uv":[32,41],"uv_size":[-16,-16]},"down":{"uv":[32,41],"uv_size":[-16,-16]}}}]},{"name":"bone19","parent":"ShrapnelStone","pivot":[-62.05882,24.11765,5.47059],"cubes":[{"origin":[-70,16,-2],"size":[16,16,16],"pivot":[-62.05882,24.11765,5.47059],"rotation":[0,180,0],"uv":{"north":{"uv":[16,25],"uv_size":[16,16]},"east":{"uv":[16,25],"uv_size":[16,16]},"south":{"uv":[16,25],"uv_size":[16,16]},"west":{"uv":[16,25],"uv_size":[16,16]},"up":{"uv":[32,41],"uv_size":[-16,-16]},"down":{"uv":[32,41],"uv_size":[-16,-16]}}}]},{"name":"bone18","parent":"ShrapnelStone","pivot":[-62.05882,24.11765,5.47059],"cubes":[{"origin":[-70,16,-2],"size":[16,16,16],"pivot":[-62.05882,24.11765,5.47059],"rotation":[0,180,0],"uv":{"north":{"uv":[16,25],"uv_size":[16,16]},"east":{"uv":[16,25],"uv_size":[16,16]},"south":{"uv":[16,25],"uv_size":[16,16]},"west":{"uv":[16,25],"uv_size":[16,16]},"up":{"uv":[32,41],"uv_size":[-16,-16]},"down":{"uv":[32,41],"uv_size":[-16,-16]}}}]},{"name":"bone17","parent":"ShrapnelStone","pivot":[-62.05882,24.11765,5.47059],"cubes":[{"origin":[-70,16,-2],"size":[16,16,16],"pivot":[-62.05882,24.11765,5.47059],"rotation":[0,180,0],"uv":{"north":{"uv":[16,25],"uv_size":[16,16]},"east":{"uv":[16,25],"uv_size":[16,16]},"south":{"uv":[16,25],"uv_size":[16,16]},"west":{"uv":[16,25],"uv_size":[16,16]},"up":{"uv":[32,41],"uv_size":[-16,-16]},"down":{"uv":[32,41],"uv_size":[-16,-16]}}}]},{"name":"bone15","parent":"ShrapnelStone","pivot":[-62.05882,24.11765,5.47059],"cubes":[{"origin":[-70,16,-2],"size":[16,16,16],"pivot":[-62.05882,24.11765,5.47059],"rotation":[0,180,0],"uv":{"north":{"uv":[16,25],"uv_size":[16,16]},"east":{"uv":[16,25],"uv_size":[16,16]},"south":{"uv":[16,25],"uv_size":[16,16]},"west":{"uv":[16,25],"uv_size":[16,16]},"up":{"uv":[32,41],"uv_size":[-16,-16]},"down":{"uv":[32,41],"uv_size":[-16,-16]}}}]},{"name":"bone6","parent":"ShrapnelStone","pivot":[-62.05882,24.11765,5.47059],"cubes":[{"origin":[-70,16,-2],"size":[16,16,16],"pivot":[-62.05882,24.11765,5.47059],"rotation":[0,180,0],"uv":{"north":{"uv":[16,25],"uv_size":[16,16]},"east":{"uv":[16,25],"uv_size":[16,16]},"south":{"uv":[16,25],"uv_size":[16,16]},"west":{"uv":[16,25],"uv_size":[16,16]},"up":{"uv":[32,41],"uv_size":[-16,-16]},"down":{"uv":[32,41],"uv_size":[-16,-16]}}}]},{"name":"bone4","parent":"ShrapnelStone","pivot":[-62.05882,24.11765,5.47059],"cubes":[{"origin":[-70,16,-2],"size":[16,16,16],"pivot":[-62.05882,24.11765,5.47059],"rotation":[0,180,0],"uv":{"north":{"uv":[16,25],"uv_size":[16,16]},"east":{"uv":[16,25],"uv_size":[16,16]},"south":{"uv":[16,25],"uv_size":[16,16]},"west":{"uv":[16,25],"uv_size":[16,16]},"up":{"uv":[32,41],"uv_size":[-16,-16]},"down":{"uv":[32,41],"uv_size":[-16,-16]}}}]},{"name":"PlankBlocks","parent":"bone3","pivot":[0,0,0]},{"name":"Grass23","parent":"PlankBlocks","pivot":[-62.11764,24,20.94118],"cubes":[{"origin":[-70,16,-18],"size":[16,16,16],"pivot":[-62.05882,24.11765,5.47059],"rotation":[0,180,0],"uv":{"north":{"uv":[32,0],"uv_size":[16,16]},"east":{"uv":[32,0],"uv_size":[16,16]},"south":{"uv":[32,0],"uv_size":[16,16]},"west":{"uv":[32,0],"uv_size":[16,16]},"up":{"uv":[48,16],"uv_size":[-16,-16]},"down":{"uv":[48,16],"uv_size":[-16,-16]}}}]},{"name":"Grass24","parent":"PlankBlocks","pivot":[-62.11764,24,20.94118],"cubes":[{"origin":[-70,16,-18],"size":[16,16,16],"inflate":0.012,"pivot":[-62.05882,24.11765,5.47059],"rotation":[0,180,0],"uv":{"north":{"uv":[96,96],"uv_size":[16,16]},"east":{"uv":[96,96],"uv_size":[16,16]},"south":{"uv":[96,96],"uv_size":[16,16]},"west":{"uv":[96,96],"uv_size":[16,16]},"up":{"uv":[112,112],"uv_size":[-16,-16]},"down":{"uv":[112,112],"uv_size":[-16,-16]}}}]},{"name":"Grass25","parent":"PlankBlocks","pivot":[-62.11764,24,20.94118],"cubes":[{"origin":[-70,16,-18],"size":[16,16,16],"inflate":0.012,"pivot":[-62.05882,24.11765,5.47059],"rotation":[0,180,0],"uv":{"north":{"uv":[112,96],"uv_size":[16,16]},"east":{"uv":[112,96],"uv_size":[16,16]},"south":{"uv":[112,96],"uv_size":[16,16]},"west":{"uv":[112,96],"uv_size":[16,16]},"up":{"uv":[128,112],"uv_size":[-16,-16]},"down":{"uv":[128,112],"uv_size":[-16,-16]}}}]},{"name":"Grass26","parent":"PlankBlocks","pivot":[-62.11764,24,20.94118],"cubes":[{"origin":[-70,16,-18],"size":[16,16,16],"inflate":0.012,"pivot":[-62.05882,24.11765,5.47059],"rotation":[0,180,0],"uv":{"north":{"uv":[0,112],"uv_size":[16,16]},"east":{"uv":[0,112],"uv_size":[16,16]},"south":{"uv":[0,112],"uv_size":[16,16]},"west":{"uv":[0,112],"uv_size":[16,16]},"up":{"uv":[16,128],"uv_size":[-16,-16]},"down":{"uv":[16,128],"uv_size":[-16,-16]}}}]},{"name":"Grass27","parent":"PlankBlocks","pivot":[-62.11764,24,20.94118],"cubes":[{"origin":[-70,16,-18],"size":[16,16,16],"inflate":0.012,"pivot":[-62.05882,24.11765,5.47059],"rotation":[0,180,0],"uv":{"north":{"uv":[16,112],"uv_size":[16,16]},"east":{"uv":[16,112],"uv_size":[16,16]},"south":{"uv":[16,112],"uv_size":[16,16]},"west":{"uv":[16,112],"uv_size":[16,16]},"up":{"uv":[32,128],"uv_size":[-16,-16]},"down":{"uv":[32,128],"uv_size":[-16,-16]}}}]},{"name":"Grass28","parent":"PlankBlocks","pivot":[-62.11764,24,20.94118],"cubes":[{"origin":[-70,16,-18],"size":[16,16,16],"inflate":0.012,"pivot":[-62.05882,24.11765,5.47059],"rotation":[0,180,0],"uv":{"north":{"uv":[32,112],"uv_size":[16,16]},"east":{"uv":[32,112],"uv_size":[16,16]},"south":{"uv":[32,112],"uv_size":[16,16]},"west":{"uv":[32,112],"uv_size":[16,16]},"up":{"uv":[48,128],"uv_size":[-16,-16]},"down":{"uv":[48,128],"uv_size":[-16,-16]}}}]},{"name":"Grass29","parent":"PlankBlocks","pivot":[-62.11764,24,20.94118],"cubes":[{"origin":[-70,16,-18],"size":[16,16,16],"inflate":0.012,"pivot":[-62.05882,24.11765,5.47059],"rotation":[0,180,0],"uv":{"north":{"uv":[48,112],"uv_size":[16,16]},"east":{"uv":[48,112],"uv_size":[16,16]},"south":{"uv":[48,112],"uv_size":[16,16]},"west":{"uv":[48,112],"uv_size":[16,16]},"up":{"uv":[64,128],"uv_size":[-16,-16]},"down":{"uv":[64,128],"uv_size":[-16,-16]}}}]},{"name":"Grass30","parent":"PlankBlocks","pivot":[-62.11764,24,20.94118],"cubes":[{"origin":[-70,16,-18],"size":[16,16,16],"inflate":0.012,"pivot":[-62.05882,24.11765,5.47059],"rotation":[0,180,0],"uv":{"north":{"uv":[64,112],"uv_size":[16,16]},"east":{"uv":[64,112],"uv_size":[16,16]},"south":{"uv":[64,112],"uv_size":[16,16]},"west":{"uv":[64,112],"uv_size":[16,16]},"up":{"uv":[80,128],"uv_size":[-16,-16]},"down":{"uv":[80,128],"uv_size":[-16,-16]}}}]},{"name":"Grass31","parent":"PlankBlocks","pivot":[-62.11764,24,20.94118],"cubes":[{"origin":[-70,16,-18],"size":[16,16,16],"inflate":0.012,"pivot":[-62.05882,24.11765,5.47059],"rotation":[0,180,0],"uv":{"north":{"uv":[80,112],"uv_size":[16,16]},"east":{"uv":[80,112],"uv_size":[16,16]},"south":{"uv":[80,112],"uv_size":[16,16]},"west":{"uv":[80,112],"uv_size":[16,16]},"up":{"uv":[96,128],"uv_size":[-16,-16]},"down":{"uv":[96,128],"uv_size":[-16,-16]}}}]},{"name":"Grass32","parent":"PlankBlocks","pivot":[-62.11764,24,20.94118],"cubes":[{"origin":[-70,16,-18],"size":[16,16,16],"inflate":0.012,"pivot":[-62.05882,24.11765,5.47059],"rotation":[0,180,0],"uv":{"north":{"uv":[96,112],"uv_size":[16,16]},"east":{"uv":[96,112],"uv_size":[16,16]},"south":{"uv":[96,112],"uv_size":[16,16]},"west":{"uv":[96,112],"uv_size":[16,16]},"up":{"uv":[112,128],"uv_size":[-16,-16]},"down":{"uv":[112,128],"uv_size":[-16,-16]}}}]},{"name":"Grass33","parent":"PlankBlocks","pivot":[-62.11764,24,20.94118],"cubes":[{"origin":[-70,16,-18],"size":[16,16,16],"inflate":0.012,"pivot":[-62.05882,24.11765,5.47059],"rotation":[0,180,0],"uv":{"north":{"uv":[112,112],"uv_size":[16,16]},"east":{"uv":[112,112],"uv_size":[16,16]},"south":{"uv":[112,112],"uv_size":[16,16]},"west":{"uv":[112,112],"uv_size":[16,16]},"up":{"uv":[128,128],"uv_size":[-16,-16]},"down":{"uv":[128,128],"uv_size":[-16,-16]}}}]},{"name":"PlankShrapnel","parent":"bone3","pivot":[0,0,0]},{"name":"bone23","parent":"PlankShrapnel","pivot":[-62.05882,24.11765,5.47059],"cubes":[{"origin":[-70,16,-2],"size":[16,16,16],"pivot":[-62.05882,24.11765,5.47059],"rotation":[0,180,0],"uv":{"north":{"uv":[16,25],"uv_size":[16,16]},"east":{"uv":[16,25],"uv_size":[16,16]},"south":{"uv":[16,25],"uv_size":[16,16]},"west":{"uv":[16,25],"uv_size":[16,16]},"up":{"uv":[32,41],"uv_size":[-16,-16]},"down":{"uv":[32,41],"uv_size":[-16,-16]}}}]},{"name":"bone24","parent":"PlankShrapnel","pivot":[-62.05882,24.11765,5.47059],"cubes":[{"origin":[-70,16,-2],"size":[16,16,16],"pivot":[-62.05882,24.11765,5.47059],"rotation":[0,180,0],"uv":{"north":{"uv":[16,25],"uv_size":[16,16]},"east":{"uv":[16,25],"uv_size":[16,16]},"south":{"uv":[16,25],"uv_size":[16,16]},"west":{"uv":[16,25],"uv_size":[16,16]},"up":{"uv":[32,41],"uv_size":[-16,-16]},"down":{"uv":[32,41],"uv_size":[-16,-16]}}}]},{"name":"bone25","parent":"PlankShrapnel","pivot":[-62.05882,24.11765,5.47059],"cubes":[{"origin":[-70,16,-2],"size":[16,16,16],"pivot":[-62.05882,24.11765,5.47059],"rotation":[0,180,0],"uv":{"north":{"uv":[16,25],"uv_size":[16,16]},"east":{"uv":[16,25],"uv_size":[16,16]},"south":{"uv":[16,25],"uv_size":[16,16]},"west":{"uv":[16,25],"uv_size":[16,16]},"up":{"uv":[32,41],"uv_size":[-16,-16]},"down":{"uv":[32,41],"uv_size":[-16,-16]}}}]},{"name":"bone26","parent":"PlankShrapnel","pivot":[-62.05882,24.11765,5.47059],"cubes":[{"origin":[-70,16,-2],"size":[16,16,16],"pivot":[-62.05882,24.11765,5.47059],"rotation":[0,180,0],"uv":{"north":{"uv":[16,25],"uv_size":[16,16]},"east":{"uv":[16,25],"uv_size":[16,16]},"south":{"uv":[16,25],"uv_size":[16,16]},"west":{"uv":[16,25],"uv_size":[16,16]},"up":{"uv":[32,41],"uv_size":[-16,-16]},"down":{"uv":[32,41],"uv_size":[-16,-16]}}}]},{"name":"bone27","parent":"PlankShrapnel","pivot":[-62.05882,24.11765,5.47059],"cubes":[{"origin":[-70,16,-2],"size":[16,16,16],"pivot":[-62.05882,24.11765,5.47059],"rotation":[0,180,0],"uv":{"north":{"uv":[16,25],"uv_size":[16,16]},"east":{"uv":[16,25],"uv_size":[16,16]},"south":{"uv":[16,25],"uv_size":[16,16]},"west":{"uv":[16,25],"uv_size":[16,16]},"up":{"uv":[32,41],"uv_size":[-16,-16]},"down":{"uv":[32,41],"uv_size":[-16,-16]}}}]},{"name":"bone28","parent":"PlankShrapnel","pivot":[-62.05882,24.11765,5.47059],"cubes":[{"origin":[-70,16,-2],"size":[16,16,16],"pivot":[-62.05882,24.11765,5.47059],"rotation":[0,180,0],"uv":{"north":{"uv":[16,25],"uv_size":[16,16]},"east":{"uv":[16,25],"uv_size":[16,16]},"south":{"uv":[16,25],"uv_size":[16,16]},"west":{"uv":[16,25],"uv_size":[16,16]},"up":{"uv":[32,41],"uv_size":[-16,-16]},"down":{"uv":[32,41],"uv_size":[-16,-16]}}}]},{"name":"bone29","parent":"PlankShrapnel","pivot":[-62.05882,24.11765,5.47059],"cubes":[{"origin":[-70,16,-2],"size":[16,16,16],"pivot":[-62.05882,24.11765,5.47059],"rotation":[0,180,0],"uv":{"north":{"uv":[16,25],"uv_size":[16,16]},"east":{"uv":[16,25],"uv_size":[16,16]},"south":{"uv":[16,25],"uv_size":[16,16]},"west":{"uv":[16,25],"uv_size":[16,16]},"up":{"uv":[32,41],"uv_size":[-16,-16]},"down":{"uv":[32,41],"uv_size":[-16,-16]}}}]},{"name":"Player2","parent":"bone3","pivot":[-67,32,17],"rotation":[0,52.5,0]},{"name":"body2","parent":"Player2","pivot":[-66.22566,50.09476,18.745],"rotation":[-32.5,0,0],"cubes":[{"origin":[-70.22566,44.09476,16.745],"size":[8,12,4],"uv":{"north":{"uv":[96,20],"uv_size":[8,12]},"east":{"uv":[92,20],"uv_size":[4,12]},"south":{"uv":[84,20],"uv_size":[8,12]},"west":{"uv":[80,20],"uv_size":[4,12]},"up":{"uv":[92,20],"uv_size":[-8,-4]},"down":{"uv":[100,20],"uv_size":[-8,-4]}}},{"origin":[-70.22566,44.09476,16.745],"size":[8,12,4],"inflate":0.25,"uv":{"north":{"uv":[96,36],"uv_size":[8,12]},"east":{"uv":[92,36],"uv_size":[4,12]},"south":{"uv":[84,36],"uv_size":[8,12]},"west":{"uv":[80,36],"uv_size":[4,12]},"up":{"uv":[92,38],"uv_size":[-8,-3]},"down":{"uv":[92,38],"uv_size":[-8,-3]}}}]},{"name":"head2","parent":"Player2","pivot":[-66.22566,58.09472,24.745],"rotation":[-52.5,0,0],"cubes":[{"origin":[-70.22566,54.09472,20.745],"size":[8,8,8],"uv":{"north":{"uv":[88,8],"uv_size":[8,8]},"east":{"uv":[80,8],"uv_size":[8,8]},"south":{"uv":[72,8],"uv_size":[8,8]},"west":{"uv":[64,8],"uv_size":[8,8]},"up":{"uv":[80,8],"uv_size":[-8,-8]},"down":{"uv":[88,8],"uv_size":[-8,-8]}}},{"origin":[-70.22566,54.09472,20.745],"size":[8,8,8],"inflate":0.25,"uv":{"north":{"uv":[120,8],"uv_size":[8,8]},"east":{"uv":[113,8],"uv_size":[8,8]},"south":{"uv":[104,8],"uv_size":[8,8]},"west":{"uv":[96,8],"uv_size":[8,8]},"up":{"uv":[112,8],"uv_size":[-8,-8]},"down":{"uv":[120,8],"uv_size":[-8,-8]}}}]},{"name":"leftArm2","parent":"Player2","pivot":[-72.02571,54.32822,20.62813],"rotation":[-79.68477,-8.51711,0.80812],"cubes":[{"origin":[-74.52571,48.32822,24.62813],"size":[4,12,4],"pivot":[-72.02571,54.32822,26.62813],"rotation":[85,-2.5,0],"uv":{"north":{"uv":[108,52],"uv_size":[4,12]},"east":{"uv":[104,52],"uv_size":[4,12]},"south":{"uv":[100,52],"uv_size":[4,12]},"west":{"uv":[96,52],"uv_size":[4,12]},"up":{"uv":[104,52],"uv_size":[-4,-4]},"down":{"uv":[108,52],"uv_size":[-4,-4]}}},{"origin":[-74.52571,48.32822,24.62813],"size":[4,12,4],"inflate":0.25,"pivot":[-72.02571,54.32822,26.62813],"rotation":[85,-2.5,0],"uv":{"north":{"uv":[124,52],"uv_size":[4,12]},"east":{"uv":[120,52],"uv_size":[4,12]},"south":{"uv":[116,52],"uv_size":[4,12]},"west":{"uv":[112,52],"uv_size":[4,12]},"up":{"uv":[124,53],"uv_size":[-3,-2]},"down":{"uv":[124,53],"uv_size":[-3,-2]}}}]},{"name":"pickaxe2","parent":"leftArm2","pivot":[-72.52571,52.32822,30.47023],"rotation":[-37.5,180,0],"cubes":[{"origin":[-73.02571,51.85963,29.35592],"size":[1,1,2],"uv":{"north":{"uv":[0,9],"uv_size":[2,1]},"east":{"uv":[0,9],"uv_size":[2,1]},"south":{"uv":[2,9],"uv_size":[-2,1]},"west":{"uv":[0,9],"uv_size":[2,1]},"up":{"uv":[2,10],"uv_size":[-2,-1]},"down":{"uv":[2,10],"uv_size":[-2,-1]}}},{"origin":[-73.02571,52.85963,28.35592],"size":[1,1,3],"uv":{"north":{"uv":[2,10],"uv_size":[1,1]},"east":{"uv":[0,10],"uv_size":[3,1]},"south":{"uv":[1,10],"uv_size":[-1,1]},"west":{"uv":[3,10],"uv_size":[-3,1]},"up":{"uv":[5,9],"uv_size":[-1,3]},"down":{"uv":[5,12],"uv_size":[-1,-3]}}},{"origin":[-73.02571,53.85963,27.35592],"size":[1,1,3],"uv":{"north":{"uv":[2,11],"uv_size":[1,1]},"east":{"uv":[3,11],"uv_size":[-3,1]},"south":{"uv":[1,11],"uv_size":[-1,1]},"west":{"uv":[0,11],"uv_size":[3,1]},"up":{"uv":[4,9],"uv_size":[-1,3]},"down":{"uv":[4,12],"uv_size":[-1,-3]}}},{"origin":[-73.02571,55.85963,25.35592],"size":[1,1,3],"uv":{"north":{"uv":[2,11],"uv_size":[1,1]},"east":{"uv":[3,11],"uv_size":[-3,1]},"south":{"uv":[1,11],"uv_size":[-1,1]},"west":{"uv":[0,11],"uv_size":[3,1]},"up":{"uv":[4,9],"uv_size":[-1,3]},"down":{"uv":[4,12],"uv_size":[-1,-3]}}},{"origin":[-73.02571,54.85963,26.35592],"size":[1,1,3],"uv":{"north":{"uv":[2,10],"uv_size":[1,1]},"east":{"uv":[3,10],"uv_size":[-3,1]},"south":{"uv":[1,10],"uv_size":[-1,1]},"west":{"uv":[0,10],"uv_size":[3,1]},"up":{"uv":[5,9],"uv_size":[-1,3]},"down":{"uv":[5,12],"uv_size":[-1,-3]}}},{"origin":[-73.02571,59.85963,21.35592],"size":[1,1,3],"uv":{"north":{"uv":[2,11],"uv_size":[1,1]},"east":{"uv":[3,11],"uv_size":[-3,1]},"south":{"uv":[1,11],"uv_size":[-1,1]},"west":{"uv":[0,11],"uv_size":[3,1]},"up":{"uv":[4,9],"uv_size":[-1,3]},"down":{"uv":[4,12],"uv_size":[-1,-3]}}},{"origin":[-73.02571,58.85963,22.35592],"size":[1,1,3],"uv":{"north":{"uv":[2,10],"uv_size":[1,1]},"east":{"uv":[3,10],"uv_size":[-3,1]},"south":{"uv":[1,10],"uv_size":[-1,1]},"west":{"uv":[0,10],"uv_size":[3,1]},"up":{"uv":[5,9],"uv_size":[-1,3]},"down":{"uv":[5,12],"uv_size":[-1,-3]}}},{"origin":[-73.02571,57.85963,23.35592],"size":[1,1,3],"uv":{"north":{"uv":[2,11],"uv_size":[1,1]},"east":{"uv":[3,11],"uv_size":[-3,1]},"south":{"uv":[1,11],"uv_size":[-1,1]},"west":{"uv":[0,11],"uv_size":[3,1]},"up":{"uv":[4,9],"uv_size":[-1,3]},"down":{"uv":[4,12],"uv_size":[-1,-3]}}},{"origin":[-73.02571,56.85963,24.35592],"size":[1,1,3],"uv":{"north":{"uv":[2,10],"uv_size":[1,1]},"east":{"uv":[3,10],"uv_size":[-3,1]},"south":{"uv":[1,10],"uv_size":[-1,1]},"west":{"uv":[0,10],"uv_size":[3,1]},"up":{"uv":[5,9],"uv_size":[-1,3]},"down":{"uv":[5,12],"uv_size":[-1,-3]}}},{"origin":[-73.02571,60.85963,21.35592],"size":[1,1,1],"uv":{"north":{"uv":[2,9],"uv_size":[1,1]},"east":{"uv":[2,9],"uv_size":[1,1]},"south":{"uv":[2,9],"uv_size":[1,1]},"west":{"uv":[2,9],"uv_size":[1,1]},"up":{"uv":[3,10],"uv_size":[-1,-1]},"down":{"uv":[3,10],"uv_size":[-1,-1]}}},{"origin":[-73.02571,60.85963,22.35592],"size":[1,1,1],"uv":{"north":{"uv":[2,11],"uv_size":[1,1]},"east":{"uv":[2,11],"uv_size":[1,1]},"south":{"uv":[2,11],"uv_size":[1,1]},"west":{"uv":[2,11],"uv_size":[1,1]},"up":{"uv":[3,12],"uv_size":[-1,-1]},"down":{"uv":[3,12],"uv_size":[-1,-1]}}}]},{"name":"Pick","parent":"pickaxe2","pivot":[-72.52571,61.04713,21.73092],"cubes":[{"origin":[-73.02571,61.85963,21.35592],"size":[1,1,6],"uv":{"north":{"uv":[2,9],"uv_size":[1,1]},"east":{"uv":[0,13],"uv_size":[6,1]},"south":{"uv":[0,13],"uv_size":[1,1]},"west":{"uv":[6,13],"uv_size":[-6,1]},"up":{"uv":[2,14],"uv_size":[-1,-1]},"down":{"uv":[1,21],"uv_size":[-1,-6]}}},{"origin":[-73.02571,62.85963,21.35592],"size":[1,1,7],"uv":{"north":{"uv":[2,9],"uv_size":[1,1]},"east":{"uv":[0,12],"uv_size":[7,1]},"south":{"uv":[0,13],"uv_size":[1,1]},"west":{"uv":[7,12],"uv_size":[-7,1]},"up":{"uv":[2,14],"uv_size":[-1,-1]},"down":{"uv":[1,13],"uv_size":[-1,-1]}}},{"origin":[-73.02571,63.85963,22.35592],"size":[1,1,5],"uv":{"north":{"uv":[0,13],"uv_size":[1,1]},"east":{"uv":[0,13],"uv_size":[1,1]},"south":{"uv":[0,13],"uv_size":[1,1]},"west":{"uv":[0,13],"uv_size":[1,1]},"up":{"uv":[1,14],"uv_size":[-1,-1]},"down":{"uv":[1,14],"uv_size":[-1,-1]}}},{"origin":[-73.02571,55.85963,19.35592],"size":[1,6,2],"uv":{"north":{"uv":[1,14],"uv_size":[1,6]},"east":{"uv":[0,14],"uv_size":[2,6]},"south":{"uv":[0,14],"uv_size":[1,6]},"west":{"uv":[2,14],"uv_size":[-2,6]},"up":{"uv":[2,16],"uv_size":[-1,-2]},"down":{"uv":[2,16],"uv_size":[-1,-2]}}},{"origin":[-73.02571,55.85963,18.35592],"size":[1,5,1],"uv":{"north":{"uv":[1,14],"uv_size":[1,1]},"east":{"uv":[1,14],"uv_size":[1,1]},"south":{"uv":[1,14],"uv_size":[1,1]},"west":{"uv":[1,14],"uv_size":[1,1]},"up":{"uv":[2,15],"uv_size":[-1,-1]},"down":{"uv":[2,15],"uv_size":[-1,-1]}}},{"origin":[-73.02571,54.85963,19.35592],"size":[1,1,1],"uv":{"north":{"uv":[1,14],"uv_size":[1,1]},"east":{"uv":[1,14],"uv_size":[1,1]},"south":{"uv":[1,14],"uv_size":[1,1]},"west":{"uv":[1,14],"uv_size":[1,1]},"up":{"uv":[2,15],"uv_size":[-1,-1]},"down":{"uv":[2,15],"uv_size":[-1,-1]}}},{"origin":[-73.02571,61.85963,19.35592],"size":[1,1,2],"uv":{"north":{"uv":[2,10],"uv_size":[1,1]},"east":{"uv":[1,10],"uv_size":[2,1]},"south":{"uv":[1,10],"uv_size":[1,1]},"west":{"uv":[3,10],"uv_size":[-2,1]},"up":{"uv":[5,10],"uv_size":[-1,2]},"down":{"uv":[5,12],"uv_size":[-1,-2]}}},{"origin":[-73.02571,62.85963,19.35592],"size":[1,1,2],"uv":{"north":{"uv":[1,11],"uv_size":[1,1]},"east":{"uv":[0,11],"uv_size":[2,1]},"south":{"uv":[0,11],"uv_size":[1,1]},"west":{"uv":[2,11],"uv_size":[-2,1]},"up":{"uv":[4,9],"uv_size":[-1,2]},"down":{"uv":[4,11],"uv_size":[-1,-2]}}}]},{"name":"Axe","parent":"pickaxe2","pivot":[-72.52571,60.85963,20.41842],"cubes":[{"origin":[-73.02571,60.85963,16.35592],"size":[1,1,5],"uv":{"north":{"uv":[0,4],"uv_size":[1,1]},"east":{"uv":[5,3],"uv_size":[-5,1]},"south":{"uv":[0,3],"uv_size":[5,1]},"west":{"uv":[0,3],"uv_size":[5,1]},"up":{"uv":[1,4],"uv_size":[-1,-1]},"down":{"uv":[5,4],"uv_size":[-5,-1]}}},{"origin":[-73.02571,59.85963,16.35592],"size":[1,1,5],"uv":{"north":{"uv":[0,4],"uv_size":[1,1]},"east":{"uv":[5,4],"uv_size":[-5,1]},"south":{"uv":[0,4],"uv_size":[5,1]},"west":{"uv":[0,4],"uv_size":[5,1]},"up":{"uv":[5,5],"uv_size":[-5,-1]},"down":{"uv":[1,5],"uv_size":[-1,-1]}}},{"origin":[-73.02571,61.85963,17.35592],"size":[1,1,7],"uv":{"north":{"uv":[1,2],"uv_size":[1,1]},"east":{"uv":[8,2],"uv_size":[-7,1]},"south":{"uv":[7,2],"uv_size":[1,1]},"west":{"uv":[1,2],"uv_size":[7,1]},"up":{"uv":[2,3],"uv_size":[-1,-1]},"down":{"uv":[8,3],"uv_size":[-1,-1]}}},{"origin":[-73.02571,62.85963,19.35592],"size":[1,1,5],"uv":{"north":{"uv":[3,1],"uv_size":[1,1]},"east":{"uv":[8,1],"uv_size":[-5,1]},"south":{"uv":[7,2],"uv_size":[1,1]},"west":{"uv":[3,1],"uv_size":[5,1]},"up":{"uv":[11,7],"uv_size":[-1,-5]},"down":{"uv":[8,2],"uv_size":[-5,-1]}}},{"origin":[-73.02571,63.85963,21.35592],"size":[1,1,2],"uv":{"north":{"uv":[5,0],"uv_size":[1,1]},"east":{"uv":[5,0],"uv_size":[1,1]},"south":{"uv":[5,0],"uv_size":[1,1]},"west":{"uv":[5,0],"uv_size":[1,1]},"up":{"uv":[6,1],"uv_size":[-1,-1]},"down":{"uv":[6,1],"uv_size":[-1,-1]}}},{"origin":[-73.02571,58.85963,17.35592],"size":[1,1,5],"uv":{"north":{"uv":[1,5],"uv_size":[1,1]},"east":{"uv":[6,5],"uv_size":[-5,1]},"south":{"uv":[1,5],"uv_size":[5,1]},"west":{"uv":[1,5],"uv_size":[5,1]},"up":{"uv":[6,6],"uv_size":[-5,-1]},"down":{"uv":[8,5],"uv_size":[-1,5]}}},{"origin":[-73.02571,57.85963,18.35592],"size":[1,1,4],"uv":{"north":{"uv":[2,6],"uv_size":[1,1]},"east":{"uv":[6,6],"uv_size":[-4,1]},"south":{"uv":[5,6],"uv_size":[1,1]},"west":{"uv":[2,6],"uv_size":[4,1]},"up":{"uv":[6,7],"uv_size":[-4,-1]},"down":{"uv":[7,6],"uv_size":[-1,4]}}},{"origin":[-73.02571,56.85963,19.35592],"size":[1,1,2],"uv":{"north":{"uv":[3,7],"uv_size":[1,1]},"east":{"uv":[5,7],"uv_size":[-2,1]},"south":{"uv":[4,7],"uv_size":[1,1]},"west":{"uv":[3,7],"uv_size":[2,1]},"up":{"uv":[4,8],"uv_size":[-1,-1]},"down":{"uv":[5,9],"uv_size":[-1,-2]}}}]},{"name":"rightArm2","parent":"Player2","pivot":[-60.70173,55.44213,21.31446],"rotation":[-88.40995,15.88056,-63.37614],"cubes":[{"origin":[-66.92979,47.99814,22.85852],"size":[4,12,4],"pivot":[-65.42979,53.99814,24.85852],"rotation":[82.5,-50,0],"uv":{"north":{"uv":[116,20],"uv_size":[4,12]},"east":{"uv":[112,20],"uv_size":[4,12]},"south":{"uv":[108,20],"uv_size":[4,12]},"west":{"uv":[104,20],"uv_size":[4,12]},"up":{"uv":[112,20],"uv_size":[-4,-4]},"down":{"uv":[116,20],"uv_size":[-4,-4]}}},{"origin":[-66.92979,47.99814,22.85852],"size":[4,12,4],"inflate":0.25,"pivot":[-65.42979,53.99814,24.85852],"rotation":[82.5,-50,0],"uv":{"north":{"uv":[116,36],"uv_size":[4,12]},"east":{"uv":[112,36],"uv_size":[4,12]},"south":{"uv":[108,36],"uv_size":[4,12]},"west":{"uv":[104,36],"uv_size":[4,12]},"up":{"uv":[111,37],"uv_size":[-4,-3]},"down":{"uv":[111,37],"uv_size":[-4,-3]}}}]},{"name":"leftLeg2","parent":"Player2","pivot":[-68.12566,43.66624,15.33005],"rotation":[-37.5,0,0],"cubes":[{"origin":[-70.12566,56.66624,18.33005],"size":[4,12,4],"pivot":[-80.52917,50.22457,45.66848],"rotation":[47.5,0,0],"uv":{"north":{"uv":[92,52],"uv_size":[4,12]},"east":{"uv":[88,52],"uv_size":[4,12]},"south":{"uv":[84,52],"uv_size":[4,12]},"west":{"uv":[80,52],"uv_size":[4,12]},"up":{"uv":[88,52],"uv_size":[-4,-4]},"down":{"uv":[92,52],"uv_size":[-4,-4]}}},{"origin":[-70.12566,56.66624,18.33005],"size":[4,12,4],"inflate":0.25,"pivot":[-80.52917,50.22457,45.66848],"rotation":[47.5,0,0],"uv":{"north":{"uv":[76,52],"uv_size":[4,12]},"east":{"uv":[72,52],"uv_size":[4,12]},"south":{"uv":[68,52],"uv_size":[4,12]},"west":{"uv":[64,52],"uv_size":[4,12]},"up":{"uv":[72,52],"uv_size":[-4,-4]},"down":{"uv":[76,52],"uv_size":[-4,-4]}}}]},{"name":"rightLeg2","parent":"Player2","pivot":[-64.32566,43.99465,15.66721],"rotation":[22.5,0,0],"cubes":[{"origin":[-66.32566,17.99465,19.66721],"size":[4,12,4],"pivot":[-80.52917,48.82457,45.36849],"rotation":[-30,0,0],"uv":{"north":{"uv":[72,20],"uv_size":[4,12]},"east":{"uv":[76,20],"uv_size":[4,12]},"south":{"uv":[68,20],"uv_size":[4,12]},"west":{"uv":[64,20],"uv_size":[4,12]},"up":{"uv":[72,20],"uv_size":[-4,-4]},"down":{"uv":[76,20],"uv_size":[-4,-4]}}},{"origin":[-66.32566,17.99465,19.66721],"size":[4,12,4],"inflate":0.25,"pivot":[-80.52917,48.82457,45.36849],"rotation":[-30,0,0],"uv":{"north":{"uv":[72,36],"uv_size":[4,12]},"east":{"uv":[76,36],"uv_size":[4,12]},"south":{"uv":[68,36],"uv_size":[4,12]},"west":{"uv":[64,36],"uv_size":[4,12]},"up":{"uv":[72,36],"uv_size":[-4,-4]},"down":{"uv":[76,36],"uv_size":[-4,-4]}}}]}]}]}