{"format_version":"1.12.0","minecraft:geometry":[{"description":{"identifier":"geometry.sg_statue","texture_width":256,"texture_height":256,"visible_bounds_width":5,"visible_bounds_height":7.5,"visible_bounds_offset":[0,3.25,0]},"bones":[{"name":"bone8","pivot":[-4.28906,-16,-11.90711]},{"name":"bone2","parent":"bone8","pivot":[23.98779,-16,-6.53521],"rotation":[0,180,0]},{"name":"Blocks","parent":"bone2","pivot":[23.98779,-16,-6.53521],"cubes":[{"origin":[40.16595,0.11765,-29.49899],"size":[16,16,16],"pivot":[52.26464,40.15591,-1.16331],"rotation":[0,90,0],"uv":{"north":{"uv":[64,96],"uv_size":[16,16]},"east":{"uv":[64,96],"uv_size":[16,16]},"south":{"uv":[64,96],"uv_size":[16,16]},"west":{"uv":[64,96],"uv_size":[16,16]},"up":{"uv":[80,112],"uv_size":[-16,-16]},"down":{"uv":[80,112],"uv_size":[-16,-16]}}},{"origin":[40.16595,16.11765,-29.49899],"size":[16,16,16],"pivot":[52.26464,40.15591,-1.16331],"rotation":[0,90,0],"uv":{"north":{"uv":[80,112],"uv_size":[16,16]},"east":{"uv":[80,112],"uv_size":[16,16]},"south":{"uv":[80,112],"uv_size":[16,16]},"west":{"uv":[80,112],"uv_size":[16,16]},"up":{"uv":[96,128],"uv_size":[-16,-16]},"down":{"uv":[96,128],"uv_size":[-16,-16]}}},{"origin":[40.16595,0.11765,-13.49899],"size":[16,16,16],"pivot":[52.26464,40.15591,-1.16331],"rotation":[0,90,0],"uv":{"north":{"uv":[64,96],"uv_size":[16,16]},"east":{"uv":[64,96],"uv_size":[16,16]},"south":{"uv":[64,96],"uv_size":[16,16]},"west":{"uv":[64,96],"uv_size":[16,16]},"up":{"uv":[80,112],"uv_size":[-16,-16]},"down":{"uv":[80,112],"uv_size":[-16,-16]}}},{"origin":[40.16595,0.11765,2.50101],"size":[16,16,16],"pivot":[52.26464,40.15591,-1.16331],"rotation":[0,90,0],"uv":{"north":{"uv":[64,96],"uv_size":[16,16]},"east":{"uv":[64,96],"uv_size":[16,16]},"south":{"uv":[64,96],"uv_size":[16,16]},"west":{"uv":[64,96],"uv_size":[16,16]},"up":{"uv":[80,112],"uv_size":[-16,-16]},"down":{"uv":[80,112],"uv_size":[-16,-16]}}},{"origin":[56.16595,0.11765,-29.49899],"size":[16,16,16],"pivot":[52.26464,40.15591,-1.16331],"rotation":[0,90,0],"uv":{"north":{"uv":[64,96],"uv_size":[16,16]},"east":{"uv":[64,96],"uv_size":[16,16]},"south":{"uv":[64,96],"uv_size":[16,16]},"west":{"uv":[64,96],"uv_size":[16,16]},"up":{"uv":[80,112],"uv_size":[-16,-16]},"down":{"uv":[80,112],"uv_size":[-16,-16]}}},{"origin":[56.16595,0.11765,-13.49899],"size":[16,16,16],"pivot":[52.26464,40.15591,-1.16331],"rotation":[0,90,0],"uv":{"north":{"uv":[64,96],"uv_size":[16,16]},"east":{"uv":[64,96],"uv_size":[16,16]},"south":{"uv":[64,96],"uv_size":[16,16]},"west":{"uv":[64,96],"uv_size":[16,16]},"up":{"uv":[80,112],"uv_size":[-16,-16]},"down":{"uv":[80,112],"uv_size":[-16,-16]}}},{"origin":[56.16595,0.11765,2.50101],"size":[16,16,16],"pivot":[52.26464,40.15591,-1.16331],"rotation":[0,90,0],"uv":{"north":{"uv":[64,96],"uv_size":[16,16]},"east":{"uv":[64,96],"uv_size":[16,16]},"south":{"uv":[64,96],"uv_size":[16,16]},"west":{"uv":[64,96],"uv_size":[16,16]},"up":{"uv":[80,112],"uv_size":[-16,-16]},"down":{"uv":[80,112],"uv_size":[-16,-16]}}},{"origin":[56.16595,16.11765,-13.49899],"size":[16,16,16],"pivot":[52.26464,40.15591,-1.16331],"rotation":[0,90,0],"uv":{"north":{"uv":[80,96],"uv_size":[16,16]},"east":{"uv":[80,96],"uv_size":[16,16]},"south":{"uv":[80,96],"uv_size":[16,16]},"west":{"uv":[80,96],"uv_size":[16,16]},"up":{"uv":[96,112],"uv_size":[-16,-16]},"down":{"uv":[96,112],"uv_size":[-16,-16]}}},{"origin":[56.16595,32.11765,-13.49899],"size":[16,16,16],"pivot":[52.26464,40.15591,-1.16331],"rotation":[0,90,0],"uv":{"north":{"uv":[80,96],"uv_size":[16,16]},"east":{"uv":[80,96],"uv_size":[16,16]},"south":{"uv":[80,96],"uv_size":[16,16]},"west":{"uv":[80,96],"uv_size":[16,16]},"up":{"uv":[96,112],"uv_size":[-16,-16]},"down":{"uv":[96,112],"uv_size":[-16,-16]}}},{"origin":[72.16595,0.11765,-29.49899],"size":[16,16,16],"pivot":[52.26464,40.15591,-1.16331],"rotation":[0,90,0],"uv":{"north":{"uv":[64,96],"uv_size":[16,16]},"east":{"uv":[64,96],"uv_size":[16,16]},"south":{"uv":[64,96],"uv_size":[16,16]},"west":{"uv":[64,96],"uv_size":[16,16]},"up":{"uv":[80,112],"uv_size":[-16,-16]},"down":{"uv":[80,112],"uv_size":[-16,-16]}}},{"origin":[72.16595,0.11765,-13.49899],"size":[16,16,16],"pivot":[52.26464,40.15591,-1.16331],"rotation":[0,90,0],"uv":{"north":{"uv":[64,96],"uv_size":[16,16]},"east":{"uv":[64,96],"uv_size":[16,16]},"south":{"uv":[64,96],"uv_size":[16,16]},"west":{"uv":[64,96],"uv_size":[16,16]},"up":{"uv":[80,112],"uv_size":[-16,-16]},"down":{"uv":[80,112],"uv_size":[-16,-16]}}},{"origin":[72.16595,0.11765,2.50101],"size":[16,16,16],"pivot":[52.26464,40.15591,-1.16331],"rotation":[0,90,0],"uv":{"north":{"uv":[64,96],"uv_size":[16,16]},"east":{"uv":[64,96],"uv_size":[16,16]},"south":{"uv":[64,96],"uv_size":[16,16]},"west":{"uv":[64,96],"uv_size":[16,16]},"up":{"uv":[80,112],"uv_size":[-16,-16]},"down":{"uv":[80,112],"uv_size":[-16,-16]}}}]},{"name":"Player3","parent":"bone2","pivot":[47.98779,60,-10.53521],"rotation":[137.5,0,180]},{"name":"body3","parent":"Player3","pivot":[49.43363,65.85883,-32.06462],"cubes":[{"origin":[43.83764,60.26232,-12.8377],"size":[8,12,4],"uv":{"north":{"uv":[208,40],"uv_size":[-16,24]},"east":{"uv":[168,40],"uv_size":[-8,24]},"south":{"uv":[184,40],"uv_size":[-16,24]},"west":{"uv":[192,40],"uv_size":[-8,24]},"up":{"uv":[168,40],"uv_size":[16,-8]},"down":{"uv":[184,40],"uv_size":[16,-8]}}},{"origin":[43.83764,60.26232,-12.8377],"size":[8,12,4],"inflate":0.25,"uv":{"north":{"uv":[208,72],"uv_size":[-16,24]},"east":{"uv":[168,72],"uv_size":[-8,24]},"south":{"uv":[184,72],"uv_size":[-16,24]},"west":{"uv":[192,72],"uv_size":[-8,24]},"up":{"uv":[168,76],"uv_size":[16,-6]},"down":{"uv":[168,76],"uv_size":[16,-6]}}}]},{"name":"head3","parent":"Player3","pivot":[47.83764,76.26228,-10.8377],"rotation":[-10,0,0],"cubes":[{"origin":[43.83764,72.26228,-14.8377],"size":[8,8,8],"uv":{"north":{"uv":[192,16],"uv_size":[-16,16]},"east":{"uv":[144,16],"uv_size":[-16,16]},"south":{"uv":[160,16],"uv_size":[-16,16]},"west":{"uv":[176,16],"uv_size":[-16,16]},"up":{"uv":[144,16],"uv_size":[16,-16]},"down":{"uv":[160,16],"uv_size":[16,-16]}}},{"origin":[43.83764,72.26228,-14.8377],"size":[8,8,8],"inflate":0.25,"uv":{"north":{"uv":[256,16],"uv_size":[-16,16]},"east":{"uv":[208,16],"uv_size":[-16,16]},"south":{"uv":[224,16],"uv_size":[-16,16]},"west":{"uv":[242,16],"uv_size":[-16,16]},"up":{"uv":[208,16],"uv_size":[16,-16]},"down":{"uv":[224,0],"uv_size":[16,16]}}}]},{"name":"leftArm3","parent":"Player3","pivot":[54.43363,63.85883,-32.06462],"cubes":[{"origin":[52.12458,35.09047,23.35245],"size":[3,12,4],"pivot":[43.71094,39.03784,-4.03843],"rotation":[85,2.5,0],"uv":{"north":{"uv":[220,104],"uv_size":[-6,24]},"east":{"uv":[200,104],"uv_size":[-8,24]},"south":{"uv":[206,104],"uv_size":[-6,24]},"west":{"uv":[214,104],"uv_size":[-8,24]},"up":{"uv":[200,104],"uv_size":[6,-8]},"down":{"uv":[206,104],"uv_size":[6,-8]}}},{"origin":[52.12458,35.09047,23.35245],"size":[3,12,4],"inflate":0.25,"pivot":[43.71094,39.03784,-4.03843],"rotation":[85,2.5,0],"uv":{"north":{"uv":[252,104],"uv_size":[-6,24]},"east":{"uv":[232,104],"uv_size":[-8,24]},"south":{"uv":[236,104],"uv_size":[-6,24]},"west":{"uv":[246,104],"uv_size":[-8,24]},"up":{"uv":[242,106],"uv_size":[6,-4]},"down":{"uv":[242,106],"uv_size":[6,-4]}}}]},{"name":"Bow2","parent":"leftArm3","pivot":[51.31832,70.38332,-1.06372],"rotation":[-177.5,70,90],"cubes":[{"origin":[48.9499,69.88332,-6.80056],"size":[10,1,1],"uv":{"north":{"uv":[6,1],"uv_size":[10,1]},"east":{"uv":[15,1],"uv_size":[1,1]},"south":{"uv":[6,1],"uv_size":[10,1]},"west":{"uv":[0,1],"uv_size":[1,1]},"up":{"uv":[16,2],"uv_size":[-10,-1]},"down":{"uv":[16,2],"uv_size":[-10,-1]}}},{"origin":[92.17638,69.88332,-11.258],"size":[8,1,1],"pivot":[64.83442,79.2239,-29.14252],"rotation":[0,-90,0],"uv":{"north":{"uv":[6,1],"uv_size":[8,1]},"east":{"uv":[0,2],"uv_size":[2,2]},"south":{"uv":[6,1],"uv_size":[8,1]},"west":{"uv":[0,2],"uv_size":[2,2]},"up":{"uv":[14,2],"uv_size":[-8,-1]},"down":{"uv":[14,2],"uv_size":[-8,-1]}}},{"origin":[50.9499,69.88332,-7.80056],"size":[7,1,1],"uv":{"north":{"uv":[0,0],"uv_size":[7,1]},"east":{"uv":[0,0],"uv_size":[1,1]},"south":{"uv":[0,0],"uv_size":[7,1]},"west":{"uv":[0,0],"uv_size":[1,1]},"up":{"uv":[7,1],"uv_size":[-7,-1]},"down":{"uv":[7,1],"uv_size":[-7,-1]}}},{"origin":[92.17638,69.88332,-10.258],"size":[7,1,1],"pivot":[64.83442,79.2239,-29.14252],"rotation":[0,-90,0],"uv":{"north":{"uv":[7,0],"uv_size":[-7,1]},"east":{"uv":[1,0],"uv_size":[-1,1]},"south":{"uv":[7,0],"uv_size":[-7,1]},"west":{"uv":[0,0],"uv_size":[1,1]},"up":{"uv":[7,0],"uv_size":[-7,1]},"down":{"uv":[7,0],"uv_size":[-7,1]}}},{"origin":[45.9499,69.88332,-5.80056],"size":[12,1,1],"uv":{"north":{"uv":[0,2],"uv_size":[12,1]},"east":{"uv":[11,2],"uv_size":[1,1]},"south":{"uv":[0,2],"uv_size":[12,1]},"west":{"uv":[0,2],"uv_size":[2,2]},"up":{"uv":[12,3],"uv_size":[-12,-1]},"down":{"uv":[12,3],"uv_size":[-12,-1]}}},{"origin":[92.17638,69.88332,-12.258],"size":[7,1,1],"pivot":[64.83442,79.2239,-29.14252],"rotation":[0,-90,0],"uv":{"north":{"uv":[0,1],"uv_size":[3,1]},"east":{"uv":[2,2],"uv_size":[-2,1]},"south":{"uv":[7,2],"uv_size":[-7,1]},"west":{"uv":[2,2],"uv_size":[-2,1]},"up":{"uv":[7,1],"uv_size":[-7,1]},"down":{"uv":[7,1],"uv_size":[-7,1]}}},{"origin":[44.9499,69.88332,-6.80056],"size":[2,1,1],"uv":{"north":{"uv":[1,6],"uv_size":[1,2]},"east":{"uv":[0,6],"uv_size":[1,1]},"south":{"uv":[0,14],"uv_size":[4,2]},"west":{"uv":[0,7],"uv_size":[1,1]},"up":{"uv":[2,8],"uv_size":[-2,-1]},"down":{"uv":[2,8],"uv_size":[-2,-1]}}},{"origin":[47.9499,69.88332,4.19944],"size":[2,1,1],"uv":{"north":{"uv":[0,5],"uv_size":[4,1]},"east":{"uv":[1,5],"uv_size":[2,1]},"south":{"uv":[0,5],"uv_size":[3,1]},"west":{"uv":[1,5],"uv_size":[2,1]},"up":{"uv":[4,6],"uv_size":[-1,-1]},"down":{"uv":[4,6],"uv_size":[-4,-1]}}},{"origin":[54.9499,69.88332,1.19944],"size":[1,1,1],"uv":{"north":{"uv":[0,5],"uv_size":[1,1]},"east":{"uv":[0,10],"uv_size":[2,2]},"south":{"uv":[0,5],"uv_size":[1,1]},"west":{"uv":[1,5],"uv_size":[1,1]},"up":{"uv":[1,6],"uv_size":[-1,-1]},"down":{"uv":[2,6],"uv_size":[-1,-1]}}},{"origin":[89.17638,69.88332,-22.258],"size":[2,1,1],"pivot":[64.83442,79.2239,-29.14252],"rotation":[0,-90,0],"uv":{"north":{"uv":[1,5],"uv_size":[1,1]},"east":{"uv":[0,10],"uv_size":[2,2]},"south":{"uv":[1,5],"uv_size":[1,1]},"west":{"uv":[1,5],"uv_size":[1,1]},"up":{"uv":[1,6],"uv_size":[-1,-1]},"down":{"uv":[2,6],"uv_size":[-1,-1]}}},{"origin":[91.17638,69.88332,-21.258],"size":[4,1,1],"pivot":[64.83442,79.2239,-29.14252],"rotation":[0,-90,0],"uv":{"north":{"uv":[0,5],"uv_size":[1,1]},"east":{"uv":[2,5],"uv_size":[1,1]},"south":{"uv":[1,5],"uv_size":[1,1]},"west":{"uv":[0,5],"uv_size":[1,1]},"up":{"uv":[1,6],"uv_size":[-1,-1]},"down":{"uv":[3,6],"uv_size":[-1,-1]}}},{"origin":[49.9499,69.88332,3.19944],"size":[4,1,1],"uv":{"north":{"uv":[1,5],"uv_size":[1,1]},"east":{"uv":[3,5],"uv_size":[1,1]},"south":{"uv":[1,5],"uv_size":[1,1]},"west":{"uv":[2,5],"uv_size":[1,1]},"up":{"uv":[2,6],"uv_size":[-1,-1]},"down":{"uv":[3,6],"uv_size":[-1,-1]}}},{"origin":[49.9499,69.88332,-2.80056],"size":[1,1,2],"uv":{"north":{"uv":[11,0],"uv_size":[1,1]},"east":{"uv":[10,0],"uv_size":[2,1]},"south":{"uv":[10,0],"uv_size":[1,1]},"west":{"uv":[1,3],"uv_size":[2,1]},"up":{"uv":[2,5],"uv_size":[-1,-2]},"down":{"uv":[6,5],"uv_size":[-1,-2]}}},{"origin":[50.9499,69.88332,-1.80056],"size":[1,1,2],"uv":{"north":{"uv":[11,0],"uv_size":[1,1]},"east":{"uv":[10,0],"uv_size":[2,1]},"south":{"uv":[10,0],"uv_size":[1,1]},"west":{"uv":[1,3],"uv_size":[2,1]},"up":{"uv":[2,5],"uv_size":[-1,-2]},"down":{"uv":[6,5],"uv_size":[-1,-2]}}},{"origin":[51.9499,69.88332,-0.80056],"size":[1,1,2],"uv":{"north":{"uv":[11,0],"uv_size":[1,1]},"east":{"uv":[10,0],"uv_size":[2,1]},"south":{"uv":[10,0],"uv_size":[1,1]},"west":{"uv":[1,3],"uv_size":[2,1]},"up":{"uv":[2,5],"uv_size":[-1,-2]},"down":{"uv":[6,5],"uv_size":[-1,-2]}}},{"origin":[52.9499,69.88332,0.19944],"size":[1,1,2],"uv":{"north":{"uv":[11,0],"uv_size":[1,1]},"east":{"uv":[10,0],"uv_size":[2,1]},"south":{"uv":[10,0],"uv_size":[1,1]},"west":{"uv":[1,3],"uv_size":[2,1]},"up":{"uv":[2,5],"uv_size":[-1,-2]},"down":{"uv":[6,5],"uv_size":[-1,-2]}}},{"origin":[53.9499,69.88332,1.19944],"size":[1,1,2],"uv":{"north":{"uv":[3,5],"uv_size":[1,1]},"east":{"uv":[3,5],"uv_size":[1,1]},"south":{"uv":[2,5],"uv_size":[1,1]},"west":{"uv":[2,5],"uv_size":[1,1]},"up":{"uv":[1,6],"uv_size":[-1,-1]},"down":{"uv":[4,6],"uv_size":[-1,-1]}}},{"origin":[46.9499,69.88332,-4.80056],"size":[4,1,1],"uv":{"north":{"uv":[14,0],"uv_size":[8,2]},"east":{"uv":[10,0],"uv_size":[1,1]},"south":{"uv":[7,0],"uv_size":[4,1]},"west":{"uv":[7,0],"uv_size":[1,1]},"up":{"uv":[11,1],"uv_size":[-4,-1]},"down":{"uv":[11,1],"uv_size":[-4,-1]}}},{"origin":[45.9499,69.88332,-3.80056],"size":[4,1,2],"uv":{"north":{"uv":[0,0],"uv_size":[5,1]},"east":{"uv":[0,0],"uv_size":[4,1]},"south":{"uv":[2,3],"uv_size":[4,1]},"west":{"uv":[9,0],"uv_size":[2,1]},"up":{"uv":[5,5],"uv_size":[-4,-2]},"down":{"uv":[1,5],"uv_size":[4,-2]}}}]},{"name":"rightArm3","parent":"Player3","pivot":[44.43363,63.85883,-32.06462],"cubes":[{"origin":[45.71536,37.8693,24.16115],"size":[3,12,4],"pivot":[43.71094,39.03784,-4.03843],"rotation":[82.5,50,0],"uv":{"north":{"uv":[236,40],"uv_size":[-6,24]},"east":{"uv":[216,40],"uv_size":[-8,24]},"south":{"uv":[222,40],"uv_size":[-6,24]},"west":{"uv":[230,40],"uv_size":[-8,24]},"up":{"uv":[216,40],"uv_size":[6,-8]},"down":{"uv":[222,40],"uv_size":[6,-8]}}},{"origin":[44.71536,37.8693,24.16115],"size":[4,12,4],"inflate":0.25,"pivot":[43.71094,39.03784,-4.03843],"rotation":[82.5,50,0],"uv":{"north":{"uv":[236,72],"uv_size":[-6,24]},"east":{"uv":[216,72],"uv_size":[-8,24]},"south":{"uv":[222,72],"uv_size":[-6,24]},"west":{"uv":[230,72],"uv_size":[-8,24]},"up":{"uv":[214,74],"uv_size":[8,-6]},"down":{"uv":[214,74],"uv_size":[8,-6]}}}]},{"name":"leftLeg3","parent":"Player3","pivot":[49.73764,59.71615,-10.50558],"rotation":[-30,0,-5],"cubes":[{"origin":[47.73764,55.00332,2.75422],"size":[4,12,4],"pivot":[41.93164,45.56482,5.13232],"rotation":[47.5,0,0],"uv":{"north":{"uv":[192,104],"uv_size":[-8,24]},"east":{"uv":[168,104],"uv_size":[-8,24]},"south":{"uv":[176,104],"uv_size":[-8,24]},"west":{"uv":[184,104],"uv_size":[-8,24]},"up":{"uv":[168,104],"uv_size":[8,-8]},"down":{"uv":[176,104],"uv_size":[8,-8]}}},{"origin":[47.73764,55.00332,2.75422],"size":[4,12,4],"inflate":0.25,"pivot":[41.93164,45.56482,5.13232],"rotation":[47.5,0,0],"uv":{"north":{"uv":[160,104],"uv_size":[-8,24]},"east":{"uv":[136,104],"uv_size":[-8,24]},"south":{"uv":[144,104],"uv_size":[-8,24]},"west":{"uv":[152,104],"uv_size":[-8,24]},"up":{"uv":[136,104],"uv_size":[8,-8]},"down":{"uv":[144,104],"uv_size":[8,-8]}}}]},{"name":"rightLeg3","parent":"Player3","pivot":[45.93764,60.48658,-8.51678],"rotation":[87.5,0,0],"cubes":[{"origin":[43.93764,58.54819,-16.16437],"size":[4,12,4],"pivot":[43.71094,55.07691,-29.74977],"rotation":[-30,0,0],"uv":{"north":{"uv":[152,40],"uv_size":[-8,24]},"east":{"uv":[136,40],"uv_size":[-8,24]},"south":{"uv":[144,40],"uv_size":[-8,24]},"west":{"uv":[160,40],"uv_size":[-8,24]},"up":{"uv":[136,40],"uv_size":[8,-8]},"down":{"uv":[144,40],"uv_size":[8,-8]}}},{"origin":[43.93764,58.54819,-16.16437],"size":[4,12,4],"inflate":0.25,"pivot":[43.71094,55.07691,-29.74977],"rotation":[-30,0,0],"uv":{"north":{"uv":[152,72],"uv_size":[-8,24]},"east":{"uv":[136,72],"uv_size":[-8,24]},"south":{"uv":[144,72],"uv_size":[-8,24]},"west":{"uv":[160,72],"uv_size":[-8,24]},"up":{"uv":[136,72],"uv_size":[8,-8]},"down":{"uv":[144,72],"uv_size":[8,-8]}}}]},{"name":"bone","parent":"bone2","pivot":[23.98779,-16,-6.53521]},{"name":"Sword","parent":"bone","pivot":[41.48779,35.86842,22.43847],"rotation":[62.5,-125,17.5]},{"name":"Sword2","parent":"Sword","pivot":[41.48779,35.86842,22.43847],"rotation":[62.5,-125,17.5]},{"name":"bone3","parent":"Sword2","pivot":[5.98779,-16,56.46479]},{"name":"LeftLeg4","parent":"bone3","pivot":[7.88779,-4,56.46479],"rotation":[-10,0,-2]},{"name":"RightLeg4","parent":"bone3","pivot":[4.08779,-4,56.46479],"rotation":[11,0,2]},{"name":"Body4","parent":"bone3","pivot":[5.98779,8,56.46479]},{"name":"LeftArm4","parent":"bone3","pivot":[10.98779,6,56.46479],"rotation":[12,0,0]},{"name":"RightArm4","parent":"bone3","pivot":[0.98779,6,56.46479],"rotation":[-10,0,0]},{"name":"Head4","parent":"bone3","pivot":[5.98779,8,56.46479],"rotation":[-6,5,0]},{"name":"bone4","parent":"bone8","pivot":[23.98779,-16,-6.53521]},{"name":"Player2","parent":"bone4","pivot":[-16.01221,39,-1.53521],"rotation":[0,90,0]},{"name":"body2","parent":"Player2","pivot":[-15.56572,33.94674,-5.02304],"rotation":[15,0,0],"cubes":[{"origin":[-19.56572,27.94674,-7.02304],"size":[8,12,4],"uv":{"north":{"uv":[96,20],"uv_size":[8,12]},"east":{"uv":[92,20],"uv_size":[4,12]},"south":{"uv":[84,20],"uv_size":[8,12]},"west":{"uv":[80,20],"uv_size":[4,12]},"up":{"uv":[92,20],"uv_size":[-8,-4]},"down":{"uv":[100,20],"uv_size":[-8,-4]}}},{"origin":[-19.56572,27.94674,-7.02304],"size":[8,12,4],"inflate":0.25,"uv":{"north":{"uv":[96,36],"uv_size":[8,12]},"east":{"uv":[92,36],"uv_size":[4,12]},"south":{"uv":[84,36],"uv_size":[8,12]},"west":{"uv":[80,36],"uv_size":[4,12]},"up":{"uv":[92,36],"uv_size":[-8,-4]},"down":{"uv":[100,36],"uv_size":[-8,-4]}}}]},{"name":"head2","parent":"body2","pivot":[-15.56572,43.9467,-5.02304],"rotation":[12.5,0,0],"cubes":[{"origin":[-19.56572,39.9467,-9.02304],"size":[8,8,8],"uv":{"north":{"uv":[88,8],"uv_size":[8,8]},"east":{"uv":[80,8],"uv_size":[8,8]},"south":{"uv":[72,8],"uv_size":[8,8]},"west":{"uv":[64,8],"uv_size":[8,8]},"up":{"uv":[80,8],"uv_size":[-8,-8]},"down":{"uv":[88,8],"uv_size":[-8,-8]}}},{"origin":[-19.56572,39.9467,-9.02304],"size":[8,8,8],"inflate":0.25,"uv":{"north":{"uv":[120,8],"uv_size":[8,8]},"east":{"uv":[113,8],"uv_size":[8,8]},"south":{"uv":[104,8],"uv_size":[8,8]},"west":{"uv":[96,8],"uv_size":[8,8]},"up":{"uv":[112,8],"uv_size":[-8,-8]},"down":{"uv":[120,8],"uv_size":[-8,-8]}}}]},{"name":"leftArm2","parent":"body2","pivot":[-21.36577,37.73311,-3.93547],"rotation":[-150,0,0],"cubes":[{"origin":[-22.06099,21.20106,-27.22327],"size":[3,12,4],"pivot":[-5.64031,46.83366,-16.24675],"rotation":[85,-2.5,0],"uv":{"north":{"uv":[107,52],"uv_size":[3,12]},"east":{"uv":[103,52],"uv_size":[4,12]},"south":{"uv":[100,52],"uv_size":[3,12]},"west":{"uv":[96,52],"uv_size":[4,12]},"up":{"uv":[103,52],"uv_size":[-3,-4]},"down":{"uv":[106,52],"uv_size":[-3,-4]}}},{"origin":[-22.06099,21.20106,-27.22327],"size":[3,12,4],"inflate":0.25,"pivot":[-5.64031,46.83366,-16.24675],"rotation":[85,-2.5,0],"uv":{"north":{"uv":[123,52],"uv_size":[3,12]},"east":{"uv":[119,52],"uv_size":[4,12]},"south":{"uv":[115,52],"uv_size":[3,12]},"west":{"uv":[112,52],"uv_size":[4,12]},"up":{"uv":[124,53],"uv_size":[-3,-2]},"down":{"uv":[124,53],"uv_size":[-3,-2]}}}]},{"name":"rightArm2","parent":"body2","pivot":[-9.34135,38.46056,-6.27973],"rotation":[102.5,0,0],"cubes":[{"origin":[-11.54845,26.3369,-8.25148],"size":[3,12,4],"uv":{"north":{"uv":[115,20],"uv_size":[3,12]},"east":{"uv":[111,20],"uv_size":[4,12]},"south":{"uv":[108,20],"uv_size":[3,12]},"west":{"uv":[104,20],"uv_size":[4,12]},"up":{"uv":[111,20],"uv_size":[-3,-4]},"down":{"uv":[114,20],"uv_size":[-3,-4]}}},{"origin":[-11.54845,26.3369,-8.25148],"size":[3,12,4],"inflate":0.25,"uv":{"north":{"uv":[115,36],"uv_size":[3,12]},"east":{"uv":[111,36],"uv_size":[4,12]},"south":{"uv":[108,36],"uv_size":[3,12]},"west":{"uv":[104,36],"uv_size":[4,12]},"up":{"uv":[111,37],"uv_size":[-4,-3]},"down":{"uv":[111,37],"uv_size":[-4,-3]}}}]},{"name":"Sword3","parent":"rightArm2","pivot":[-8.51221,28.2137,-1.8392],"rotation":[-57.5,0,0],"cubes":[{"origin":[-11.00262,35.77127,8.37347],"size":[1,3,1],"uv":{"north":{"uv":[0,0],"uv_size":[2,6]},"east":{"uv":[17,10],"uv_size":[1,3]},"south":{"uv":[17,10],"uv_size":[1,3]},"west":{"uv":[17,10],"uv_size":[1,3]},"up":{"uv":[15,11],"uv_size":[-1,-1]},"down":{"uv":[13,17],"uv_size":[-1,-1]}}},{"origin":[-11.00262,24.77127,1.37347],"size":[1,3,1],"uv":{"north":{"uv":[12,14],"uv_size":[1,3]},"east":{"uv":[12,14],"uv_size":[1,3]},"south":{"uv":[12,14],"uv_size":[1,3]},"west":{"uv":[12,14],"uv_size":[1,3]},"up":{"uv":[13,15],"uv_size":[-1,-1]},"down":{"uv":[13,17],"uv_size":[-1,-1]}}},{"origin":[-11.00262,26.77127,-1.62653],"size":[1,4,1],"uv":{"north":{"uv":[17,12],"uv_size":[1,4]},"east":{"uv":[17,12],"uv_size":[1,4]},"south":{"uv":[17,12],"uv_size":[1,4]},"west":{"uv":[17,12],"uv_size":[1,4]},"up":{"uv":[18,13],"uv_size":[-1,-1]},"down":{"uv":[18,16],"uv_size":[-1,-1]}}},{"origin":[-11.00262,25.77127,-2.62653],"size":[1,6,1],"uv":{"north":{"uv":[10,10],"uv_size":[1,6]},"east":{"uv":[10,10],"uv_size":[1,6]},"south":{"uv":[10,10],"uv_size":[1,6]},"west":{"uv":[10,10],"uv_size":[1,6]},"up":{"uv":[11,11],"uv_size":[-1,-1]},"down":{"uv":[11,16],"uv_size":[-1,-1]}}},{"origin":[-11.00262,24.77127,-3.62653],"size":[1,3,1],"uv":{"north":{"uv":[15,15],"uv_size":[1,3]},"east":{"uv":[15,15],"uv_size":[1,3]},"south":{"uv":[15,15],"uv_size":[1,3]},"west":{"uv":[15,15],"uv_size":[1,3]},"up":{"uv":[16,16],"uv_size":[-1,-1]},"down":{"uv":[16,18],"uv_size":[-1,-1]}}},{"origin":[-11.00262,22.77127,-4.62653],"size":[1,4,1],"uv":{"north":{"uv":[14,15],"uv_size":[1,4]},"east":{"uv":[14,15],"uv_size":[1,4]},"south":{"uv":[14,15],"uv_size":[1,4]},"west":{"uv":[14,15],"uv_size":[1,4]},"up":{"uv":[15,16],"uv_size":[-1,-1]},"down":{"uv":[15,19],"uv_size":[-1,-1]}}},{"origin":[-11.00262,22.77127,-6.62653],"size":[1,3,2],"uv":{"north":{"uv":[12,17],"uv_size":[1,3]},"east":{"uv":[12,17],"uv_size":[2,3]},"south":{"uv":[13,17],"uv_size":[1,3]},"west":{"uv":[12,17],"uv_size":[2,3]},"up":{"uv":[14,18],"uv_size":[-2,-1]},"down":{"uv":[14,20],"uv_size":[-2,-1]}}},{"origin":[-11.00262,28.77127,-3.62653],"size":[1,4,1],"uv":{"north":{"uv":[16,14],"uv_size":[1,4]},"east":{"uv":[16,14],"uv_size":[1,4]},"south":{"uv":[16,14],"uv_size":[1,4]},"west":{"uv":[16,14],"uv_size":[1,4]},"up":{"uv":[17,18],"uv_size":[-1,-1]},"down":{"uv":[17,18],"uv_size":[-1,-1]}}},{"origin":[-11.00262,30.77127,-4.62653],"size":[1,2,1],"uv":{"north":{"uv":[16,16],"uv_size":[1,2]},"east":{"uv":[16,16],"uv_size":[1,2]},"south":{"uv":[16,16],"uv_size":[1,2]},"west":{"uv":[16,16],"uv_size":[1,2]},"up":{"uv":[17,17],"uv_size":[-1,-1]},"down":{"uv":[17,17],"uv_size":[-1,-1]}}},{"origin":[-11.00262,24.77127,2.37347],"size":[1,2,1],"uv":{"north":{"uv":[17,11],"uv_size":[1,2]},"east":{"uv":[17,11],"uv_size":[1,2]},"south":{"uv":[17,11],"uv_size":[1,2]},"west":{"uv":[17,11],"uv_size":[1,2]},"up":{"uv":[18,13],"uv_size":[-1,-2]},"down":{"uv":[18,13],"uv_size":[-1,-2]}}},{"origin":[-11.00262,34.77127,7.37347],"size":[1,4,1],"uv":{"north":{"uv":[0,0],"uv_size":[2,8]},"east":{"uv":[16,10],"uv_size":[1,4]},"south":{"uv":[16,10],"uv_size":[1,4]},"west":{"uv":[16,10],"uv_size":[1,4]},"up":{"uv":[15,11],"uv_size":[-1,-1]},"down":{"uv":[13,17],"uv_size":[-1,-1]}}},{"origin":[-11.00262,33.77127,6.37347],"size":[1,5,1],"uv":{"north":{"uv":[15,10],"uv_size":[1,5]},"east":{"uv":[15,10],"uv_size":[1,5]},"south":{"uv":[16,10],"uv_size":[1,4]},"west":{"uv":[15,10],"uv_size":[1,5]},"up":{"uv":[15,11],"uv_size":[-1,-1]},"down":{"uv":[13,17],"uv_size":[-1,-1]}}},{"origin":[-11.00262,32.77127,5.37347],"size":[1,5,1],"uv":{"north":{"uv":[14,10],"uv_size":[1,5]},"east":{"uv":[14,10],"uv_size":[1,5]},"south":{"uv":[14,10],"uv_size":[1,5]},"west":{"uv":[14,10],"uv_size":[1,5]},"up":{"uv":[15,11],"uv_size":[-1,-1]},"down":{"uv":[15,11],"uv_size":[-1,-1]}}},{"origin":[-11.00262,31.77127,4.37347],"size":[1,5,1],"uv":{"north":{"uv":[14,10],"uv_size":[1,5]},"east":{"uv":[14,10],"uv_size":[1,5]},"south":{"uv":[14,10],"uv_size":[1,5]},"west":{"uv":[14,10],"uv_size":[1,5]},"up":{"uv":[15,11],"uv_size":[-1,-1]},"down":{"uv":[15,11],"uv_size":[-1,-1]}}},{"origin":[-11.00262,30.77127,3.37347],"size":[1,5,1],"uv":{"north":{"uv":[14,10],"uv_size":[1,5]},"east":{"uv":[14,10],"uv_size":[1,5]},"south":{"uv":[14,10],"uv_size":[1,5]},"west":{"uv":[14,10],"uv_size":[1,5]},"up":{"uv":[15,11],"uv_size":[-1,-1]},"down":{"uv":[15,11],"uv_size":[-1,-1]}}},{"origin":[-11.00262,29.77127,2.37347],"size":[1,5,1],"uv":{"north":{"uv":[13,10],"uv_size":[1,5]},"east":{"uv":[13,10],"uv_size":[1,5]},"south":{"uv":[13,10],"uv_size":[1,5]},"west":{"uv":[13,10],"uv_size":[1,5]},"up":{"uv":[15,11],"uv_size":[-1,-1]},"down":{"uv":[15,11],"uv_size":[-1,-1]}}},{"origin":[-11.00262,28.77127,1.37347],"size":[1,5,1],"uv":{"north":{"uv":[13,10],"uv_size":[1,5]},"east":{"uv":[13,10],"uv_size":[1,5]},"south":{"uv":[13,10],"uv_size":[1,5]},"west":{"uv":[13,10],"uv_size":[1,5]},"up":{"uv":[15,11],"uv_size":[-1,-1]},"down":{"uv":[15,11],"uv_size":[-1,-1]}}},{"origin":[-11.00262,25.77127,0.37347],"size":[1,7,1],"uv":{"north":{"uv":[12,10],"uv_size":[1,7]},"east":{"uv":[12,10],"uv_size":[1,7]},"south":{"uv":[12,10],"uv_size":[1,7]},"west":{"uv":[12,10],"uv_size":[1,7]},"up":{"uv":[13,11],"uv_size":[-1,-1]},"down":{"uv":[13,17],"uv_size":[-1,-1]}}},{"origin":[-11.00262,25.77127,-0.62653],"size":[1,6,1],"uv":{"north":{"uv":[11,10],"uv_size":[1,6]},"east":{"uv":[11,10],"uv_size":[1,6]},"south":{"uv":[11,10],"uv_size":[1,6]},"west":{"uv":[11,10],"uv_size":[1,6]},"up":{"uv":[12,11],"uv_size":[-1,-1]},"down":{"uv":[12,16],"uv_size":[-1,-1]}}}]},{"name":"bone5","parent":"Sword3","pivot":[-44.01221,-23.65472,32.18712]},{"name":"LeftLeg5","parent":"bone5","pivot":[-42.11221,-11.65472,32.18712],"rotation":[-10,0,-2]},{"name":"RightLeg5","parent":"bone5","pivot":[-45.91221,-11.65472,32.18712],"rotation":[11,0,2]},{"name":"Body5","parent":"bone5","pivot":[-44.01221,0.34528,32.18712]},{"name":"LeftArm5","parent":"bone5","pivot":[-39.01221,-1.65472,32.18712],"rotation":[12,0,0]},{"name":"RightArm5","parent":"bone5","pivot":[-49.01221,-1.65472,32.18712],"rotation":[-10,0,0]},{"name":"Head5","parent":"bone5","pivot":[-44.01221,0.34528,32.18712],"rotation":[-6,5,0]},{"name":"leftLeg2","parent":"Player2","pivot":[-17.46572,27.40057,-3.69091],"rotation":[-57.5,0,0],"cubes":[{"origin":[-19.46572,19.33625,-20.69136],"size":[4,12,4],"pivot":[-5.64031,45.95931,-6.99156],"rotation":[47.5,0,0],"uv":{"north":{"uv":[92,52],"uv_size":[4,12]},"east":{"uv":[88,52],"uv_size":[4,12]},"south":{"uv":[84,52],"uv_size":[4,12]},"west":{"uv":[80,52],"uv_size":[4,12]},"up":{"uv":[88,52],"uv_size":[-4,-4]},"down":{"uv":[92,52],"uv_size":[-4,-4]}}},{"origin":[-19.46572,19.33625,-20.69136],"size":[4,12,4],"inflate":0.25,"pivot":[-5.64031,45.95931,-6.99156],"rotation":[47.5,0,0],"uv":{"north":{"uv":[76,52],"uv_size":[4,12]},"east":{"uv":[72,52],"uv_size":[4,12]},"south":{"uv":[68,52],"uv_size":[4,12]},"west":{"uv":[64,52],"uv_size":[4,12]},"up":{"uv":[72,52],"uv_size":[-4,-4]},"down":{"uv":[76,52],"uv_size":[-4,-4]}}}]},{"name":"rightLeg2","parent":"Player2","pivot":[-13.66572,28.02385,-2.34042],"rotation":[40,0,0],"cubes":[{"origin":[-15.66572,7.66213,-1.48761],"size":[4,12,4],"pivot":[-5.64031,29.26448,15.05519],"rotation":[-30,0,0],"uv":{"north":{"uv":[72,20],"uv_size":[4,12]},"east":{"uv":[76,20],"uv_size":[4,12]},"south":{"uv":[68,20],"uv_size":[4,12]},"west":{"uv":[64,20],"uv_size":[4,12]},"up":{"uv":[72,20],"uv_size":[-4,-4]},"down":{"uv":[76,20],"uv_size":[-4,-4]}}},{"origin":[-15.66572,7.66213,-1.48761],"size":[4,12,4],"inflate":0.25,"pivot":[-5.64031,29.26448,15.05519],"rotation":[-30,0,0],"uv":{"north":{"uv":[72,36],"uv_size":[4,12]},"east":{"uv":[76,36],"uv_size":[4,12]},"south":{"uv":[68,36],"uv_size":[4,12]},"west":{"uv":[64,36],"uv_size":[4,12]},"up":{"uv":[72,36],"uv_size":[-4,-4]},"down":{"uv":[76,36],"uv_size":[-4,-4]}}}]},{"name":"bone7","parent":"bone8","pivot":[-16.01221,43,-1.53521]},{"name":"Player4","parent":"bone7","pivot":[1.98779,35,17.46479],"rotation":[-45,-90,0]},{"name":"body6","parent":"Player4","pivot":[2.43428,29.94674,13.97696],"rotation":[15,0,0],"cubes":[{"origin":[-1.56572,23.94674,11.97696],"size":[8,12,4],"uv":{"north":{"uv":[32,84],"uv_size":[8,12]},"east":{"uv":[28,84],"uv_size":[4,12]},"south":{"uv":[20,84],"uv_size":[8,12]},"west":{"uv":[16,84],"uv_size":[4,12]},"up":{"uv":[28,84],"uv_size":[-8,-4]},"down":{"uv":[36,84],"uv_size":[-8,-4]}}},{"origin":[-1.56572,23.94674,11.97696],"size":[8,12,4],"inflate":0.25,"uv":{"north":{"uv":[32,100],"uv_size":[8,12]},"east":{"uv":[28,100],"uv_size":[4,12]},"south":{"uv":[20,100],"uv_size":[8,12]},"west":{"uv":[16,100],"uv_size":[4,12]},"up":{"uv":[28,100],"uv_size":[-8,-4]},"down":{"uv":[36,100],"uv_size":[-8,-4]}}}]},{"name":"head6","parent":"body6","pivot":[2.43428,39.9467,13.97696],"rotation":[12.5,-30,0],"cubes":[{"origin":[-1.56572,35.9467,9.97696],"size":[8,8,8],"uv":{"north":{"uv":[24,72],"uv_size":[8,8]},"east":{"uv":[16,72],"uv_size":[8,8]},"south":{"uv":[8,72],"uv_size":[8,8]},"west":{"uv":[0,72],"uv_size":[8,8]},"up":{"uv":[16,72],"uv_size":[-8,-8]},"down":{"uv":[24,72],"uv_size":[-8,-8]}}},{"origin":[-1.56572,35.9467,9.97696],"size":[8,8,8],"inflate":0.25,"uv":{"north":{"uv":[56,72],"uv_size":[8,8]},"east":{"uv":[49,72],"uv_size":[8,8]},"south":{"uv":[40,72],"uv_size":[8,8]},"west":{"uv":[32,72],"uv_size":[8,8]},"up":{"uv":[48,72],"uv_size":[-8,-8]},"down":{"uv":[56,72],"uv_size":[-8,-8]}}}]},{"name":"leftArm6","parent":"body6","pivot":[-3.36577,36.33119,15.56453],"rotation":[-87.5,12.5,12.5],"cubes":[{"origin":[-5.4252,15.02103,14.18247],"size":[4,12,4],"pivot":[-28.21022,30.12799,10.71767],"rotation":[85,-2.5,0],"uv":{"north":{"uv":[43,116],"uv_size":[3,12]},"east":{"uv":[39,116],"uv_size":[4,12]},"south":{"uv":[36,116],"uv_size":[3,12]},"west":{"uv":[32,116],"uv_size":[4,12]},"up":{"uv":[40,116],"uv_size":[-4,-4]},"down":{"uv":[44,116],"uv_size":[-4,-4]}}},{"origin":[-5.4252,15.02103,14.18247],"size":[4,12,4],"inflate":0.25,"pivot":[-28.21022,30.12799,10.71767],"rotation":[85,-2.5,0],"uv":{"north":{"uv":[59,116],"uv_size":[3,12]},"east":{"uv":[55,116],"uv_size":[4,12]},"south":{"uv":[51,116],"uv_size":[3,12]},"west":{"uv":[48,116],"uv_size":[4,12]},"up":{"uv":[60,117],"uv_size":[-3,-2]},"down":{"uv":[60,117],"uv_size":[-3,-2]}}}]},{"name":"rightArm6","parent":"body6","pivot":[8.65865,34.46056,12.72027],"rotation":[65,0,0],"cubes":[{"origin":[6.45155,22.3369,10.74852],"size":[4,12,4],"uv":{"north":{"uv":[51,84],"uv_size":[3,12]},"east":{"uv":[47,84],"uv_size":[4,12]},"south":{"uv":[44,84],"uv_size":[3,12]},"west":{"uv":[40,84],"uv_size":[4,12]},"up":{"uv":[48,84],"uv_size":[-4,-4]},"down":{"uv":[52,84],"uv_size":[-4,-4]}}},{"origin":[6.45155,22.3369,10.74852],"size":[4,12,4],"inflate":0.25,"uv":{"north":{"uv":[51,100],"uv_size":[3,12]},"east":{"uv":[47,100],"uv_size":[4,12]},"south":{"uv":[44,100],"uv_size":[3,12]},"west":{"uv":[40,100],"uv_size":[4,12]},"up":{"uv":[47,100],"uv_size":[-4,-3]},"down":{"uv":[51,100],"uv_size":[-4,-3]}}}]},{"name":"Sword4","parent":"rightArm6","pivot":[9.48779,22.5754,16.01364],"rotation":[-82.5,-12.5,0],"cubes":[{"origin":[6.99738,30.13297,26.22631],"size":[1,3,1],"uv":{"north":{"uv":[0,0],"uv_size":[2,6]},"east":{"uv":[17,10],"uv_size":[1,3]},"south":{"uv":[17,10],"uv_size":[1,3]},"west":{"uv":[17,10],"uv_size":[1,3]},"up":{"uv":[15,11],"uv_size":[-1,-1]},"down":{"uv":[13,17],"uv_size":[-1,-1]}}},{"origin":[6.99738,19.13297,19.22631],"size":[1,3,1],"uv":{"north":{"uv":[12,14],"uv_size":[1,3]},"east":{"uv":[12,14],"uv_size":[1,3]},"south":{"uv":[12,14],"uv_size":[1,3]},"west":{"uv":[12,14],"uv_size":[1,3]},"up":{"uv":[13,15],"uv_size":[-1,-1]},"down":{"uv":[13,17],"uv_size":[-1,-1]}}},{"origin":[6.99738,21.13297,16.22631],"size":[1,4,1],"uv":{"north":{"uv":[17,12],"uv_size":[1,4]},"east":{"uv":[17,12],"uv_size":[1,4]},"south":{"uv":[17,12],"uv_size":[1,4]},"west":{"uv":[17,12],"uv_size":[1,4]},"up":{"uv":[18,13],"uv_size":[-1,-1]},"down":{"uv":[18,16],"uv_size":[-1,-1]}}},{"origin":[6.99738,20.13297,15.22631],"size":[1,6,1],"uv":{"north":{"uv":[10,10],"uv_size":[1,6]},"east":{"uv":[10,10],"uv_size":[1,6]},"south":{"uv":[10,10],"uv_size":[1,6]},"west":{"uv":[10,10],"uv_size":[1,6]},"up":{"uv":[11,11],"uv_size":[-1,-1]},"down":{"uv":[11,16],"uv_size":[-1,-1]}}},{"origin":[6.99738,19.13297,14.22631],"size":[1,3,1],"uv":{"north":{"uv":[15,15],"uv_size":[1,3]},"east":{"uv":[15,15],"uv_size":[1,3]},"south":{"uv":[15,15],"uv_size":[1,3]},"west":{"uv":[15,15],"uv_size":[1,3]},"up":{"uv":[16,16],"uv_size":[-1,-1]},"down":{"uv":[16,18],"uv_size":[-1,-1]}}},{"origin":[6.99738,17.13297,13.22631],"size":[1,4,1],"uv":{"north":{"uv":[14,15],"uv_size":[1,4]},"east":{"uv":[14,15],"uv_size":[1,4]},"south":{"uv":[14,15],"uv_size":[1,4]},"west":{"uv":[14,15],"uv_size":[1,4]},"up":{"uv":[15,16],"uv_size":[-1,-1]},"down":{"uv":[15,19],"uv_size":[-1,-1]}}},{"origin":[6.99738,17.13297,11.22631],"size":[1,3,2],"uv":{"north":{"uv":[12,17],"uv_size":[1,3]},"east":{"uv":[12,17],"uv_size":[2,3]},"south":{"uv":[13,17],"uv_size":[1,3]},"west":{"uv":[12,17],"uv_size":[2,3]},"up":{"uv":[14,18],"uv_size":[-2,-1]},"down":{"uv":[14,20],"uv_size":[-2,-1]}}},{"origin":[6.99738,23.13297,14.22631],"size":[1,4,1],"uv":{"north":{"uv":[16,14],"uv_size":[1,4]},"east":{"uv":[16,14],"uv_size":[1,4]},"south":{"uv":[16,14],"uv_size":[1,4]},"west":{"uv":[16,14],"uv_size":[1,4]},"up":{"uv":[17,18],"uv_size":[-1,-1]},"down":{"uv":[17,18],"uv_size":[-1,-1]}}},{"origin":[6.99738,25.13297,13.22631],"size":[1,2,1],"uv":{"north":{"uv":[16,16],"uv_size":[1,2]},"east":{"uv":[16,16],"uv_size":[1,2]},"south":{"uv":[16,16],"uv_size":[1,2]},"west":{"uv":[16,16],"uv_size":[1,2]},"up":{"uv":[17,17],"uv_size":[-1,-1]},"down":{"uv":[17,17],"uv_size":[-1,-1]}}},{"origin":[6.99738,19.13297,20.22631],"size":[1,2,1],"uv":{"north":{"uv":[17,11],"uv_size":[1,2]},"east":{"uv":[17,11],"uv_size":[1,2]},"south":{"uv":[17,11],"uv_size":[1,2]},"west":{"uv":[17,11],"uv_size":[1,2]},"up":{"uv":[18,13],"uv_size":[-1,-2]},"down":{"uv":[18,13],"uv_size":[-1,-2]}}},{"origin":[6.99738,29.13297,25.22631],"size":[1,4,1],"uv":{"north":{"uv":[0,0],"uv_size":[2,8]},"east":{"uv":[16,10],"uv_size":[1,4]},"south":{"uv":[16,10],"uv_size":[1,4]},"west":{"uv":[16,10],"uv_size":[1,4]},"up":{"uv":[15,11],"uv_size":[-1,-1]},"down":{"uv":[13,17],"uv_size":[-1,-1]}}},{"origin":[6.99738,28.13297,24.22631],"size":[1,5,1],"uv":{"north":{"uv":[15,10],"uv_size":[1,5]},"east":{"uv":[15,10],"uv_size":[1,5]},"south":{"uv":[16,10],"uv_size":[1,4]},"west":{"uv":[15,10],"uv_size":[1,5]},"up":{"uv":[15,11],"uv_size":[-1,-1]},"down":{"uv":[13,17],"uv_size":[-1,-1]}}},{"origin":[6.99738,27.13297,23.22631],"size":[1,5,1],"uv":{"north":{"uv":[14,10],"uv_size":[1,5]},"east":{"uv":[14,10],"uv_size":[1,5]},"south":{"uv":[14,10],"uv_size":[1,5]},"west":{"uv":[14,10],"uv_size":[1,5]},"up":{"uv":[15,11],"uv_size":[-1,-1]},"down":{"uv":[15,11],"uv_size":[-1,-1]}}},{"origin":[6.99738,26.13297,22.22631],"size":[1,5,1],"uv":{"north":{"uv":[14,10],"uv_size":[1,5]},"east":{"uv":[14,10],"uv_size":[1,5]},"south":{"uv":[14,10],"uv_size":[1,5]},"west":{"uv":[14,10],"uv_size":[1,5]},"up":{"uv":[15,11],"uv_size":[-1,-1]},"down":{"uv":[15,11],"uv_size":[-1,-1]}}},{"origin":[6.99738,25.13297,21.22631],"size":[1,5,1],"uv":{"north":{"uv":[14,10],"uv_size":[1,5]},"east":{"uv":[14,10],"uv_size":[1,5]},"south":{"uv":[14,10],"uv_size":[1,5]},"west":{"uv":[14,10],"uv_size":[1,5]},"up":{"uv":[15,11],"uv_size":[-1,-1]},"down":{"uv":[15,11],"uv_size":[-1,-1]}}},{"origin":[6.99738,24.13297,20.22631],"size":[1,5,1],"uv":{"north":{"uv":[13,10],"uv_size":[1,5]},"east":{"uv":[13,10],"uv_size":[1,5]},"south":{"uv":[13,10],"uv_size":[1,5]},"west":{"uv":[13,10],"uv_size":[1,5]},"up":{"uv":[15,11],"uv_size":[-1,-1]},"down":{"uv":[15,11],"uv_size":[-1,-1]}}},{"origin":[6.99738,23.13297,19.22631],"size":[1,5,1],"uv":{"north":{"uv":[13,10],"uv_size":[1,5]},"east":{"uv":[13,10],"uv_size":[1,5]},"south":{"uv":[13,10],"uv_size":[1,5]},"west":{"uv":[13,10],"uv_size":[1,5]},"up":{"uv":[15,11],"uv_size":[-1,-1]},"down":{"uv":[15,11],"uv_size":[-1,-1]}}},{"origin":[6.99738,20.13297,18.22631],"size":[1,7,1],"uv":{"north":{"uv":[12,10],"uv_size":[1,7]},"east":{"uv":[12,10],"uv_size":[1,7]},"south":{"uv":[12,10],"uv_size":[1,7]},"west":{"uv":[12,10],"uv_size":[1,7]},"up":{"uv":[13,11],"uv_size":[-1,-1]},"down":{"uv":[13,17],"uv_size":[-1,-1]}}},{"origin":[6.99738,20.13297,17.22631],"size":[1,6,1],"uv":{"north":{"uv":[11,10],"uv_size":[1,6]},"east":{"uv":[11,10],"uv_size":[1,6]},"south":{"uv":[11,10],"uv_size":[1,6]},"west":{"uv":[11,10],"uv_size":[1,6]},"up":{"uv":[12,11],"uv_size":[-1,-1]},"down":{"uv":[12,16],"uv_size":[-1,-1]}}}]},{"name":"bone6","parent":"Sword4","pivot":[-26.01221,-29.29302,50.03996]},{"name":"LeftLeg6","parent":"bone6","pivot":[-24.11221,-17.29302,50.03996],"rotation":[-10,0,-2]},{"name":"RightLeg6","parent":"bone6","pivot":[-27.91221,-17.29302,50.03996],"rotation":[11,0,2]},{"name":"Body7","parent":"bone6","pivot":[-26.01221,-5.29302,50.03996]},{"name":"LeftArm7","parent":"bone6","pivot":[-21.01221,-7.29302,50.03996],"rotation":[12,0,0]},{"name":"RightArm7","parent":"bone6","pivot":[-31.01221,-7.29302,50.03996],"rotation":[-10,0,0]},{"name":"Head7","parent":"bone6","pivot":[-26.01221,-5.29302,50.03996],"rotation":[-6,5,0]},{"name":"leftLeg7","parent":"Player4","pivot":[0.53428,23.40057,15.30909],"rotation":[-42.5,0,0],"cubes":[{"origin":[-1.46572,6.86656,-2.20797],"size":[4,12,4],"pivot":[-27.38411,38.31151,2.12571],"rotation":[47.5,0,0],"uv":{"north":{"uv":[28,116],"uv_size":[4,12]},"east":{"uv":[24,116],"uv_size":[4,12]},"south":{"uv":[20,116],"uv_size":[4,12]},"west":{"uv":[16,116],"uv_size":[4,12]},"up":{"uv":[24,116],"uv_size":[-4,-4]},"down":{"uv":[28,116],"uv_size":[-4,-4]}}},{"origin":[-1.46572,6.86656,-2.20797],"size":[4,12,4],"inflate":0.25,"pivot":[-27.38411,38.31151,2.12571],"rotation":[47.5,0,0],"uv":{"north":{"uv":[12,116],"uv_size":[4,12]},"east":{"uv":[8,116],"uv_size":[4,12]},"south":{"uv":[4,116],"uv_size":[4,12]},"west":{"uv":[0,116],"uv_size":[4,12]},"up":{"uv":[8,116],"uv_size":[-4,-4]},"down":{"uv":[12,116],"uv_size":[-4,-4]}}}]},{"name":"rightLeg7","parent":"Player4","pivot":[4.33428,24.02385,16.65958],"rotation":[110,0,0],"cubes":[{"origin":[2.33428,2.30069,14.16556],"size":[4,12,4],"pivot":[-27.38411,18.33848,34.92227],"rotation":[-30,0,0],"uv":{"north":{"uv":[8,84],"uv_size":[4,12]},"east":{"uv":[12,84],"uv_size":[4,12]},"south":{"uv":[4,84],"uv_size":[4,12]},"west":{"uv":[0,84],"uv_size":[4,12]},"up":{"uv":[8,84],"uv_size":[-4,-4]},"down":{"uv":[12,84],"uv_size":[-4,-4]}}},{"origin":[2.33428,2.30069,14.16556],"size":[4,12,4],"inflate":0.25,"pivot":[-27.38411,18.33848,34.92227],"rotation":[-30,0,0],"uv":{"north":{"uv":[8,100],"uv_size":[4,12]},"east":{"uv":[12,100],"uv_size":[4,12]},"south":{"uv":[4,100],"uv_size":[4,12]},"west":{"uv":[0,100],"uv_size":[4,12]},"up":{"uv":[8,100],"uv_size":[-4,-4]},"down":{"uv":[12,100],"uv_size":[-4,-4]}}}]}]}]}