{"format_version":"1.12.0","minecraft:geometry":[{"description":{"identifier":"geometry.lifeboat.ender_backpack","texture_width":32,"texture_height":32,"visible_bounds_width":3,"visible_bounds_height":4,"visible_bounds_offset":[0,1,0]},"bones":[{"name":"body","pivot":[0,-3,0]},{"name":"backpack","parent":"body","pivot":[0,-16,0],"cubes":[{"origin":[-3.5,-14,2],"size":[7,9,4],"uv":{"north":{"uv":[4,4],"uv_size":[7,9]},"east":{"uv":[0,4],"uv_size":[4,9]},"south":{"uv":[15,4],"uv_size":[7,9]},"west":{"uv":[11,4],"uv_size":[4,9]},"up":{"uv":[4,0],"uv_size":[7,4]},"down":{"uv":[11,4],"uv_size":[7,-4]}}},{"origin":[-3,-13,5.6],"size":[6,5,1],"pivot":[0.5,1.5,6.1],"rotation":[4,0,0],"uv":{"north":{"uv":[19,14],"uv_size":[6,5]},"east":{"uv":[18,14],"uv_size":[1,5]},"south":{"uv":[26,14],"uv_size":[6,5]},"west":{"uv":[25,14],"uv_size":[1,5]},"up":{"uv":[19,13],"uv_size":[6,1]},"down":{"uv":[25,14],"uv_size":[6,-1]}}},{"origin":[-3,-7.6,3.6],"size":[6,3,3],"pivot":[0.5,3.9,6.1],"rotation":[4,0,0],"uv":{"north":{"uv":[3,16],"uv_size":[6,3]},"east":{"uv":[0,16],"uv_size":[3,3]},"south":{"uv":[12,16],"uv_size":[6,3]},"west":{"uv":[9,16],"uv_size":[3,3]},"up":{"uv":[3,13],"uv_size":[6,3]},"down":{"uv":[9,16],"uv_size":[6,-3]}}},{"origin":[3.1,-6.6,1.9],"size":[1,2,0.3],"uv":{"north":{"uv":[0,2],"uv_size":[1,2]},"east":{"uv":[0,2],"uv_size":[1,2]},"south":{"uv":[1,2],"uv_size":[1,2]},"west":{"uv":[1,2],"uv_size":[1,2]},"up":{"uv":[0,2],"uv_size":[1,0]},"down":{"uv":[1,2],"uv_size":[1,0]}}},{"origin":[3.1,-4.6,-2.3],"size":[1,1,4.5],"uv":{"north":{"uv":[26,4],"uv_size":[1,1]},"east":{"uv":[22,4],"uv_size":[4,1]},"south":{"uv":[31,4],"uv_size":[1,1]},"west":{"uv":[27,4],"uv_size":[4,1]},"up":{"uv":[26,0],"uv_size":[1,4]},"down":{"uv":[27,4],"uv_size":[1,-4]}}},{"origin":[3.1,-11.6,-2],"size":[1,1,4.1],"uv":{"north":{"uv":[20,24],"uv_size":[1,1]},"east":{"uv":[16,24],"uv_size":[4,1]},"south":{"uv":[25,24],"uv_size":[1,1]},"west":{"uv":[21,24],"uv_size":[4,1]},"up":{"uv":[20,20],"uv_size":[1,4]},"down":{"uv":[21,24],"uv_size":[1,-4]}}},{"origin":[3.1,-11.6,-2.3],"size":[1,7,0.3],"uv":{"north":{"uv":[0,24],"uv_size":[1,7]},"east":{"uv":[1,24],"uv_size":[1,7]},"south":{"uv":[1,24],"uv_size":[1,7]},"west":{"uv":[1,24],"uv_size":[1,7]},"up":{"uv":[0,24],"uv_size":[1,0]},"down":{"uv":[1,24],"uv_size":[1,0]}}},{"origin":[-4.1,-11.6,-2.3],"size":[1,7,0.3],"uv":{"north":{"uv":[22,5],"uv_size":[1,7]},"east":{"uv":[23,5],"uv_size":[1,7]},"south":{"uv":[23,5],"uv_size":[1,7]},"west":{"uv":[23,5],"uv_size":[1,7]},"up":{"uv":[22,5],"uv_size":[1,0]},"down":{"uv":[23,5],"uv_size":[1,0]}}},{"origin":[-4.1,-4.6,-2.3],"size":[1,1,4.5],"uv":{"north":{"uv":[4,23],"uv_size":[1,1]},"east":{"uv":[0,23],"uv_size":[4,1]},"south":{"uv":[9,23],"uv_size":[1,1]},"west":{"uv":[5,23],"uv_size":[4,1]},"up":{"uv":[4,19],"uv_size":[1,4]},"down":{"uv":[5,23],"uv_size":[1,-4]}}},{"origin":[-4.1,-11.6,-2],"size":[1,1,4.1],"uv":{"north":{"uv":[14,23],"uv_size":[1,1]},"east":{"uv":[10,23],"uv_size":[4,1]},"south":{"uv":[19,23],"uv_size":[1,1]},"west":{"uv":[15,23],"uv_size":[4,1]},"up":{"uv":[14,19],"uv_size":[1,4]},"down":{"uv":[15,23],"uv_size":[1,-4]}}},{"origin":[-4.1,-6.6,1.9],"size":[1,2,0.3],"uv":{"north":{"uv":[0,0],"uv_size":[1,2]},"east":{"uv":[0,0],"uv_size":[1,2]},"south":{"uv":[1,0],"uv_size":[1,2]},"west":{"uv":[1,0],"uv_size":[1,2]},"up":{"uv":[0,0],"uv_size":[1,0]},"down":{"uv":[1,0],"uv_size":[1,0]}}}]}]}]}